2025-03-18 09:18:50,772 | INFO     | magic_formula_tire.py:15 | Starting Car.py Script
2025-03-18 09:18:50,773 | INFO     | car.py:14 | Starting Car.py Script
2025-03-18 09:18:50,775 | INFO     | helper_functions.py:50 | Starting data update for vehicle_dataframe:{'velocity': (0, 0, 0), 'position': (0, 0, 0)} at time 0.05
2025-03-18 09:18:51,277 | INFO     | magic_formula_tire.py:461 | Generated force to slip lookup table.
2025-03-18 09:18:51,278 | DEBUG    | car.py:410 | Forces and Moments:
2025-03-18 09:18:51,278 | DEBUG    | car.py:414 | Slip Ratio and Angle:
2025-03-18 09:18:51,786 | INFO     | magic_formula_tire.py:461 | Generated force to slip lookup table.
2025-03-18 09:18:51,787 | DEBUG    | car.py:410 | Forces and Moments:
2025-03-18 09:18:51,787 | DEBUG    | car.py:414 | Slip Ratio and Angle:
2025-03-18 09:18:52,294 | INFO     | magic_formula_tire.py:461 | Generated force to slip lookup table.
2025-03-18 09:18:52,294 | DEBUG    | car.py:410 | Forces and Moments:
2025-03-18 09:18:52,294 | DEBUG    | car.py:414 | Slip Ratio and Angle:
2025-03-18 09:18:52,804 | INFO     | magic_formula_tire.py:461 | Generated force to slip lookup table.
2025-03-18 09:18:52,805 | DEBUG    | car.py:410 | Forces and Moments:
2025-03-18 09:18:52,805 | DEBUG    | car.py:414 | Slip Ratio and Angle:
2025-03-18 09:18:52,806 | DEBUG    | car.py:383 | Returning total forces in x direction. Forces are : ['x_friction', 'rolling_resistance']. Sum was 0
2025-03-18 09:18:52,806 | DEBUG    | car.py:383 | Returning total forces in x direction. Forces are : ['x_friction', 'rolling_resistance']. Sum was 0
2025-03-18 09:18:52,806 | DEBUG    | car.py:383 | Returning total forces in x direction. Forces are : ['x_friction', 'rolling_resistance']. Sum was 0
2025-03-18 09:18:52,806 | DEBUG    | car.py:383 | Returning total forces in x direction. Forces are : ['x_friction', 'rolling_resistance']. Sum was 0
2025-03-18 09:18:52,806 | DEBUG    | car.py:383 | Returning total forces in y direction. Forces are : ['y_friction']. Sum was 0
2025-03-18 09:18:52,806 | DEBUG    | car.py:383 | Returning total forces in y direction. Forces are : ['y_friction']. Sum was 0
2025-03-18 09:18:52,806 | DEBUG    | car.py:383 | Returning total forces in y direction. Forces are : ['y_friction']. Sum was 0
2025-03-18 09:18:52,806 | DEBUG    | car.py:383 | Returning total forces in y direction. Forces are : ['y_friction']. Sum was 0
2025-03-18 09:18:52,806 | INFO     | helper_functions.py:50 | Starting data update for front_right:{'vertical_load': np.float64(613.125)} at time 0.05
2025-03-18 09:18:52,808 | INFO     | helper_functions.py:50 | Starting data update for front_left:{'vertical_load': np.float64(613.125)} at time 0.05
2025-03-18 09:18:52,809 | INFO     | helper_functions.py:50 | Starting data update for rear_right:{'vertical_load': np.float64(613.125)} at time 0.05
2025-03-18 09:18:52,810 | INFO     | helper_functions.py:50 | Starting data update for rear_left:{'vertical_load': np.float64(613.125)} at time 0.05
2025-03-18 09:18:52,811 | INFO     | helper_functions.py:50 | Starting data update for front_right:{'x_friction': 0, 'y_friction': 0, 'rolling_resistance': 0} at time 0.05
2025-03-18 09:18:52,812 | INFO     | helper_functions.py:50 | Starting data update for front_left:{'x_friction': 0, 'y_friction': 0, 'rolling_resistance': 0} at time 0.05
2025-03-18 09:18:52,812 | INFO     | helper_functions.py:50 | Starting data update for rear_right:{'x_friction': 0, 'y_friction': 0, 'rolling_resistance': 0} at time 0.05
2025-03-18 09:18:52,812 | INFO     | helper_functions.py:50 | Starting data update for rear_left:{'x_friction': 0, 'y_friction': 0, 'rolling_resistance': 0} at time 0.05
2025-03-18 09:18:52,812 | INFO     | helper_functions.py:50 | Starting data update for cnt_grav:{'inertial_z': 0, 'inertial_x': 0, 'inertial_y': 0} at time 0.05
2025-03-18 09:18:52,813 | DEBUG    | car.py:383 | Returning total forces in x direction. Forces are : ['x_friction', 'rolling_resistance']. Sum was 0.0
2025-03-18 09:18:52,813 | DEBUG    | car.py:383 | Returning total forces in y direction. Forces are : ['y_friction']. Sum was 0.0
2025-03-18 09:18:52,813 | DEBUG    | car.py:383 | Returning total forces in z direction. Forces are : ['vertical_load']. Sum was 613.125
2025-03-18 09:18:52,813 | DEBUG    | car.py:383 | Returning total forces in x direction. Forces are : ['x_friction', 'rolling_resistance']. Sum was 0.0
2025-03-18 09:18:52,813 | DEBUG    | car.py:383 | Returning total forces in y direction. Forces are : ['y_friction']. Sum was 0.0
2025-03-18 09:18:52,813 | DEBUG    | car.py:383 | Returning total forces in z direction. Forces are : ['vertical_load']. Sum was 613.125
2025-03-18 09:18:52,814 | DEBUG    | car.py:383 | Returning total forces in x direction. Forces are : ['x_friction', 'rolling_resistance']. Sum was 0.0
2025-03-18 09:18:52,814 | DEBUG    | car.py:383 | Returning total forces in y direction. Forces are : ['y_friction']. Sum was 0.0
2025-03-18 09:18:52,814 | DEBUG    | car.py:383 | Returning total forces in z direction. Forces are : ['vertical_load']. Sum was 613.125
2025-03-18 09:18:52,814 | DEBUG    | car.py:383 | Returning total forces in x direction. Forces are : ['x_friction', 'rolling_resistance']. Sum was 0.0
2025-03-18 09:18:52,814 | DEBUG    | car.py:383 | Returning total forces in y direction. Forces are : ['y_friction']. Sum was 0.0
2025-03-18 09:18:52,814 | DEBUG    | car.py:383 | Returning total forces in z direction. Forces are : ['vertical_load']. Sum was 613.125
2025-03-18 09:18:52,814 | DEBUG    | car.py:383 | Returning total forces in x direction. Forces are : ['inertial_x']. Sum was 0
2025-03-18 09:18:52,814 | DEBUG    | car.py:383 | Returning total forces in y direction. Forces are : ['inertial_y']. Sum was 0
2025-03-18 09:18:52,814 | DEBUG    | car.py:383 | Returning total forces in z direction. Forces are : ['inertial_z']. Sum was 0
2025-03-18 09:18:52,814 | INFO     | car.py:283 | Timestep 0.05 had resultant forces of [np.float64(0.0), np.float64(0.0), np.float64(2452.5)] And resultant torques of [np.float64(1868.805), np.float64(1868.8049999999998), np.float64(0.0)]
2025-03-18 09:18:52,815 | INFO     | helper_functions.py:50 | Starting data update for vehicle_dataframe:{'acceleration': (np.float64(0.0), np.float64(0.0), np.float64(9.81))} at time 0.05
2025-03-18 09:18:52,815 | INFO     | helper_functions.py:50 | Starting data update for vehicle_dataframe:{'velocity': (np.float64(0.0), np.float64(0.0), 0), 'position': (np.float64(0.0), np.float64(0.0), 0)} at time 0.1
2025-03-18 09:18:52,816 | DEBUG    | car.py:105 | After forces are applied; Position = (np.float64(0.0), np.float64(0.0), 0) -- Velocity = (np.float64(0.0), np.float64(0.0), 0) --
2025-03-18 09:18:52,816 | DEBUG    | helper_functions.py:144 | All objects to combine were TimeSeries
2025-03-18 09:18:52,819 | INFO     | acceleration_tester.py:12 | Starting Acceleration.py Script
2025-03-18 09:18:52,819 | DEBUG    | car.py:383 | Returning total forces in x direction. Forces are : ['x_friction', 'rolling_resistance']. Sum was 0.0
2025-03-18 09:18:52,819 | DEBUG    | car.py:383 | Returning total forces in x direction. Forces are : ['x_friction', 'rolling_resistance']. Sum was 0.0
2025-03-18 09:18:52,819 | DEBUG    | car.py:383 | Returning total forces in x direction. Forces are : ['x_friction', 'rolling_resistance']. Sum was 0.0
2025-03-18 09:18:52,819 | DEBUG    | car.py:383 | Returning total forces in x direction. Forces are : ['x_friction', 'rolling_resistance']. Sum was 0.0
2025-03-18 09:18:52,819 | DEBUG    | car.py:383 | Returning total forces in y direction. Forces are : ['y_friction']. Sum was 0.0
2025-03-18 09:18:52,819 | DEBUG    | car.py:383 | Returning total forces in y direction. Forces are : ['y_friction']. Sum was 0.0
2025-03-18 09:18:52,820 | DEBUG    | car.py:383 | Returning total forces in y direction. Forces are : ['y_friction']. Sum was 0.0
2025-03-18 09:18:52,820 | DEBUG    | car.py:383 | Returning total forces in y direction. Forces are : ['y_friction']. Sum was 0.0
2025-03-18 09:18:52,820 | INFO     | helper_functions.py:50 | Starting data update for front_right:{'vertical_load': np.float64(613.125)} at time 0.05
2025-03-18 09:18:52,820 | INFO     | helper_functions.py:50 | Starting data update for front_left:{'vertical_load': np.float64(613.125)} at time 0.05
2025-03-18 09:18:52,820 | INFO     | helper_functions.py:50 | Starting data update for rear_right:{'vertical_load': np.float64(613.125)} at time 0.05
2025-03-18 09:18:52,820 | INFO     | helper_functions.py:50 | Starting data update for rear_left:{'vertical_load': np.float64(613.125)} at time 0.05
2025-03-18 09:18:52,821 | WARNING  | helper_functions.py:94 | Error: Time index '0.05' or column 'Fx' not found.
2025-03-18 09:18:52,821 | INFO     | helper_functions.py:50 | Starting data update for rear_right:{'Fx': np.float64(301.35982032999317), 'Fy': np.float64(-0.0), 'Fz': np.float64(613.125), 'Mz': np.float64(0.0), 'max_Fx': np.float64(500.8346537514665), 'desired_Fx': np.float64(500.8346537514665), 'desired_Fy': 0.0, 'slip_ratio': 2.8780625292603683, 'slip_angle': 0.0, 'angular_velocity': np.float64(nan), 'Vx': np.float64(0.0)} at time 0.05
2025-03-18 09:18:52,822 | INFO     | helper_functions.py:50 | Starting data update for rear_right:{'Fx': np.float64(301.35982032999317), 'Fy': np.float64(-0.0), 'Fz': np.float64(613.125), 'Mz': np.float64(0.0), 'max_Fx': np.float64(500.8346537514665), 'desired_Fx': np.float64(500.8346537514665), 'desired_Fy': 0, 'slip_ratio': 2.8780625292603683, 'slip_angle': 0.0, 'angular_velocity': np.float64(nan), 'Vx': np.float64(0.0), 'longitudinal_mode': 'accelerate'} at time 0.05
2025-03-18 09:18:52,823 | INFO     | helper_functions.py:50 | Starting data update for rear_right:{'x_friction': np.float64(301.35982032999317), 'y_friction': np.float64(-0.0)} at time 0.05
2025-03-18 09:18:52,823 | WARNING  | helper_functions.py:94 | Error: Time index '0.05' or column 'Fx' not found.
2025-03-18 09:18:52,823 | INFO     | helper_functions.py:50 | Starting data update for rear_left:{'Fx': np.float64(301.35982032999317), 'Fy': np.float64(-0.0), 'Fz': np.float64(613.125), 'Mz': np.float64(0.0), 'max_Fx': np.float64(500.8346537514665), 'desired_Fx': np.float64(500.8346537514665), 'desired_Fy': 0.0, 'slip_ratio': 2.8780625292603683, 'slip_angle': 0.0, 'angular_velocity': np.float64(nan), 'Vx': np.float64(0.0)} at time 0.05
2025-03-18 09:18:52,824 | INFO     | helper_functions.py:50 | Starting data update for rear_left:{'Fx': np.float64(301.35982032999317), 'Fy': np.float64(-0.0), 'Fz': np.float64(613.125), 'Mz': np.float64(0.0), 'max_Fx': np.float64(500.8346537514665), 'desired_Fx': np.float64(500.8346537514665), 'desired_Fy': 0, 'slip_ratio': 2.8780625292603683, 'slip_angle': 0.0, 'angular_velocity': np.float64(nan), 'Vx': np.float64(0.0), 'longitudinal_mode': 'accelerate'} at time 0.05
2025-03-18 09:18:52,825 | INFO     | helper_functions.py:50 | Starting data update for rear_left:{'x_friction': np.float64(301.35982032999317), 'y_friction': np.float64(-0.0)} at time 0.05
2025-03-18 09:18:52,825 | INFO     | helper_functions.py:50 | Starting data update for front_right:{'x_friction': 0, 'y_friction': 0, 'rolling_resistance': -100} at time 0.05
2025-03-18 09:18:52,825 | INFO     | helper_functions.py:50 | Starting data update for front_left:{'x_friction': 0, 'y_friction': 0, 'rolling_resistance': -100} at time 0.05
2025-03-18 09:18:52,825 | INFO     | helper_functions.py:50 | Starting data update for rear_right:{'x_friction': np.float64(301.35982032999317), 'y_friction': np.float64(-0.0), 'rolling_resistance': -100} at time 0.05
2025-03-18 09:18:52,825 | INFO     | helper_functions.py:50 | Starting data update for rear_left:{'x_friction': np.float64(301.35982032999317), 'y_friction': np.float64(-0.0), 'rolling_resistance': -100} at time 0.05
2025-03-18 09:18:52,826 | INFO     | helper_functions.py:50 | Starting data update for cnt_grav:{'inertial_z': 0, 'inertial_x': 0, 'inertial_y': 0} at time 0.05
2025-03-18 09:18:54,762 | INFO     | car.py:166 | Calculating resultants at time : 0.05
2025-03-18 09:18:54,764 | DEBUG    | car.py:383 | Returning total forces in x direction. Forces are : ['x_friction', 'rolling_resistance']. Sum was -100.0
2025-03-18 09:18:54,764 | DEBUG    | car.py:383 | Returning total forces in y direction. Forces are : ['y_friction']. Sum was 0.0
2025-03-18 09:18:54,764 | DEBUG    | car.py:383 | Returning total forces in z direction. Forces are : ['vertical_load']. Sum was 613.125
2025-03-18 09:18:54,764 | DEBUG    | car.py:383 | Returning total forces in x direction. Forces are : ['x_friction', 'rolling_resistance']. Sum was -100.0
2025-03-18 09:18:54,764 | DEBUG    | car.py:383 | Returning total forces in y direction. Forces are : ['y_friction']. Sum was 0.0
2025-03-18 09:18:54,765 | DEBUG    | car.py:383 | Returning total forces in z direction. Forces are : ['vertical_load']. Sum was 613.125
2025-03-18 09:18:54,765 | DEBUG    | car.py:383 | Returning total forces in x direction. Forces are : ['x_friction', 'rolling_resistance']. Sum was 201.35982032999317
2025-03-18 09:18:54,765 | DEBUG    | car.py:383 | Returning total forces in y direction. Forces are : ['y_friction']. Sum was 0.0
2025-03-18 09:18:54,765 | DEBUG    | car.py:383 | Returning total forces in z direction. Forces are : ['vertical_load']. Sum was 613.125
2025-03-18 09:18:54,765 | DEBUG    | car.py:383 | Returning total forces in x direction. Forces are : ['x_friction', 'rolling_resistance']. Sum was 201.35982032999317
2025-03-18 09:18:54,765 | DEBUG    | car.py:383 | Returning total forces in y direction. Forces are : ['y_friction']. Sum was 0.0
2025-03-18 09:18:54,765 | DEBUG    | car.py:383 | Returning total forces in z direction. Forces are : ['vertical_load']. Sum was 613.125
2025-03-18 09:18:54,765 | DEBUG    | car.py:383 | Returning total forces in x direction. Forces are : ['inertial_x']. Sum was 0
2025-03-18 09:18:54,765 | DEBUG    | car.py:383 | Returning total forces in y direction. Forces are : ['inertial_y']. Sum was 0
2025-03-18 09:18:54,765 | DEBUG    | car.py:383 | Returning total forces in z direction. Forces are : ['inertial_z']. Sum was 0
2025-03-18 09:18:54,766 | INFO     | car.py:283 | Timestep 0.05 had resultant forces of [np.float64(202.71964065998634), np.float64(0.0), np.float64(2452.5)] And resultant torques of [np.float64(1868.805), np.float64(1812.1651323995998), np.float64(304.8)]
2025-03-18 09:18:54,766 | INFO     | helper_functions.py:50 | Starting data update for vehicle_dataframe:{'acceleration': (np.float64(0.8108785626399454), np.float64(0.0), np.float64(9.81))} at time 0.05
2025-03-18 09:18:54,766 | INFO     | helper_functions.py:50 | Starting data update for vehicle_dataframe:{'velocity': (np.float64(0.040543928131997274), np.float64(0.0), 0), 'position': (np.float64(0.003040794609899796), np.float64(0.0), 0)} at time 0.1
2025-03-18 09:18:54,766 | DEBUG    | car.py:179 | After forces are applied; Position = (np.float64(0.003040794609899796), np.float64(0.0), 0) -- Velocity = (np.float64(0.040543928131997274), np.float64(0.0), 0) --
2025-03-18 09:18:54,769 | DEBUG    | car.py:383 | Returning total forces in x direction. Forces are : ['x_friction', 'rolling_resistance']. Sum was 201.35982032999317
2025-03-18 09:18:54,769 | DEBUG    | car.py:383 | Returning total forces in x direction. Forces are : ['x_friction', 'rolling_resistance']. Sum was 201.35982032999317
2025-03-18 09:18:54,769 | DEBUG    | car.py:383 | Returning total forces in x direction. Forces are : ['x_friction', 'rolling_resistance']. Sum was -100.0
2025-03-18 09:18:54,769 | DEBUG    | car.py:383 | Returning total forces in x direction. Forces are : ['x_friction', 'rolling_resistance']. Sum was -100.0
2025-03-18 09:18:54,769 | DEBUG    | car.py:383 | Returning total forces in y direction. Forces are : ['y_friction']. Sum was 0.0
2025-03-18 09:18:54,769 | DEBUG    | car.py:383 | Returning total forces in y direction. Forces are : ['y_friction']. Sum was 0.0
2025-03-18 09:18:54,769 | DEBUG    | car.py:383 | Returning total forces in y direction. Forces are : ['y_friction']. Sum was 0.0
2025-03-18 09:18:54,769 | DEBUG    | car.py:383 | Returning total forces in y direction. Forces are : ['y_friction']. Sum was 0.0
2025-03-18 09:18:54,769 | INFO     | helper_functions.py:50 | Starting data update for front_right:{'vertical_load': np.float64(502.6263992123358)} at time 0.1
2025-03-18 09:18:54,770 | INFO     | helper_functions.py:50 | Starting data update for front_left:{'vertical_load': np.float64(502.6263992123358)} at time 0.1
2025-03-18 09:18:54,771 | INFO     | helper_functions.py:50 | Starting data update for rear_right:{'vertical_load': np.float64(723.6236007876641)} at time 0.1
2025-03-18 09:18:54,772 | INFO     | helper_functions.py:50 | Starting data update for rear_left:{'vertical_load': np.float64(723.6236007876641)} at time 0.1
2025-03-18 09:18:54,774 | WARNING  | helper_functions.py:94 | Error: Time index '0.1' or column 'Fx' not found.
2025-03-18 09:18:54,774 | INFO     | helper_functions.py:50 | Starting data update for rear_right:{'Fx': np.float64(343.79469672603364), 'Fy': np.float64(-0.0), 'Fz': np.float64(723.6236007876641), 'Mz': np.float64(0.0), 'max_Fx': np.float64(581.4396313403475), 'desired_Fx': np.float64(581.4396313403475), 'desired_Fy': np.float64(0.0), 'slip_ratio': 3.4632022172017787, 'slip_angle': 0.0, 'angular_velocity': np.float64(nan), 'Vx': np.float64(0.040543928131997274)} at time 0.1
2025-03-18 09:18:54,776 | INFO     | helper_functions.py:50 | Starting data update for rear_right:{'Fx': np.float64(343.79469672603364), 'Fy': np.float64(-0.0), 'Fz': np.float64(723.6236007876641), 'Mz': np.float64(0.0), 'max_Fx': np.float64(581.4396313403475), 'desired_Fx': np.float64(581.4396313403475), 'desired_Fy': 0, 'slip_ratio': 3.4632022172017787, 'slip_angle': 0.0, 'angular_velocity': np.float64(nan), 'Vx': np.float64(0.040543928131997274), 'longitudinal_mode': 'accelerate'} at time 0.1
2025-03-18 09:18:54,776 | INFO     | helper_functions.py:50 | Starting data update for rear_right:{'x_friction': np.float64(343.79469672603364), 'y_friction': np.float64(-0.0)} at time 0.1
2025-03-18 09:18:54,777 | WARNING  | helper_functions.py:94 | Error: Time index '0.1' or column 'Fx' not found.
2025-03-18 09:18:54,778 | INFO     | helper_functions.py:50 | Starting data update for rear_left:{'Fx': np.float64(343.79469672603364), 'Fy': np.float64(-0.0), 'Fz': np.float64(723.6236007876641), 'Mz': np.float64(0.0), 'max_Fx': np.float64(581.4396313403475), 'desired_Fx': np.float64(581.4396313403475), 'desired_Fy': np.float64(0.0), 'slip_ratio': 3.4632022172017787, 'slip_angle': 0.0, 'angular_velocity': np.float64(nan), 'Vx': np.float64(0.040543928131997274)} at time 0.1
2025-03-18 09:18:54,779 | INFO     | helper_functions.py:50 | Starting data update for rear_left:{'Fx': np.float64(343.79469672603364), 'Fy': np.float64(-0.0), 'Fz': np.float64(723.6236007876641), 'Mz': np.float64(0.0), 'max_Fx': np.float64(581.4396313403475), 'desired_Fx': np.float64(581.4396313403475), 'desired_Fy': 0, 'slip_ratio': 3.4632022172017787, 'slip_angle': 0.0, 'angular_velocity': np.float64(nan), 'Vx': np.float64(0.040543928131997274), 'longitudinal_mode': 'accelerate'} at time 0.1
2025-03-18 09:18:54,780 | INFO     | helper_functions.py:50 | Starting data update for rear_left:{'x_friction': np.float64(343.79469672603364), 'y_friction': np.float64(-0.0)} at time 0.1
2025-03-18 09:18:54,780 | INFO     | helper_functions.py:50 | Starting data update for front_right:{'x_friction': 0, 'y_friction': 0, 'rolling_resistance': -100} at time 0.1
2025-03-18 09:18:54,780 | INFO     | helper_functions.py:50 | Starting data update for front_left:{'x_friction': 0, 'y_friction': 0, 'rolling_resistance': -100} at time 0.1
2025-03-18 09:18:54,780 | INFO     | helper_functions.py:50 | Starting data update for rear_right:{'x_friction': np.float64(343.79469672603364), 'y_friction': np.float64(-0.0), 'rolling_resistance': -100} at time 0.1
2025-03-18 09:18:54,780 | INFO     | helper_functions.py:50 | Starting data update for rear_left:{'x_friction': np.float64(343.79469672603364), 'y_friction': np.float64(-0.0), 'rolling_resistance': -100} at time 0.1
2025-03-18 09:18:54,781 | INFO     | helper_functions.py:50 | Starting data update for cnt_grav:{'inertial_z': 0, 'inertial_x': 0, 'inertial_y': 0} at time 0.1
2025-03-18 09:21:40,875 | INFO     | magic_formula_tire.py:15 | Starting Car.py Script
2025-03-18 09:21:40,876 | INFO     | car.py:14 | Starting Car.py Script
2025-03-18 09:21:40,878 | INFO     | helper_functions.py:50 | Starting data update for vehicle_dataframe:{'velocity': (0, 0, 0), 'position': (0, 0, 0)} at time 0.05
2025-03-18 09:21:41,389 | INFO     | magic_formula_tire.py:461 | Generated force to slip lookup table.
2025-03-18 09:21:41,389 | DEBUG    | car.py:413 | Forces and Moments:
2025-03-18 09:21:41,389 | DEBUG    | car.py:417 | Slip Ratio and Angle:
2025-03-18 09:21:41,902 | INFO     | magic_formula_tire.py:461 | Generated force to slip lookup table.
2025-03-18 09:21:41,902 | DEBUG    | car.py:413 | Forces and Moments:
2025-03-18 09:21:41,902 | DEBUG    | car.py:417 | Slip Ratio and Angle:
2025-03-18 09:21:42,415 | INFO     | magic_formula_tire.py:461 | Generated force to slip lookup table.
2025-03-18 09:21:42,416 | DEBUG    | car.py:413 | Forces and Moments:
2025-03-18 09:21:42,416 | DEBUG    | car.py:417 | Slip Ratio and Angle:
2025-03-18 09:21:42,927 | INFO     | magic_formula_tire.py:461 | Generated force to slip lookup table.
2025-03-18 09:21:42,928 | DEBUG    | car.py:413 | Forces and Moments:
2025-03-18 09:21:42,928 | DEBUG    | car.py:417 | Slip Ratio and Angle:
2025-03-18 09:21:42,929 | DEBUG    | car.py:386 | Returning total forces in x direction. Forces are : ['x_friction', 'rolling_resistance']. Sum was 0
2025-03-18 09:21:42,929 | DEBUG    | car.py:386 | Returning total forces in x direction. Forces are : ['x_friction', 'rolling_resistance']. Sum was 0
2025-03-18 09:21:42,929 | DEBUG    | car.py:386 | Returning total forces in x direction. Forces are : ['x_friction', 'rolling_resistance']. Sum was 0
2025-03-18 09:21:42,929 | DEBUG    | car.py:386 | Returning total forces in x direction. Forces are : ['x_friction', 'rolling_resistance']. Sum was 0
2025-03-18 09:21:42,929 | DEBUG    | car.py:386 | Returning total forces in y direction. Forces are : ['y_friction']. Sum was 0
2025-03-18 09:21:42,929 | DEBUG    | car.py:386 | Returning total forces in y direction. Forces are : ['y_friction']. Sum was 0
2025-03-18 09:21:42,929 | DEBUG    | car.py:386 | Returning total forces in y direction. Forces are : ['y_friction']. Sum was 0
2025-03-18 09:21:42,929 | DEBUG    | car.py:386 | Returning total forces in y direction. Forces are : ['y_friction']. Sum was 0
2025-03-18 09:21:42,929 | INFO     | helper_functions.py:50 | Starting data update for front_right:{'vertical_load': np.float64(613.125)} at time 0.05
2025-03-18 09:21:42,930 | INFO     | helper_functions.py:50 | Starting data update for front_left:{'vertical_load': np.float64(613.125)} at time 0.05
2025-03-18 09:21:42,931 | INFO     | helper_functions.py:50 | Starting data update for rear_right:{'vertical_load': np.float64(613.125)} at time 0.05
2025-03-18 09:21:42,932 | INFO     | helper_functions.py:50 | Starting data update for rear_left:{'vertical_load': np.float64(613.125)} at time 0.05
2025-03-18 09:21:42,933 | INFO     | helper_functions.py:50 | Starting data update for front_right:{'x_friction': 0, 'y_friction': 0, 'rolling_resistance': 0} at time 0.05
2025-03-18 09:21:42,933 | INFO     | helper_functions.py:50 | Starting data update for front_left:{'x_friction': 0, 'y_friction': 0, 'rolling_resistance': 0} at time 0.05
2025-03-18 09:21:42,934 | INFO     | helper_functions.py:50 | Starting data update for rear_right:{'x_friction': 0, 'y_friction': 0, 'rolling_resistance': 0} at time 0.05
2025-03-18 09:21:42,934 | INFO     | helper_functions.py:50 | Starting data update for rear_left:{'x_friction': 0, 'y_friction': 0, 'rolling_resistance': 0} at time 0.05
2025-03-18 09:21:42,934 | INFO     | helper_functions.py:50 | Starting data update for cnt_grav:{'inertial_z': 0, 'inertial_x': 0, 'inertial_y': 0} at time 0.05
2025-03-18 09:21:42,935 | DEBUG    | car.py:386 | Returning total forces in x direction. Forces are : ['x_friction', 'rolling_resistance']. Sum was 0.0
2025-03-18 09:21:42,935 | DEBUG    | car.py:386 | Returning total forces in y direction. Forces are : ['y_friction']. Sum was 0.0
2025-03-18 09:21:42,935 | DEBUG    | car.py:386 | Returning total forces in z direction. Forces are : ['vertical_load']. Sum was 613.125
2025-03-18 09:21:42,935 | DEBUG    | car.py:386 | Returning total forces in x direction. Forces are : ['x_friction', 'rolling_resistance']. Sum was 0.0
2025-03-18 09:21:42,935 | DEBUG    | car.py:386 | Returning total forces in y direction. Forces are : ['y_friction']. Sum was 0.0
2025-03-18 09:21:42,935 | DEBUG    | car.py:386 | Returning total forces in z direction. Forces are : ['vertical_load']. Sum was 613.125
2025-03-18 09:21:42,935 | DEBUG    | car.py:386 | Returning total forces in x direction. Forces are : ['x_friction', 'rolling_resistance']. Sum was 0.0
2025-03-18 09:21:42,935 | DEBUG    | car.py:386 | Returning total forces in y direction. Forces are : ['y_friction']. Sum was 0.0
2025-03-18 09:21:42,935 | DEBUG    | car.py:386 | Returning total forces in z direction. Forces are : ['vertical_load']. Sum was 613.125
2025-03-18 09:21:42,935 | DEBUG    | car.py:386 | Returning total forces in x direction. Forces are : ['x_friction', 'rolling_resistance']. Sum was 0.0
2025-03-18 09:21:42,935 | DEBUG    | car.py:386 | Returning total forces in y direction. Forces are : ['y_friction']. Sum was 0.0
2025-03-18 09:21:42,935 | DEBUG    | car.py:386 | Returning total forces in z direction. Forces are : ['vertical_load']. Sum was 613.125
2025-03-18 09:21:42,935 | DEBUG    | car.py:386 | Returning total forces in x direction. Forces are : ['inertial_x']. Sum was 0
2025-03-18 09:21:42,936 | DEBUG    | car.py:386 | Returning total forces in y direction. Forces are : ['inertial_y']. Sum was 0
2025-03-18 09:21:42,936 | DEBUG    | car.py:386 | Returning total forces in z direction. Forces are : ['inertial_z']. Sum was 0
2025-03-18 09:21:42,936 | INFO     | car.py:283 | Timestep 0.05 had resultant forces of [np.float64(0.0), np.float64(0.0), np.float64(2452.5)] And resultant torques of [np.float64(1868.805), np.float64(1868.8049999999998), np.float64(0.0)]
2025-03-18 09:21:42,936 | INFO     | helper_functions.py:50 | Starting data update for vehicle_dataframe:{'acceleration': (np.float64(0.0), np.float64(0.0), np.float64(9.81))} at time 0.05
2025-03-18 09:21:42,936 | INFO     | helper_functions.py:50 | Starting data update for vehicle_dataframe:{'velocity': (np.float64(0.0), np.float64(0.0), 0), 'position': (np.float64(0.0), np.float64(0.0), 0)} at time 0.1
2025-03-18 09:21:42,937 | DEBUG    | car.py:105 | After forces are applied; Position = (np.float64(0.0), np.float64(0.0), 0) -- Velocity = (np.float64(0.0), np.float64(0.0), 0) --
2025-03-18 09:21:42,937 | DEBUG    | helper_functions.py:144 | All objects to combine were TimeSeries
2025-03-18 09:21:42,939 | INFO     | acceleration_tester.py:12 | Starting Acceleration.py Script
2025-03-18 09:21:42,939 | DEBUG    | car.py:386 | Returning total forces in x direction. Forces are : ['x_friction', 'rolling_resistance']. Sum was 0.0
2025-03-18 09:21:42,939 | DEBUG    | car.py:386 | Returning total forces in x direction. Forces are : ['x_friction', 'rolling_resistance']. Sum was 0.0
2025-03-18 09:21:42,940 | DEBUG    | car.py:386 | Returning total forces in x direction. Forces are : ['x_friction', 'rolling_resistance']. Sum was 0.0
2025-03-18 09:21:42,940 | DEBUG    | car.py:386 | Returning total forces in x direction. Forces are : ['x_friction', 'rolling_resistance']. Sum was 0.0
2025-03-18 09:21:42,940 | DEBUG    | car.py:386 | Returning total forces in y direction. Forces are : ['y_friction']. Sum was 0.0
2025-03-18 09:21:42,940 | DEBUG    | car.py:386 | Returning total forces in y direction. Forces are : ['y_friction']. Sum was 0.0
2025-03-18 09:21:42,940 | DEBUG    | car.py:386 | Returning total forces in y direction. Forces are : ['y_friction']. Sum was 0.0
2025-03-18 09:21:42,940 | DEBUG    | car.py:386 | Returning total forces in y direction. Forces are : ['y_friction']. Sum was 0.0
2025-03-18 09:21:42,940 | INFO     | helper_functions.py:50 | Starting data update for front_right:{'vertical_load': np.float64(613.125)} at time 0.05
2025-03-18 09:21:42,940 | INFO     | helper_functions.py:50 | Starting data update for front_left:{'vertical_load': np.float64(613.125)} at time 0.05
2025-03-18 09:21:42,940 | INFO     | helper_functions.py:50 | Starting data update for rear_right:{'vertical_load': np.float64(613.125)} at time 0.05
2025-03-18 09:21:42,940 | INFO     | helper_functions.py:50 | Starting data update for rear_left:{'vertical_load': np.float64(613.125)} at time 0.05
2025-03-18 09:21:42,941 | WARNING  | helper_functions.py:94 | Error: Time index '0.05' or column 'Fx' not found.
2025-03-18 09:21:42,941 | INFO     | helper_functions.py:50 | Starting data update for rear_right:{'Fx': np.float64(301.35982032999317), 'Fy': np.float64(-0.0), 'Fz': np.float64(613.125), 'Mz': np.float64(0.0), 'max_Fx': np.float64(500.8346537514665), 'desired_Fx': np.float64(500.8346537514665), 'desired_Fy': 0.0, 'slip_ratio': 2.8780625292603683, 'slip_angle': 0.0, 'angular_velocity': np.float64(nan), 'Vx': np.float64(0.0)} at time 0.05
2025-03-18 09:21:42,942 | INFO     | helper_functions.py:50 | Starting data update for rear_right:{'Fx': np.float64(301.35982032999317), 'Fy': np.float64(-0.0), 'Fz': np.float64(613.125), 'Mz': np.float64(0.0), 'max_Fx': np.float64(500.8346537514665), 'desired_Fx': np.float64(500.8346537514665), 'desired_Fy': 0, 'slip_ratio': 2.8780625292603683, 'slip_angle': 0.0, 'angular_velocity': np.float64(nan), 'Vx': np.float64(0.0), 'longitudinal_mode': 'accelerate'} at time 0.05
2025-03-18 09:21:42,942 | INFO     | helper_functions.py:50 | Starting data update for rear_right:{'x_friction': np.float64(301.35982032999317), 'y_friction': np.float64(-0.0)} at time 0.05
2025-03-18 09:21:42,943 | WARNING  | helper_functions.py:94 | Error: Time index '0.05' or column 'Fx' not found.
2025-03-18 09:21:42,943 | INFO     | helper_functions.py:50 | Starting data update for rear_left:{'Fx': np.float64(301.35982032999317), 'Fy': np.float64(-0.0), 'Fz': np.float64(613.125), 'Mz': np.float64(0.0), 'max_Fx': np.float64(500.8346537514665), 'desired_Fx': np.float64(500.8346537514665), 'desired_Fy': 0.0, 'slip_ratio': 2.8780625292603683, 'slip_angle': 0.0, 'angular_velocity': np.float64(nan), 'Vx': np.float64(0.0)} at time 0.05
2025-03-18 09:21:42,944 | INFO     | helper_functions.py:50 | Starting data update for rear_left:{'Fx': np.float64(301.35982032999317), 'Fy': np.float64(-0.0), 'Fz': np.float64(613.125), 'Mz': np.float64(0.0), 'max_Fx': np.float64(500.8346537514665), 'desired_Fx': np.float64(500.8346537514665), 'desired_Fy': 0, 'slip_ratio': 2.8780625292603683, 'slip_angle': 0.0, 'angular_velocity': np.float64(nan), 'Vx': np.float64(0.0), 'longitudinal_mode': 'accelerate'} at time 0.05
2025-03-18 09:21:42,944 | INFO     | helper_functions.py:50 | Starting data update for rear_left:{'x_friction': np.float64(301.35982032999317), 'y_friction': np.float64(-0.0)} at time 0.05
2025-03-18 09:21:42,945 | INFO     | helper_functions.py:50 | Starting data update for front_right:{'x_friction': 0, 'y_friction': 0, 'rolling_resistance': -100} at time 0.05
2025-03-18 09:21:42,945 | INFO     | helper_functions.py:50 | Starting data update for front_left:{'x_friction': 0, 'y_friction': 0, 'rolling_resistance': -100} at time 0.05
2025-03-18 09:21:42,945 | INFO     | helper_functions.py:50 | Starting data update for rear_right:{'x_friction': np.float64(301.35982032999317), 'y_friction': np.float64(-0.0), 'rolling_resistance': -100} at time 0.05
2025-03-18 09:21:42,945 | INFO     | helper_functions.py:50 | Starting data update for rear_left:{'x_friction': np.float64(301.35982032999317), 'y_friction': np.float64(-0.0), 'rolling_resistance': -100} at time 0.05
2025-03-18 09:21:42,945 | INFO     | helper_functions.py:50 | Starting data update for cnt_grav:{'inertial_z': 0, 'inertial_x': 0, 'inertial_y': 0} at time 0.05
2025-03-18 09:21:44,929 | INFO     | car.py:166 | Calculating resultants at time : 0.05
2025-03-18 09:21:44,931 | DEBUG    | car.py:386 | Returning total forces in x direction. Forces are : ['x_friction', 'rolling_resistance']. Sum was -100.0
2025-03-18 09:21:44,931 | DEBUG    | car.py:386 | Returning total forces in y direction. Forces are : ['y_friction']. Sum was 0.0
2025-03-18 09:21:44,931 | DEBUG    | car.py:386 | Returning total forces in z direction. Forces are : ['vertical_load']. Sum was 613.125
2025-03-18 09:21:44,931 | DEBUG    | car.py:386 | Returning total forces in x direction. Forces are : ['x_friction', 'rolling_resistance']. Sum was -100.0
2025-03-18 09:21:44,931 | DEBUG    | car.py:386 | Returning total forces in y direction. Forces are : ['y_friction']. Sum was 0.0
2025-03-18 09:21:44,932 | DEBUG    | car.py:386 | Returning total forces in z direction. Forces are : ['vertical_load']. Sum was 613.125
2025-03-18 09:21:44,932 | DEBUG    | car.py:386 | Returning total forces in x direction. Forces are : ['x_friction', 'rolling_resistance']. Sum was 201.35982032999317
2025-03-18 09:21:44,932 | DEBUG    | car.py:386 | Returning total forces in y direction. Forces are : ['y_friction']. Sum was 0.0
2025-03-18 09:21:44,932 | DEBUG    | car.py:386 | Returning total forces in z direction. Forces are : ['vertical_load']. Sum was 613.125
2025-03-18 09:21:44,932 | DEBUG    | car.py:386 | Returning total forces in x direction. Forces are : ['x_friction', 'rolling_resistance']. Sum was 201.35982032999317
2025-03-18 09:21:44,932 | DEBUG    | car.py:386 | Returning total forces in y direction. Forces are : ['y_friction']. Sum was 0.0
2025-03-18 09:21:44,932 | DEBUG    | car.py:386 | Returning total forces in z direction. Forces are : ['vertical_load']. Sum was 613.125
2025-03-18 09:21:44,932 | DEBUG    | car.py:386 | Returning total forces in x direction. Forces are : ['inertial_x']. Sum was 0
2025-03-18 09:21:44,932 | DEBUG    | car.py:386 | Returning total forces in y direction. Forces are : ['inertial_y']. Sum was 0
2025-03-18 09:21:44,932 | DEBUG    | car.py:386 | Returning total forces in z direction. Forces are : ['inertial_z']. Sum was 0
2025-03-18 09:21:44,932 | INFO     | car.py:283 | Timestep 0.05 had resultant forces of [np.float64(202.71964065998634), np.float64(0.0), np.float64(2452.5)] And resultant torques of [np.float64(1868.805), np.float64(1812.1651323995998), np.float64(304.8)]
2025-03-18 09:21:44,932 | INFO     | helper_functions.py:50 | Starting data update for vehicle_dataframe:{'acceleration': (np.float64(0.8108785626399454), np.float64(0.0), np.float64(9.81))} at time 0.05
2025-03-18 09:21:44,932 | INFO     | helper_functions.py:50 | Starting data update for vehicle_dataframe:{'velocity': (np.float64(0.040543928131997274), np.float64(0.0), 0), 'position': (np.float64(0.003040794609899796), np.float64(0.0), 0)} at time 0.1
2025-03-18 09:21:44,933 | DEBUG    | car.py:179 | After forces are applied; Position = (np.float64(0.003040794609899796), np.float64(0.0), 0) -- Velocity = (np.float64(0.040543928131997274), np.float64(0.0), 0) --
2025-03-18 09:22:56,945 | INFO     | magic_formula_tire.py:15 | Starting Car.py Script
2025-03-18 09:22:56,946 | INFO     | car.py:14 | Starting Car.py Script
2025-03-18 09:22:56,948 | INFO     | helper_functions.py:50 | Starting data update for vehicle_dataframe:{'velocity': (0, 0, 0), 'position': (0, 0, 0)} at time 0.05
2025-03-18 09:22:57,467 | INFO     | magic_formula_tire.py:461 | Generated force to slip lookup table.
2025-03-18 09:22:57,467 | DEBUG    | car.py:414 | Forces and Moments:
2025-03-18 09:22:57,467 | DEBUG    | car.py:418 | Slip Ratio and Angle:
2025-03-18 09:22:57,987 | INFO     | magic_formula_tire.py:461 | Generated force to slip lookup table.
2025-03-18 09:22:57,987 | DEBUG    | car.py:414 | Forces and Moments:
2025-03-18 09:22:57,987 | DEBUG    | car.py:418 | Slip Ratio and Angle:
2025-03-18 09:22:58,502 | INFO     | magic_formula_tire.py:461 | Generated force to slip lookup table.
2025-03-18 09:22:58,503 | DEBUG    | car.py:414 | Forces and Moments:
2025-03-18 09:22:58,503 | DEBUG    | car.py:418 | Slip Ratio and Angle:
2025-03-18 09:22:59,016 | INFO     | magic_formula_tire.py:461 | Generated force to slip lookup table.
2025-03-18 09:22:59,017 | DEBUG    | car.py:414 | Forces and Moments:
2025-03-18 09:22:59,017 | DEBUG    | car.py:418 | Slip Ratio and Angle:
2025-03-18 09:22:59,017 | DEBUG    | car.py:387 | Returning total forces in x direction. Forces are : ['x_friction', 'rolling_resistance']. Sum was 0
2025-03-18 09:22:59,018 | DEBUG    | car.py:387 | Returning total forces in x direction. Forces are : ['x_friction', 'rolling_resistance']. Sum was 0
2025-03-18 09:22:59,018 | DEBUG    | car.py:387 | Returning total forces in x direction. Forces are : ['x_friction', 'rolling_resistance']. Sum was 0
2025-03-18 09:22:59,018 | DEBUG    | car.py:387 | Returning total forces in x direction. Forces are : ['x_friction', 'rolling_resistance']. Sum was 0
2025-03-18 09:22:59,018 | DEBUG    | car.py:387 | Returning total forces in y direction. Forces are : ['y_friction']. Sum was 0
2025-03-18 09:22:59,018 | DEBUG    | car.py:387 | Returning total forces in y direction. Forces are : ['y_friction']. Sum was 0
2025-03-18 09:22:59,018 | DEBUG    | car.py:387 | Returning total forces in y direction. Forces are : ['y_friction']. Sum was 0
2025-03-18 09:22:59,018 | DEBUG    | car.py:387 | Returning total forces in y direction. Forces are : ['y_friction']. Sum was 0
2025-03-18 09:22:59,018 | INFO     | helper_functions.py:50 | Starting data update for front_right:{'vertical_load': np.float64(613.125)} at time 0.05
2025-03-18 09:22:59,019 | INFO     | helper_functions.py:50 | Starting data update for front_left:{'vertical_load': np.float64(613.125)} at time 0.05
2025-03-18 09:22:59,020 | INFO     | helper_functions.py:50 | Starting data update for rear_right:{'vertical_load': np.float64(613.125)} at time 0.05
2025-03-18 09:22:59,021 | INFO     | helper_functions.py:50 | Starting data update for rear_left:{'vertical_load': np.float64(613.125)} at time 0.05
2025-03-18 09:22:59,022 | INFO     | helper_functions.py:50 | Starting data update for front_right:{'x_friction': 0, 'y_friction': 0, 'rolling_resistance': 0} at time 0.05
2025-03-18 09:22:59,023 | INFO     | helper_functions.py:50 | Starting data update for front_left:{'x_friction': 0, 'y_friction': 0, 'rolling_resistance': 0} at time 0.05
2025-03-18 09:22:59,023 | INFO     | helper_functions.py:50 | Starting data update for rear_right:{'x_friction': 0, 'y_friction': 0, 'rolling_resistance': 0} at time 0.05
2025-03-18 09:22:59,023 | INFO     | helper_functions.py:50 | Starting data update for rear_left:{'x_friction': 0, 'y_friction': 0, 'rolling_resistance': 0} at time 0.05
2025-03-18 09:22:59,023 | INFO     | helper_functions.py:50 | Starting data update for cnt_grav:{'inertial_z': 0, 'inertial_x': 0, 'inertial_y': 0} at time 0.05
2025-03-18 09:22:59,024 | DEBUG    | car.py:387 | Returning total forces in x direction. Forces are : ['x_friction', 'rolling_resistance']. Sum was 0.0
2025-03-18 09:22:59,024 | DEBUG    | car.py:387 | Returning total forces in y direction. Forces are : ['y_friction']. Sum was 0.0
2025-03-18 09:22:59,024 | DEBUG    | car.py:387 | Returning total forces in z direction. Forces are : ['vertical_load']. Sum was 613.125
2025-03-18 09:22:59,024 | DEBUG    | car.py:387 | Returning total forces in x direction. Forces are : ['x_friction', 'rolling_resistance']. Sum was 0.0
2025-03-18 09:22:59,024 | DEBUG    | car.py:387 | Returning total forces in y direction. Forces are : ['y_friction']. Sum was 0.0
2025-03-18 09:22:59,024 | DEBUG    | car.py:387 | Returning total forces in z direction. Forces are : ['vertical_load']. Sum was 613.125
2025-03-18 09:22:59,025 | DEBUG    | car.py:387 | Returning total forces in x direction. Forces are : ['x_friction', 'rolling_resistance']. Sum was 0.0
2025-03-18 09:22:59,025 | DEBUG    | car.py:387 | Returning total forces in y direction. Forces are : ['y_friction']. Sum was 0.0
2025-03-18 09:22:59,025 | DEBUG    | car.py:387 | Returning total forces in z direction. Forces are : ['vertical_load']. Sum was 613.125
2025-03-18 09:22:59,025 | DEBUG    | car.py:387 | Returning total forces in x direction. Forces are : ['x_friction', 'rolling_resistance']. Sum was 0.0
2025-03-18 09:22:59,025 | DEBUG    | car.py:387 | Returning total forces in y direction. Forces are : ['y_friction']. Sum was 0.0
2025-03-18 09:22:59,025 | DEBUG    | car.py:387 | Returning total forces in z direction. Forces are : ['vertical_load']. Sum was 613.125
2025-03-18 09:22:59,025 | DEBUG    | car.py:387 | Returning total forces in x direction. Forces are : ['inertial_x']. Sum was 0
2025-03-18 09:22:59,025 | DEBUG    | car.py:387 | Returning total forces in y direction. Forces are : ['inertial_y']. Sum was 0
2025-03-18 09:22:59,025 | DEBUG    | car.py:387 | Returning total forces in z direction. Forces are : ['inertial_z']. Sum was 0
2025-03-18 09:22:59,025 | INFO     | car.py:283 | Timestep 0.05 had resultant forces of [np.float64(0.0), np.float64(0.0), np.float64(2452.5)] And resultant torques of [np.float64(1868.805), np.float64(1868.8049999999998), np.float64(0.0)]
2025-03-18 09:22:59,026 | INFO     | helper_functions.py:50 | Starting data update for vehicle_dataframe:{'acceleration': (np.float64(0.0), np.float64(0.0), np.float64(9.81))} at time 0.05
2025-03-18 09:22:59,026 | INFO     | helper_functions.py:50 | Starting data update for vehicle_dataframe:{'velocity': (np.float64(0.0), np.float64(0.0), 0), 'position': (np.float64(0.0), np.float64(0.0), 0)} at time 0.1
2025-03-18 09:22:59,027 | DEBUG    | car.py:105 | After forces are applied; Position = (np.float64(0.0), np.float64(0.0), 0) -- Velocity = (np.float64(0.0), np.float64(0.0), 0) --
2025-03-18 09:22:59,027 | DEBUG    | helper_functions.py:144 | All objects to combine were TimeSeries
2025-03-18 09:22:59,030 | INFO     | acceleration_tester.py:12 | Starting Acceleration.py Script
2025-03-18 09:22:59,030 | DEBUG    | car.py:387 | Returning total forces in x direction. Forces are : ['x_friction', 'rolling_resistance']. Sum was 0.0
2025-03-18 09:22:59,030 | DEBUG    | car.py:387 | Returning total forces in x direction. Forces are : ['x_friction', 'rolling_resistance']. Sum was 0.0
2025-03-18 09:22:59,030 | DEBUG    | car.py:387 | Returning total forces in x direction. Forces are : ['x_friction', 'rolling_resistance']. Sum was 0.0
2025-03-18 09:22:59,031 | DEBUG    | car.py:387 | Returning total forces in x direction. Forces are : ['x_friction', 'rolling_resistance']. Sum was 0.0
2025-03-18 09:22:59,031 | DEBUG    | car.py:387 | Returning total forces in y direction. Forces are : ['y_friction']. Sum was 0.0
2025-03-18 09:22:59,031 | DEBUG    | car.py:387 | Returning total forces in y direction. Forces are : ['y_friction']. Sum was 0.0
2025-03-18 09:22:59,031 | DEBUG    | car.py:387 | Returning total forces in y direction. Forces are : ['y_friction']. Sum was 0.0
2025-03-18 09:22:59,031 | DEBUG    | car.py:387 | Returning total forces in y direction. Forces are : ['y_friction']. Sum was 0.0
2025-03-18 09:22:59,031 | INFO     | helper_functions.py:50 | Starting data update for front_right:{'vertical_load': np.float64(613.125)} at time 0.05
2025-03-18 09:22:59,031 | INFO     | helper_functions.py:50 | Starting data update for front_left:{'vertical_load': np.float64(613.125)} at time 0.05
2025-03-18 09:22:59,031 | INFO     | helper_functions.py:50 | Starting data update for rear_right:{'vertical_load': np.float64(613.125)} at time 0.05
2025-03-18 09:22:59,031 | INFO     | helper_functions.py:50 | Starting data update for rear_left:{'vertical_load': np.float64(613.125)} at time 0.05
2025-03-18 09:22:59,032 | WARNING  | helper_functions.py:94 | Error: Time index '0.05' or column 'Fx' not found.
2025-03-18 09:22:59,032 | INFO     | helper_functions.py:50 | Starting data update for rear_right:{'Fx': np.float64(301.35982032999317), 'Fy': np.float64(-0.0), 'Fz': np.float64(613.125), 'Mz': np.float64(0.0), 'max_Fx': np.float64(500.8346537514665), 'desired_Fx': np.float64(500.8346537514665), 'desired_Fy': 0.0, 'slip_ratio': 2.8780625292603683, 'slip_angle': 0.0, 'angular_velocity': np.float64(nan), 'Vx': np.float64(0.0)} at time 0.05
2025-03-18 09:22:59,033 | INFO     | helper_functions.py:50 | Starting data update for rear_right:{'Fx': np.float64(301.35982032999317), 'Fy': np.float64(-0.0), 'Fz': np.float64(613.125), 'Mz': np.float64(0.0), 'max_Fx': np.float64(500.8346537514665), 'desired_Fx': np.float64(500.8346537514665), 'desired_Fy': 0, 'slip_ratio': 2.8780625292603683, 'slip_angle': 0.0, 'angular_velocity': np.float64(nan), 'Vx': np.float64(0.0), 'longitudinal_mode': 'accelerate'} at time 0.05
2025-03-18 09:22:59,034 | INFO     | helper_functions.py:50 | Starting data update for rear_right:{'x_friction': np.float64(301.35982032999317), 'y_friction': np.float64(-0.0)} at time 0.05
2025-03-18 09:22:59,035 | WARNING  | helper_functions.py:94 | Error: Time index '0.05' or column 'Fx' not found.
2025-03-18 09:22:59,035 | INFO     | helper_functions.py:50 | Starting data update for rear_left:{'Fx': np.float64(301.35982032999317), 'Fy': np.float64(-0.0), 'Fz': np.float64(613.125), 'Mz': np.float64(0.0), 'max_Fx': np.float64(500.8346537514665), 'desired_Fx': np.float64(500.8346537514665), 'desired_Fy': 0.0, 'slip_ratio': 2.8780625292603683, 'slip_angle': 0.0, 'angular_velocity': np.float64(nan), 'Vx': np.float64(0.0)} at time 0.05
2025-03-18 09:22:59,036 | INFO     | helper_functions.py:50 | Starting data update for rear_left:{'Fx': np.float64(301.35982032999317), 'Fy': np.float64(-0.0), 'Fz': np.float64(613.125), 'Mz': np.float64(0.0), 'max_Fx': np.float64(500.8346537514665), 'desired_Fx': np.float64(500.8346537514665), 'desired_Fy': 0, 'slip_ratio': 2.8780625292603683, 'slip_angle': 0.0, 'angular_velocity': np.float64(nan), 'Vx': np.float64(0.0), 'longitudinal_mode': 'accelerate'} at time 0.05
2025-03-18 09:22:59,036 | INFO     | helper_functions.py:50 | Starting data update for rear_left:{'x_friction': np.float64(301.35982032999317), 'y_friction': np.float64(-0.0)} at time 0.05
2025-03-18 09:22:59,036 | INFO     | helper_functions.py:50 | Starting data update for front_right:{'x_friction': 0, 'y_friction': 0, 'rolling_resistance': -100} at time 0.05
2025-03-18 09:22:59,036 | INFO     | helper_functions.py:50 | Starting data update for front_left:{'x_friction': 0, 'y_friction': 0, 'rolling_resistance': -100} at time 0.05
2025-03-18 09:22:59,037 | INFO     | helper_functions.py:50 | Starting data update for rear_right:{'x_friction': np.float64(301.35982032999317), 'y_friction': np.float64(-0.0), 'rolling_resistance': -100} at time 0.05
2025-03-18 09:22:59,037 | INFO     | helper_functions.py:50 | Starting data update for rear_left:{'x_friction': np.float64(301.35982032999317), 'y_friction': np.float64(-0.0), 'rolling_resistance': -100} at time 0.05
2025-03-18 09:22:59,037 | INFO     | helper_functions.py:50 | Starting data update for cnt_grav:{'inertial_z': 0, 'inertial_x': 0, 'inertial_y': 0} at time 0.05
2025-03-18 09:23:22,156 | INFO     | car.py:166 | Calculating resultants at time : 0.05
2025-03-18 09:23:22,158 | DEBUG    | car.py:387 | Returning total forces in x direction. Forces are : ['x_friction', 'rolling_resistance']. Sum was -100.0
2025-03-18 09:23:22,158 | DEBUG    | car.py:387 | Returning total forces in y direction. Forces are : ['y_friction']. Sum was 0.0
2025-03-18 09:23:22,158 | DEBUG    | car.py:387 | Returning total forces in z direction. Forces are : ['vertical_load']. Sum was 613.125
2025-03-18 09:23:22,158 | DEBUG    | car.py:387 | Returning total forces in x direction. Forces are : ['x_friction', 'rolling_resistance']. Sum was -100.0
2025-03-18 09:23:22,158 | DEBUG    | car.py:387 | Returning total forces in y direction. Forces are : ['y_friction']. Sum was 0.0
2025-03-18 09:23:22,158 | DEBUG    | car.py:387 | Returning total forces in z direction. Forces are : ['vertical_load']. Sum was 613.125
2025-03-18 09:23:22,158 | DEBUG    | car.py:387 | Returning total forces in x direction. Forces are : ['x_friction', 'rolling_resistance']. Sum was 201.35982032999317
2025-03-18 09:23:22,159 | DEBUG    | car.py:387 | Returning total forces in y direction. Forces are : ['y_friction']. Sum was 0.0
2025-03-18 09:23:22,159 | DEBUG    | car.py:387 | Returning total forces in z direction. Forces are : ['vertical_load']. Sum was 613.125
2025-03-18 09:23:22,159 | DEBUG    | car.py:387 | Returning total forces in x direction. Forces are : ['x_friction', 'rolling_resistance']. Sum was 201.35982032999317
2025-03-18 09:23:22,159 | DEBUG    | car.py:387 | Returning total forces in y direction. Forces are : ['y_friction']. Sum was 0.0
2025-03-18 09:23:22,159 | DEBUG    | car.py:387 | Returning total forces in z direction. Forces are : ['vertical_load']. Sum was 613.125
2025-03-18 09:23:22,159 | DEBUG    | car.py:387 | Returning total forces in x direction. Forces are : ['inertial_x']. Sum was 0
2025-03-18 09:23:22,159 | DEBUG    | car.py:387 | Returning total forces in y direction. Forces are : ['inertial_y']. Sum was 0
2025-03-18 09:23:22,159 | DEBUG    | car.py:387 | Returning total forces in z direction. Forces are : ['inertial_z']. Sum was 0
2025-03-18 09:23:22,159 | INFO     | car.py:283 | Timestep 0.05 had resultant forces of [np.float64(202.71964065998634), np.float64(0.0), np.float64(2452.5)] And resultant torques of [np.float64(1868.805), np.float64(1812.1651323995998), np.float64(304.8)]
2025-03-18 09:23:22,159 | INFO     | helper_functions.py:50 | Starting data update for vehicle_dataframe:{'acceleration': (np.float64(0.8108785626399454), np.float64(0.0), np.float64(9.81))} at time 0.05
2025-03-18 09:23:22,160 | INFO     | helper_functions.py:50 | Starting data update for vehicle_dataframe:{'velocity': (np.float64(0.040543928131997274), np.float64(0.0), 0), 'position': (np.float64(0.003040794609899796), np.float64(0.0), 0)} at time 0.1
2025-03-18 09:23:22,160 | DEBUG    | car.py:179 | After forces are applied; Position = (np.float64(0.003040794609899796), np.float64(0.0), 0) -- Velocity = (np.float64(0.040543928131997274), np.float64(0.0), 0) --
2025-03-18 09:23:22,162 | DEBUG    | car.py:387 | Returning total forces in x direction. Forces are : ['x_friction', 'rolling_resistance']. Sum was 201.35982032999317
2025-03-18 09:23:22,163 | DEBUG    | car.py:387 | Returning total forces in x direction. Forces are : ['x_friction', 'rolling_resistance']. Sum was 201.35982032999317
2025-03-18 09:23:22,163 | DEBUG    | car.py:387 | Returning total forces in x direction. Forces are : ['x_friction', 'rolling_resistance']. Sum was -100.0
2025-03-18 09:23:22,163 | DEBUG    | car.py:387 | Returning total forces in x direction. Forces are : ['x_friction', 'rolling_resistance']. Sum was -100.0
2025-03-18 09:23:22,163 | DEBUG    | car.py:387 | Returning total forces in y direction. Forces are : ['y_friction']. Sum was 0.0
2025-03-18 09:23:22,163 | DEBUG    | car.py:387 | Returning total forces in y direction. Forces are : ['y_friction']. Sum was 0.0
2025-03-18 09:23:22,163 | DEBUG    | car.py:387 | Returning total forces in y direction. Forces are : ['y_friction']. Sum was 0.0
2025-03-18 09:23:22,163 | DEBUG    | car.py:387 | Returning total forces in y direction. Forces are : ['y_friction']. Sum was 0.0
2025-03-18 09:23:22,163 | INFO     | helper_functions.py:50 | Starting data update for front_right:{'vertical_load': np.float64(502.6263992123358)} at time 0.1
2025-03-18 09:23:22,164 | INFO     | helper_functions.py:50 | Starting data update for front_left:{'vertical_load': np.float64(502.6263992123358)} at time 0.1
2025-03-18 09:23:22,165 | INFO     | helper_functions.py:50 | Starting data update for rear_right:{'vertical_load': np.float64(723.6236007876641)} at time 0.1
2025-03-18 09:23:22,166 | INFO     | helper_functions.py:50 | Starting data update for rear_left:{'vertical_load': np.float64(723.6236007876641)} at time 0.1
2025-03-18 09:23:22,168 | WARNING  | helper_functions.py:94 | Error: Time index '0.1' or column 'Fx' not found.
2025-03-18 09:23:22,168 | INFO     | helper_functions.py:50 | Starting data update for rear_right:{'Fx': np.float64(343.79469672603364), 'Fy': np.float64(-0.0), 'Fz': np.float64(723.6236007876641), 'Mz': np.float64(0.0), 'max_Fx': np.float64(581.4396313403475), 'desired_Fx': np.float64(581.4396313403475), 'desired_Fy': np.float64(0.0), 'slip_ratio': 3.4632022172017787, 'slip_angle': 0.0, 'angular_velocity': np.float64(nan), 'Vx': np.float64(0.040543928131997274)} at time 0.1
2025-03-18 09:23:22,170 | INFO     | helper_functions.py:50 | Starting data update for rear_right:{'Fx': np.float64(343.79469672603364), 'Fy': np.float64(-0.0), 'Fz': np.float64(723.6236007876641), 'Mz': np.float64(0.0), 'max_Fx': np.float64(581.4396313403475), 'desired_Fx': np.float64(581.4396313403475), 'desired_Fy': 0, 'slip_ratio': 3.4632022172017787, 'slip_angle': 0.0, 'angular_velocity': np.float64(nan), 'Vx': np.float64(0.040543928131997274), 'longitudinal_mode': 'accelerate'} at time 0.1
2025-03-18 09:23:22,171 | INFO     | helper_functions.py:50 | Starting data update for rear_right:{'x_friction': np.float64(343.79469672603364), 'y_friction': np.float64(-0.0)} at time 0.1
2025-03-18 09:23:22,172 | WARNING  | helper_functions.py:94 | Error: Time index '0.1' or column 'Fx' not found.
2025-03-18 09:23:22,172 | INFO     | helper_functions.py:50 | Starting data update for rear_left:{'Fx': np.float64(343.79469672603364), 'Fy': np.float64(-0.0), 'Fz': np.float64(723.6236007876641), 'Mz': np.float64(0.0), 'max_Fx': np.float64(581.4396313403475), 'desired_Fx': np.float64(581.4396313403475), 'desired_Fy': np.float64(0.0), 'slip_ratio': 3.4632022172017787, 'slip_angle': 0.0, 'angular_velocity': np.float64(nan), 'Vx': np.float64(0.040543928131997274)} at time 0.1
2025-03-18 09:23:22,174 | INFO     | helper_functions.py:50 | Starting data update for rear_left:{'Fx': np.float64(343.79469672603364), 'Fy': np.float64(-0.0), 'Fz': np.float64(723.6236007876641), 'Mz': np.float64(0.0), 'max_Fx': np.float64(581.4396313403475), 'desired_Fx': np.float64(581.4396313403475), 'desired_Fy': 0, 'slip_ratio': 3.4632022172017787, 'slip_angle': 0.0, 'angular_velocity': np.float64(nan), 'Vx': np.float64(0.040543928131997274), 'longitudinal_mode': 'accelerate'} at time 0.1
2025-03-18 09:23:22,174 | INFO     | helper_functions.py:50 | Starting data update for rear_left:{'x_friction': np.float64(343.79469672603364), 'y_friction': np.float64(-0.0)} at time 0.1
2025-03-18 09:23:22,174 | INFO     | helper_functions.py:50 | Starting data update for front_right:{'x_friction': 0, 'y_friction': 0, 'rolling_resistance': -100} at time 0.1
2025-03-18 09:23:22,174 | INFO     | helper_functions.py:50 | Starting data update for front_left:{'x_friction': 0, 'y_friction': 0, 'rolling_resistance': -100} at time 0.1
2025-03-18 09:23:22,175 | INFO     | helper_functions.py:50 | Starting data update for rear_right:{'x_friction': np.float64(343.79469672603364), 'y_friction': np.float64(-0.0), 'rolling_resistance': -100} at time 0.1
2025-03-18 09:23:22,175 | INFO     | helper_functions.py:50 | Starting data update for rear_left:{'x_friction': np.float64(343.79469672603364), 'y_friction': np.float64(-0.0), 'rolling_resistance': -100} at time 0.1
2025-03-18 09:23:22,175 | INFO     | helper_functions.py:50 | Starting data update for cnt_grav:{'inertial_z': 0, 'inertial_x': 0, 'inertial_y': 0} at time 0.1
2025-03-18 09:23:24,483 | INFO     | car.py:166 | Calculating resultants at time : 0.1
2025-03-18 09:23:24,484 | DEBUG    | car.py:387 | Returning total forces in x direction. Forces are : ['x_friction', 'rolling_resistance']. Sum was -100.0
2025-03-18 09:23:24,484 | DEBUG    | car.py:387 | Returning total forces in y direction. Forces are : ['y_friction']. Sum was 0.0
2025-03-18 09:23:24,484 | DEBUG    | car.py:387 | Returning total forces in z direction. Forces are : ['vertical_load']. Sum was 502.6263992123358
2025-03-18 09:23:24,484 | DEBUG    | car.py:387 | Returning total forces in x direction. Forces are : ['x_friction', 'rolling_resistance']. Sum was -100.0
2025-03-18 09:23:24,485 | DEBUG    | car.py:387 | Returning total forces in y direction. Forces are : ['y_friction']. Sum was 0.0
2025-03-18 09:23:24,485 | DEBUG    | car.py:387 | Returning total forces in z direction. Forces are : ['vertical_load']. Sum was 502.6263992123358
2025-03-18 09:23:24,485 | DEBUG    | car.py:387 | Returning total forces in x direction. Forces are : ['x_friction', 'rolling_resistance']. Sum was 243.79469672603364
2025-03-18 09:23:24,485 | DEBUG    | car.py:387 | Returning total forces in y direction. Forces are : ['y_friction']. Sum was 0.0
2025-03-18 09:23:24,485 | DEBUG    | car.py:387 | Returning total forces in z direction. Forces are : ['vertical_load']. Sum was 723.6236007876641
2025-03-18 09:23:24,485 | DEBUG    | car.py:387 | Returning total forces in x direction. Forces are : ['x_friction', 'rolling_resistance']. Sum was 243.79469672603364
2025-03-18 09:23:24,485 | DEBUG    | car.py:387 | Returning total forces in y direction. Forces are : ['y_friction']. Sum was 0.0
2025-03-18 09:23:24,485 | DEBUG    | car.py:387 | Returning total forces in z direction. Forces are : ['vertical_load']. Sum was 723.6236007876641
2025-03-18 09:23:24,485 | DEBUG    | car.py:387 | Returning total forces in x direction. Forces are : ['inertial_x']. Sum was 0
2025-03-18 09:23:24,485 | DEBUG    | car.py:387 | Returning total forces in y direction. Forces are : ['inertial_y']. Sum was 0
2025-03-18 09:23:24,486 | DEBUG    | car.py:387 | Returning total forces in z direction. Forces are : ['inertial_z']. Sum was 0
2025-03-18 09:23:24,486 | INFO     | car.py:283 | Timestep 0.1 had resultant forces of [np.float64(287.58939345206727), np.float64(0.0), np.float64(2452.5)] And resultant torques of [np.float64(1532.0052647991995), np.float64(1788.4525234694925), np.float64(304.8)]
2025-03-18 09:23:24,486 | INFO     | helper_functions.py:50 | Starting data update for vehicle_dataframe:{'acceleration': (np.float64(1.150357573808269), np.float64(0.0), np.float64(9.81))} at time 0.1
2025-03-18 09:23:24,486 | INFO     | helper_functions.py:50 | Starting data update for vehicle_dataframe:{'velocity': (np.float64(0.09806180682241072), np.float64(0.0), 0), 'position': (np.float64(0.00938183191828067), np.float64(0.0), 0)} at time 0.15000000000000002
2025-03-18 09:23:24,487 | DEBUG    | car.py:179 | After forces are applied; Position = (np.float64(0.00938183191828067), np.float64(0.0), 0) -- Velocity = (np.float64(0.09806180682241072), np.float64(0.0), 0) --
2025-03-18 09:24:25,570 | INFO     | magic_formula_tire.py:15 | Starting Car.py Script
2025-03-18 09:24:25,571 | INFO     | car.py:14 | Starting Car.py Script
2025-03-18 09:24:25,573 | INFO     | helper_functions.py:50 | Starting data update for vehicle_dataframe:{'velocity': (0, 0, 0), 'position': (0, 0, 0)} at time 0.05
2025-03-18 09:24:26,095 | INFO     | magic_formula_tire.py:461 | Generated force to slip lookup table.
2025-03-18 09:24:26,096 | DEBUG    | car.py:414 | Forces and Moments:
2025-03-18 09:24:26,096 | DEBUG    | car.py:418 | Slip Ratio and Angle:
2025-03-18 09:24:26,606 | INFO     | magic_formula_tire.py:461 | Generated force to slip lookup table.
2025-03-18 09:24:26,606 | DEBUG    | car.py:414 | Forces and Moments:
2025-03-18 09:24:26,606 | DEBUG    | car.py:418 | Slip Ratio and Angle:
2025-03-18 09:24:27,117 | INFO     | magic_formula_tire.py:461 | Generated force to slip lookup table.
2025-03-18 09:24:27,117 | DEBUG    | car.py:414 | Forces and Moments:
2025-03-18 09:24:27,117 | DEBUG    | car.py:418 | Slip Ratio and Angle:
2025-03-18 09:24:27,626 | INFO     | magic_formula_tire.py:461 | Generated force to slip lookup table.
2025-03-18 09:24:27,626 | DEBUG    | car.py:414 | Forces and Moments:
2025-03-18 09:24:27,626 | DEBUG    | car.py:418 | Slip Ratio and Angle:
2025-03-18 09:24:27,627 | DEBUG    | car.py:387 | Returning total forces in x direction. Forces are : ['x_friction', 'rolling_resistance']. Sum was 0
2025-03-18 09:24:27,627 | DEBUG    | car.py:387 | Returning total forces in x direction. Forces are : ['x_friction', 'rolling_resistance']. Sum was 0
2025-03-18 09:24:27,627 | DEBUG    | car.py:387 | Returning total forces in x direction. Forces are : ['x_friction', 'rolling_resistance']. Sum was 0
2025-03-18 09:24:27,627 | DEBUG    | car.py:387 | Returning total forces in x direction. Forces are : ['x_friction', 'rolling_resistance']. Sum was 0
2025-03-18 09:24:27,627 | DEBUG    | car.py:387 | Returning total forces in y direction. Forces are : ['y_friction']. Sum was 0
2025-03-18 09:24:27,627 | DEBUG    | car.py:387 | Returning total forces in y direction. Forces are : ['y_friction']. Sum was 0
2025-03-18 09:24:27,627 | DEBUG    | car.py:387 | Returning total forces in y direction. Forces are : ['y_friction']. Sum was 0
2025-03-18 09:24:27,628 | DEBUG    | car.py:387 | Returning total forces in y direction. Forces are : ['y_friction']. Sum was 0
2025-03-18 09:24:27,628 | INFO     | helper_functions.py:50 | Starting data update for front_right:{'vertical_load': np.float64(613.125)} at time 0.05
2025-03-18 09:24:27,629 | INFO     | helper_functions.py:50 | Starting data update for front_left:{'vertical_load': np.float64(613.125)} at time 0.05
2025-03-18 09:24:27,630 | INFO     | helper_functions.py:50 | Starting data update for rear_right:{'vertical_load': np.float64(613.125)} at time 0.05
2025-03-18 09:24:27,631 | INFO     | helper_functions.py:50 | Starting data update for rear_left:{'vertical_load': np.float64(613.125)} at time 0.05
2025-03-18 09:24:27,632 | INFO     | helper_functions.py:50 | Starting data update for front_right:{'x_friction': 0, 'y_friction': 0, 'rolling_resistance': 0} at time 0.05
2025-03-18 09:24:27,632 | INFO     | helper_functions.py:50 | Starting data update for front_left:{'x_friction': 0, 'y_friction': 0, 'rolling_resistance': 0} at time 0.05
2025-03-18 09:24:27,632 | INFO     | helper_functions.py:50 | Starting data update for rear_right:{'x_friction': 0, 'y_friction': 0, 'rolling_resistance': 0} at time 0.05
2025-03-18 09:24:27,632 | INFO     | helper_functions.py:50 | Starting data update for rear_left:{'x_friction': 0, 'y_friction': 0, 'rolling_resistance': 0} at time 0.05
2025-03-18 09:24:27,632 | INFO     | helper_functions.py:50 | Starting data update for cnt_grav:{'inertial_z': 0, 'inertial_x': 0, 'inertial_y': 0} at time 0.05
2025-03-18 09:24:27,633 | DEBUG    | car.py:387 | Returning total forces in x direction. Forces are : ['x_friction', 'rolling_resistance']. Sum was 0.0
2025-03-18 09:24:27,633 | DEBUG    | car.py:387 | Returning total forces in y direction. Forces are : ['y_friction']. Sum was 0.0
2025-03-18 09:24:27,633 | DEBUG    | car.py:387 | Returning total forces in z direction. Forces are : ['vertical_load']. Sum was 613.125
2025-03-18 09:24:27,633 | DEBUG    | car.py:387 | Returning total forces in x direction. Forces are : ['x_friction', 'rolling_resistance']. Sum was 0.0
2025-03-18 09:24:27,633 | DEBUG    | car.py:387 | Returning total forces in y direction. Forces are : ['y_friction']. Sum was 0.0
2025-03-18 09:24:27,633 | DEBUG    | car.py:387 | Returning total forces in z direction. Forces are : ['vertical_load']. Sum was 613.125
2025-03-18 09:24:27,633 | DEBUG    | car.py:387 | Returning total forces in x direction. Forces are : ['x_friction', 'rolling_resistance']. Sum was 0.0
2025-03-18 09:24:27,634 | DEBUG    | car.py:387 | Returning total forces in y direction. Forces are : ['y_friction']. Sum was 0.0
2025-03-18 09:24:27,634 | DEBUG    | car.py:387 | Returning total forces in z direction. Forces are : ['vertical_load']. Sum was 613.125
2025-03-18 09:24:27,634 | DEBUG    | car.py:387 | Returning total forces in x direction. Forces are : ['x_friction', 'rolling_resistance']. Sum was 0.0
2025-03-18 09:24:27,634 | DEBUG    | car.py:387 | Returning total forces in y direction. Forces are : ['y_friction']. Sum was 0.0
2025-03-18 09:24:27,634 | DEBUG    | car.py:387 | Returning total forces in z direction. Forces are : ['vertical_load']. Sum was 613.125
2025-03-18 09:24:27,634 | DEBUG    | car.py:387 | Returning total forces in x direction. Forces are : ['inertial_x']. Sum was 0
2025-03-18 09:24:27,634 | DEBUG    | car.py:387 | Returning total forces in y direction. Forces are : ['inertial_y']. Sum was 0
2025-03-18 09:24:27,634 | DEBUG    | car.py:387 | Returning total forces in z direction. Forces are : ['inertial_z']. Sum was 0
2025-03-18 09:24:27,634 | INFO     | car.py:283 | Timestep 0.05 had resultant forces of [np.float64(0.0), np.float64(0.0), np.float64(2452.5)] And resultant torques of [np.float64(1868.805), np.float64(1868.8049999999998), np.float64(0.0)]
2025-03-18 09:24:27,634 | INFO     | helper_functions.py:50 | Starting data update for vehicle_dataframe:{'acceleration': (np.float64(0.0), np.float64(0.0), np.float64(9.81))} at time 0.05
2025-03-18 09:24:27,634 | INFO     | helper_functions.py:50 | Starting data update for vehicle_dataframe:{'velocity': (np.float64(0.0), np.float64(0.0), 0), 'position': (np.float64(0.0), np.float64(0.0), 0)} at time 0.1
2025-03-18 09:24:27,635 | DEBUG    | car.py:105 | After forces are applied; Position = (np.float64(0.0), np.float64(0.0), 0) -- Velocity = (np.float64(0.0), np.float64(0.0), 0) --
2025-03-18 09:24:27,635 | DEBUG    | helper_functions.py:144 | All objects to combine were TimeSeries
2025-03-18 09:24:27,638 | INFO     | acceleration_tester.py:12 | Starting Acceleration.py Script
2025-03-18 09:24:27,638 | DEBUG    | car.py:387 | Returning total forces in x direction. Forces are : ['x_friction', 'rolling_resistance']. Sum was 0.0
2025-03-18 09:24:27,638 | DEBUG    | car.py:387 | Returning total forces in x direction. Forces are : ['x_friction', 'rolling_resistance']. Sum was 0.0
2025-03-18 09:24:27,638 | DEBUG    | car.py:387 | Returning total forces in x direction. Forces are : ['x_friction', 'rolling_resistance']. Sum was 0.0
2025-03-18 09:24:27,638 | DEBUG    | car.py:387 | Returning total forces in x direction. Forces are : ['x_friction', 'rolling_resistance']. Sum was 0.0
2025-03-18 09:24:27,638 | DEBUG    | car.py:387 | Returning total forces in y direction. Forces are : ['y_friction']. Sum was 0.0
2025-03-18 09:24:27,638 | DEBUG    | car.py:387 | Returning total forces in y direction. Forces are : ['y_friction']. Sum was 0.0
2025-03-18 09:24:27,638 | DEBUG    | car.py:387 | Returning total forces in y direction. Forces are : ['y_friction']. Sum was 0.0
2025-03-18 09:24:27,638 | DEBUG    | car.py:387 | Returning total forces in y direction. Forces are : ['y_friction']. Sum was 0.0
2025-03-18 09:24:27,638 | INFO     | helper_functions.py:50 | Starting data update for front_right:{'vertical_load': np.float64(613.125)} at time 0.05
2025-03-18 09:24:27,639 | INFO     | helper_functions.py:50 | Starting data update for front_left:{'vertical_load': np.float64(613.125)} at time 0.05
2025-03-18 09:24:27,639 | INFO     | helper_functions.py:50 | Starting data update for rear_right:{'vertical_load': np.float64(613.125)} at time 0.05
2025-03-18 09:24:27,639 | INFO     | helper_functions.py:50 | Starting data update for rear_left:{'vertical_load': np.float64(613.125)} at time 0.05
2025-03-18 09:24:27,639 | WARNING  | helper_functions.py:94 | Error: Time index '0.05' or column 'Fx' not found.
2025-03-18 09:24:27,639 | INFO     | helper_functions.py:50 | Starting data update for rear_right:{'Fx': np.float64(301.35982032999317), 'Fy': np.float64(-0.0), 'Fz': np.float64(613.125), 'Mz': np.float64(0.0), 'max_Fx': np.float64(500.8346537514665), 'desired_Fx': np.float64(500.8346537514665), 'desired_Fy': 0.0, 'slip_ratio': 2.8780625292603683, 'slip_angle': 0.0, 'angular_velocity': np.float64(nan), 'Vx': np.float64(0.0)} at time 0.05
2025-03-18 09:24:27,641 | INFO     | helper_functions.py:50 | Starting data update for rear_right:{'Fx': np.float64(301.35982032999317), 'Fy': np.float64(-0.0), 'Fz': np.float64(613.125), 'Mz': np.float64(0.0), 'max_Fx': np.float64(500.8346537514665), 'desired_Fx': np.float64(500.8346537514665), 'desired_Fy': 0, 'slip_ratio': 2.8780625292603683, 'slip_angle': 0.0, 'angular_velocity': np.float64(nan), 'Vx': np.float64(0.0), 'longitudinal_mode': 'accelerate'} at time 0.05
2025-03-18 09:24:27,641 | INFO     | helper_functions.py:50 | Starting data update for rear_right:{'x_friction': np.float64(301.35982032999317), 'y_friction': np.float64(-0.0)} at time 0.05
2025-03-18 09:24:27,642 | WARNING  | helper_functions.py:94 | Error: Time index '0.05' or column 'Fx' not found.
2025-03-18 09:24:27,642 | INFO     | helper_functions.py:50 | Starting data update for rear_left:{'Fx': np.float64(301.35982032999317), 'Fy': np.float64(-0.0), 'Fz': np.float64(613.125), 'Mz': np.float64(0.0), 'max_Fx': np.float64(500.8346537514665), 'desired_Fx': np.float64(500.8346537514665), 'desired_Fy': 0.0, 'slip_ratio': 2.8780625292603683, 'slip_angle': 0.0, 'angular_velocity': np.float64(nan), 'Vx': np.float64(0.0)} at time 0.05
2025-03-18 09:24:27,643 | INFO     | helper_functions.py:50 | Starting data update for rear_left:{'Fx': np.float64(301.35982032999317), 'Fy': np.float64(-0.0), 'Fz': np.float64(613.125), 'Mz': np.float64(0.0), 'max_Fx': np.float64(500.8346537514665), 'desired_Fx': np.float64(500.8346537514665), 'desired_Fy': 0, 'slip_ratio': 2.8780625292603683, 'slip_angle': 0.0, 'angular_velocity': np.float64(nan), 'Vx': np.float64(0.0), 'longitudinal_mode': 'accelerate'} at time 0.05
2025-03-18 09:24:27,643 | INFO     | helper_functions.py:50 | Starting data update for rear_left:{'x_friction': np.float64(301.35982032999317), 'y_friction': np.float64(-0.0)} at time 0.05
2025-03-18 09:24:27,643 | INFO     | helper_functions.py:50 | Starting data update for front_right:{'x_friction': 0, 'y_friction': 0, 'rolling_resistance': -100} at time 0.05
2025-03-18 09:24:27,644 | INFO     | helper_functions.py:50 | Starting data update for front_left:{'x_friction': 0, 'y_friction': 0, 'rolling_resistance': -100} at time 0.05
2025-03-18 09:24:27,644 | INFO     | helper_functions.py:50 | Starting data update for rear_right:{'x_friction': np.float64(301.35982032999317), 'y_friction': np.float64(-0.0), 'rolling_resistance': -100} at time 0.05
2025-03-18 09:24:27,644 | INFO     | helper_functions.py:50 | Starting data update for rear_left:{'x_friction': np.float64(301.35982032999317), 'y_friction': np.float64(-0.0), 'rolling_resistance': -100} at time 0.05
2025-03-18 09:24:27,644 | INFO     | helper_functions.py:50 | Starting data update for cnt_grav:{'inertial_z': 0, 'inertial_x': 0, 'inertial_y': 0} at time 0.05
2025-03-18 09:24:29,720 | INFO     | car.py:166 | Calculating resultants at time : 0.05
2025-03-18 09:24:29,721 | DEBUG    | car.py:387 | Returning total forces in x direction. Forces are : ['x_friction', 'rolling_resistance']. Sum was -100.0
2025-03-18 09:24:29,721 | DEBUG    | car.py:387 | Returning total forces in y direction. Forces are : ['y_friction']. Sum was 0.0
2025-03-18 09:24:29,721 | DEBUG    | car.py:387 | Returning total forces in z direction. Forces are : ['vertical_load']. Sum was 613.125
2025-03-18 09:24:29,722 | DEBUG    | car.py:387 | Returning total forces in x direction. Forces are : ['x_friction', 'rolling_resistance']. Sum was -100.0
2025-03-18 09:24:29,722 | DEBUG    | car.py:387 | Returning total forces in y direction. Forces are : ['y_friction']. Sum was 0.0
2025-03-18 09:24:29,722 | DEBUG    | car.py:387 | Returning total forces in z direction. Forces are : ['vertical_load']. Sum was 613.125
2025-03-18 09:24:29,722 | DEBUG    | car.py:387 | Returning total forces in x direction. Forces are : ['x_friction', 'rolling_resistance']. Sum was 201.35982032999317
2025-03-18 09:24:29,722 | DEBUG    | car.py:387 | Returning total forces in y direction. Forces are : ['y_friction']. Sum was 0.0
2025-03-18 09:24:29,722 | DEBUG    | car.py:387 | Returning total forces in z direction. Forces are : ['vertical_load']. Sum was 613.125
2025-03-18 09:24:29,722 | DEBUG    | car.py:387 | Returning total forces in x direction. Forces are : ['x_friction', 'rolling_resistance']. Sum was 201.35982032999317
2025-03-18 09:24:29,722 | DEBUG    | car.py:387 | Returning total forces in y direction. Forces are : ['y_friction']. Sum was 0.0
2025-03-18 09:24:29,722 | DEBUG    | car.py:387 | Returning total forces in z direction. Forces are : ['vertical_load']. Sum was 613.125
2025-03-18 09:24:29,722 | DEBUG    | car.py:387 | Returning total forces in x direction. Forces are : ['inertial_x']. Sum was 0
2025-03-18 09:24:29,722 | DEBUG    | car.py:387 | Returning total forces in y direction. Forces are : ['inertial_y']. Sum was 0
2025-03-18 09:24:29,722 | DEBUG    | car.py:387 | Returning total forces in z direction. Forces are : ['inertial_z']. Sum was 0
2025-03-18 09:24:29,722 | INFO     | car.py:283 | Timestep 0.05 had resultant forces of [np.float64(202.71964065998634), np.float64(0.0), np.float64(2452.5)] And resultant torques of [np.float64(1868.805), np.float64(1812.1651323995998), np.float64(304.8)]
2025-03-18 09:24:29,723 | INFO     | helper_functions.py:50 | Starting data update for vehicle_dataframe:{'acceleration': (np.float64(0.8108785626399454), np.float64(0.0), np.float64(9.81))} at time 0.05
2025-03-18 09:24:29,723 | INFO     | helper_functions.py:50 | Starting data update for vehicle_dataframe:{'velocity': (np.float64(0.040543928131997274), np.float64(0.0), 0), 'position': (np.float64(0.003040794609899796), np.float64(0.0), 0)} at time 0.1
2025-03-18 09:24:29,723 | DEBUG    | car.py:179 | After forces are applied; Position = (np.float64(0.003040794609899796), np.float64(0.0), 0) -- Velocity = (np.float64(0.040543928131997274), np.float64(0.0), 0) --
2025-03-18 09:24:31,955 | DEBUG    | car.py:387 | Returning total forces in x direction. Forces are : ['x_friction', 'rolling_resistance']. Sum was 201.35982032999317
2025-03-18 09:24:31,955 | DEBUG    | car.py:387 | Returning total forces in x direction. Forces are : ['x_friction', 'rolling_resistance']. Sum was 201.35982032999317
2025-03-18 09:24:31,955 | DEBUG    | car.py:387 | Returning total forces in x direction. Forces are : ['x_friction', 'rolling_resistance']. Sum was -100.0
2025-03-18 09:24:31,955 | DEBUG    | car.py:387 | Returning total forces in x direction. Forces are : ['x_friction', 'rolling_resistance']. Sum was -100.0
2025-03-18 09:24:31,955 | DEBUG    | car.py:387 | Returning total forces in y direction. Forces are : ['y_friction']. Sum was 0.0
2025-03-18 09:24:31,955 | DEBUG    | car.py:387 | Returning total forces in y direction. Forces are : ['y_friction']. Sum was 0.0
2025-03-18 09:24:31,955 | DEBUG    | car.py:387 | Returning total forces in y direction. Forces are : ['y_friction']. Sum was 0.0
2025-03-18 09:24:31,955 | DEBUG    | car.py:387 | Returning total forces in y direction. Forces are : ['y_friction']. Sum was 0.0
2025-03-18 09:24:31,955 | INFO     | helper_functions.py:50 | Starting data update for front_right:{'vertical_load': np.float64(502.6263992123358)} at time 0.1
2025-03-18 09:24:31,957 | INFO     | helper_functions.py:50 | Starting data update for front_left:{'vertical_load': np.float64(502.6263992123358)} at time 0.1
2025-03-18 09:24:31,958 | INFO     | helper_functions.py:50 | Starting data update for rear_right:{'vertical_load': np.float64(723.6236007876641)} at time 0.1
2025-03-18 09:24:31,958 | INFO     | helper_functions.py:50 | Starting data update for rear_left:{'vertical_load': np.float64(723.6236007876641)} at time 0.1
2025-03-18 09:24:31,960 | WARNING  | helper_functions.py:94 | Error: Time index '0.1' or column 'Fx' not found.
2025-03-18 09:24:31,960 | INFO     | helper_functions.py:50 | Starting data update for rear_right:{'Fx': np.float64(343.79469672603364), 'Fy': np.float64(-0.0), 'Fz': np.float64(723.6236007876641), 'Mz': np.float64(0.0), 'max_Fx': np.float64(581.4396313403475), 'desired_Fx': np.float64(581.4396313403475), 'desired_Fy': np.float64(0.0), 'slip_ratio': 3.4632022172017787, 'slip_angle': 0.0, 'angular_velocity': np.float64(nan), 'Vx': np.float64(0.040543928131997274)} at time 0.1
2025-03-18 09:24:31,961 | INFO     | helper_functions.py:50 | Starting data update for rear_right:{'Fx': np.float64(343.79469672603364), 'Fy': np.float64(-0.0), 'Fz': np.float64(723.6236007876641), 'Mz': np.float64(0.0), 'max_Fx': np.float64(581.4396313403475), 'desired_Fx': np.float64(581.4396313403475), 'desired_Fy': 0, 'slip_ratio': 3.4632022172017787, 'slip_angle': 0.0, 'angular_velocity': np.float64(nan), 'Vx': np.float64(0.040543928131997274), 'longitudinal_mode': 'accelerate'} at time 0.1
2025-03-18 09:24:31,962 | INFO     | helper_functions.py:50 | Starting data update for rear_right:{'x_friction': np.float64(343.79469672603364), 'y_friction': np.float64(-0.0)} at time 0.1
2025-03-18 09:24:31,962 | WARNING  | helper_functions.py:94 | Error: Time index '0.1' or column 'Fx' not found.
2025-03-18 09:24:31,963 | INFO     | helper_functions.py:50 | Starting data update for rear_left:{'Fx': np.float64(343.79469672603364), 'Fy': np.float64(-0.0), 'Fz': np.float64(723.6236007876641), 'Mz': np.float64(0.0), 'max_Fx': np.float64(581.4396313403475), 'desired_Fx': np.float64(581.4396313403475), 'desired_Fy': np.float64(0.0), 'slip_ratio': 3.4632022172017787, 'slip_angle': 0.0, 'angular_velocity': np.float64(nan), 'Vx': np.float64(0.040543928131997274)} at time 0.1
2025-03-18 09:24:31,964 | INFO     | helper_functions.py:50 | Starting data update for rear_left:{'Fx': np.float64(343.79469672603364), 'Fy': np.float64(-0.0), 'Fz': np.float64(723.6236007876641), 'Mz': np.float64(0.0), 'max_Fx': np.float64(581.4396313403475), 'desired_Fx': np.float64(581.4396313403475), 'desired_Fy': 0, 'slip_ratio': 3.4632022172017787, 'slip_angle': 0.0, 'angular_velocity': np.float64(nan), 'Vx': np.float64(0.040543928131997274), 'longitudinal_mode': 'accelerate'} at time 0.1
2025-03-18 09:24:31,965 | INFO     | helper_functions.py:50 | Starting data update for rear_left:{'x_friction': np.float64(343.79469672603364), 'y_friction': np.float64(-0.0)} at time 0.1
2025-03-18 09:24:31,965 | INFO     | helper_functions.py:50 | Starting data update for front_right:{'x_friction': 0, 'y_friction': 0, 'rolling_resistance': -100} at time 0.1
2025-03-18 09:24:31,965 | INFO     | helper_functions.py:50 | Starting data update for front_left:{'x_friction': 0, 'y_friction': 0, 'rolling_resistance': -100} at time 0.1
2025-03-18 09:24:31,965 | INFO     | helper_functions.py:50 | Starting data update for rear_right:{'x_friction': np.float64(343.79469672603364), 'y_friction': np.float64(-0.0), 'rolling_resistance': -100} at time 0.1
2025-03-18 09:24:31,965 | INFO     | helper_functions.py:50 | Starting data update for rear_left:{'x_friction': np.float64(343.79469672603364), 'y_friction': np.float64(-0.0), 'rolling_resistance': -100} at time 0.1
2025-03-18 09:24:31,965 | INFO     | helper_functions.py:50 | Starting data update for cnt_grav:{'inertial_z': 0, 'inertial_x': 0, 'inertial_y': 0} at time 0.1
2025-03-18 09:24:39,200 | INFO     | car.py:166 | Calculating resultants at time : 0.1
2025-03-18 09:24:39,201 | DEBUG    | car.py:387 | Returning total forces in x direction. Forces are : ['x_friction', 'rolling_resistance']. Sum was -100.0
2025-03-18 09:24:39,202 | DEBUG    | car.py:387 | Returning total forces in y direction. Forces are : ['y_friction']. Sum was 0.0
2025-03-18 09:24:39,202 | DEBUG    | car.py:387 | Returning total forces in z direction. Forces are : ['vertical_load']. Sum was 502.6263992123358
2025-03-18 09:24:39,202 | DEBUG    | car.py:387 | Returning total forces in x direction. Forces are : ['x_friction', 'rolling_resistance']. Sum was -100.0
2025-03-18 09:24:39,202 | DEBUG    | car.py:387 | Returning total forces in y direction. Forces are : ['y_friction']. Sum was 0.0
2025-03-18 09:24:39,202 | DEBUG    | car.py:387 | Returning total forces in z direction. Forces are : ['vertical_load']. Sum was 502.6263992123358
2025-03-18 09:24:39,202 | DEBUG    | car.py:387 | Returning total forces in x direction. Forces are : ['x_friction', 'rolling_resistance']. Sum was 243.79469672603364
2025-03-18 09:24:39,202 | DEBUG    | car.py:387 | Returning total forces in y direction. Forces are : ['y_friction']. Sum was 0.0
2025-03-18 09:24:39,202 | DEBUG    | car.py:387 | Returning total forces in z direction. Forces are : ['vertical_load']. Sum was 723.6236007876641
2025-03-18 09:24:39,202 | DEBUG    | car.py:387 | Returning total forces in x direction. Forces are : ['x_friction', 'rolling_resistance']. Sum was 243.79469672603364
2025-03-18 09:24:39,202 | DEBUG    | car.py:387 | Returning total forces in y direction. Forces are : ['y_friction']. Sum was 0.0
2025-03-18 09:24:39,202 | DEBUG    | car.py:387 | Returning total forces in z direction. Forces are : ['vertical_load']. Sum was 723.6236007876641
2025-03-18 09:24:39,202 | DEBUG    | car.py:387 | Returning total forces in x direction. Forces are : ['inertial_x']. Sum was 0
2025-03-18 09:24:39,203 | DEBUG    | car.py:387 | Returning total forces in y direction. Forces are : ['inertial_y']. Sum was 0
2025-03-18 09:24:39,203 | DEBUG    | car.py:387 | Returning total forces in z direction. Forces are : ['inertial_z']. Sum was 0
2025-03-18 09:24:39,203 | INFO     | car.py:283 | Timestep 0.1 had resultant forces of [np.float64(287.58939345206727), np.float64(0.0), np.float64(2452.5)] And resultant torques of [np.float64(1532.0052647991995), np.float64(1788.4525234694925), np.float64(304.8)]
2025-03-18 09:24:39,203 | INFO     | helper_functions.py:50 | Starting data update for vehicle_dataframe:{'acceleration': (np.float64(1.150357573808269), np.float64(0.0), np.float64(9.81))} at time 0.1
2025-03-18 09:24:39,203 | INFO     | helper_functions.py:50 | Starting data update for vehicle_dataframe:{'velocity': (np.float64(0.09806180682241072), np.float64(0.0), 0), 'position': (np.float64(0.00938183191828067), np.float64(0.0), 0)} at time 0.15000000000000002
2025-03-18 09:24:39,204 | DEBUG    | car.py:179 | After forces are applied; Position = (np.float64(0.00938183191828067), np.float64(0.0), 0) -- Velocity = (np.float64(0.09806180682241072), np.float64(0.0), 0) --
2025-03-18 09:32:17,135 | INFO     | magic_formula_tire.py:15 | Starting Car.py Script
2025-03-18 09:32:17,136 | INFO     | car.py:14 | Starting Car.py Script
2025-03-18 09:32:17,138 | INFO     | helper_functions.py:50 | Starting data update for vehicle_dataframe:{'velocity': (0, 0, 0), 'position': (0, 0, 0)} at time 0.05
2025-03-18 09:32:17,658 | INFO     | magic_formula_tire.py:461 | Generated force to slip lookup table.
2025-03-18 09:32:17,658 | DEBUG    | car.py:420 | Forces and Moments:
2025-03-18 09:32:17,658 | DEBUG    | car.py:424 | Slip Ratio and Angle:
2025-03-18 09:32:18,176 | INFO     | magic_formula_tire.py:461 | Generated force to slip lookup table.
2025-03-18 09:32:18,176 | DEBUG    | car.py:420 | Forces and Moments:
2025-03-18 09:32:18,176 | DEBUG    | car.py:424 | Slip Ratio and Angle:
2025-03-18 09:32:18,693 | INFO     | magic_formula_tire.py:461 | Generated force to slip lookup table.
2025-03-18 09:32:18,693 | DEBUG    | car.py:420 | Forces and Moments:
2025-03-18 09:32:18,693 | DEBUG    | car.py:424 | Slip Ratio and Angle:
2025-03-18 09:32:19,208 | INFO     | magic_formula_tire.py:461 | Generated force to slip lookup table.
2025-03-18 09:32:19,209 | DEBUG    | car.py:420 | Forces and Moments:
2025-03-18 09:32:19,209 | DEBUG    | car.py:424 | Slip Ratio and Angle:
2025-03-18 09:32:19,210 | DEBUG    | car.py:393 | Returning total forces in x direction. Forces are : ['x_friction', 'rolling_resistance']. Sum was 0
2025-03-18 09:32:19,210 | DEBUG    | car.py:393 | Returning total forces in x direction. Forces are : ['x_friction', 'rolling_resistance']. Sum was 0
2025-03-18 09:32:19,210 | DEBUG    | car.py:393 | Returning total forces in x direction. Forces are : ['x_friction', 'rolling_resistance']. Sum was 0
2025-03-18 09:32:19,210 | DEBUG    | car.py:393 | Returning total forces in x direction. Forces are : ['x_friction', 'rolling_resistance']. Sum was 0
2025-03-18 09:32:19,210 | DEBUG    | car.py:393 | Returning total forces in y direction. Forces are : ['y_friction']. Sum was 0
2025-03-18 09:32:19,210 | DEBUG    | car.py:393 | Returning total forces in y direction. Forces are : ['y_friction']. Sum was 0
2025-03-18 09:32:19,210 | DEBUG    | car.py:393 | Returning total forces in y direction. Forces are : ['y_friction']. Sum was 0
2025-03-18 09:32:19,210 | DEBUG    | car.py:393 | Returning total forces in y direction. Forces are : ['y_friction']. Sum was 0
2025-03-18 09:32:19,211 | INFO     | helper_functions.py:50 | Starting data update for front_right:{'vertical_load': np.float64(613.125)} at time 0.05
2025-03-18 09:32:19,212 | INFO     | helper_functions.py:50 | Starting data update for front_left:{'vertical_load': np.float64(613.125)} at time 0.05
2025-03-18 09:32:19,213 | INFO     | helper_functions.py:50 | Starting data update for rear_right:{'vertical_load': np.float64(613.125)} at time 0.05
2025-03-18 09:32:19,214 | INFO     | helper_functions.py:50 | Starting data update for rear_left:{'vertical_load': np.float64(613.125)} at time 0.05
2025-03-18 09:32:19,214 | INFO     | helper_functions.py:50 | Starting data update for front_right:{'x_friction': 0, 'y_friction': 0, 'rolling_resistance': 0} at time 0.05
2025-03-18 09:32:19,215 | INFO     | helper_functions.py:50 | Starting data update for front_left:{'x_friction': 0, 'y_friction': 0, 'rolling_resistance': 0} at time 0.05
2025-03-18 09:32:19,215 | INFO     | helper_functions.py:50 | Starting data update for rear_right:{'x_friction': 0, 'y_friction': 0, 'rolling_resistance': 0} at time 0.05
2025-03-18 09:32:19,215 | INFO     | helper_functions.py:50 | Starting data update for rear_left:{'x_friction': 0, 'y_friction': 0, 'rolling_resistance': 0} at time 0.05
2025-03-18 09:32:19,215 | INFO     | helper_functions.py:50 | Starting data update for cnt_grav:{'inertial_z': 0, 'inertial_x': 0, 'inertial_y': 0} at time 0.05
2025-03-18 09:32:19,216 | DEBUG    | car.py:393 | Returning total forces in x direction. Forces are : ['x_friction', 'rolling_resistance']. Sum was 0.0
2025-03-18 09:32:19,216 | DEBUG    | car.py:393 | Returning total forces in y direction. Forces are : ['y_friction']. Sum was 0.0
2025-03-18 09:32:19,216 | DEBUG    | car.py:393 | Returning total forces in z direction. Forces are : ['vertical_load']. Sum was 613.125
2025-03-18 09:32:19,216 | DEBUG    | car.py:393 | Returning total forces in x direction. Forces are : ['x_friction', 'rolling_resistance']. Sum was 0.0
2025-03-18 09:32:19,216 | DEBUG    | car.py:393 | Returning total forces in y direction. Forces are : ['y_friction']. Sum was 0.0
2025-03-18 09:32:19,216 | DEBUG    | car.py:393 | Returning total forces in z direction. Forces are : ['vertical_load']. Sum was 613.125
2025-03-18 09:32:19,216 | DEBUG    | car.py:393 | Returning total forces in x direction. Forces are : ['x_friction', 'rolling_resistance']. Sum was 0.0
2025-03-18 09:32:19,216 | DEBUG    | car.py:393 | Returning total forces in y direction. Forces are : ['y_friction']. Sum was 0.0
2025-03-18 09:32:19,216 | DEBUG    | car.py:393 | Returning total forces in z direction. Forces are : ['vertical_load']. Sum was 613.125
2025-03-18 09:32:19,217 | DEBUG    | car.py:393 | Returning total forces in x direction. Forces are : ['x_friction', 'rolling_resistance']. Sum was 0.0
2025-03-18 09:32:19,217 | DEBUG    | car.py:393 | Returning total forces in y direction. Forces are : ['y_friction']. Sum was 0.0
2025-03-18 09:32:19,217 | DEBUG    | car.py:393 | Returning total forces in z direction. Forces are : ['vertical_load']. Sum was 613.125
2025-03-18 09:32:19,217 | DEBUG    | car.py:393 | Returning total forces in x direction. Forces are : ['inertial_x']. Sum was 0
2025-03-18 09:32:19,217 | DEBUG    | car.py:393 | Returning total forces in y direction. Forces are : ['inertial_y']. Sum was 0
2025-03-18 09:32:19,217 | DEBUG    | car.py:393 | Returning total forces in z direction. Forces are : ['inertial_z']. Sum was 0
2025-03-18 09:32:19,217 | INFO     | car.py:283 | Timestep 0.05 had resultant forces of [np.float64(0.0), np.float64(0.0), np.float64(2452.5)] And resultant torques of [np.float64(1868.805), np.float64(1868.8049999999998), np.float64(0.0)]
2025-03-18 09:32:19,217 | INFO     | helper_functions.py:50 | Starting data update for vehicle_dataframe:{'acceleration': (np.float64(0.0), np.float64(0.0), np.float64(9.81))} at time 0.05
2025-03-18 09:32:19,217 | INFO     | helper_functions.py:50 | Starting data update for vehicle_dataframe:{'velocity': (np.float64(0.0), np.float64(0.0), 0), 'position': (np.float64(0.0), np.float64(0.0), 0)} at time 0.1
2025-03-18 09:32:19,218 | DEBUG    | car.py:105 | After forces are applied; Position = (np.float64(0.0), np.float64(0.0), 0) -- Velocity = (np.float64(0.0), np.float64(0.0), 0) --
2025-03-18 09:32:19,218 | DEBUG    | helper_functions.py:144 | All objects to combine were TimeSeries
2025-03-18 09:32:19,221 | INFO     | acceleration_tester.py:12 | Starting Acceleration.py Script
2025-03-18 09:32:19,221 | DEBUG    | car.py:393 | Returning total forces in x direction. Forces are : ['x_friction', 'rolling_resistance']. Sum was 0.0
2025-03-18 09:32:19,221 | DEBUG    | car.py:393 | Returning total forces in x direction. Forces are : ['x_friction', 'rolling_resistance']. Sum was 0.0
2025-03-18 09:32:19,221 | DEBUG    | car.py:393 | Returning total forces in x direction. Forces are : ['x_friction', 'rolling_resistance']. Sum was 0.0
2025-03-18 09:32:19,221 | DEBUG    | car.py:393 | Returning total forces in x direction. Forces are : ['x_friction', 'rolling_resistance']. Sum was 0.0
2025-03-18 09:32:19,221 | DEBUG    | car.py:393 | Returning total forces in y direction. Forces are : ['y_friction']. Sum was 0.0
2025-03-18 09:32:19,221 | DEBUG    | car.py:393 | Returning total forces in y direction. Forces are : ['y_friction']. Sum was 0.0
2025-03-18 09:32:19,221 | DEBUG    | car.py:393 | Returning total forces in y direction. Forces are : ['y_friction']. Sum was 0.0
2025-03-18 09:32:19,221 | DEBUG    | car.py:393 | Returning total forces in y direction. Forces are : ['y_friction']. Sum was 0.0
2025-03-18 09:32:19,221 | INFO     | helper_functions.py:50 | Starting data update for front_right:{'vertical_load': np.float64(613.125)} at time 0.05
2025-03-18 09:32:19,221 | INFO     | helper_functions.py:50 | Starting data update for front_left:{'vertical_load': np.float64(613.125)} at time 0.05
2025-03-18 09:32:19,222 | INFO     | helper_functions.py:50 | Starting data update for rear_right:{'vertical_load': np.float64(613.125)} at time 0.05
2025-03-18 09:32:19,222 | INFO     | helper_functions.py:50 | Starting data update for rear_left:{'vertical_load': np.float64(613.125)} at time 0.05
2025-03-18 09:32:19,222 | WARNING  | helper_functions.py:94 | Error: Time index '0.05' or column 'Fx' not found.
2025-03-18 09:32:19,222 | INFO     | helper_functions.py:50 | Starting data update for rear_right:{'Fx': np.float64(301.35982032999317), 'Fy': np.float64(-0.0), 'Fz': np.float64(613.125), 'Mz': np.float64(0.0), 'max_Fx': np.float64(500.8346537514665), 'desired_Fx': np.float64(500.8346537514665), 'desired_Fy': 0.0, 'slip_ratio': 2.8780625292603683, 'slip_angle': 0.0, 'angular_velocity': np.float64(nan), 'Vx': np.float64(0.0)} at time 0.05
2025-03-18 09:32:19,224 | INFO     | helper_functions.py:50 | Starting data update for rear_right:{'Fx': np.float64(301.35982032999317), 'Fy': np.float64(-0.0), 'Fz': np.float64(613.125), 'Mz': np.float64(0.0), 'max_Fx': np.float64(500.8346537514665), 'desired_Fx': np.float64(500.8346537514665), 'desired_Fy': 0, 'slip_ratio': 2.8780625292603683, 'slip_angle': 0.0, 'angular_velocity': np.float64(nan), 'Vx': np.float64(0.0), 'longitudinal_mode': 'accelerate'} at time 0.05
2025-03-18 09:32:19,224 | INFO     | helper_functions.py:50 | Starting data update for rear_right:{'x_friction': np.float64(301.35982032999317), 'y_friction': np.float64(-0.0)} at time 0.05
2025-03-18 09:32:19,224 | WARNING  | helper_functions.py:94 | Error: Time index '0.05' or column 'Fx' not found.
2025-03-18 09:32:19,225 | INFO     | helper_functions.py:50 | Starting data update for rear_left:{'Fx': np.float64(301.35982032999317), 'Fy': np.float64(-0.0), 'Fz': np.float64(613.125), 'Mz': np.float64(0.0), 'max_Fx': np.float64(500.8346537514665), 'desired_Fx': np.float64(500.8346537514665), 'desired_Fy': 0.0, 'slip_ratio': 2.8780625292603683, 'slip_angle': 0.0, 'angular_velocity': np.float64(nan), 'Vx': np.float64(0.0)} at time 0.05
2025-03-18 09:32:19,226 | INFO     | helper_functions.py:50 | Starting data update for rear_left:{'Fx': np.float64(301.35982032999317), 'Fy': np.float64(-0.0), 'Fz': np.float64(613.125), 'Mz': np.float64(0.0), 'max_Fx': np.float64(500.8346537514665), 'desired_Fx': np.float64(500.8346537514665), 'desired_Fy': 0, 'slip_ratio': 2.8780625292603683, 'slip_angle': 0.0, 'angular_velocity': np.float64(nan), 'Vx': np.float64(0.0), 'longitudinal_mode': 'accelerate'} at time 0.05
2025-03-18 09:32:19,226 | INFO     | helper_functions.py:50 | Starting data update for rear_left:{'x_friction': np.float64(301.35982032999317), 'y_friction': np.float64(-0.0)} at time 0.05
2025-03-18 09:32:19,226 | INFO     | helper_functions.py:50 | Starting data update for front_right:{'x_friction': 0, 'y_friction': 0, 'rolling_resistance': -100} at time 0.05
2025-03-18 09:32:19,226 | INFO     | helper_functions.py:50 | Starting data update for front_left:{'x_friction': 0, 'y_friction': 0, 'rolling_resistance': -100} at time 0.05
2025-03-18 09:32:19,226 | INFO     | helper_functions.py:50 | Starting data update for rear_right:{'x_friction': np.float64(301.35982032999317), 'y_friction': np.float64(-0.0), 'rolling_resistance': -100} at time 0.05
2025-03-18 09:32:19,226 | INFO     | helper_functions.py:50 | Starting data update for rear_left:{'x_friction': np.float64(301.35982032999317), 'y_friction': np.float64(-0.0), 'rolling_resistance': -100} at time 0.05
2025-03-18 09:32:19,227 | INFO     | helper_functions.py:50 | Starting data update for cnt_grav:{'inertial_z': 0, 'inertial_x': 0, 'inertial_y': 0} at time 0.05
2025-03-18 09:32:20,299 | INFO     | car.py:166 | Calculating resultants at time : 0.05
2025-03-18 09:32:20,301 | DEBUG    | car.py:393 | Returning total forces in x direction. Forces are : ['x_friction', 'rolling_resistance']. Sum was -100.0
2025-03-18 09:32:20,301 | DEBUG    | car.py:393 | Returning total forces in y direction. Forces are : ['y_friction']. Sum was 0.0
2025-03-18 09:32:20,302 | DEBUG    | car.py:393 | Returning total forces in z direction. Forces are : ['vertical_load']. Sum was 613.125
2025-03-18 09:32:20,302 | DEBUG    | car.py:393 | Returning total forces in x direction. Forces are : ['x_friction', 'rolling_resistance']. Sum was -100.0
2025-03-18 09:32:20,302 | DEBUG    | car.py:393 | Returning total forces in y direction. Forces are : ['y_friction']. Sum was 0.0
2025-03-18 09:32:20,302 | DEBUG    | car.py:393 | Returning total forces in z direction. Forces are : ['vertical_load']. Sum was 613.125
2025-03-18 09:32:20,302 | DEBUG    | car.py:393 | Returning total forces in x direction. Forces are : ['x_friction', 'rolling_resistance']. Sum was 201.35982032999317
2025-03-18 09:32:20,302 | DEBUG    | car.py:393 | Returning total forces in y direction. Forces are : ['y_friction']. Sum was 0.0
2025-03-18 09:32:20,302 | DEBUG    | car.py:393 | Returning total forces in z direction. Forces are : ['vertical_load']. Sum was 613.125
2025-03-18 09:32:20,302 | DEBUG    | car.py:393 | Returning total forces in x direction. Forces are : ['x_friction', 'rolling_resistance']. Sum was 201.35982032999317
2025-03-18 09:32:20,302 | DEBUG    | car.py:393 | Returning total forces in y direction. Forces are : ['y_friction']. Sum was 0.0
2025-03-18 09:32:20,302 | DEBUG    | car.py:393 | Returning total forces in z direction. Forces are : ['vertical_load']. Sum was 613.125
2025-03-18 09:32:20,302 | DEBUG    | car.py:393 | Returning total forces in x direction. Forces are : ['inertial_x']. Sum was 0
2025-03-18 09:32:20,302 | DEBUG    | car.py:393 | Returning total forces in y direction. Forces are : ['inertial_y']. Sum was 0
2025-03-18 09:32:20,302 | DEBUG    | car.py:393 | Returning total forces in z direction. Forces are : ['inertial_z']. Sum was 0
2025-03-18 09:32:20,303 | INFO     | car.py:283 | Timestep 0.05 had resultant forces of [np.float64(202.71964065998634), np.float64(0.0), np.float64(2452.5)] And resultant torques of [np.float64(1868.805), np.float64(1812.1651323995998), np.float64(304.8)]
2025-03-18 09:32:20,303 | INFO     | helper_functions.py:50 | Starting data update for vehicle_dataframe:{'acceleration': (np.float64(0.8108785626399454), np.float64(0.0), np.float64(9.81))} at time 0.05
2025-03-18 09:32:20,303 | INFO     | helper_functions.py:50 | Starting data update for vehicle_dataframe:{'velocity': (np.float64(0.040543928131997274), np.float64(0.0), 0), 'position': (np.float64(0.003040794609899796), np.float64(0.0), 0)} at time 0.1
2025-03-18 09:32:20,303 | DEBUG    | car.py:179 | After forces are applied; Position = (np.float64(0.003040794609899796), np.float64(0.0), 0) -- Velocity = (np.float64(0.040543928131997274), np.float64(0.0), 0) --
2025-03-18 09:32:21,165 | DEBUG    | car.py:393 | Returning total forces in x direction. Forces are : ['x_friction', 'rolling_resistance']. Sum was 201.35982032999317
2025-03-18 09:32:21,166 | DEBUG    | car.py:393 | Returning total forces in x direction. Forces are : ['x_friction', 'rolling_resistance']. Sum was 201.35982032999317
2025-03-18 09:32:21,166 | DEBUG    | car.py:393 | Returning total forces in x direction. Forces are : ['x_friction', 'rolling_resistance']. Sum was -100.0
2025-03-18 09:32:21,166 | DEBUG    | car.py:393 | Returning total forces in x direction. Forces are : ['x_friction', 'rolling_resistance']. Sum was -100.0
2025-03-18 09:32:21,166 | DEBUG    | car.py:393 | Returning total forces in y direction. Forces are : ['y_friction']. Sum was 0.0
2025-03-18 09:32:21,166 | DEBUG    | car.py:393 | Returning total forces in y direction. Forces are : ['y_friction']. Sum was 0.0
2025-03-18 09:32:21,166 | DEBUG    | car.py:393 | Returning total forces in y direction. Forces are : ['y_friction']. Sum was 0.0
2025-03-18 09:32:21,166 | DEBUG    | car.py:393 | Returning total forces in y direction. Forces are : ['y_friction']. Sum was 0.0
2025-03-18 09:32:21,166 | INFO     | helper_functions.py:50 | Starting data update for front_right:{'vertical_load': np.float64(502.6263992123358)} at time 0.1
2025-03-18 09:32:21,167 | INFO     | helper_functions.py:50 | Starting data update for front_left:{'vertical_load': np.float64(502.6263992123358)} at time 0.1
2025-03-18 09:32:21,168 | INFO     | helper_functions.py:50 | Starting data update for rear_right:{'vertical_load': np.float64(723.6236007876641)} at time 0.1
2025-03-18 09:32:21,169 | INFO     | helper_functions.py:50 | Starting data update for rear_left:{'vertical_load': np.float64(723.6236007876641)} at time 0.1
2025-03-18 09:32:21,170 | WARNING  | helper_functions.py:94 | Error: Time index '0.1' or column 'Fx' not found.
2025-03-18 09:32:21,170 | INFO     | helper_functions.py:50 | Starting data update for rear_right:{'Fx': np.float64(343.79469672603364), 'Fy': np.float64(-0.0), 'Fz': np.float64(723.6236007876641), 'Mz': np.float64(0.0), 'max_Fx': np.float64(581.4396313403475), 'desired_Fx': np.float64(581.4396313403475), 'desired_Fy': np.float64(0.0), 'slip_ratio': 3.4632022172017787, 'slip_angle': 0.0, 'angular_velocity': np.float64(nan), 'Vx': np.float64(0.040543928131997274)} at time 0.1
2025-03-18 09:32:21,171 | INFO     | helper_functions.py:50 | Starting data update for rear_right:{'Fx': np.float64(343.79469672603364), 'Fy': np.float64(-0.0), 'Fz': np.float64(723.6236007876641), 'Mz': np.float64(0.0), 'max_Fx': np.float64(581.4396313403475), 'desired_Fx': np.float64(581.4396313403475), 'desired_Fy': 0, 'slip_ratio': 3.4632022172017787, 'slip_angle': 0.0, 'angular_velocity': np.float64(nan), 'Vx': np.float64(0.040543928131997274), 'longitudinal_mode': 'accelerate'} at time 0.1
2025-03-18 09:32:21,172 | INFO     | helper_functions.py:50 | Starting data update for rear_right:{'x_friction': np.float64(343.79469672603364), 'y_friction': np.float64(-0.0)} at time 0.1
2025-03-18 09:32:21,172 | WARNING  | helper_functions.py:94 | Error: Time index '0.1' or column 'Fx' not found.
2025-03-18 09:32:21,173 | INFO     | helper_functions.py:50 | Starting data update for rear_left:{'Fx': np.float64(343.79469672603364), 'Fy': np.float64(-0.0), 'Fz': np.float64(723.6236007876641), 'Mz': np.float64(0.0), 'max_Fx': np.float64(581.4396313403475), 'desired_Fx': np.float64(581.4396313403475), 'desired_Fy': np.float64(0.0), 'slip_ratio': 3.4632022172017787, 'slip_angle': 0.0, 'angular_velocity': np.float64(nan), 'Vx': np.float64(0.040543928131997274)} at time 0.1
2025-03-18 09:32:21,174 | INFO     | helper_functions.py:50 | Starting data update for rear_left:{'Fx': np.float64(343.79469672603364), 'Fy': np.float64(-0.0), 'Fz': np.float64(723.6236007876641), 'Mz': np.float64(0.0), 'max_Fx': np.float64(581.4396313403475), 'desired_Fx': np.float64(581.4396313403475), 'desired_Fy': 0, 'slip_ratio': 3.4632022172017787, 'slip_angle': 0.0, 'angular_velocity': np.float64(nan), 'Vx': np.float64(0.040543928131997274), 'longitudinal_mode': 'accelerate'} at time 0.1
2025-03-18 09:32:21,175 | INFO     | helper_functions.py:50 | Starting data update for rear_left:{'x_friction': np.float64(343.79469672603364), 'y_friction': np.float64(-0.0)} at time 0.1
2025-03-18 09:32:21,175 | INFO     | helper_functions.py:50 | Starting data update for front_right:{'x_friction': 0, 'y_friction': 0, 'rolling_resistance': -100} at time 0.1
2025-03-18 09:32:21,175 | INFO     | helper_functions.py:50 | Starting data update for front_left:{'x_friction': 0, 'y_friction': 0, 'rolling_resistance': -100} at time 0.1
2025-03-18 09:32:21,175 | INFO     | helper_functions.py:50 | Starting data update for rear_right:{'x_friction': np.float64(343.79469672603364), 'y_friction': np.float64(-0.0), 'rolling_resistance': -100} at time 0.1
2025-03-18 09:32:21,175 | INFO     | helper_functions.py:50 | Starting data update for rear_left:{'x_friction': np.float64(343.79469672603364), 'y_friction': np.float64(-0.0), 'rolling_resistance': -100} at time 0.1
2025-03-18 09:32:21,175 | INFO     | helper_functions.py:50 | Starting data update for cnt_grav:{'inertial_z': 0, 'inertial_x': 0, 'inertial_y': 0} at time 0.1
2025-03-18 09:32:22,118 | INFO     | car.py:166 | Calculating resultants at time : 0.1
2025-03-18 09:32:22,119 | DEBUG    | car.py:393 | Returning total forces in x direction. Forces are : ['x_friction', 'rolling_resistance']. Sum was -100.0
2025-03-18 09:32:22,119 | DEBUG    | car.py:393 | Returning total forces in y direction. Forces are : ['y_friction']. Sum was 0.0
2025-03-18 09:32:22,120 | DEBUG    | car.py:393 | Returning total forces in z direction. Forces are : ['vertical_load']. Sum was 502.6263992123358
2025-03-18 09:32:22,120 | DEBUG    | car.py:393 | Returning total forces in x direction. Forces are : ['x_friction', 'rolling_resistance']. Sum was -100.0
2025-03-18 09:32:22,120 | DEBUG    | car.py:393 | Returning total forces in y direction. Forces are : ['y_friction']. Sum was 0.0
2025-03-18 09:32:22,120 | DEBUG    | car.py:393 | Returning total forces in z direction. Forces are : ['vertical_load']. Sum was 502.6263992123358
2025-03-18 09:32:22,120 | DEBUG    | car.py:393 | Returning total forces in x direction. Forces are : ['x_friction', 'rolling_resistance']. Sum was 243.79469672603364
2025-03-18 09:32:22,120 | DEBUG    | car.py:393 | Returning total forces in y direction. Forces are : ['y_friction']. Sum was 0.0
2025-03-18 09:32:22,120 | DEBUG    | car.py:393 | Returning total forces in z direction. Forces are : ['vertical_load']. Sum was 723.6236007876641
2025-03-18 09:32:22,120 | DEBUG    | car.py:393 | Returning total forces in x direction. Forces are : ['x_friction', 'rolling_resistance']. Sum was 243.79469672603364
2025-03-18 09:32:22,120 | DEBUG    | car.py:393 | Returning total forces in y direction. Forces are : ['y_friction']. Sum was 0.0
2025-03-18 09:32:22,120 | DEBUG    | car.py:393 | Returning total forces in z direction. Forces are : ['vertical_load']. Sum was 723.6236007876641
2025-03-18 09:32:22,120 | DEBUG    | car.py:393 | Returning total forces in x direction. Forces are : ['inertial_x']. Sum was 0
2025-03-18 09:32:22,120 | DEBUG    | car.py:393 | Returning total forces in y direction. Forces are : ['inertial_y']. Sum was 0
2025-03-18 09:32:22,120 | DEBUG    | car.py:393 | Returning total forces in z direction. Forces are : ['inertial_z']. Sum was 0
2025-03-18 09:32:22,121 | INFO     | car.py:283 | Timestep 0.1 had resultant forces of [np.float64(287.58939345206727), np.float64(0.0), np.float64(2452.5)] And resultant torques of [np.float64(1532.0052647991995), np.float64(1788.4525234694925), np.float64(304.8)]
2025-03-18 09:32:22,121 | INFO     | helper_functions.py:50 | Starting data update for vehicle_dataframe:{'acceleration': (np.float64(1.150357573808269), np.float64(0.0), np.float64(9.81))} at time 0.1
2025-03-18 09:32:22,121 | INFO     | helper_functions.py:50 | Starting data update for vehicle_dataframe:{'velocity': (np.float64(0.09806180682241072), np.float64(0.0), 0), 'position': (np.float64(0.00938183191828067), np.float64(0.0), 0)} at time 0.15000000000000002
2025-03-18 09:32:22,122 | DEBUG    | car.py:179 | After forces are applied; Position = (np.float64(0.00938183191828067), np.float64(0.0), 0) -- Velocity = (np.float64(0.09806180682241072), np.float64(0.0), 0) --
2025-03-18 09:34:17,132 | INFO     | magic_formula_tire.py:15 | Starting Car.py Script
2025-03-18 09:34:17,133 | INFO     | car.py:14 | Starting Car.py Script
2025-03-18 09:34:17,135 | INFO     | helper_functions.py:50 | Starting data update for vehicle_dataframe:{'velocity': (0, 0, 0), 'position': (0, 0, 0)} at time 0.05
2025-03-18 09:34:17,646 | INFO     | magic_formula_tire.py:461 | Generated force to slip lookup table.
2025-03-18 09:34:17,647 | DEBUG    | car.py:416 | Forces and Moments:
2025-03-18 09:34:17,647 | DEBUG    | car.py:420 | Slip Ratio and Angle:
2025-03-18 09:34:18,153 | INFO     | magic_formula_tire.py:461 | Generated force to slip lookup table.
2025-03-18 09:34:18,154 | DEBUG    | car.py:416 | Forces and Moments:
2025-03-18 09:34:18,154 | DEBUG    | car.py:420 | Slip Ratio and Angle:
2025-03-18 09:34:18,661 | INFO     | magic_formula_tire.py:461 | Generated force to slip lookup table.
2025-03-18 09:34:18,662 | DEBUG    | car.py:416 | Forces and Moments:
2025-03-18 09:34:18,662 | DEBUG    | car.py:420 | Slip Ratio and Angle:
2025-03-18 09:34:19,170 | INFO     | magic_formula_tire.py:461 | Generated force to slip lookup table.
2025-03-18 09:34:19,171 | DEBUG    | car.py:416 | Forces and Moments:
2025-03-18 09:34:19,171 | DEBUG    | car.py:420 | Slip Ratio and Angle:
2025-03-18 09:34:19,172 | DEBUG    | car.py:389 | Returning total forces in x direction. Forces are : ['x_friction', 'rolling_resistance']. Sum was 0
2025-03-18 09:34:19,172 | DEBUG    | car.py:389 | Returning total forces in x direction. Forces are : ['x_friction', 'rolling_resistance']. Sum was 0
2025-03-18 09:34:19,172 | DEBUG    | car.py:389 | Returning total forces in x direction. Forces are : ['x_friction', 'rolling_resistance']. Sum was 0
2025-03-18 09:34:19,172 | DEBUG    | car.py:389 | Returning total forces in x direction. Forces are : ['x_friction', 'rolling_resistance']. Sum was 0
2025-03-18 09:34:19,172 | DEBUG    | car.py:389 | Returning total forces in y direction. Forces are : ['y_friction']. Sum was 0
2025-03-18 09:34:19,172 | DEBUG    | car.py:389 | Returning total forces in y direction. Forces are : ['y_friction']. Sum was 0
2025-03-18 09:34:19,172 | DEBUG    | car.py:389 | Returning total forces in y direction. Forces are : ['y_friction']. Sum was 0
2025-03-18 09:34:19,172 | DEBUG    | car.py:389 | Returning total forces in y direction. Forces are : ['y_friction']. Sum was 0
2025-03-18 09:34:19,172 | INFO     | helper_functions.py:50 | Starting data update for front_right:{'vertical_load': np.float64(613.125)} at time 0.05
2025-03-18 09:34:19,174 | INFO     | helper_functions.py:50 | Starting data update for front_left:{'vertical_load': np.float64(613.125)} at time 0.05
2025-03-18 09:34:19,174 | INFO     | helper_functions.py:50 | Starting data update for rear_right:{'vertical_load': np.float64(613.125)} at time 0.05
2025-03-18 09:34:19,175 | INFO     | helper_functions.py:50 | Starting data update for rear_left:{'vertical_load': np.float64(613.125)} at time 0.05
2025-03-18 09:34:19,176 | INFO     | helper_functions.py:50 | Starting data update for front_right:{'x_friction': 0, 'y_friction': 0, 'rolling_resistance': 0} at time 0.05
2025-03-18 09:34:19,177 | INFO     | helper_functions.py:50 | Starting data update for front_left:{'x_friction': 0, 'y_friction': 0, 'rolling_resistance': 0} at time 0.05
2025-03-18 09:34:19,177 | INFO     | helper_functions.py:50 | Starting data update for rear_right:{'x_friction': 0, 'y_friction': 0, 'rolling_resistance': 0} at time 0.05
2025-03-18 09:34:19,177 | INFO     | helper_functions.py:50 | Starting data update for rear_left:{'x_friction': 0, 'y_friction': 0, 'rolling_resistance': 0} at time 0.05
2025-03-18 09:34:19,177 | INFO     | helper_functions.py:50 | Starting data update for cnt_grav:{'inertial_z': 0, 'inertial_x': 0, 'inertial_y': 0} at time 0.05
2025-03-18 09:34:19,178 | DEBUG    | car.py:389 | Returning total forces in x direction. Forces are : ['x_friction', 'rolling_resistance']. Sum was 0.0
2025-03-18 09:34:19,178 | DEBUG    | car.py:389 | Returning total forces in y direction. Forces are : ['y_friction']. Sum was 0.0
2025-03-18 09:34:19,178 | DEBUG    | car.py:389 | Returning total forces in z direction. Forces are : ['vertical_load']. Sum was 613.125
2025-03-18 09:34:19,178 | DEBUG    | car.py:389 | Returning total forces in x direction. Forces are : ['x_friction', 'rolling_resistance']. Sum was 0.0
2025-03-18 09:34:19,178 | DEBUG    | car.py:389 | Returning total forces in y direction. Forces are : ['y_friction']. Sum was 0.0
2025-03-18 09:34:19,178 | DEBUG    | car.py:389 | Returning total forces in z direction. Forces are : ['vertical_load']. Sum was 613.125
2025-03-18 09:34:19,178 | DEBUG    | car.py:389 | Returning total forces in x direction. Forces are : ['x_friction', 'rolling_resistance']. Sum was 0.0
2025-03-18 09:34:19,178 | DEBUG    | car.py:389 | Returning total forces in y direction. Forces are : ['y_friction']. Sum was 0.0
2025-03-18 09:34:19,178 | DEBUG    | car.py:389 | Returning total forces in z direction. Forces are : ['vertical_load']. Sum was 613.125
2025-03-18 09:34:19,179 | DEBUG    | car.py:389 | Returning total forces in x direction. Forces are : ['x_friction', 'rolling_resistance']. Sum was 0.0
2025-03-18 09:34:19,179 | DEBUG    | car.py:389 | Returning total forces in y direction. Forces are : ['y_friction']. Sum was 0.0
2025-03-18 09:34:19,179 | DEBUG    | car.py:389 | Returning total forces in z direction. Forces are : ['vertical_load']. Sum was 613.125
2025-03-18 09:34:19,179 | DEBUG    | car.py:389 | Returning total forces in x direction. Forces are : ['inertial_x']. Sum was 0
2025-03-18 09:34:19,179 | DEBUG    | car.py:389 | Returning total forces in y direction. Forces are : ['inertial_y']. Sum was 0
2025-03-18 09:34:19,179 | DEBUG    | car.py:389 | Returning total forces in z direction. Forces are : ['inertial_z']. Sum was 0
2025-03-18 09:34:19,179 | INFO     | car.py:283 | Timestep 0.05 had resultant forces of [np.float64(0.0), np.float64(0.0), np.float64(2452.5)] And resultant torques of [np.float64(1868.805), np.float64(1868.8049999999998), np.float64(0.0)]
2025-03-18 09:34:19,179 | INFO     | helper_functions.py:50 | Starting data update for vehicle_dataframe:{'acceleration': (np.float64(0.0), np.float64(0.0), np.float64(9.81))} at time 0.05
2025-03-18 09:34:19,179 | INFO     | helper_functions.py:50 | Starting data update for vehicle_dataframe:{'velocity': (np.float64(0.0), np.float64(0.0), 0), 'position': (np.float64(0.0), np.float64(0.0), 0)} at time 0.1
2025-03-18 09:34:19,180 | DEBUG    | car.py:105 | After forces are applied; Position = (np.float64(0.0), np.float64(0.0), 0) -- Velocity = (np.float64(0.0), np.float64(0.0), 0) --
2025-03-18 09:34:19,180 | DEBUG    | helper_functions.py:144 | All objects to combine were TimeSeries
2025-03-18 09:34:19,182 | INFO     | acceleration_tester.py:12 | Starting Acceleration.py Script
2025-03-18 09:34:19,183 | DEBUG    | car.py:389 | Returning total forces in x direction. Forces are : ['x_friction', 'rolling_resistance']. Sum was 0.0
2025-03-18 09:34:19,183 | DEBUG    | car.py:389 | Returning total forces in x direction. Forces are : ['x_friction', 'rolling_resistance']. Sum was 0.0
2025-03-18 09:34:19,183 | DEBUG    | car.py:389 | Returning total forces in x direction. Forces are : ['x_friction', 'rolling_resistance']. Sum was 0.0
2025-03-18 09:34:19,183 | DEBUG    | car.py:389 | Returning total forces in x direction. Forces are : ['x_friction', 'rolling_resistance']. Sum was 0.0
2025-03-18 09:34:19,183 | DEBUG    | car.py:389 | Returning total forces in y direction. Forces are : ['y_friction']. Sum was 0.0
2025-03-18 09:34:19,183 | DEBUG    | car.py:389 | Returning total forces in y direction. Forces are : ['y_friction']. Sum was 0.0
2025-03-18 09:34:19,183 | DEBUG    | car.py:389 | Returning total forces in y direction. Forces are : ['y_friction']. Sum was 0.0
2025-03-18 09:34:19,183 | DEBUG    | car.py:389 | Returning total forces in y direction. Forces are : ['y_friction']. Sum was 0.0
2025-03-18 09:34:19,183 | INFO     | helper_functions.py:50 | Starting data update for front_right:{'vertical_load': np.float64(613.125)} at time 0.05
2025-03-18 09:34:19,183 | INFO     | helper_functions.py:50 | Starting data update for front_left:{'vertical_load': np.float64(613.125)} at time 0.05
2025-03-18 09:34:19,183 | INFO     | helper_functions.py:50 | Starting data update for rear_right:{'vertical_load': np.float64(613.125)} at time 0.05
2025-03-18 09:34:19,184 | INFO     | helper_functions.py:50 | Starting data update for rear_left:{'vertical_load': np.float64(613.125)} at time 0.05
2025-03-18 09:34:19,184 | WARNING  | helper_functions.py:94 | Error: Time index '0.05' or column 'Fx' not found.
2025-03-18 09:34:19,184 | INFO     | helper_functions.py:50 | Starting data update for rear_right:{'Fx': np.float64(301.35982032999317), 'Fy': np.float64(-0.0), 'Fz': np.float64(613.125), 'Mz': np.float64(0.0), 'max_Fx': np.float64(500.8346537514665), 'desired_Fx': np.float64(500.8346537514665), 'desired_Fy': 0.0, 'slip_ratio': 2.8780625292603683, 'slip_angle': 0.0, 'angular_velocity': np.float64(nan), 'Vx': np.float64(0.0)} at time 0.05
2025-03-18 09:34:19,186 | INFO     | helper_functions.py:50 | Starting data update for rear_right:{'Fx': np.float64(301.35982032999317), 'Fy': np.float64(-0.0), 'Fz': np.float64(613.125), 'Mz': np.float64(0.0), 'max_Fx': np.float64(500.8346537514665), 'desired_Fx': np.float64(500.8346537514665), 'desired_Fy': 0, 'slip_ratio': 2.8780625292603683, 'slip_angle': 0.0, 'angular_velocity': np.float64(nan), 'Vx': np.float64(0.0), 'longitudinal_mode': 'accelerate'} at time 0.05
2025-03-18 09:34:19,186 | INFO     | helper_functions.py:50 | Starting data update for rear_right:{'x_friction': np.float64(301.35982032999317), 'y_friction': np.float64(-0.0)} at time 0.05
2025-03-18 09:34:19,187 | WARNING  | helper_functions.py:94 | Error: Time index '0.05' or column 'Fx' not found.
2025-03-18 09:34:19,187 | INFO     | helper_functions.py:50 | Starting data update for rear_left:{'Fx': np.float64(301.35982032999317), 'Fy': np.float64(-0.0), 'Fz': np.float64(613.125), 'Mz': np.float64(0.0), 'max_Fx': np.float64(500.8346537514665), 'desired_Fx': np.float64(500.8346537514665), 'desired_Fy': 0.0, 'slip_ratio': 2.8780625292603683, 'slip_angle': 0.0, 'angular_velocity': np.float64(nan), 'Vx': np.float64(0.0)} at time 0.05
2025-03-18 09:34:19,188 | INFO     | helper_functions.py:50 | Starting data update for rear_left:{'Fx': np.float64(301.35982032999317), 'Fy': np.float64(-0.0), 'Fz': np.float64(613.125), 'Mz': np.float64(0.0), 'max_Fx': np.float64(500.8346537514665), 'desired_Fx': np.float64(500.8346537514665), 'desired_Fy': 0, 'slip_ratio': 2.8780625292603683, 'slip_angle': 0.0, 'angular_velocity': np.float64(nan), 'Vx': np.float64(0.0), 'longitudinal_mode': 'accelerate'} at time 0.05
2025-03-18 09:34:19,188 | INFO     | helper_functions.py:50 | Starting data update for rear_left:{'x_friction': np.float64(301.35982032999317), 'y_friction': np.float64(-0.0)} at time 0.05
2025-03-18 09:34:19,188 | INFO     | helper_functions.py:50 | Starting data update for front_right:{'x_friction': 0, 'y_friction': 0, 'rolling_resistance': -100} at time 0.05
2025-03-18 09:34:19,188 | INFO     | helper_functions.py:50 | Starting data update for front_left:{'x_friction': 0, 'y_friction': 0, 'rolling_resistance': -100} at time 0.05
2025-03-18 09:34:19,188 | INFO     | helper_functions.py:50 | Starting data update for rear_right:{'x_friction': np.float64(301.35982032999317), 'y_friction': np.float64(-0.0), 'rolling_resistance': -100} at time 0.05
2025-03-18 09:34:19,188 | INFO     | helper_functions.py:50 | Starting data update for rear_left:{'x_friction': np.float64(301.35982032999317), 'y_friction': np.float64(-0.0), 'rolling_resistance': -100} at time 0.05
2025-03-18 09:34:19,189 | INFO     | helper_functions.py:50 | Starting data update for cnt_grav:{'inertial_z': 0, 'inertial_x': 0, 'inertial_y': 0} at time 0.05
2025-03-18 09:34:21,496 | INFO     | car.py:166 | Calculating resultants at time : 0.05
2025-03-18 09:34:21,497 | DEBUG    | car.py:389 | Returning total forces in x direction. Forces are : ['x_friction', 'rolling_resistance']. Sum was -100.0
2025-03-18 09:34:21,497 | DEBUG    | car.py:389 | Returning total forces in y direction. Forces are : ['y_friction']. Sum was 0.0
2025-03-18 09:34:21,497 | DEBUG    | car.py:389 | Returning total forces in z direction. Forces are : ['vertical_load']. Sum was 613.125
2025-03-18 09:34:21,498 | DEBUG    | car.py:389 | Returning total forces in x direction. Forces are : ['x_friction', 'rolling_resistance']. Sum was -100.0
2025-03-18 09:34:21,498 | DEBUG    | car.py:389 | Returning total forces in y direction. Forces are : ['y_friction']. Sum was 0.0
2025-03-18 09:34:21,498 | DEBUG    | car.py:389 | Returning total forces in z direction. Forces are : ['vertical_load']. Sum was 613.125
2025-03-18 09:34:21,498 | DEBUG    | car.py:389 | Returning total forces in x direction. Forces are : ['x_friction', 'rolling_resistance']. Sum was 201.35982032999317
2025-03-18 09:34:21,498 | DEBUG    | car.py:389 | Returning total forces in y direction. Forces are : ['y_friction']. Sum was 0.0
2025-03-18 09:34:21,498 | DEBUG    | car.py:389 | Returning total forces in z direction. Forces are : ['vertical_load']. Sum was 613.125
2025-03-18 09:34:21,498 | DEBUG    | car.py:389 | Returning total forces in x direction. Forces are : ['x_friction', 'rolling_resistance']. Sum was 201.35982032999317
2025-03-18 09:34:21,498 | DEBUG    | car.py:389 | Returning total forces in y direction. Forces are : ['y_friction']. Sum was 0.0
2025-03-18 09:34:21,498 | DEBUG    | car.py:389 | Returning total forces in z direction. Forces are : ['vertical_load']. Sum was 613.125
2025-03-18 09:34:21,498 | DEBUG    | car.py:389 | Returning total forces in x direction. Forces are : ['inertial_x']. Sum was 0
2025-03-18 09:34:21,498 | DEBUG    | car.py:389 | Returning total forces in y direction. Forces are : ['inertial_y']. Sum was 0
2025-03-18 09:34:21,498 | DEBUG    | car.py:389 | Returning total forces in z direction. Forces are : ['inertial_z']. Sum was 0
2025-03-18 09:34:21,498 | INFO     | car.py:283 | Timestep 0.05 had resultant forces of [np.float64(202.71964065998634), np.float64(0.0), np.float64(2452.5)] And resultant torques of [np.float64(1868.805), np.float64(1812.1651323995998), np.float64(304.8)]
2025-03-18 09:34:21,498 | INFO     | helper_functions.py:50 | Starting data update for vehicle_dataframe:{'acceleration': (np.float64(0.8108785626399454), np.float64(0.0), np.float64(9.81))} at time 0.05
2025-03-18 09:34:21,499 | INFO     | helper_functions.py:50 | Starting data update for vehicle_dataframe:{'velocity': (np.float64(0.040543928131997274), np.float64(0.0), 0), 'position': (np.float64(0.003040794609899796), np.float64(0.0), 0)} at time 0.1
2025-03-18 09:34:21,499 | DEBUG    | car.py:179 | After forces are applied; Position = (np.float64(0.003040794609899796), np.float64(0.0), 0) -- Velocity = (np.float64(0.040543928131997274), np.float64(0.0), 0) --
2025-03-18 09:34:21,501 | DEBUG    | car.py:389 | Returning total forces in x direction. Forces are : ['x_friction', 'rolling_resistance']. Sum was 201.35982032999317
2025-03-18 09:34:21,501 | DEBUG    | car.py:389 | Returning total forces in x direction. Forces are : ['x_friction', 'rolling_resistance']. Sum was 201.35982032999317
2025-03-18 09:34:21,501 | DEBUG    | car.py:389 | Returning total forces in x direction. Forces are : ['x_friction', 'rolling_resistance']. Sum was -100.0
2025-03-18 09:34:21,501 | DEBUG    | car.py:389 | Returning total forces in x direction. Forces are : ['x_friction', 'rolling_resistance']. Sum was -100.0
2025-03-18 09:34:21,501 | DEBUG    | car.py:389 | Returning total forces in y direction. Forces are : ['y_friction']. Sum was 0.0
2025-03-18 09:34:21,501 | DEBUG    | car.py:389 | Returning total forces in y direction. Forces are : ['y_friction']. Sum was 0.0
2025-03-18 09:34:21,501 | DEBUG    | car.py:389 | Returning total forces in y direction. Forces are : ['y_friction']. Sum was 0.0
2025-03-18 09:34:21,501 | DEBUG    | car.py:389 | Returning total forces in y direction. Forces are : ['y_friction']. Sum was 0.0
2025-03-18 09:34:21,501 | INFO     | helper_functions.py:50 | Starting data update for front_right:{'vertical_load': np.float64(502.6263992123358)} at time 0.1
2025-03-18 09:34:21,503 | INFO     | helper_functions.py:50 | Starting data update for front_left:{'vertical_load': np.float64(502.6263992123358)} at time 0.1
2025-03-18 09:34:21,504 | INFO     | helper_functions.py:50 | Starting data update for rear_right:{'vertical_load': np.float64(723.6236007876641)} at time 0.1
2025-03-18 09:34:21,505 | INFO     | helper_functions.py:50 | Starting data update for rear_left:{'vertical_load': np.float64(723.6236007876641)} at time 0.1
2025-03-18 09:34:21,506 | WARNING  | helper_functions.py:94 | Error: Time index '0.1' or column 'Fx' not found.
2025-03-18 09:34:21,506 | INFO     | helper_functions.py:50 | Starting data update for rear_right:{'Fx': np.float64(343.79469672603364), 'Fy': np.float64(-0.0), 'Fz': np.float64(723.6236007876641), 'Mz': np.float64(0.0), 'max_Fx': np.float64(581.4396313403475), 'desired_Fx': np.float64(581.4396313403475), 'desired_Fy': np.float64(0.0), 'slip_ratio': 3.4632022172017787, 'slip_angle': 0.0, 'angular_velocity': np.float64(nan), 'Vx': np.float64(0.040543928131997274)} at time 0.1
2025-03-18 09:34:21,507 | INFO     | helper_functions.py:50 | Starting data update for rear_right:{'Fx': np.float64(343.79469672603364), 'Fy': np.float64(-0.0), 'Fz': np.float64(723.6236007876641), 'Mz': np.float64(0.0), 'max_Fx': np.float64(581.4396313403475), 'desired_Fx': np.float64(581.4396313403475), 'desired_Fy': 0, 'slip_ratio': 3.4632022172017787, 'slip_angle': 0.0, 'angular_velocity': np.float64(nan), 'Vx': np.float64(0.040543928131997274), 'longitudinal_mode': 'accelerate'} at time 0.1
2025-03-18 09:34:21,508 | INFO     | helper_functions.py:50 | Starting data update for rear_right:{'x_friction': np.float64(343.79469672603364), 'y_friction': np.float64(-0.0)} at time 0.1
2025-03-18 09:34:21,508 | WARNING  | helper_functions.py:94 | Error: Time index '0.1' or column 'Fx' not found.
2025-03-18 09:34:21,508 | INFO     | helper_functions.py:50 | Starting data update for rear_left:{'Fx': np.float64(343.79469672603364), 'Fy': np.float64(-0.0), 'Fz': np.float64(723.6236007876641), 'Mz': np.float64(0.0), 'max_Fx': np.float64(581.4396313403475), 'desired_Fx': np.float64(581.4396313403475), 'desired_Fy': np.float64(0.0), 'slip_ratio': 3.4632022172017787, 'slip_angle': 0.0, 'angular_velocity': np.float64(nan), 'Vx': np.float64(0.040543928131997274)} at time 0.1
2025-03-18 09:34:21,510 | INFO     | helper_functions.py:50 | Starting data update for rear_left:{'Fx': np.float64(343.79469672603364), 'Fy': np.float64(-0.0), 'Fz': np.float64(723.6236007876641), 'Mz': np.float64(0.0), 'max_Fx': np.float64(581.4396313403475), 'desired_Fx': np.float64(581.4396313403475), 'desired_Fy': 0, 'slip_ratio': 3.4632022172017787, 'slip_angle': 0.0, 'angular_velocity': np.float64(nan), 'Vx': np.float64(0.040543928131997274), 'longitudinal_mode': 'accelerate'} at time 0.1
2025-03-18 09:34:21,510 | INFO     | helper_functions.py:50 | Starting data update for rear_left:{'x_friction': np.float64(343.79469672603364), 'y_friction': np.float64(-0.0)} at time 0.1
2025-03-18 09:34:21,510 | INFO     | helper_functions.py:50 | Starting data update for front_right:{'x_friction': 0, 'y_friction': 0, 'rolling_resistance': -100} at time 0.1
2025-03-18 09:34:21,510 | INFO     | helper_functions.py:50 | Starting data update for front_left:{'x_friction': 0, 'y_friction': 0, 'rolling_resistance': -100} at time 0.1
2025-03-18 09:34:21,510 | INFO     | helper_functions.py:50 | Starting data update for rear_right:{'x_friction': np.float64(343.79469672603364), 'y_friction': np.float64(-0.0), 'rolling_resistance': -100} at time 0.1
2025-03-18 09:34:21,511 | INFO     | helper_functions.py:50 | Starting data update for rear_left:{'x_friction': np.float64(343.79469672603364), 'y_friction': np.float64(-0.0), 'rolling_resistance': -100} at time 0.1
2025-03-18 09:34:21,511 | INFO     | helper_functions.py:50 | Starting data update for cnt_grav:{'inertial_z': 0, 'inertial_x': 0, 'inertial_y': 0} at time 0.1
2025-03-18 09:34:22,768 | INFO     | car.py:166 | Calculating resultants at time : 0.1
2025-03-18 09:34:22,770 | DEBUG    | car.py:389 | Returning total forces in x direction. Forces are : ['x_friction', 'rolling_resistance']. Sum was -100.0
2025-03-18 09:34:22,770 | DEBUG    | car.py:389 | Returning total forces in y direction. Forces are : ['y_friction']. Sum was 0.0
2025-03-18 09:34:22,770 | DEBUG    | car.py:389 | Returning total forces in z direction. Forces are : ['vertical_load']. Sum was 502.6263992123358
2025-03-18 09:34:22,770 | DEBUG    | car.py:389 | Returning total forces in x direction. Forces are : ['x_friction', 'rolling_resistance']. Sum was -100.0
2025-03-18 09:34:22,770 | DEBUG    | car.py:389 | Returning total forces in y direction. Forces are : ['y_friction']. Sum was 0.0
2025-03-18 09:34:22,770 | DEBUG    | car.py:389 | Returning total forces in z direction. Forces are : ['vertical_load']. Sum was 502.6263992123358
2025-03-18 09:34:22,770 | DEBUG    | car.py:389 | Returning total forces in x direction. Forces are : ['x_friction', 'rolling_resistance']. Sum was 243.79469672603364
2025-03-18 09:34:22,771 | DEBUG    | car.py:389 | Returning total forces in y direction. Forces are : ['y_friction']. Sum was 0.0
2025-03-18 09:34:22,771 | DEBUG    | car.py:389 | Returning total forces in z direction. Forces are : ['vertical_load']. Sum was 723.6236007876641
2025-03-18 09:34:22,771 | DEBUG    | car.py:389 | Returning total forces in x direction. Forces are : ['x_friction', 'rolling_resistance']. Sum was 243.79469672603364
2025-03-18 09:34:22,771 | DEBUG    | car.py:389 | Returning total forces in y direction. Forces are : ['y_friction']. Sum was 0.0
2025-03-18 09:34:22,771 | DEBUG    | car.py:389 | Returning total forces in z direction. Forces are : ['vertical_load']. Sum was 723.6236007876641
2025-03-18 09:34:22,771 | DEBUG    | car.py:389 | Returning total forces in x direction. Forces are : ['inertial_x']. Sum was 0
2025-03-18 09:34:22,771 | DEBUG    | car.py:389 | Returning total forces in y direction. Forces are : ['inertial_y']. Sum was 0
2025-03-18 09:34:22,771 | DEBUG    | car.py:389 | Returning total forces in z direction. Forces are : ['inertial_z']. Sum was 0
2025-03-18 09:34:22,771 | INFO     | car.py:283 | Timestep 0.1 had resultant forces of [np.float64(287.58939345206727), np.float64(0.0), np.float64(2452.5)] And resultant torques of [np.float64(1532.0052647991995), np.float64(1788.4525234694925), np.float64(304.8)]
2025-03-18 09:34:22,771 | INFO     | helper_functions.py:50 | Starting data update for vehicle_dataframe:{'acceleration': (np.float64(1.150357573808269), np.float64(0.0), np.float64(9.81))} at time 0.1
2025-03-18 09:34:22,771 | INFO     | helper_functions.py:50 | Starting data update for vehicle_dataframe:{'velocity': (np.float64(0.09806180682241072), np.float64(0.0), 0), 'position': (np.float64(0.00938183191828067), np.float64(0.0), 0)} at time 0.15000000000000002
2025-03-18 09:34:22,773 | DEBUG    | car.py:179 | After forces are applied; Position = (np.float64(0.00938183191828067), np.float64(0.0), 0) -- Velocity = (np.float64(0.09806180682241072), np.float64(0.0), 0) --
2025-03-18 09:35:02,141 | INFO     | magic_formula_tire.py:15 | Starting Car.py Script
2025-03-18 09:35:02,142 | INFO     | car.py:14 | Starting Car.py Script
2025-03-18 09:35:02,143 | INFO     | helper_functions.py:50 | Starting data update for vehicle_dataframe:{'velocity': (0, 0, 0), 'position': (0, 0, 0)} at time 0.05
2025-03-18 09:35:02,649 | INFO     | magic_formula_tire.py:461 | Generated force to slip lookup table.
2025-03-18 09:35:02,650 | DEBUG    | car.py:417 | Forces and Moments:
2025-03-18 09:35:02,650 | DEBUG    | car.py:421 | Slip Ratio and Angle:
2025-03-18 09:35:03,151 | INFO     | magic_formula_tire.py:461 | Generated force to slip lookup table.
2025-03-18 09:35:03,151 | DEBUG    | car.py:417 | Forces and Moments:
2025-03-18 09:35:03,151 | DEBUG    | car.py:421 | Slip Ratio and Angle:
2025-03-18 09:35:03,652 | INFO     | magic_formula_tire.py:461 | Generated force to slip lookup table.
2025-03-18 09:35:03,652 | DEBUG    | car.py:417 | Forces and Moments:
2025-03-18 09:35:03,652 | DEBUG    | car.py:421 | Slip Ratio and Angle:
2025-03-18 09:35:04,151 | INFO     | magic_formula_tire.py:461 | Generated force to slip lookup table.
2025-03-18 09:35:04,152 | DEBUG    | car.py:417 | Forces and Moments:
2025-03-18 09:35:04,152 | DEBUG    | car.py:421 | Slip Ratio and Angle:
2025-03-18 09:35:22,167 | INFO     | magic_formula_tire.py:15 | Starting Car.py Script
2025-03-18 09:35:22,168 | INFO     | car.py:14 | Starting Car.py Script
2025-03-18 09:35:22,170 | INFO     | helper_functions.py:50 | Starting data update for vehicle_dataframe:{'velocity': (0, 0, 0), 'position': (0, 0, 0)} at time 0.05
2025-03-18 09:35:22,688 | INFO     | magic_formula_tire.py:461 | Generated force to slip lookup table.
2025-03-18 09:35:22,688 | DEBUG    | car.py:418 | Forces and Moments:
2025-03-18 09:35:22,688 | DEBUG    | car.py:422 | Slip Ratio and Angle:
2025-03-18 09:35:23,201 | INFO     | magic_formula_tire.py:461 | Generated force to slip lookup table.
2025-03-18 09:35:23,201 | DEBUG    | car.py:418 | Forces and Moments:
2025-03-18 09:35:23,201 | DEBUG    | car.py:422 | Slip Ratio and Angle:
2025-03-18 09:35:23,717 | INFO     | magic_formula_tire.py:461 | Generated force to slip lookup table.
2025-03-18 09:35:23,718 | DEBUG    | car.py:418 | Forces and Moments:
2025-03-18 09:35:23,718 | DEBUG    | car.py:422 | Slip Ratio and Angle:
2025-03-18 09:35:24,233 | INFO     | magic_formula_tire.py:461 | Generated force to slip lookup table.
2025-03-18 09:35:24,234 | DEBUG    | car.py:418 | Forces and Moments:
2025-03-18 09:35:24,234 | DEBUG    | car.py:422 | Slip Ratio and Angle:
2025-03-18 09:35:24,234 | DEBUG    | car.py:391 | Returning total forces in x direction. Forces are : ['x_friction', 'rolling_resistance']. Sum was 0
2025-03-18 09:35:24,235 | DEBUG    | car.py:391 | Returning total forces in x direction. Forces are : ['x_friction', 'rolling_resistance']. Sum was 0
2025-03-18 09:35:24,235 | DEBUG    | car.py:391 | Returning total forces in x direction. Forces are : ['x_friction', 'rolling_resistance']. Sum was 0
2025-03-18 09:35:24,235 | DEBUG    | car.py:391 | Returning total forces in x direction. Forces are : ['x_friction', 'rolling_resistance']. Sum was 0
2025-03-18 09:35:24,235 | DEBUG    | car.py:391 | Returning total forces in y direction. Forces are : ['y_friction']. Sum was 0
2025-03-18 09:35:24,235 | DEBUG    | car.py:391 | Returning total forces in y direction. Forces are : ['y_friction']. Sum was 0
2025-03-18 09:35:24,235 | DEBUG    | car.py:391 | Returning total forces in y direction. Forces are : ['y_friction']. Sum was 0
2025-03-18 09:35:24,235 | DEBUG    | car.py:391 | Returning total forces in y direction. Forces are : ['y_friction']. Sum was 0
2025-03-18 09:35:24,235 | INFO     | helper_functions.py:50 | Starting data update for front_right:{'vertical_load': np.float64(613.125)} at time 0.05
2025-03-18 09:35:24,236 | INFO     | helper_functions.py:50 | Starting data update for front_left:{'vertical_load': np.float64(613.125)} at time 0.05
2025-03-18 09:35:24,237 | INFO     | helper_functions.py:50 | Starting data update for rear_right:{'vertical_load': np.float64(613.125)} at time 0.05
2025-03-18 09:35:24,238 | INFO     | helper_functions.py:50 | Starting data update for rear_left:{'vertical_load': np.float64(613.125)} at time 0.05
2025-03-18 09:35:24,239 | INFO     | helper_functions.py:50 | Starting data update for front_right:{'x_friction': 0, 'y_friction': 0, 'rolling_resistance': 0} at time 0.05
2025-03-18 09:35:24,239 | INFO     | helper_functions.py:50 | Starting data update for front_left:{'x_friction': 0, 'y_friction': 0, 'rolling_resistance': 0} at time 0.05
2025-03-18 09:35:24,240 | INFO     | helper_functions.py:50 | Starting data update for rear_right:{'x_friction': 0, 'y_friction': 0, 'rolling_resistance': 0} at time 0.05
2025-03-18 09:35:24,240 | INFO     | helper_functions.py:50 | Starting data update for rear_left:{'x_friction': 0, 'y_friction': 0, 'rolling_resistance': 0} at time 0.05
2025-03-18 09:35:24,240 | INFO     | helper_functions.py:50 | Starting data update for cnt_grav:{'inertial_z': 0, 'inertial_x': 0, 'inertial_y': 0} at time 0.05
2025-03-18 09:35:24,241 | DEBUG    | car.py:391 | Returning total forces in x direction. Forces are : ['x_friction', 'rolling_resistance']. Sum was 0.0
2025-03-18 09:35:24,241 | DEBUG    | car.py:391 | Returning total forces in y direction. Forces are : ['y_friction']. Sum was 0.0
2025-03-18 09:35:24,241 | DEBUG    | car.py:391 | Returning total forces in z direction. Forces are : ['vertical_load']. Sum was 613.125
2025-03-18 09:35:24,241 | DEBUG    | car.py:391 | Returning total forces in x direction. Forces are : ['x_friction', 'rolling_resistance']. Sum was 0.0
2025-03-18 09:35:24,241 | DEBUG    | car.py:391 | Returning total forces in y direction. Forces are : ['y_friction']. Sum was 0.0
2025-03-18 09:35:24,241 | DEBUG    | car.py:391 | Returning total forces in z direction. Forces are : ['vertical_load']. Sum was 613.125
2025-03-18 09:35:24,241 | DEBUG    | car.py:391 | Returning total forces in x direction. Forces are : ['x_friction', 'rolling_resistance']. Sum was 0.0
2025-03-18 09:35:24,241 | DEBUG    | car.py:391 | Returning total forces in y direction. Forces are : ['y_friction']. Sum was 0.0
2025-03-18 09:35:24,241 | DEBUG    | car.py:391 | Returning total forces in z direction. Forces are : ['vertical_load']. Sum was 613.125
2025-03-18 09:35:24,241 | DEBUG    | car.py:391 | Returning total forces in x direction. Forces are : ['x_friction', 'rolling_resistance']. Sum was 0.0
2025-03-18 09:35:24,241 | DEBUG    | car.py:391 | Returning total forces in y direction. Forces are : ['y_friction']. Sum was 0.0
2025-03-18 09:35:24,241 | DEBUG    | car.py:391 | Returning total forces in z direction. Forces are : ['vertical_load']. Sum was 613.125
2025-03-18 09:35:24,242 | DEBUG    | car.py:391 | Returning total forces in x direction. Forces are : ['inertial_x']. Sum was 0
2025-03-18 09:35:24,242 | DEBUG    | car.py:391 | Returning total forces in y direction. Forces are : ['inertial_y']. Sum was 0
2025-03-18 09:35:24,242 | DEBUG    | car.py:391 | Returning total forces in z direction. Forces are : ['inertial_z']. Sum was 0
2025-03-18 09:35:24,242 | INFO     | car.py:285 | Timestep 0.05 had resultant forces of [np.float64(0.0), np.float64(0.0), np.float64(2452.5)] And resultant torques of [np.float64(1868.805), np.float64(1868.8049999999998), np.float64(0.0)]
2025-03-18 09:35:24,242 | INFO     | helper_functions.py:50 | Starting data update for vehicle_dataframe:{'acceleration': (np.float64(0.0), np.float64(0.0), np.float64(9.81))} at time 0.05
2025-03-18 09:35:24,242 | INFO     | helper_functions.py:50 | Starting data update for vehicle_dataframe:{'velocity': (np.float64(0.0), np.float64(0.0), 0), 'position': (np.float64(0.0), np.float64(0.0), 0)} at time 0.1
2025-03-18 09:35:24,243 | DEBUG    | car.py:105 | After forces are applied; Position = (np.float64(0.0), np.float64(0.0), 0) -- Velocity = (np.float64(0.0), np.float64(0.0), 0) --
2025-03-18 09:35:24,243 | DEBUG    | helper_functions.py:144 | All objects to combine were TimeSeries
2025-03-18 09:35:24,245 | INFO     | acceleration_tester.py:12 | Starting Acceleration.py Script
2025-03-18 09:35:24,246 | DEBUG    | car.py:391 | Returning total forces in x direction. Forces are : ['x_friction', 'rolling_resistance']. Sum was 0.0
2025-03-18 09:35:24,246 | DEBUG    | car.py:391 | Returning total forces in x direction. Forces are : ['x_friction', 'rolling_resistance']. Sum was 0.0
2025-03-18 09:35:24,246 | DEBUG    | car.py:391 | Returning total forces in x direction. Forces are : ['x_friction', 'rolling_resistance']. Sum was 0.0
2025-03-18 09:35:24,246 | DEBUG    | car.py:391 | Returning total forces in x direction. Forces are : ['x_friction', 'rolling_resistance']. Sum was 0.0
2025-03-18 09:35:24,246 | DEBUG    | car.py:391 | Returning total forces in y direction. Forces are : ['y_friction']. Sum was 0.0
2025-03-18 09:35:24,246 | DEBUG    | car.py:391 | Returning total forces in y direction. Forces are : ['y_friction']. Sum was 0.0
2025-03-18 09:35:24,246 | DEBUG    | car.py:391 | Returning total forces in y direction. Forces are : ['y_friction']. Sum was 0.0
2025-03-18 09:35:24,246 | DEBUG    | car.py:391 | Returning total forces in y direction. Forces are : ['y_friction']. Sum was 0.0
2025-03-18 09:35:24,246 | INFO     | helper_functions.py:50 | Starting data update for front_right:{'vertical_load': np.float64(613.125)} at time 0.05
2025-03-18 09:35:24,246 | INFO     | helper_functions.py:50 | Starting data update for front_left:{'vertical_load': np.float64(613.125)} at time 0.05
2025-03-18 09:35:24,246 | INFO     | helper_functions.py:50 | Starting data update for rear_right:{'vertical_load': np.float64(613.125)} at time 0.05
2025-03-18 09:35:24,246 | INFO     | helper_functions.py:50 | Starting data update for rear_left:{'vertical_load': np.float64(613.125)} at time 0.05
2025-03-18 09:35:24,247 | WARNING  | helper_functions.py:94 | Error: Time index '0.05' or column 'Fx' not found.
2025-03-18 09:35:24,247 | INFO     | helper_functions.py:50 | Starting data update for rear_right:{'Fx': np.float64(301.35982032999317), 'Fy': np.float64(-0.0), 'Fz': np.float64(613.125), 'Mz': np.float64(0.0), 'max_Fx': np.float64(500.8346537514665), 'desired_Fx': np.float64(500.8346537514665), 'desired_Fy': 0.0, 'slip_ratio': 2.8780625292603683, 'slip_angle': 0.0, 'angular_velocity': np.float64(nan), 'Vx': np.float64(0.0)} at time 0.05
2025-03-18 09:35:24,248 | INFO     | helper_functions.py:50 | Starting data update for rear_right:{'Fx': np.float64(301.35982032999317), 'Fy': np.float64(-0.0), 'Fz': np.float64(613.125), 'Mz': np.float64(0.0), 'max_Fx': np.float64(500.8346537514665), 'desired_Fx': np.float64(500.8346537514665), 'desired_Fy': 0, 'slip_ratio': 2.8780625292603683, 'slip_angle': 0.0, 'angular_velocity': np.float64(nan), 'Vx': np.float64(0.0), 'longitudinal_mode': 'accelerate'} at time 0.05
2025-03-18 09:35:24,249 | INFO     | helper_functions.py:50 | Starting data update for rear_right:{'x_friction': np.float64(301.35982032999317), 'y_friction': np.float64(-0.0)} at time 0.05
2025-03-18 09:35:24,249 | WARNING  | helper_functions.py:94 | Error: Time index '0.05' or column 'Fx' not found.
2025-03-18 09:35:24,249 | INFO     | helper_functions.py:50 | Starting data update for rear_left:{'Fx': np.float64(301.35982032999317), 'Fy': np.float64(-0.0), 'Fz': np.float64(613.125), 'Mz': np.float64(0.0), 'max_Fx': np.float64(500.8346537514665), 'desired_Fx': np.float64(500.8346537514665), 'desired_Fy': 0.0, 'slip_ratio': 2.8780625292603683, 'slip_angle': 0.0, 'angular_velocity': np.float64(nan), 'Vx': np.float64(0.0)} at time 0.05
2025-03-18 09:35:24,250 | INFO     | helper_functions.py:50 | Starting data update for rear_left:{'Fx': np.float64(301.35982032999317), 'Fy': np.float64(-0.0), 'Fz': np.float64(613.125), 'Mz': np.float64(0.0), 'max_Fx': np.float64(500.8346537514665), 'desired_Fx': np.float64(500.8346537514665), 'desired_Fy': 0, 'slip_ratio': 2.8780625292603683, 'slip_angle': 0.0, 'angular_velocity': np.float64(nan), 'Vx': np.float64(0.0), 'longitudinal_mode': 'accelerate'} at time 0.05
2025-03-18 09:35:24,251 | INFO     | helper_functions.py:50 | Starting data update for rear_left:{'x_friction': np.float64(301.35982032999317), 'y_friction': np.float64(-0.0)} at time 0.05
2025-03-18 09:35:24,251 | INFO     | helper_functions.py:50 | Starting data update for front_right:{'x_friction': 0, 'y_friction': 0, 'rolling_resistance': -100} at time 0.05
2025-03-18 09:35:24,251 | INFO     | helper_functions.py:50 | Starting data update for front_left:{'x_friction': 0, 'y_friction': 0, 'rolling_resistance': -100} at time 0.05
2025-03-18 09:35:24,251 | INFO     | helper_functions.py:50 | Starting data update for rear_right:{'x_friction': np.float64(301.35982032999317), 'y_friction': np.float64(-0.0), 'rolling_resistance': -100} at time 0.05
2025-03-18 09:35:24,251 | INFO     | helper_functions.py:50 | Starting data update for rear_left:{'x_friction': np.float64(301.35982032999317), 'y_friction': np.float64(-0.0), 'rolling_resistance': -100} at time 0.05
2025-03-18 09:35:24,251 | INFO     | helper_functions.py:50 | Starting data update for cnt_grav:{'inertial_z': 0, 'inertial_x': 0, 'inertial_y': 0} at time 0.05
2025-03-18 09:35:24,819 | INFO     | car.py:168 | Calculating resultants at time : 0.05
2025-03-18 09:35:24,820 | DEBUG    | car.py:391 | Returning total forces in x direction. Forces are : ['x_friction', 'rolling_resistance']. Sum was -100.0
2025-03-18 09:35:24,821 | DEBUG    | car.py:391 | Returning total forces in y direction. Forces are : ['y_friction']. Sum was 0.0
2025-03-18 09:35:24,821 | DEBUG    | car.py:391 | Returning total forces in z direction. Forces are : ['vertical_load']. Sum was 613.125
2025-03-18 09:35:24,821 | DEBUG    | car.py:391 | Returning total forces in x direction. Forces are : ['x_friction', 'rolling_resistance']. Sum was -100.0
2025-03-18 09:35:24,821 | DEBUG    | car.py:391 | Returning total forces in y direction. Forces are : ['y_friction']. Sum was 0.0
2025-03-18 09:35:24,821 | DEBUG    | car.py:391 | Returning total forces in z direction. Forces are : ['vertical_load']. Sum was 613.125
2025-03-18 09:35:24,821 | DEBUG    | car.py:391 | Returning total forces in x direction. Forces are : ['x_friction', 'rolling_resistance']. Sum was 201.35982032999317
2025-03-18 09:35:24,821 | DEBUG    | car.py:391 | Returning total forces in y direction. Forces are : ['y_friction']. Sum was 0.0
2025-03-18 09:35:24,821 | DEBUG    | car.py:391 | Returning total forces in z direction. Forces are : ['vertical_load']. Sum was 613.125
2025-03-18 09:35:24,821 | DEBUG    | car.py:391 | Returning total forces in x direction. Forces are : ['x_friction', 'rolling_resistance']. Sum was 201.35982032999317
2025-03-18 09:35:24,821 | DEBUG    | car.py:391 | Returning total forces in y direction. Forces are : ['y_friction']. Sum was 0.0
2025-03-18 09:35:24,821 | DEBUG    | car.py:391 | Returning total forces in z direction. Forces are : ['vertical_load']. Sum was 613.125
2025-03-18 09:35:24,821 | DEBUG    | car.py:391 | Returning total forces in x direction. Forces are : ['inertial_x']. Sum was 0
2025-03-18 09:35:24,822 | DEBUG    | car.py:391 | Returning total forces in y direction. Forces are : ['inertial_y']. Sum was 0
2025-03-18 09:35:24,822 | DEBUG    | car.py:391 | Returning total forces in z direction. Forces are : ['inertial_z']. Sum was 0
2025-03-18 09:35:24,822 | INFO     | car.py:285 | Timestep 0.05 had resultant forces of [np.float64(202.71964065998634), np.float64(0.0), np.float64(2452.5)] And resultant torques of [np.float64(1868.805), np.float64(1812.1651323995998), np.float64(304.8)]
2025-03-18 09:35:24,822 | INFO     | helper_functions.py:50 | Starting data update for vehicle_dataframe:{'acceleration': (np.float64(0.8108785626399454), np.float64(0.0), np.float64(9.81))} at time 0.05
2025-03-18 09:35:24,822 | INFO     | helper_functions.py:50 | Starting data update for vehicle_dataframe:{'velocity': (np.float64(0.040543928131997274), np.float64(0.0), 0), 'position': (np.float64(0.003040794609899796), np.float64(0.0), 0)} at time 0.1
2025-03-18 09:35:24,822 | DEBUG    | car.py:181 | After forces are applied; Position = (np.float64(0.003040794609899796), np.float64(0.0), 0) -- Velocity = (np.float64(0.040543928131997274), np.float64(0.0), 0) --
2025-03-18 09:35:24,824 | DEBUG    | car.py:391 | Returning total forces in x direction. Forces are : ['x_friction', 'rolling_resistance']. Sum was 201.35982032999317
2025-03-18 09:35:24,824 | DEBUG    | car.py:391 | Returning total forces in x direction. Forces are : ['x_friction', 'rolling_resistance']. Sum was 201.35982032999317
2025-03-18 09:35:24,824 | DEBUG    | car.py:391 | Returning total forces in x direction. Forces are : ['x_friction', 'rolling_resistance']. Sum was -100.0
2025-03-18 09:35:24,824 | DEBUG    | car.py:391 | Returning total forces in x direction. Forces are : ['x_friction', 'rolling_resistance']. Sum was -100.0
2025-03-18 09:35:24,824 | DEBUG    | car.py:391 | Returning total forces in y direction. Forces are : ['y_friction']. Sum was 0.0
2025-03-18 09:35:24,824 | DEBUG    | car.py:391 | Returning total forces in y direction. Forces are : ['y_friction']. Sum was 0.0
2025-03-18 09:35:24,824 | DEBUG    | car.py:391 | Returning total forces in y direction. Forces are : ['y_friction']. Sum was 0.0
2025-03-18 09:35:24,824 | DEBUG    | car.py:391 | Returning total forces in y direction. Forces are : ['y_friction']. Sum was 0.0
2025-03-18 09:35:24,825 | INFO     | helper_functions.py:50 | Starting data update for front_right:{'vertical_load': np.float64(502.6263992123358)} at time 0.1
2025-03-18 09:35:24,826 | INFO     | helper_functions.py:50 | Starting data update for front_left:{'vertical_load': np.float64(502.6263992123358)} at time 0.1
2025-03-18 09:35:24,827 | INFO     | helper_functions.py:50 | Starting data update for rear_right:{'vertical_load': np.float64(723.6236007876641)} at time 0.1
2025-03-18 09:35:24,828 | INFO     | helper_functions.py:50 | Starting data update for rear_left:{'vertical_load': np.float64(723.6236007876641)} at time 0.1
2025-03-18 09:35:24,829 | WARNING  | helper_functions.py:94 | Error: Time index '0.1' or column 'Fx' not found.
2025-03-18 09:35:24,829 | INFO     | helper_functions.py:50 | Starting data update for rear_right:{'Fx': np.float64(343.79469672603364), 'Fy': np.float64(-0.0), 'Fz': np.float64(723.6236007876641), 'Mz': np.float64(0.0), 'max_Fx': np.float64(581.4396313403475), 'desired_Fx': np.float64(581.4396313403475), 'desired_Fy': np.float64(0.0), 'slip_ratio': 3.4632022172017787, 'slip_angle': 0.0, 'angular_velocity': np.float64(nan), 'Vx': np.float64(0.040543928131997274)} at time 0.1
2025-03-18 09:35:24,831 | INFO     | helper_functions.py:50 | Starting data update for rear_right:{'Fx': np.float64(343.79469672603364), 'Fy': np.float64(-0.0), 'Fz': np.float64(723.6236007876641), 'Mz': np.float64(0.0), 'max_Fx': np.float64(581.4396313403475), 'desired_Fx': np.float64(581.4396313403475), 'desired_Fy': 0, 'slip_ratio': 3.4632022172017787, 'slip_angle': 0.0, 'angular_velocity': np.float64(nan), 'Vx': np.float64(0.040543928131997274), 'longitudinal_mode': 'accelerate'} at time 0.1
2025-03-18 09:35:24,831 | INFO     | helper_functions.py:50 | Starting data update for rear_right:{'x_friction': np.float64(343.79469672603364), 'y_friction': np.float64(-0.0)} at time 0.1
2025-03-18 09:35:24,832 | WARNING  | helper_functions.py:94 | Error: Time index '0.1' or column 'Fx' not found.
2025-03-18 09:35:24,832 | INFO     | helper_functions.py:50 | Starting data update for rear_left:{'Fx': np.float64(343.79469672603364), 'Fy': np.float64(-0.0), 'Fz': np.float64(723.6236007876641), 'Mz': np.float64(0.0), 'max_Fx': np.float64(581.4396313403475), 'desired_Fx': np.float64(581.4396313403475), 'desired_Fy': np.float64(0.0), 'slip_ratio': 3.4632022172017787, 'slip_angle': 0.0, 'angular_velocity': np.float64(nan), 'Vx': np.float64(0.040543928131997274)} at time 0.1
2025-03-18 09:35:24,833 | INFO     | helper_functions.py:50 | Starting data update for rear_left:{'Fx': np.float64(343.79469672603364), 'Fy': np.float64(-0.0), 'Fz': np.float64(723.6236007876641), 'Mz': np.float64(0.0), 'max_Fx': np.float64(581.4396313403475), 'desired_Fx': np.float64(581.4396313403475), 'desired_Fy': 0, 'slip_ratio': 3.4632022172017787, 'slip_angle': 0.0, 'angular_velocity': np.float64(nan), 'Vx': np.float64(0.040543928131997274), 'longitudinal_mode': 'accelerate'} at time 0.1
2025-03-18 09:35:24,833 | INFO     | helper_functions.py:50 | Starting data update for rear_left:{'x_friction': np.float64(343.79469672603364), 'y_friction': np.float64(-0.0)} at time 0.1
2025-03-18 09:35:24,834 | INFO     | helper_functions.py:50 | Starting data update for front_right:{'x_friction': 0, 'y_friction': 0, 'rolling_resistance': -100} at time 0.1
2025-03-18 09:35:24,834 | INFO     | helper_functions.py:50 | Starting data update for front_left:{'x_friction': 0, 'y_friction': 0, 'rolling_resistance': -100} at time 0.1
2025-03-18 09:35:24,834 | INFO     | helper_functions.py:50 | Starting data update for rear_right:{'x_friction': np.float64(343.79469672603364), 'y_friction': np.float64(-0.0), 'rolling_resistance': -100} at time 0.1
2025-03-18 09:35:24,834 | INFO     | helper_functions.py:50 | Starting data update for rear_left:{'x_friction': np.float64(343.79469672603364), 'y_friction': np.float64(-0.0), 'rolling_resistance': -100} at time 0.1
2025-03-18 09:35:24,834 | INFO     | helper_functions.py:50 | Starting data update for cnt_grav:{'inertial_z': 0, 'inertial_x': 0, 'inertial_y': 0} at time 0.1
2025-03-18 09:35:26,283 | INFO     | car.py:168 | Calculating resultants at time : 0.1
2025-03-18 09:35:26,284 | DEBUG    | car.py:391 | Returning total forces in x direction. Forces are : ['x_friction', 'rolling_resistance']. Sum was -100.0
2025-03-18 09:35:26,285 | DEBUG    | car.py:391 | Returning total forces in y direction. Forces are : ['y_friction']. Sum was 0.0
2025-03-18 09:35:26,285 | DEBUG    | car.py:391 | Returning total forces in z direction. Forces are : ['vertical_load']. Sum was 502.6263992123358
2025-03-18 09:35:26,285 | DEBUG    | car.py:391 | Returning total forces in x direction. Forces are : ['x_friction', 'rolling_resistance']. Sum was -100.0
2025-03-18 09:35:26,285 | DEBUG    | car.py:391 | Returning total forces in y direction. Forces are : ['y_friction']. Sum was 0.0
2025-03-18 09:35:26,285 | DEBUG    | car.py:391 | Returning total forces in z direction. Forces are : ['vertical_load']. Sum was 502.6263992123358
2025-03-18 09:35:26,285 | DEBUG    | car.py:391 | Returning total forces in x direction. Forces are : ['x_friction', 'rolling_resistance']. Sum was 243.79469672603364
2025-03-18 09:35:26,285 | DEBUG    | car.py:391 | Returning total forces in y direction. Forces are : ['y_friction']. Sum was 0.0
2025-03-18 09:35:26,285 | DEBUG    | car.py:391 | Returning total forces in z direction. Forces are : ['vertical_load']. Sum was 723.6236007876641
2025-03-18 09:35:26,285 | DEBUG    | car.py:391 | Returning total forces in x direction. Forces are : ['x_friction', 'rolling_resistance']. Sum was 243.79469672603364
2025-03-18 09:35:26,285 | DEBUG    | car.py:391 | Returning total forces in y direction. Forces are : ['y_friction']. Sum was 0.0
2025-03-18 09:35:26,285 | DEBUG    | car.py:391 | Returning total forces in z direction. Forces are : ['vertical_load']. Sum was 723.6236007876641
2025-03-18 09:35:26,285 | DEBUG    | car.py:391 | Returning total forces in x direction. Forces are : ['inertial_x']. Sum was 0
2025-03-18 09:35:26,285 | DEBUG    | car.py:391 | Returning total forces in y direction. Forces are : ['inertial_y']. Sum was 0
2025-03-18 09:35:26,286 | DEBUG    | car.py:391 | Returning total forces in z direction. Forces are : ['inertial_z']. Sum was 0
2025-03-18 09:35:26,286 | INFO     | car.py:285 | Timestep 0.1 had resultant forces of [np.float64(287.58939345206727), np.float64(0.0), np.float64(2452.5)] And resultant torques of [np.float64(1532.0052647991995), np.float64(1788.4525234694925), np.float64(304.8)]
2025-03-18 09:35:26,286 | INFO     | helper_functions.py:50 | Starting data update for vehicle_dataframe:{'acceleration': (np.float64(1.150357573808269), np.float64(0.0), np.float64(9.81))} at time 0.1
2025-03-18 09:35:26,286 | INFO     | helper_functions.py:50 | Starting data update for vehicle_dataframe:{'velocity': (np.float64(0.09806180682241072), np.float64(0.0), 0), 'position': (np.float64(0.00938183191828067), np.float64(0.0), 0)} at time 0.15000000000000002
2025-03-18 09:35:26,287 | DEBUG    | car.py:181 | After forces are applied; Position = (np.float64(0.00938183191828067), np.float64(0.0), 0) -- Velocity = (np.float64(0.09806180682241072), np.float64(0.0), 0) --
2025-03-18 09:41:03,411 | INFO     | magic_formula_tire.py:15 | Starting Car.py Script
2025-03-18 09:41:03,412 | INFO     | car.py:14 | Starting Car.py Script
2025-03-18 09:41:03,414 | INFO     | helper_functions.py:50 | Starting data update for vehicle_dataframe:{'velocity': (0, 0, 0), 'position': (0, 0, 0)} at time 0.05
2025-03-18 09:41:03,938 | INFO     | magic_formula_tire.py:461 | Generated force to slip lookup table.
2025-03-18 09:41:03,939 | DEBUG    | car.py:419 | Forces and Moments:
2025-03-18 09:41:03,939 | DEBUG    | car.py:423 | Slip Ratio and Angle:
2025-03-18 09:41:04,450 | INFO     | magic_formula_tire.py:461 | Generated force to slip lookup table.
2025-03-18 09:41:04,451 | DEBUG    | car.py:419 | Forces and Moments:
2025-03-18 09:41:04,451 | DEBUG    | car.py:423 | Slip Ratio and Angle:
2025-03-18 09:41:04,966 | INFO     | magic_formula_tire.py:461 | Generated force to slip lookup table.
2025-03-18 09:41:04,966 | DEBUG    | car.py:419 | Forces and Moments:
2025-03-18 09:41:04,966 | DEBUG    | car.py:423 | Slip Ratio and Angle:
2025-03-18 09:41:05,483 | INFO     | magic_formula_tire.py:461 | Generated force to slip lookup table.
2025-03-18 09:41:05,483 | DEBUG    | car.py:419 | Forces and Moments:
2025-03-18 09:41:05,483 | DEBUG    | car.py:423 | Slip Ratio and Angle:
2025-03-18 09:41:05,484 | DEBUG    | car.py:392 | Returning total forces in x direction. Forces are : ['x_friction', 'rolling_resistance']. Sum was 0
2025-03-18 09:41:05,484 | DEBUG    | car.py:392 | Returning total forces in x direction. Forces are : ['x_friction', 'rolling_resistance']. Sum was 0
2025-03-18 09:41:05,484 | DEBUG    | car.py:392 | Returning total forces in x direction. Forces are : ['x_friction', 'rolling_resistance']. Sum was 0
2025-03-18 09:41:05,485 | DEBUG    | car.py:392 | Returning total forces in x direction. Forces are : ['x_friction', 'rolling_resistance']. Sum was 0
2025-03-18 09:41:05,485 | DEBUG    | car.py:392 | Returning total forces in y direction. Forces are : ['y_friction']. Sum was 0
2025-03-18 09:41:05,485 | DEBUG    | car.py:392 | Returning total forces in y direction. Forces are : ['y_friction']. Sum was 0
2025-03-18 09:41:05,485 | DEBUG    | car.py:392 | Returning total forces in y direction. Forces are : ['y_friction']. Sum was 0
2025-03-18 09:41:05,485 | DEBUG    | car.py:392 | Returning total forces in y direction. Forces are : ['y_friction']. Sum was 0
2025-03-18 09:41:05,485 | INFO     | helper_functions.py:50 | Starting data update for front_right:{'vertical_load': np.float64(613.125)} at time 0.05
2025-03-18 09:41:05,486 | INFO     | helper_functions.py:50 | Starting data update for front_left:{'vertical_load': np.float64(613.125)} at time 0.05
2025-03-18 09:41:05,487 | INFO     | helper_functions.py:50 | Starting data update for rear_right:{'vertical_load': np.float64(613.125)} at time 0.05
2025-03-18 09:41:05,488 | INFO     | helper_functions.py:50 | Starting data update for rear_left:{'vertical_load': np.float64(613.125)} at time 0.05
2025-03-18 09:41:05,489 | INFO     | helper_functions.py:50 | Starting data update for front_right:{'x_friction': 0, 'y_friction': 0, 'rolling_resistance': 0} at time 0.05
2025-03-18 09:41:05,489 | INFO     | helper_functions.py:50 | Starting data update for front_left:{'x_friction': 0, 'y_friction': 0, 'rolling_resistance': 0} at time 0.05
2025-03-18 09:41:05,490 | INFO     | helper_functions.py:50 | Starting data update for rear_right:{'x_friction': 0, 'y_friction': 0, 'rolling_resistance': 0} at time 0.05
2025-03-18 09:41:05,490 | INFO     | helper_functions.py:50 | Starting data update for rear_left:{'x_friction': 0, 'y_friction': 0, 'rolling_resistance': 0} at time 0.05
2025-03-18 09:41:05,490 | INFO     | helper_functions.py:50 | Starting data update for cnt_grav:{'inertial_z': 0, 'inertial_x': 0, 'inertial_y': 0} at time 0.05
2025-03-18 09:41:05,491 | DEBUG    | car.py:392 | Returning total forces in x direction. Forces are : ['x_friction', 'rolling_resistance']. Sum was 0.0
2025-03-18 09:41:05,491 | DEBUG    | car.py:392 | Returning total forces in y direction. Forces are : ['y_friction']. Sum was 0.0
2025-03-18 09:41:05,491 | DEBUG    | car.py:392 | Returning total forces in z direction. Forces are : ['vertical_load']. Sum was 613.125
2025-03-18 09:41:05,491 | DEBUG    | car.py:392 | Returning total forces in x direction. Forces are : ['x_friction', 'rolling_resistance']. Sum was 0.0
2025-03-18 09:41:05,491 | DEBUG    | car.py:392 | Returning total forces in y direction. Forces are : ['y_friction']. Sum was 0.0
2025-03-18 09:41:05,491 | DEBUG    | car.py:392 | Returning total forces in z direction. Forces are : ['vertical_load']. Sum was 613.125
2025-03-18 09:41:05,491 | DEBUG    | car.py:392 | Returning total forces in x direction. Forces are : ['x_friction', 'rolling_resistance']. Sum was 0.0
2025-03-18 09:41:05,491 | DEBUG    | car.py:392 | Returning total forces in y direction. Forces are : ['y_friction']. Sum was 0.0
2025-03-18 09:41:05,492 | DEBUG    | car.py:392 | Returning total forces in z direction. Forces are : ['vertical_load']. Sum was 613.125
2025-03-18 09:41:05,492 | DEBUG    | car.py:392 | Returning total forces in x direction. Forces are : ['x_friction', 'rolling_resistance']. Sum was 0.0
2025-03-18 09:41:05,492 | DEBUG    | car.py:392 | Returning total forces in y direction. Forces are : ['y_friction']. Sum was 0.0
2025-03-18 09:41:05,492 | DEBUG    | car.py:392 | Returning total forces in z direction. Forces are : ['vertical_load']. Sum was 613.125
2025-03-18 09:41:05,492 | DEBUG    | car.py:392 | Returning total forces in x direction. Forces are : ['inertial_x']. Sum was 0
2025-03-18 09:41:05,492 | DEBUG    | car.py:392 | Returning total forces in y direction. Forces are : ['inertial_y']. Sum was 0
2025-03-18 09:41:05,492 | DEBUG    | car.py:392 | Returning total forces in z direction. Forces are : ['inertial_z']. Sum was 0
2025-03-18 09:41:05,492 | INFO     | car.py:286 | Timestep 0.05 had resultant forces of [np.float64(0.0), np.float64(0.0), np.float64(2452.5)] And resultant torques of [np.float64(1868.805), np.float64(1868.8049999999998), np.float64(0.0)]
2025-03-18 09:41:05,492 | INFO     | helper_functions.py:50 | Starting data update for vehicle_dataframe:{'acceleration': (np.float64(0.0), np.float64(0.0), np.float64(9.81))} at time 0.05
2025-03-18 09:41:05,492 | INFO     | helper_functions.py:50 | Starting data update for vehicle_dataframe:{'velocity': (np.float64(0.0), np.float64(0.0), 0), 'position': (np.float64(0.0), np.float64(0.0), 0)} at time 0.1
2025-03-18 09:41:05,494 | DEBUG    | car.py:105 | After forces are applied; Position = (np.float64(0.0), np.float64(0.0), 0) -- Velocity = (np.float64(0.0), np.float64(0.0), 0) --
2025-03-18 09:41:05,494 | DEBUG    | helper_functions.py:144 | All objects to combine were TimeSeries
2025-03-18 09:41:05,497 | INFO     | acceleration_tester.py:12 | Starting Acceleration.py Script
2025-03-18 09:41:05,497 | DEBUG    | car.py:392 | Returning total forces in x direction. Forces are : ['x_friction', 'rolling_resistance']. Sum was 0.0
2025-03-18 09:41:05,497 | DEBUG    | car.py:392 | Returning total forces in x direction. Forces are : ['x_friction', 'rolling_resistance']. Sum was 0.0
2025-03-18 09:41:05,497 | DEBUG    | car.py:392 | Returning total forces in x direction. Forces are : ['x_friction', 'rolling_resistance']. Sum was 0.0
2025-03-18 09:41:05,497 | DEBUG    | car.py:392 | Returning total forces in x direction. Forces are : ['x_friction', 'rolling_resistance']. Sum was 0.0
2025-03-18 09:41:05,498 | DEBUG    | car.py:392 | Returning total forces in y direction. Forces are : ['y_friction']. Sum was 0.0
2025-03-18 09:41:05,498 | DEBUG    | car.py:392 | Returning total forces in y direction. Forces are : ['y_friction']. Sum was 0.0
2025-03-18 09:41:05,498 | DEBUG    | car.py:392 | Returning total forces in y direction. Forces are : ['y_friction']. Sum was 0.0
2025-03-18 09:41:05,498 | DEBUG    | car.py:392 | Returning total forces in y direction. Forces are : ['y_friction']. Sum was 0.0
2025-03-18 09:41:05,498 | INFO     | helper_functions.py:50 | Starting data update for front_right:{'vertical_load': np.float64(613.125)} at time 0.05
2025-03-18 09:41:05,498 | INFO     | helper_functions.py:50 | Starting data update for front_left:{'vertical_load': np.float64(613.125)} at time 0.05
2025-03-18 09:41:05,498 | INFO     | helper_functions.py:50 | Starting data update for rear_right:{'vertical_load': np.float64(613.125)} at time 0.05
2025-03-18 09:41:05,498 | INFO     | helper_functions.py:50 | Starting data update for rear_left:{'vertical_load': np.float64(613.125)} at time 0.05
2025-03-18 09:41:05,499 | WARNING  | helper_functions.py:94 | Error: Time index '0.05' or column 'Fx' not found.
2025-03-18 09:41:05,499 | INFO     | helper_functions.py:50 | Starting data update for rear_right:{'Fx': np.float64(301.35982032999317), 'Fy': np.float64(-0.0), 'Fz': np.float64(613.125), 'Mz': np.float64(0.0), 'max_Fx': np.float64(500.8346537514665), 'desired_Fx': np.float64(500.8346537514665), 'desired_Fy': 0.0, 'slip_ratio': 2.8780625292603683, 'slip_angle': 0.0, 'angular_velocity': np.float64(nan), 'Vx': np.float64(0.0)} at time 0.05
2025-03-18 09:41:05,501 | INFO     | helper_functions.py:50 | Starting data update for rear_right:{'Fx': np.float64(301.35982032999317), 'Fy': np.float64(-0.0), 'Fz': np.float64(613.125), 'Mz': np.float64(0.0), 'max_Fx': np.float64(500.8346537514665), 'desired_Fx': np.float64(500.8346537514665), 'desired_Fy': 0, 'slip_ratio': 2.8780625292603683, 'slip_angle': 0.0, 'angular_velocity': np.float64(nan), 'Vx': np.float64(0.0), 'longitudinal_mode': 'accelerate'} at time 0.05
2025-03-18 09:41:05,501 | INFO     | helper_functions.py:50 | Starting data update for rear_right:{'x_friction': np.float64(301.35982032999317), 'y_friction': np.float64(-0.0)} at time 0.05
2025-03-18 09:41:05,502 | WARNING  | helper_functions.py:94 | Error: Time index '0.05' or column 'Fx' not found.
2025-03-18 09:41:05,502 | INFO     | helper_functions.py:50 | Starting data update for rear_left:{'Fx': np.float64(301.35982032999317), 'Fy': np.float64(-0.0), 'Fz': np.float64(613.125), 'Mz': np.float64(0.0), 'max_Fx': np.float64(500.8346537514665), 'desired_Fx': np.float64(500.8346537514665), 'desired_Fy': 0.0, 'slip_ratio': 2.8780625292603683, 'slip_angle': 0.0, 'angular_velocity': np.float64(nan), 'Vx': np.float64(0.0)} at time 0.05
2025-03-18 09:41:05,503 | INFO     | helper_functions.py:50 | Starting data update for rear_left:{'Fx': np.float64(301.35982032999317), 'Fy': np.float64(-0.0), 'Fz': np.float64(613.125), 'Mz': np.float64(0.0), 'max_Fx': np.float64(500.8346537514665), 'desired_Fx': np.float64(500.8346537514665), 'desired_Fy': 0, 'slip_ratio': 2.8780625292603683, 'slip_angle': 0.0, 'angular_velocity': np.float64(nan), 'Vx': np.float64(0.0), 'longitudinal_mode': 'accelerate'} at time 0.05
2025-03-18 09:41:05,503 | INFO     | helper_functions.py:50 | Starting data update for rear_left:{'x_friction': np.float64(301.35982032999317), 'y_friction': np.float64(-0.0)} at time 0.05
2025-03-18 09:41:05,503 | INFO     | helper_functions.py:50 | Starting data update for front_right:{'x_friction': 0, 'y_friction': 0, 'rolling_resistance': -100} at time 0.05
2025-03-18 09:41:05,503 | INFO     | helper_functions.py:50 | Starting data update for front_left:{'x_friction': 0, 'y_friction': 0, 'rolling_resistance': -100} at time 0.05
2025-03-18 09:41:05,504 | INFO     | helper_functions.py:50 | Starting data update for rear_right:{'x_friction': np.float64(301.35982032999317), 'y_friction': np.float64(-0.0), 'rolling_resistance': -100} at time 0.05
2025-03-18 09:41:05,504 | INFO     | helper_functions.py:50 | Starting data update for rear_left:{'x_friction': np.float64(301.35982032999317), 'y_friction': np.float64(-0.0), 'rolling_resistance': -100} at time 0.05
2025-03-18 09:41:05,504 | INFO     | helper_functions.py:50 | Starting data update for cnt_grav:{'inertial_z': 0, 'inertial_x': 0, 'inertial_y': 0} at time 0.05
2025-03-18 09:41:06,692 | INFO     | car.py:169 | Calculating resultants at time : 0.05
2025-03-18 09:41:06,693 | DEBUG    | car.py:392 | Returning total forces in x direction. Forces are : ['x_friction', 'rolling_resistance']. Sum was -100.0
2025-03-18 09:41:06,693 | DEBUG    | car.py:392 | Returning total forces in y direction. Forces are : ['y_friction']. Sum was 0.0
2025-03-18 09:41:06,693 | DEBUG    | car.py:392 | Returning total forces in z direction. Forces are : ['vertical_load']. Sum was 613.125
2025-03-18 09:41:06,693 | DEBUG    | car.py:392 | Returning total forces in x direction. Forces are : ['x_friction', 'rolling_resistance']. Sum was -100.0
2025-03-18 09:41:06,693 | DEBUG    | car.py:392 | Returning total forces in y direction. Forces are : ['y_friction']. Sum was 0.0
2025-03-18 09:41:06,693 | DEBUG    | car.py:392 | Returning total forces in z direction. Forces are : ['vertical_load']. Sum was 613.125
2025-03-18 09:41:06,693 | DEBUG    | car.py:392 | Returning total forces in x direction. Forces are : ['x_friction', 'rolling_resistance']. Sum was 201.35982032999317
2025-03-18 09:41:06,693 | DEBUG    | car.py:392 | Returning total forces in y direction. Forces are : ['y_friction']. Sum was 0.0
2025-03-18 09:41:06,694 | DEBUG    | car.py:392 | Returning total forces in z direction. Forces are : ['vertical_load']. Sum was 613.125
2025-03-18 09:41:06,694 | DEBUG    | car.py:392 | Returning total forces in x direction. Forces are : ['x_friction', 'rolling_resistance']. Sum was 201.35982032999317
2025-03-18 09:41:06,694 | DEBUG    | car.py:392 | Returning total forces in y direction. Forces are : ['y_friction']. Sum was 0.0
2025-03-18 09:41:06,694 | DEBUG    | car.py:392 | Returning total forces in z direction. Forces are : ['vertical_load']. Sum was 613.125
2025-03-18 09:41:06,694 | DEBUG    | car.py:392 | Returning total forces in x direction. Forces are : ['inertial_x']. Sum was 0
2025-03-18 09:41:06,694 | DEBUG    | car.py:392 | Returning total forces in y direction. Forces are : ['inertial_y']. Sum was 0
2025-03-18 09:41:06,694 | DEBUG    | car.py:392 | Returning total forces in z direction. Forces are : ['inertial_z']. Sum was 0
2025-03-18 09:41:06,694 | INFO     | car.py:286 | Timestep 0.05 had resultant forces of [np.float64(202.71964065998634), np.float64(0.0), np.float64(2452.5)] And resultant torques of [np.float64(1868.805), np.float64(1812.1651323995998), np.float64(304.8)]
2025-03-18 09:41:06,694 | INFO     | helper_functions.py:50 | Starting data update for vehicle_dataframe:{'acceleration': (np.float64(0.8108785626399454), np.float64(0.0), np.float64(9.81))} at time 0.05
2025-03-18 09:41:06,694 | INFO     | helper_functions.py:50 | Starting data update for vehicle_dataframe:{'velocity': (np.float64(0.040543928131997274), np.float64(0.0), 0), 'position': (np.float64(0.003040794609899796), np.float64(0.0), 0)} at time 0.1
2025-03-18 09:41:06,695 | DEBUG    | car.py:182 | After forces are applied; Position = (np.float64(0.003040794609899796), np.float64(0.0), 0) -- Velocity = (np.float64(0.040543928131997274), np.float64(0.0), 0) --
2025-03-18 09:41:06,697 | DEBUG    | car.py:392 | Returning total forces in x direction. Forces are : ['x_friction', 'rolling_resistance']. Sum was 201.35982032999317
2025-03-18 09:41:06,697 | DEBUG    | car.py:392 | Returning total forces in x direction. Forces are : ['x_friction', 'rolling_resistance']. Sum was 201.35982032999317
2025-03-18 09:41:06,697 | DEBUG    | car.py:392 | Returning total forces in x direction. Forces are : ['x_friction', 'rolling_resistance']. Sum was -100.0
2025-03-18 09:41:06,697 | DEBUG    | car.py:392 | Returning total forces in x direction. Forces are : ['x_friction', 'rolling_resistance']. Sum was -100.0
2025-03-18 09:41:06,697 | DEBUG    | car.py:392 | Returning total forces in y direction. Forces are : ['y_friction']. Sum was 0.0
2025-03-18 09:41:06,697 | DEBUG    | car.py:392 | Returning total forces in y direction. Forces are : ['y_friction']. Sum was 0.0
2025-03-18 09:41:06,697 | DEBUG    | car.py:392 | Returning total forces in y direction. Forces are : ['y_friction']. Sum was 0.0
2025-03-18 09:41:06,697 | DEBUG    | car.py:392 | Returning total forces in y direction. Forces are : ['y_friction']. Sum was 0.0
2025-03-18 09:41:06,697 | INFO     | helper_functions.py:50 | Starting data update for front_right:{'vertical_load': np.float64(502.6263992123358)} at time 0.1
2025-03-18 09:41:06,699 | INFO     | helper_functions.py:50 | Starting data update for front_left:{'vertical_load': np.float64(502.6263992123358)} at time 0.1
2025-03-18 09:41:06,700 | INFO     | helper_functions.py:50 | Starting data update for rear_right:{'vertical_load': np.float64(723.6236007876641)} at time 0.1
2025-03-18 09:41:06,701 | INFO     | helper_functions.py:50 | Starting data update for rear_left:{'vertical_load': np.float64(723.6236007876641)} at time 0.1
2025-03-18 09:41:06,702 | WARNING  | helper_functions.py:94 | Error: Time index '0.1' or column 'Fx' not found.
2025-03-18 09:41:06,703 | INFO     | helper_functions.py:50 | Starting data update for rear_right:{'Fx': np.float64(343.79469672603364), 'Fy': np.float64(-0.0), 'Fz': np.float64(723.6236007876641), 'Mz': np.float64(0.0), 'max_Fx': np.float64(581.4396313403475), 'desired_Fx': np.float64(581.4396313403475), 'desired_Fy': np.float64(0.0), 'slip_ratio': 3.4632022172017787, 'slip_angle': 0.0, 'angular_velocity': np.float64(nan), 'Vx': np.float64(0.040543928131997274)} at time 0.1
2025-03-18 09:41:06,704 | INFO     | helper_functions.py:50 | Starting data update for rear_right:{'Fx': np.float64(343.79469672603364), 'Fy': np.float64(-0.0), 'Fz': np.float64(723.6236007876641), 'Mz': np.float64(0.0), 'max_Fx': np.float64(581.4396313403475), 'desired_Fx': np.float64(581.4396313403475), 'desired_Fy': 0, 'slip_ratio': 3.4632022172017787, 'slip_angle': 0.0, 'angular_velocity': np.float64(nan), 'Vx': np.float64(0.040543928131997274), 'longitudinal_mode': 'accelerate'} at time 0.1
2025-03-18 09:41:06,705 | INFO     | helper_functions.py:50 | Starting data update for rear_right:{'x_friction': np.float64(343.79469672603364), 'y_friction': np.float64(-0.0)} at time 0.1
2025-03-18 09:41:06,705 | WARNING  | helper_functions.py:94 | Error: Time index '0.1' or column 'Fx' not found.
2025-03-18 09:41:06,706 | INFO     | helper_functions.py:50 | Starting data update for rear_left:{'Fx': np.float64(343.79469672603364), 'Fy': np.float64(-0.0), 'Fz': np.float64(723.6236007876641), 'Mz': np.float64(0.0), 'max_Fx': np.float64(581.4396313403475), 'desired_Fx': np.float64(581.4396313403475), 'desired_Fy': np.float64(0.0), 'slip_ratio': 3.4632022172017787, 'slip_angle': 0.0, 'angular_velocity': np.float64(nan), 'Vx': np.float64(0.040543928131997274)} at time 0.1
2025-03-18 09:41:06,707 | INFO     | helper_functions.py:50 | Starting data update for rear_left:{'Fx': np.float64(343.79469672603364), 'Fy': np.float64(-0.0), 'Fz': np.float64(723.6236007876641), 'Mz': np.float64(0.0), 'max_Fx': np.float64(581.4396313403475), 'desired_Fx': np.float64(581.4396313403475), 'desired_Fy': 0, 'slip_ratio': 3.4632022172017787, 'slip_angle': 0.0, 'angular_velocity': np.float64(nan), 'Vx': np.float64(0.040543928131997274), 'longitudinal_mode': 'accelerate'} at time 0.1
2025-03-18 09:41:06,708 | INFO     | helper_functions.py:50 | Starting data update for rear_left:{'x_friction': np.float64(343.79469672603364), 'y_friction': np.float64(-0.0)} at time 0.1
2025-03-18 09:41:06,708 | INFO     | helper_functions.py:50 | Starting data update for front_right:{'x_friction': 0, 'y_friction': 0, 'rolling_resistance': -100} at time 0.1
2025-03-18 09:41:06,708 | INFO     | helper_functions.py:50 | Starting data update for front_left:{'x_friction': 0, 'y_friction': 0, 'rolling_resistance': -100} at time 0.1
2025-03-18 09:41:06,708 | INFO     | helper_functions.py:50 | Starting data update for rear_right:{'x_friction': np.float64(343.79469672603364), 'y_friction': np.float64(-0.0), 'rolling_resistance': -100} at time 0.1
2025-03-18 09:41:06,708 | INFO     | helper_functions.py:50 | Starting data update for rear_left:{'x_friction': np.float64(343.79469672603364), 'y_friction': np.float64(-0.0), 'rolling_resistance': -100} at time 0.1
2025-03-18 09:41:06,708 | INFO     | helper_functions.py:50 | Starting data update for cnt_grav:{'inertial_z': 0, 'inertial_x': 0, 'inertial_y': 0} at time 0.1
2025-03-18 09:41:08,850 | INFO     | car.py:169 | Calculating resultants at time : 0.1
2025-03-18 09:41:08,851 | DEBUG    | car.py:392 | Returning total forces in x direction. Forces are : ['x_friction', 'rolling_resistance']. Sum was -100.0
2025-03-18 09:41:08,851 | DEBUG    | car.py:392 | Returning total forces in y direction. Forces are : ['y_friction']. Sum was 0.0
2025-03-18 09:41:08,852 | DEBUG    | car.py:392 | Returning total forces in z direction. Forces are : ['vertical_load']. Sum was 502.6263992123358
2025-03-18 09:41:08,852 | DEBUG    | car.py:392 | Returning total forces in x direction. Forces are : ['x_friction', 'rolling_resistance']. Sum was -100.0
2025-03-18 09:41:08,852 | DEBUG    | car.py:392 | Returning total forces in y direction. Forces are : ['y_friction']. Sum was 0.0
2025-03-18 09:41:08,852 | DEBUG    | car.py:392 | Returning total forces in z direction. Forces are : ['vertical_load']. Sum was 502.6263992123358
2025-03-18 09:41:08,852 | DEBUG    | car.py:392 | Returning total forces in x direction. Forces are : ['x_friction', 'rolling_resistance']. Sum was 243.79469672603364
2025-03-18 09:41:08,852 | DEBUG    | car.py:392 | Returning total forces in y direction. Forces are : ['y_friction']. Sum was 0.0
2025-03-18 09:41:08,852 | DEBUG    | car.py:392 | Returning total forces in z direction. Forces are : ['vertical_load']. Sum was 723.6236007876641
2025-03-18 09:41:08,852 | DEBUG    | car.py:392 | Returning total forces in x direction. Forces are : ['x_friction', 'rolling_resistance']. Sum was 243.79469672603364
2025-03-18 09:41:08,852 | DEBUG    | car.py:392 | Returning total forces in y direction. Forces are : ['y_friction']. Sum was 0.0
2025-03-18 09:41:08,852 | DEBUG    | car.py:392 | Returning total forces in z direction. Forces are : ['vertical_load']. Sum was 723.6236007876641
2025-03-18 09:41:08,853 | DEBUG    | car.py:392 | Returning total forces in x direction. Forces are : ['inertial_x']. Sum was 0
2025-03-18 09:41:08,853 | DEBUG    | car.py:392 | Returning total forces in y direction. Forces are : ['inertial_y']. Sum was 0
2025-03-18 09:41:08,853 | DEBUG    | car.py:392 | Returning total forces in z direction. Forces are : ['inertial_z']. Sum was 0
2025-03-18 09:41:08,853 | INFO     | car.py:286 | Timestep 0.1 had resultant forces of [np.float64(287.58939345206727), np.float64(0.0), np.float64(2452.5)] And resultant torques of [np.float64(1532.0052647991995), np.float64(1788.4525234694925), np.float64(304.8)]
2025-03-18 09:41:08,853 | INFO     | helper_functions.py:50 | Starting data update for vehicle_dataframe:{'acceleration': (np.float64(1.150357573808269), np.float64(0.0), np.float64(9.81))} at time 0.1
2025-03-18 09:41:08,853 | INFO     | helper_functions.py:50 | Starting data update for vehicle_dataframe:{'velocity': (np.float64(0.09806180682241072), np.float64(0.0), 0), 'position': (np.float64(0.00938183191828067), np.float64(0.0), 0)} at time 0.15000000000000002
2025-03-18 09:41:08,855 | DEBUG    | car.py:182 | After forces are applied; Position = (np.float64(0.00938183191828067), np.float64(0.0), 0) -- Velocity = (np.float64(0.09806180682241072), np.float64(0.0), 0) --
2025-03-18 09:44:02,201 | INFO     | magic_formula_tire.py:15 | Starting Car.py Script
2025-03-18 09:44:02,202 | INFO     | car.py:14 | Starting Car.py Script
2025-03-18 09:44:02,203 | INFO     | helper_functions.py:50 | Starting data update for vehicle_dataframe:{'velocity': (0, 0, 0), 'position': (0, 0, 0)} at time 0.05
2025-03-18 09:44:02,715 | INFO     | magic_formula_tire.py:461 | Generated force to slip lookup table.
2025-03-18 09:44:02,715 | DEBUG    | car.py:419 | Forces and Moments:
2025-03-18 09:44:02,716 | DEBUG    | car.py:423 | Slip Ratio and Angle:
2025-03-18 09:44:03,228 | INFO     | magic_formula_tire.py:461 | Generated force to slip lookup table.
2025-03-18 09:44:03,228 | DEBUG    | car.py:419 | Forces and Moments:
2025-03-18 09:44:03,228 | DEBUG    | car.py:423 | Slip Ratio and Angle:
2025-03-18 09:44:03,737 | INFO     | magic_formula_tire.py:461 | Generated force to slip lookup table.
2025-03-18 09:44:03,737 | DEBUG    | car.py:419 | Forces and Moments:
2025-03-18 09:44:03,738 | DEBUG    | car.py:423 | Slip Ratio and Angle:
2025-03-18 09:44:04,244 | INFO     | magic_formula_tire.py:461 | Generated force to slip lookup table.
2025-03-18 09:44:04,244 | DEBUG    | car.py:419 | Forces and Moments:
2025-03-18 09:44:04,244 | DEBUG    | car.py:423 | Slip Ratio and Angle:
2025-03-18 09:44:04,245 | DEBUG    | car.py:392 | Returning total forces in x direction. Forces are : ['x_friction', 'rolling_resistance']. Sum was 0
2025-03-18 09:44:04,245 | DEBUG    | car.py:392 | Returning total forces in x direction. Forces are : ['x_friction', 'rolling_resistance']. Sum was 0
2025-03-18 09:44:04,245 | DEBUG    | car.py:392 | Returning total forces in x direction. Forces are : ['x_friction', 'rolling_resistance']. Sum was 0
2025-03-18 09:44:04,245 | DEBUG    | car.py:392 | Returning total forces in x direction. Forces are : ['x_friction', 'rolling_resistance']. Sum was 0
2025-03-18 09:44:04,245 | DEBUG    | car.py:392 | Returning total forces in y direction. Forces are : ['y_friction']. Sum was 0
2025-03-18 09:44:04,245 | DEBUG    | car.py:392 | Returning total forces in y direction. Forces are : ['y_friction']. Sum was 0
2025-03-18 09:44:04,245 | DEBUG    | car.py:392 | Returning total forces in y direction. Forces are : ['y_friction']. Sum was 0
2025-03-18 09:44:04,245 | DEBUG    | car.py:392 | Returning total forces in y direction. Forces are : ['y_friction']. Sum was 0
2025-03-18 09:44:04,245 | INFO     | helper_functions.py:50 | Starting data update for front_right:{'vertical_load': np.float64(613.125)} at time 0.05
2025-03-18 09:44:04,247 | INFO     | helper_functions.py:50 | Starting data update for front_left:{'vertical_load': np.float64(613.125)} at time 0.05
2025-03-18 09:44:04,247 | INFO     | helper_functions.py:50 | Starting data update for rear_right:{'vertical_load': np.float64(613.125)} at time 0.05
2025-03-18 09:44:04,248 | INFO     | helper_functions.py:50 | Starting data update for rear_left:{'vertical_load': np.float64(613.125)} at time 0.05
2025-03-18 09:44:04,249 | INFO     | helper_functions.py:50 | Starting data update for front_right:{'x_friction': 0, 'y_friction': 0, 'rolling_resistance': 0} at time 0.05
2025-03-18 09:44:04,249 | INFO     | helper_functions.py:50 | Starting data update for front_left:{'x_friction': 0, 'y_friction': 0, 'rolling_resistance': 0} at time 0.05
2025-03-18 09:44:04,250 | INFO     | helper_functions.py:50 | Starting data update for rear_right:{'x_friction': 0, 'y_friction': 0, 'rolling_resistance': 0} at time 0.05
2025-03-18 09:44:04,250 | INFO     | helper_functions.py:50 | Starting data update for rear_left:{'x_friction': 0, 'y_friction': 0, 'rolling_resistance': 0} at time 0.05
2025-03-18 09:44:04,250 | INFO     | helper_functions.py:50 | Starting data update for cnt_grav:{'inertial_z': 0, 'inertial_x': 0, 'inertial_y': 0} at time 0.05
2025-03-18 09:44:04,251 | DEBUG    | car.py:392 | Returning total forces in x direction. Forces are : ['x_friction', 'rolling_resistance']. Sum was 0.0
2025-03-18 09:44:04,251 | DEBUG    | car.py:392 | Returning total forces in y direction. Forces are : ['y_friction']. Sum was 0.0
2025-03-18 09:44:04,251 | DEBUG    | car.py:392 | Returning total forces in z direction. Forces are : ['vertical_load']. Sum was 613.125
2025-03-18 09:44:04,251 | DEBUG    | car.py:392 | Returning total forces in x direction. Forces are : ['x_friction', 'rolling_resistance']. Sum was 0.0
2025-03-18 09:44:04,251 | DEBUG    | car.py:392 | Returning total forces in y direction. Forces are : ['y_friction']. Sum was 0.0
2025-03-18 09:44:04,251 | DEBUG    | car.py:392 | Returning total forces in z direction. Forces are : ['vertical_load']. Sum was 613.125
2025-03-18 09:44:04,251 | DEBUG    | car.py:392 | Returning total forces in x direction. Forces are : ['x_friction', 'rolling_resistance']. Sum was 0.0
2025-03-18 09:44:04,251 | DEBUG    | car.py:392 | Returning total forces in y direction. Forces are : ['y_friction']. Sum was 0.0
2025-03-18 09:44:04,251 | DEBUG    | car.py:392 | Returning total forces in z direction. Forces are : ['vertical_load']. Sum was 613.125
2025-03-18 09:44:04,251 | DEBUG    | car.py:392 | Returning total forces in x direction. Forces are : ['x_friction', 'rolling_resistance']. Sum was 0.0
2025-03-18 09:44:04,251 | DEBUG    | car.py:392 | Returning total forces in y direction. Forces are : ['y_friction']. Sum was 0.0
2025-03-18 09:44:04,251 | DEBUG    | car.py:392 | Returning total forces in z direction. Forces are : ['vertical_load']. Sum was 613.125
2025-03-18 09:44:04,251 | DEBUG    | car.py:392 | Returning total forces in x direction. Forces are : ['inertial_x']. Sum was 0
2025-03-18 09:44:04,251 | DEBUG    | car.py:392 | Returning total forces in y direction. Forces are : ['inertial_y']. Sum was 0
2025-03-18 09:44:04,252 | DEBUG    | car.py:392 | Returning total forces in z direction. Forces are : ['inertial_z']. Sum was 0
2025-03-18 09:44:04,252 | INFO     | car.py:286 | Timestep 0.05 had resultant forces of [np.float64(0.0), np.float64(0.0), np.float64(2452.5)] And resultant torques of [np.float64(1868.805), np.float64(1868.8049999999998), np.float64(0.0)]
2025-03-18 09:44:04,252 | INFO     | helper_functions.py:50 | Starting data update for vehicle_dataframe:{'acceleration': (np.float64(0.0), np.float64(0.0), np.float64(9.81))} at time 0.05
2025-03-18 09:44:04,252 | INFO     | helper_functions.py:50 | Starting data update for vehicle_dataframe:{'velocity': (np.float64(0.0), np.float64(0.0), 0), 'position': (np.float64(0.0), np.float64(0.0), 0)} at time 0.1
2025-03-18 09:44:04,253 | DEBUG    | car.py:105 | After forces are applied; Position = (np.float64(0.0), np.float64(0.0), 0) -- Velocity = (np.float64(0.0), np.float64(0.0), 0) --
2025-03-18 09:44:04,253 | DEBUG    | helper_functions.py:144 | All objects to combine were TimeSeries
2025-03-18 09:44:04,255 | INFO     | acceleration_tester.py:12 | Starting Acceleration.py Script
2025-03-18 09:44:04,255 | DEBUG    | car.py:392 | Returning total forces in x direction. Forces are : ['x_friction', 'rolling_resistance']. Sum was 0.0
2025-03-18 09:44:04,255 | DEBUG    | car.py:392 | Returning total forces in x direction. Forces are : ['x_friction', 'rolling_resistance']. Sum was 0.0
2025-03-18 09:44:04,255 | DEBUG    | car.py:392 | Returning total forces in x direction. Forces are : ['x_friction', 'rolling_resistance']. Sum was 0.0
2025-03-18 09:44:04,255 | DEBUG    | car.py:392 | Returning total forces in x direction. Forces are : ['x_friction', 'rolling_resistance']. Sum was 0.0
2025-03-18 09:44:04,256 | DEBUG    | car.py:392 | Returning total forces in y direction. Forces are : ['y_friction']. Sum was 0.0
2025-03-18 09:44:04,256 | DEBUG    | car.py:392 | Returning total forces in y direction. Forces are : ['y_friction']. Sum was 0.0
2025-03-18 09:44:04,256 | DEBUG    | car.py:392 | Returning total forces in y direction. Forces are : ['y_friction']. Sum was 0.0
2025-03-18 09:44:04,256 | DEBUG    | car.py:392 | Returning total forces in y direction. Forces are : ['y_friction']. Sum was 0.0
2025-03-18 09:44:04,256 | INFO     | helper_functions.py:50 | Starting data update for front_right:{'vertical_load': np.float64(613.125)} at time 0.05
2025-03-18 09:44:04,256 | INFO     | helper_functions.py:50 | Starting data update for front_left:{'vertical_load': np.float64(613.125)} at time 0.05
2025-03-18 09:44:04,256 | INFO     | helper_functions.py:50 | Starting data update for rear_right:{'vertical_load': np.float64(613.125)} at time 0.05
2025-03-18 09:44:04,256 | INFO     | helper_functions.py:50 | Starting data update for rear_left:{'vertical_load': np.float64(613.125)} at time 0.05
2025-03-18 09:44:04,257 | WARNING  | helper_functions.py:94 | Error: Time index '0.05' or column 'Fx' not found.
2025-03-18 09:44:04,257 | INFO     | helper_functions.py:50 | Starting data update for rear_right:{'Fx': np.float64(301.35982032999317), 'Fy': np.float64(-0.0), 'Fz': np.float64(613.125), 'Mz': np.float64(0.0), 'max_Fx': np.float64(500.8346537514665), 'desired_Fx': np.float64(500.8346537514665), 'desired_Fy': 0.0, 'slip_ratio': 2.8780625292603683, 'slip_angle': 0.0, 'angular_velocity': np.float64(nan), 'Vx': np.float64(0.0)} at time 0.05
2025-03-18 09:44:04,258 | INFO     | helper_functions.py:50 | Starting data update for rear_right:{'Fx': np.float64(301.35982032999317), 'Fy': np.float64(-0.0), 'Fz': np.float64(613.125), 'Mz': np.float64(0.0), 'max_Fx': np.float64(500.8346537514665), 'desired_Fx': np.float64(500.8346537514665), 'desired_Fy': 0, 'slip_ratio': 2.8780625292603683, 'slip_angle': 0.0, 'angular_velocity': np.float64(nan), 'Vx': np.float64(0.0), 'longitudinal_mode': 'accelerate'} at time 0.05
2025-03-18 09:44:04,258 | INFO     | helper_functions.py:50 | Starting data update for rear_right:{'x_friction': np.float64(301.35982032999317), 'y_friction': np.float64(-0.0)} at time 0.05
2025-03-18 09:44:04,259 | WARNING  | helper_functions.py:94 | Error: Time index '0.05' or column 'Fx' not found.
2025-03-18 09:44:04,259 | INFO     | helper_functions.py:50 | Starting data update for rear_left:{'Fx': np.float64(301.35982032999317), 'Fy': np.float64(-0.0), 'Fz': np.float64(613.125), 'Mz': np.float64(0.0), 'max_Fx': np.float64(500.8346537514665), 'desired_Fx': np.float64(500.8346537514665), 'desired_Fy': 0.0, 'slip_ratio': 2.8780625292603683, 'slip_angle': 0.0, 'angular_velocity': np.float64(nan), 'Vx': np.float64(0.0)} at time 0.05
2025-03-18 09:44:04,260 | INFO     | helper_functions.py:50 | Starting data update for rear_left:{'Fx': np.float64(301.35982032999317), 'Fy': np.float64(-0.0), 'Fz': np.float64(613.125), 'Mz': np.float64(0.0), 'max_Fx': np.float64(500.8346537514665), 'desired_Fx': np.float64(500.8346537514665), 'desired_Fy': 0, 'slip_ratio': 2.8780625292603683, 'slip_angle': 0.0, 'angular_velocity': np.float64(nan), 'Vx': np.float64(0.0), 'longitudinal_mode': 'accelerate'} at time 0.05
2025-03-18 09:44:04,260 | INFO     | helper_functions.py:50 | Starting data update for rear_left:{'x_friction': np.float64(301.35982032999317), 'y_friction': np.float64(-0.0)} at time 0.05
2025-03-18 09:44:04,260 | INFO     | helper_functions.py:50 | Starting data update for front_right:{'x_friction': 0, 'y_friction': 0, 'rolling_resistance': -100} at time 0.05
2025-03-18 09:44:04,260 | INFO     | helper_functions.py:50 | Starting data update for front_left:{'x_friction': 0, 'y_friction': 0, 'rolling_resistance': -100} at time 0.05
2025-03-18 09:44:04,260 | INFO     | helper_functions.py:50 | Starting data update for rear_right:{'x_friction': np.float64(301.35982032999317), 'y_friction': np.float64(-0.0), 'rolling_resistance': -100} at time 0.05
2025-03-18 09:44:04,261 | INFO     | helper_functions.py:50 | Starting data update for rear_left:{'x_friction': np.float64(301.35982032999317), 'y_friction': np.float64(-0.0), 'rolling_resistance': -100} at time 0.05
2025-03-18 09:44:04,261 | INFO     | helper_functions.py:50 | Starting data update for cnt_grav:{'inertial_z': 0, 'inertial_x': 0, 'inertial_y': 0} at time 0.05
2025-03-18 09:44:10,722 | INFO     | car.py:169 | Calculating resultants at time : 0.05
2025-03-18 09:44:10,724 | DEBUG    | car.py:392 | Returning total forces in x direction. Forces are : ['x_friction', 'rolling_resistance']. Sum was -100.0
2025-03-18 09:44:10,747 | DEBUG    | car.py:392 | Returning total forces in y direction. Forces are : ['y_friction']. Sum was 0.0
2025-03-18 09:44:10,747 | DEBUG    | car.py:392 | Returning total forces in z direction. Forces are : ['vertical_load']. Sum was 613.125
2025-03-18 09:44:10,748 | DEBUG    | car.py:392 | Returning total forces in x direction. Forces are : ['x_friction', 'rolling_resistance']. Sum was -100.0
2025-03-18 09:44:10,748 | DEBUG    | car.py:392 | Returning total forces in y direction. Forces are : ['y_friction']. Sum was 0.0
2025-03-18 09:44:10,748 | DEBUG    | car.py:392 | Returning total forces in z direction. Forces are : ['vertical_load']. Sum was 613.125
2025-03-18 09:44:10,748 | DEBUG    | car.py:392 | Returning total forces in x direction. Forces are : ['x_friction', 'rolling_resistance']. Sum was 201.35982032999317
2025-03-18 09:44:10,748 | DEBUG    | car.py:392 | Returning total forces in y direction. Forces are : ['y_friction']. Sum was 0.0
2025-03-18 09:44:10,748 | DEBUG    | car.py:392 | Returning total forces in z direction. Forces are : ['vertical_load']. Sum was 613.125
2025-03-18 09:44:10,749 | DEBUG    | car.py:392 | Returning total forces in x direction. Forces are : ['x_friction', 'rolling_resistance']. Sum was 201.35982032999317
2025-03-18 09:44:10,749 | DEBUG    | car.py:392 | Returning total forces in y direction. Forces are : ['y_friction']. Sum was 0.0
2025-03-18 09:44:10,749 | DEBUG    | car.py:392 | Returning total forces in z direction. Forces are : ['vertical_load']. Sum was 613.125
2025-03-18 09:44:10,749 | DEBUG    | car.py:392 | Returning total forces in x direction. Forces are : ['inertial_x']. Sum was 0
2025-03-18 09:44:10,749 | DEBUG    | car.py:392 | Returning total forces in y direction. Forces are : ['inertial_y']. Sum was 0
2025-03-18 09:44:10,749 | DEBUG    | car.py:392 | Returning total forces in z direction. Forces are : ['inertial_z']. Sum was 0
2025-03-18 09:44:10,749 | INFO     | car.py:286 | Timestep 0.05 had resultant forces of [np.float64(202.71964065998634), np.float64(0.0), np.float64(2452.5)] And resultant torques of [np.float64(1868.805), np.float64(1812.1651323995998), np.float64(304.8)]
2025-03-18 09:44:10,749 | INFO     | helper_functions.py:50 | Starting data update for vehicle_dataframe:{'acceleration': (np.float64(0.8108785626399454), np.float64(0.0), np.float64(9.81))} at time 0.05
2025-03-18 09:44:10,749 | INFO     | helper_functions.py:50 | Starting data update for vehicle_dataframe:{'velocity': (np.float64(0.040543928131997274), np.float64(0.0), 0), 'position': (np.float64(0.003040794609899796), np.float64(0.0), 0)} at time 0.1
2025-03-18 09:44:10,749 | DEBUG    | car.py:182 | After forces are applied; Position = (np.float64(0.003040794609899796), np.float64(0.0), 0) -- Velocity = (np.float64(0.040543928131997274), np.float64(0.0), 0) --
2025-03-18 09:44:10,752 | DEBUG    | car.py:392 | Returning total forces in x direction. Forces are : ['x_friction', 'rolling_resistance']. Sum was 201.35982032999317
2025-03-18 09:44:10,752 | DEBUG    | car.py:392 | Returning total forces in x direction. Forces are : ['x_friction', 'rolling_resistance']. Sum was 201.35982032999317
2025-03-18 09:44:10,752 | DEBUG    | car.py:392 | Returning total forces in x direction. Forces are : ['x_friction', 'rolling_resistance']. Sum was -100.0
2025-03-18 09:44:10,752 | DEBUG    | car.py:392 | Returning total forces in x direction. Forces are : ['x_friction', 'rolling_resistance']. Sum was -100.0
2025-03-18 09:44:10,752 | DEBUG    | car.py:392 | Returning total forces in y direction. Forces are : ['y_friction']. Sum was 0.0
2025-03-18 09:44:10,752 | DEBUG    | car.py:392 | Returning total forces in y direction. Forces are : ['y_friction']. Sum was 0.0
2025-03-18 09:44:10,752 | DEBUG    | car.py:392 | Returning total forces in y direction. Forces are : ['y_friction']. Sum was 0.0
2025-03-18 09:44:10,752 | DEBUG    | car.py:392 | Returning total forces in y direction. Forces are : ['y_friction']. Sum was 0.0
2025-03-18 09:44:10,752 | INFO     | helper_functions.py:50 | Starting data update for front_right:{'vertical_load': np.float64(502.6263992123358)} at time 0.1
2025-03-18 09:44:10,753 | INFO     | helper_functions.py:50 | Starting data update for front_left:{'vertical_load': np.float64(502.6263992123358)} at time 0.1
2025-03-18 09:44:10,754 | INFO     | helper_functions.py:50 | Starting data update for rear_right:{'vertical_load': np.float64(723.6236007876641)} at time 0.1
2025-03-18 09:44:10,755 | INFO     | helper_functions.py:50 | Starting data update for rear_left:{'vertical_load': np.float64(723.6236007876641)} at time 0.1
2025-03-18 09:44:10,756 | WARNING  | helper_functions.py:94 | Error: Time index '0.1' or column 'Fx' not found.
2025-03-18 09:44:10,756 | INFO     | helper_functions.py:50 | Starting data update for rear_right:{'Fx': np.float64(343.79469672603364), 'Fy': np.float64(-0.0), 'Fz': np.float64(723.6236007876641), 'Mz': np.float64(0.0), 'max_Fx': np.float64(581.4396313403475), 'desired_Fx': np.float64(581.4396313403475), 'desired_Fy': np.float64(0.0), 'slip_ratio': 3.4632022172017787, 'slip_angle': 0.0, 'angular_velocity': np.float64(nan), 'Vx': np.float64(0.040543928131997274)} at time 0.1
2025-03-18 09:44:10,757 | INFO     | helper_functions.py:50 | Starting data update for rear_right:{'Fx': np.float64(343.79469672603364), 'Fy': np.float64(-0.0), 'Fz': np.float64(723.6236007876641), 'Mz': np.float64(0.0), 'max_Fx': np.float64(581.4396313403475), 'desired_Fx': np.float64(581.4396313403475), 'desired_Fy': 0, 'slip_ratio': 3.4632022172017787, 'slip_angle': 0.0, 'angular_velocity': np.float64(nan), 'Vx': np.float64(0.040543928131997274), 'longitudinal_mode': 'accelerate'} at time 0.1
2025-03-18 09:44:10,757 | INFO     | helper_functions.py:50 | Starting data update for rear_right:{'x_friction': np.float64(343.79469672603364), 'y_friction': np.float64(-0.0)} at time 0.1
2025-03-18 09:44:10,757 | WARNING  | helper_functions.py:94 | Error: Time index '0.1' or column 'Fx' not found.
2025-03-18 09:44:10,758 | INFO     | helper_functions.py:50 | Starting data update for rear_left:{'Fx': np.float64(343.79469672603364), 'Fy': np.float64(-0.0), 'Fz': np.float64(723.6236007876641), 'Mz': np.float64(0.0), 'max_Fx': np.float64(581.4396313403475), 'desired_Fx': np.float64(581.4396313403475), 'desired_Fy': np.float64(0.0), 'slip_ratio': 3.4632022172017787, 'slip_angle': 0.0, 'angular_velocity': np.float64(nan), 'Vx': np.float64(0.040543928131997274)} at time 0.1
2025-03-18 09:44:10,758 | INFO     | helper_functions.py:50 | Starting data update for rear_left:{'Fx': np.float64(343.79469672603364), 'Fy': np.float64(-0.0), 'Fz': np.float64(723.6236007876641), 'Mz': np.float64(0.0), 'max_Fx': np.float64(581.4396313403475), 'desired_Fx': np.float64(581.4396313403475), 'desired_Fy': 0, 'slip_ratio': 3.4632022172017787, 'slip_angle': 0.0, 'angular_velocity': np.float64(nan), 'Vx': np.float64(0.040543928131997274), 'longitudinal_mode': 'accelerate'} at time 0.1
2025-03-18 09:44:10,759 | INFO     | helper_functions.py:50 | Starting data update for rear_left:{'x_friction': np.float64(343.79469672603364), 'y_friction': np.float64(-0.0)} at time 0.1
2025-03-18 09:44:10,759 | INFO     | helper_functions.py:50 | Starting data update for front_right:{'x_friction': 0, 'y_friction': 0, 'rolling_resistance': -100} at time 0.1
2025-03-18 09:44:10,759 | INFO     | helper_functions.py:50 | Starting data update for front_left:{'x_friction': 0, 'y_friction': 0, 'rolling_resistance': -100} at time 0.1
2025-03-18 09:44:10,759 | INFO     | helper_functions.py:50 | Starting data update for rear_right:{'x_friction': np.float64(343.79469672603364), 'y_friction': np.float64(-0.0), 'rolling_resistance': -100} at time 0.1
2025-03-18 09:44:10,759 | INFO     | helper_functions.py:50 | Starting data update for rear_left:{'x_friction': np.float64(343.79469672603364), 'y_friction': np.float64(-0.0), 'rolling_resistance': -100} at time 0.1
2025-03-18 09:44:10,759 | INFO     | helper_functions.py:50 | Starting data update for cnt_grav:{'inertial_z': 0, 'inertial_x': 0, 'inertial_y': 0} at time 0.1
2025-03-18 09:44:13,872 | INFO     | car.py:169 | Calculating resultants at time : 0.1
2025-03-18 09:44:13,873 | DEBUG    | car.py:392 | Returning total forces in x direction. Forces are : ['x_friction', 'rolling_resistance']. Sum was -100.0
2025-03-18 09:44:13,873 | DEBUG    | car.py:392 | Returning total forces in y direction. Forces are : ['y_friction']. Sum was 0.0
2025-03-18 09:44:13,874 | DEBUG    | car.py:392 | Returning total forces in z direction. Forces are : ['vertical_load']. Sum was 502.6263992123358
2025-03-18 09:44:13,874 | DEBUG    | car.py:392 | Returning total forces in x direction. Forces are : ['x_friction', 'rolling_resistance']. Sum was -100.0
2025-03-18 09:44:13,874 | DEBUG    | car.py:392 | Returning total forces in y direction. Forces are : ['y_friction']. Sum was 0.0
2025-03-18 09:44:13,874 | DEBUG    | car.py:392 | Returning total forces in z direction. Forces are : ['vertical_load']. Sum was 502.6263992123358
2025-03-18 09:44:13,874 | DEBUG    | car.py:392 | Returning total forces in x direction. Forces are : ['x_friction', 'rolling_resistance']. Sum was 243.79469672603364
2025-03-18 09:44:13,874 | DEBUG    | car.py:392 | Returning total forces in y direction. Forces are : ['y_friction']. Sum was 0.0
2025-03-18 09:44:13,874 | DEBUG    | car.py:392 | Returning total forces in z direction. Forces are : ['vertical_load']. Sum was 723.6236007876641
2025-03-18 09:44:13,874 | DEBUG    | car.py:392 | Returning total forces in x direction. Forces are : ['x_friction', 'rolling_resistance']. Sum was 243.79469672603364
2025-03-18 09:44:13,874 | DEBUG    | car.py:392 | Returning total forces in y direction. Forces are : ['y_friction']. Sum was 0.0
2025-03-18 09:44:13,874 | DEBUG    | car.py:392 | Returning total forces in z direction. Forces are : ['vertical_load']. Sum was 723.6236007876641
2025-03-18 09:44:13,874 | DEBUG    | car.py:392 | Returning total forces in x direction. Forces are : ['inertial_x']. Sum was 0
2025-03-18 09:44:13,874 | DEBUG    | car.py:392 | Returning total forces in y direction. Forces are : ['inertial_y']. Sum was 0
2025-03-18 09:44:13,874 | DEBUG    | car.py:392 | Returning total forces in z direction. Forces are : ['inertial_z']. Sum was 0
2025-03-18 09:44:13,875 | INFO     | car.py:286 | Timestep 0.1 had resultant forces of [np.float64(287.58939345206727), np.float64(0.0), np.float64(2452.5)] And resultant torques of [np.float64(1532.0052647991995), np.float64(1788.4525234694925), np.float64(304.8)]
2025-03-18 09:44:13,875 | INFO     | helper_functions.py:50 | Starting data update for vehicle_dataframe:{'acceleration': (np.float64(1.150357573808269), np.float64(0.0), np.float64(9.81))} at time 0.1
2025-03-18 09:44:13,875 | INFO     | helper_functions.py:50 | Starting data update for vehicle_dataframe:{'velocity': (np.float64(0.09806180682241072), np.float64(0.0), 0), 'position': (np.float64(0.00938183191828067), np.float64(0.0), 0)} at time 0.15000000000000002
2025-03-18 09:44:13,876 | DEBUG    | car.py:182 | After forces are applied; Position = (np.float64(0.00938183191828067), np.float64(0.0), 0) -- Velocity = (np.float64(0.09806180682241072), np.float64(0.0), 0) --
2025-03-18 09:53:07,097 | INFO     | magic_formula_tire.py:15 | Starting Car.py Script
2025-03-18 09:53:07,098 | INFO     | car.py:14 | Starting Car.py Script
2025-03-18 09:53:07,100 | INFO     | helper_functions.py:50 | Starting data update for vehicle_dataframe:{'velocity': (0, 0, 0), 'position': (0, 0, 0)} at time 5
2025-03-18 09:53:07,611 | INFO     | magic_formula_tire.py:461 | Generated force to slip lookup table.
2025-03-18 09:53:07,612 | DEBUG    | car.py:420 | Forces and Moments:
2025-03-18 09:53:07,612 | DEBUG    | car.py:424 | Slip Ratio and Angle:
2025-03-18 09:53:08,118 | INFO     | magic_formula_tire.py:461 | Generated force to slip lookup table.
2025-03-18 09:53:08,119 | DEBUG    | car.py:420 | Forces and Moments:
2025-03-18 09:53:08,119 | DEBUG    | car.py:424 | Slip Ratio and Angle:
2025-03-18 09:53:08,625 | INFO     | magic_formula_tire.py:461 | Generated force to slip lookup table.
2025-03-18 09:53:08,625 | DEBUG    | car.py:420 | Forces and Moments:
2025-03-18 09:53:08,625 | DEBUG    | car.py:424 | Slip Ratio and Angle:
2025-03-18 09:53:09,134 | INFO     | magic_formula_tire.py:461 | Generated force to slip lookup table.
2025-03-18 09:53:09,135 | DEBUG    | car.py:420 | Forces and Moments:
2025-03-18 09:53:09,135 | DEBUG    | car.py:424 | Slip Ratio and Angle:
2025-03-18 09:53:09,136 | DEBUG    | car.py:393 | Returning total forces in x direction. Forces are : ['x_friction', 'rolling_resistance']. Sum was 0
2025-03-18 09:53:09,136 | DEBUG    | car.py:393 | Returning total forces in x direction. Forces are : ['x_friction', 'rolling_resistance']. Sum was 0
2025-03-18 09:53:09,136 | DEBUG    | car.py:393 | Returning total forces in x direction. Forces are : ['x_friction', 'rolling_resistance']. Sum was 0
2025-03-18 09:53:09,136 | DEBUG    | car.py:393 | Returning total forces in x direction. Forces are : ['x_friction', 'rolling_resistance']. Sum was 0
2025-03-18 09:53:09,136 | DEBUG    | car.py:393 | Returning total forces in y direction. Forces are : ['y_friction']. Sum was 0
2025-03-18 09:53:09,136 | DEBUG    | car.py:393 | Returning total forces in y direction. Forces are : ['y_friction']. Sum was 0
2025-03-18 09:53:09,136 | DEBUG    | car.py:393 | Returning total forces in y direction. Forces are : ['y_friction']. Sum was 0
2025-03-18 09:53:09,136 | DEBUG    | car.py:393 | Returning total forces in y direction. Forces are : ['y_friction']. Sum was 0
2025-03-18 09:53:09,136 | INFO     | helper_functions.py:50 | Starting data update for front_right:{'vertical_load': np.float64(613.125)} at time 5
2025-03-18 09:53:09,138 | INFO     | helper_functions.py:50 | Starting data update for front_left:{'vertical_load': np.float64(613.125)} at time 5
2025-03-18 09:53:09,138 | INFO     | helper_functions.py:50 | Starting data update for rear_right:{'vertical_load': np.float64(613.125)} at time 5
2025-03-18 09:53:09,139 | INFO     | helper_functions.py:50 | Starting data update for rear_left:{'vertical_load': np.float64(613.125)} at time 5
2025-03-18 09:53:09,140 | INFO     | helper_functions.py:50 | Starting data update for front_right:{'x_friction': 0, 'y_friction': 0, 'rolling_resistance': 0} at time 5
2025-03-18 09:53:09,140 | INFO     | helper_functions.py:50 | Starting data update for front_left:{'x_friction': 0, 'y_friction': 0, 'rolling_resistance': 0} at time 5
2025-03-18 09:53:09,140 | INFO     | helper_functions.py:50 | Starting data update for rear_right:{'x_friction': 0, 'y_friction': 0, 'rolling_resistance': 0} at time 5
2025-03-18 09:53:09,140 | INFO     | helper_functions.py:50 | Starting data update for rear_left:{'x_friction': 0, 'y_friction': 0, 'rolling_resistance': 0} at time 5
2025-03-18 09:53:09,141 | INFO     | helper_functions.py:50 | Starting data update for cnt_grav:{'inertial_z': 0, 'inertial_x': 0, 'inertial_y': 0} at time 5
2025-03-18 09:53:09,141 | DEBUG    | car.py:393 | Returning total forces in x direction. Forces are : ['x_friction', 'rolling_resistance']. Sum was 0.0
2025-03-18 09:53:09,141 | DEBUG    | car.py:393 | Returning total forces in y direction. Forces are : ['y_friction']. Sum was 0.0
2025-03-18 09:53:09,141 | DEBUG    | car.py:393 | Returning total forces in z direction. Forces are : ['vertical_load']. Sum was 613.125
2025-03-18 09:53:09,141 | DEBUG    | car.py:393 | Returning total forces in x direction. Forces are : ['x_friction', 'rolling_resistance']. Sum was 0.0
2025-03-18 09:53:09,142 | DEBUG    | car.py:393 | Returning total forces in y direction. Forces are : ['y_friction']. Sum was 0.0
2025-03-18 09:53:09,142 | DEBUG    | car.py:393 | Returning total forces in z direction. Forces are : ['vertical_load']. Sum was 613.125
2025-03-18 09:53:09,142 | DEBUG    | car.py:393 | Returning total forces in x direction. Forces are : ['x_friction', 'rolling_resistance']. Sum was 0.0
2025-03-18 09:53:09,142 | DEBUG    | car.py:393 | Returning total forces in y direction. Forces are : ['y_friction']. Sum was 0.0
2025-03-18 09:53:09,142 | DEBUG    | car.py:393 | Returning total forces in z direction. Forces are : ['vertical_load']. Sum was 613.125
2025-03-18 09:53:09,142 | DEBUG    | car.py:393 | Returning total forces in x direction. Forces are : ['x_friction', 'rolling_resistance']. Sum was 0.0
2025-03-18 09:53:09,142 | DEBUG    | car.py:393 | Returning total forces in y direction. Forces are : ['y_friction']. Sum was 0.0
2025-03-18 09:53:09,142 | DEBUG    | car.py:393 | Returning total forces in z direction. Forces are : ['vertical_load']. Sum was 613.125
2025-03-18 09:53:09,142 | DEBUG    | car.py:393 | Returning total forces in x direction. Forces are : ['inertial_x']. Sum was 0
2025-03-18 09:53:09,142 | DEBUG    | car.py:393 | Returning total forces in y direction. Forces are : ['inertial_y']. Sum was 0
2025-03-18 09:53:09,142 | DEBUG    | car.py:393 | Returning total forces in z direction. Forces are : ['inertial_z']. Sum was 0
2025-03-18 09:53:09,142 | INFO     | car.py:287 | Timestep 5 had resultant forces of [np.float64(0.0), np.float64(0.0), np.float64(2452.5)] And resultant torques of [np.float64(1868.805), np.float64(1868.8049999999998), np.float64(0.0)]
2025-03-18 09:53:09,142 | INFO     | helper_functions.py:50 | Starting data update for vehicle_dataframe:{'acceleration': (np.float64(0.0), np.float64(0.0), np.float64(9.81))} at time 5
2025-03-18 09:53:09,142 | INFO     | helper_functions.py:50 | Starting data update for vehicle_dataframe:{'velocity': (np.float64(0.0), np.float64(0.0), 0), 'position': (np.float64(0.0), np.float64(0.0), 0)} at time 10
2025-03-18 09:53:09,143 | DEBUG    | car.py:105 | After forces are applied; Position = (np.float64(0.0), np.float64(0.0), 0) -- Velocity = (np.float64(0.0), np.float64(0.0), 0) --
2025-03-18 09:53:09,143 | DEBUG    | helper_functions.py:144 | All objects to combine were TimeSeries
2025-03-18 09:53:09,146 | INFO     | acceleration_tester.py:12 | Starting Acceleration.py Script
2025-03-18 09:53:09,146 | DEBUG    | car.py:393 | Returning total forces in x direction. Forces are : ['x_friction', 'rolling_resistance']. Sum was 0.0
2025-03-18 09:53:09,146 | DEBUG    | car.py:393 | Returning total forces in x direction. Forces are : ['x_friction', 'rolling_resistance']. Sum was 0.0
2025-03-18 09:53:09,146 | DEBUG    | car.py:393 | Returning total forces in x direction. Forces are : ['x_friction', 'rolling_resistance']. Sum was 0.0
2025-03-18 09:53:09,146 | DEBUG    | car.py:393 | Returning total forces in x direction. Forces are : ['x_friction', 'rolling_resistance']. Sum was 0.0
2025-03-18 09:53:09,146 | DEBUG    | car.py:393 | Returning total forces in y direction. Forces are : ['y_friction']. Sum was 0.0
2025-03-18 09:53:09,146 | DEBUG    | car.py:393 | Returning total forces in y direction. Forces are : ['y_friction']. Sum was 0.0
2025-03-18 09:53:09,146 | DEBUG    | car.py:393 | Returning total forces in y direction. Forces are : ['y_friction']. Sum was 0.0
2025-03-18 09:53:09,146 | DEBUG    | car.py:393 | Returning total forces in y direction. Forces are : ['y_friction']. Sum was 0.0
2025-03-18 09:53:09,146 | INFO     | helper_functions.py:50 | Starting data update for front_right:{'vertical_load': np.float64(613.125)} at time 5
2025-03-18 09:53:09,147 | INFO     | helper_functions.py:50 | Starting data update for front_left:{'vertical_load': np.float64(613.125)} at time 5
2025-03-18 09:53:09,147 | INFO     | helper_functions.py:50 | Starting data update for rear_right:{'vertical_load': np.float64(613.125)} at time 5
2025-03-18 09:53:09,147 | INFO     | helper_functions.py:50 | Starting data update for rear_left:{'vertical_load': np.float64(613.125)} at time 5
2025-03-18 09:53:09,147 | WARNING  | helper_functions.py:94 | Error: Time index '5' or column 'Fx' not found.
2025-03-18 09:53:09,147 | INFO     | helper_functions.py:50 | Starting data update for rear_right:{'Fx': np.float64(301.35982032999317), 'Fy': np.float64(-0.0), 'Fz': np.float64(613.125), 'Mz': np.float64(0.0), 'max_Fx': np.float64(500.8346537514665), 'desired_Fx': np.float64(500.8346537514665), 'desired_Fy': 0.0, 'slip_ratio': 2.8780625292603683, 'slip_angle': 0.0, 'angular_velocity': np.float64(nan), 'Vx': np.float64(0.0)} at time 5
2025-03-18 09:53:09,148 | INFO     | helper_functions.py:50 | Starting data update for rear_right:{'Fx': np.float64(301.35982032999317), 'Fy': np.float64(-0.0), 'Fz': np.float64(613.125), 'Mz': np.float64(0.0), 'max_Fx': np.float64(500.8346537514665), 'desired_Fx': np.float64(500.8346537514665), 'desired_Fy': 0, 'slip_ratio': 2.8780625292603683, 'slip_angle': 0.0, 'angular_velocity': np.float64(nan), 'Vx': np.float64(0.0), 'longitudinal_mode': 'accelerate'} at time 5
2025-03-18 09:53:09,149 | INFO     | helper_functions.py:50 | Starting data update for rear_right:{'x_friction': np.float64(301.35982032999317), 'y_friction': np.float64(-0.0)} at time 5
2025-03-18 09:53:09,149 | WARNING  | helper_functions.py:94 | Error: Time index '5' or column 'Fx' not found.
2025-03-18 09:53:09,149 | INFO     | helper_functions.py:50 | Starting data update for rear_left:{'Fx': np.float64(301.35982032999317), 'Fy': np.float64(-0.0), 'Fz': np.float64(613.125), 'Mz': np.float64(0.0), 'max_Fx': np.float64(500.8346537514665), 'desired_Fx': np.float64(500.8346537514665), 'desired_Fy': 0.0, 'slip_ratio': 2.8780625292603683, 'slip_angle': 0.0, 'angular_velocity': np.float64(nan), 'Vx': np.float64(0.0)} at time 5
2025-03-18 09:53:09,150 | INFO     | helper_functions.py:50 | Starting data update for rear_left:{'Fx': np.float64(301.35982032999317), 'Fy': np.float64(-0.0), 'Fz': np.float64(613.125), 'Mz': np.float64(0.0), 'max_Fx': np.float64(500.8346537514665), 'desired_Fx': np.float64(500.8346537514665), 'desired_Fy': 0, 'slip_ratio': 2.8780625292603683, 'slip_angle': 0.0, 'angular_velocity': np.float64(nan), 'Vx': np.float64(0.0), 'longitudinal_mode': 'accelerate'} at time 5
2025-03-18 09:53:09,151 | INFO     | helper_functions.py:50 | Starting data update for rear_left:{'x_friction': np.float64(301.35982032999317), 'y_friction': np.float64(-0.0)} at time 5
2025-03-18 09:53:09,151 | INFO     | helper_functions.py:50 | Starting data update for front_right:{'x_friction': 0, 'y_friction': 0, 'rolling_resistance': -100} at time 5
2025-03-18 09:53:09,151 | INFO     | helper_functions.py:50 | Starting data update for front_left:{'x_friction': 0, 'y_friction': 0, 'rolling_resistance': -100} at time 5
2025-03-18 09:53:09,151 | INFO     | helper_functions.py:50 | Starting data update for rear_right:{'x_friction': np.float64(301.35982032999317), 'y_friction': np.float64(-0.0), 'rolling_resistance': -100} at time 5
2025-03-18 09:53:09,151 | INFO     | helper_functions.py:50 | Starting data update for rear_left:{'x_friction': np.float64(301.35982032999317), 'y_friction': np.float64(-0.0), 'rolling_resistance': -100} at time 5
2025-03-18 09:53:09,151 | INFO     | helper_functions.py:50 | Starting data update for cnt_grav:{'inertial_z': 0, 'inertial_x': 0, 'inertial_y': 0} at time 5
2025-03-18 09:53:46,200 | INFO     | magic_formula_tire.py:15 | Starting Car.py Script
2025-03-18 09:53:46,201 | INFO     | car.py:14 | Starting Car.py Script
2025-03-18 09:53:46,202 | INFO     | helper_functions.py:50 | Starting data update for vehicle_dataframe:{'velocity': (0, 0, 0), 'position': (0, 0, 0)} at time 5
2025-03-18 09:53:46,716 | INFO     | magic_formula_tire.py:461 | Generated force to slip lookup table.
2025-03-18 09:53:46,717 | DEBUG    | car.py:420 | Forces and Moments:
2025-03-18 09:53:46,717 | DEBUG    | car.py:424 | Slip Ratio and Angle:
2025-03-18 09:53:47,229 | INFO     | magic_formula_tire.py:461 | Generated force to slip lookup table.
2025-03-18 09:53:47,230 | DEBUG    | car.py:420 | Forces and Moments:
2025-03-18 09:53:47,230 | DEBUG    | car.py:424 | Slip Ratio and Angle:
2025-03-18 09:53:47,739 | INFO     | magic_formula_tire.py:461 | Generated force to slip lookup table.
2025-03-18 09:53:47,739 | DEBUG    | car.py:420 | Forces and Moments:
2025-03-18 09:53:47,740 | DEBUG    | car.py:424 | Slip Ratio and Angle:
2025-03-18 09:53:48,250 | INFO     | magic_formula_tire.py:461 | Generated force to slip lookup table.
2025-03-18 09:53:48,250 | DEBUG    | car.py:420 | Forces and Moments:
2025-03-18 09:53:48,250 | DEBUG    | car.py:424 | Slip Ratio and Angle:
2025-03-18 09:53:48,251 | DEBUG    | car.py:393 | Returning total forces in x direction. Forces are : ['x_friction', 'rolling_resistance']. Sum was 0
2025-03-18 09:53:48,251 | DEBUG    | car.py:393 | Returning total forces in x direction. Forces are : ['x_friction', 'rolling_resistance']. Sum was 0
2025-03-18 09:53:48,251 | DEBUG    | car.py:393 | Returning total forces in x direction. Forces are : ['x_friction', 'rolling_resistance']. Sum was 0
2025-03-18 09:53:48,251 | DEBUG    | car.py:393 | Returning total forces in x direction. Forces are : ['x_friction', 'rolling_resistance']. Sum was 0
2025-03-18 09:53:48,251 | DEBUG    | car.py:393 | Returning total forces in y direction. Forces are : ['y_friction']. Sum was 0
2025-03-18 09:53:48,252 | DEBUG    | car.py:393 | Returning total forces in y direction. Forces are : ['y_friction']. Sum was 0
2025-03-18 09:53:48,252 | DEBUG    | car.py:393 | Returning total forces in y direction. Forces are : ['y_friction']. Sum was 0
2025-03-18 09:53:48,252 | DEBUG    | car.py:393 | Returning total forces in y direction. Forces are : ['y_friction']. Sum was 0
2025-03-18 09:53:48,252 | INFO     | helper_functions.py:50 | Starting data update for front_right:{'vertical_load': np.float64(613.125)} at time 5
2025-03-18 09:53:48,253 | INFO     | helper_functions.py:50 | Starting data update for front_left:{'vertical_load': np.float64(613.125)} at time 5
2025-03-18 09:53:48,254 | INFO     | helper_functions.py:50 | Starting data update for rear_right:{'vertical_load': np.float64(613.125)} at time 5
2025-03-18 09:53:48,255 | INFO     | helper_functions.py:50 | Starting data update for rear_left:{'vertical_load': np.float64(613.125)} at time 5
2025-03-18 09:53:48,256 | INFO     | helper_functions.py:50 | Starting data update for front_right:{'x_friction': 0, 'y_friction': 0, 'rolling_resistance': 0} at time 5
2025-03-18 09:53:48,256 | INFO     | helper_functions.py:50 | Starting data update for front_left:{'x_friction': 0, 'y_friction': 0, 'rolling_resistance': 0} at time 5
2025-03-18 09:53:48,256 | INFO     | helper_functions.py:50 | Starting data update for rear_right:{'x_friction': 0, 'y_friction': 0, 'rolling_resistance': 0} at time 5
2025-03-18 09:53:48,256 | INFO     | helper_functions.py:50 | Starting data update for rear_left:{'x_friction': 0, 'y_friction': 0, 'rolling_resistance': 0} at time 5
2025-03-18 09:53:48,257 | INFO     | helper_functions.py:50 | Starting data update for cnt_grav:{'inertial_z': 0, 'inertial_x': 0, 'inertial_y': 0} at time 5
2025-03-18 09:53:48,257 | DEBUG    | car.py:393 | Returning total forces in x direction. Forces are : ['x_friction', 'rolling_resistance']. Sum was 0.0
2025-03-18 09:53:48,257 | DEBUG    | car.py:393 | Returning total forces in y direction. Forces are : ['y_friction']. Sum was 0.0
2025-03-18 09:53:48,258 | DEBUG    | car.py:393 | Returning total forces in z direction. Forces are : ['vertical_load']. Sum was 613.125
2025-03-18 09:53:48,258 | DEBUG    | car.py:393 | Returning total forces in x direction. Forces are : ['x_friction', 'rolling_resistance']. Sum was 0.0
2025-03-18 09:53:48,258 | DEBUG    | car.py:393 | Returning total forces in y direction. Forces are : ['y_friction']. Sum was 0.0
2025-03-18 09:53:48,258 | DEBUG    | car.py:393 | Returning total forces in z direction. Forces are : ['vertical_load']. Sum was 613.125
2025-03-18 09:53:48,258 | DEBUG    | car.py:393 | Returning total forces in x direction. Forces are : ['x_friction', 'rolling_resistance']. Sum was 0.0
2025-03-18 09:53:48,258 | DEBUG    | car.py:393 | Returning total forces in y direction. Forces are : ['y_friction']. Sum was 0.0
2025-03-18 09:53:48,258 | DEBUG    | car.py:393 | Returning total forces in z direction. Forces are : ['vertical_load']. Sum was 613.125
2025-03-18 09:53:48,258 | DEBUG    | car.py:393 | Returning total forces in x direction. Forces are : ['x_friction', 'rolling_resistance']. Sum was 0.0
2025-03-18 09:53:48,258 | DEBUG    | car.py:393 | Returning total forces in y direction. Forces are : ['y_friction']. Sum was 0.0
2025-03-18 09:53:48,258 | DEBUG    | car.py:393 | Returning total forces in z direction. Forces are : ['vertical_load']. Sum was 613.125
2025-03-18 09:53:48,258 | DEBUG    | car.py:393 | Returning total forces in x direction. Forces are : ['inertial_x']. Sum was 0
2025-03-18 09:53:48,258 | DEBUG    | car.py:393 | Returning total forces in y direction. Forces are : ['inertial_y']. Sum was 0
2025-03-18 09:53:48,258 | DEBUG    | car.py:393 | Returning total forces in z direction. Forces are : ['inertial_z']. Sum was 0
2025-03-18 09:53:48,258 | INFO     | car.py:287 | Timestep 5 had resultant forces of [np.float64(0.0), np.float64(0.0), np.float64(2452.5)] And resultant torques of [np.float64(1868.805), np.float64(1868.8049999999998), np.float64(0.0)]
2025-03-18 09:53:48,259 | INFO     | helper_functions.py:50 | Starting data update for vehicle_dataframe:{'acceleration': (np.float64(0.0), np.float64(0.0), np.float64(9.81))} at time 5
2025-03-18 09:53:48,259 | INFO     | helper_functions.py:50 | Starting data update for vehicle_dataframe:{'velocity': (np.float64(0.0), np.float64(0.0), 0), 'position': (np.float64(0.0), np.float64(0.0), 0)} at time 10
2025-03-18 09:53:48,259 | DEBUG    | car.py:105 | After forces are applied; Position = (np.float64(0.0), np.float64(0.0), 0) -- Velocity = (np.float64(0.0), np.float64(0.0), 0) --
2025-03-18 09:53:48,260 | DEBUG    | helper_functions.py:144 | All objects to combine were TimeSeries
2025-03-18 09:53:48,262 | INFO     | acceleration_tester.py:12 | Starting Acceleration.py Script
2025-03-18 09:53:48,262 | DEBUG    | car.py:393 | Returning total forces in x direction. Forces are : ['x_friction', 'rolling_resistance']. Sum was 0.0
2025-03-18 09:53:48,262 | DEBUG    | car.py:393 | Returning total forces in x direction. Forces are : ['x_friction', 'rolling_resistance']. Sum was 0.0
2025-03-18 09:53:48,262 | DEBUG    | car.py:393 | Returning total forces in x direction. Forces are : ['x_friction', 'rolling_resistance']. Sum was 0.0
2025-03-18 09:53:48,263 | DEBUG    | car.py:393 | Returning total forces in x direction. Forces are : ['x_friction', 'rolling_resistance']. Sum was 0.0
2025-03-18 09:53:48,263 | DEBUG    | car.py:393 | Returning total forces in y direction. Forces are : ['y_friction']. Sum was 0.0
2025-03-18 09:53:48,263 | DEBUG    | car.py:393 | Returning total forces in y direction. Forces are : ['y_friction']. Sum was 0.0
2025-03-18 09:53:48,263 | DEBUG    | car.py:393 | Returning total forces in y direction. Forces are : ['y_friction']. Sum was 0.0
2025-03-18 09:53:48,263 | DEBUG    | car.py:393 | Returning total forces in y direction. Forces are : ['y_friction']. Sum was 0.0
2025-03-18 09:53:48,263 | INFO     | helper_functions.py:50 | Starting data update for front_right:{'vertical_load': np.float64(613.125)} at time 5
2025-03-18 09:53:48,263 | INFO     | helper_functions.py:50 | Starting data update for front_left:{'vertical_load': np.float64(613.125)} at time 5
2025-03-18 09:53:48,263 | INFO     | helper_functions.py:50 | Starting data update for rear_right:{'vertical_load': np.float64(613.125)} at time 5
2025-03-18 09:53:48,263 | INFO     | helper_functions.py:50 | Starting data update for rear_left:{'vertical_load': np.float64(613.125)} at time 5
2025-03-18 09:53:48,264 | WARNING  | helper_functions.py:94 | Error: Time index '5' or column 'Fx' not found.
2025-03-18 09:53:48,264 | INFO     | helper_functions.py:50 | Starting data update for rear_right:{'Fx': np.float64(301.35982032999317), 'Fy': np.float64(-0.0), 'Fz': np.float64(613.125), 'Mz': np.float64(0.0), 'max_Fx': np.float64(500.8346537514665), 'desired_Fx': np.float64(500.8346537514665), 'desired_Fy': 0.0, 'slip_ratio': 2.8780625292603683, 'slip_angle': 0.0, 'angular_velocity': np.float64(nan), 'Vx': np.float64(0.0)} at time 5
2025-03-18 09:53:48,265 | INFO     | helper_functions.py:50 | Starting data update for rear_right:{'Fx': np.float64(301.35982032999317), 'Fy': np.float64(-0.0), 'Fz': np.float64(613.125), 'Mz': np.float64(0.0), 'max_Fx': np.float64(500.8346537514665), 'desired_Fx': np.float64(500.8346537514665), 'desired_Fy': 0, 'slip_ratio': 2.8780625292603683, 'slip_angle': 0.0, 'angular_velocity': np.float64(nan), 'Vx': np.float64(0.0), 'longitudinal_mode': 'accelerate'} at time 5
2025-03-18 09:53:48,266 | INFO     | helper_functions.py:50 | Starting data update for rear_right:{'x_friction': np.float64(301.35982032999317), 'y_friction': np.float64(-0.0)} at time 5
2025-03-18 09:53:48,266 | WARNING  | helper_functions.py:94 | Error: Time index '5' or column 'Fx' not found.
2025-03-18 09:53:48,266 | INFO     | helper_functions.py:50 | Starting data update for rear_left:{'Fx': np.float64(301.35982032999317), 'Fy': np.float64(-0.0), 'Fz': np.float64(613.125), 'Mz': np.float64(0.0), 'max_Fx': np.float64(500.8346537514665), 'desired_Fx': np.float64(500.8346537514665), 'desired_Fy': 0.0, 'slip_ratio': 2.8780625292603683, 'slip_angle': 0.0, 'angular_velocity': np.float64(nan), 'Vx': np.float64(0.0)} at time 5
2025-03-18 09:53:48,268 | INFO     | helper_functions.py:50 | Starting data update for rear_left:{'Fx': np.float64(301.35982032999317), 'Fy': np.float64(-0.0), 'Fz': np.float64(613.125), 'Mz': np.float64(0.0), 'max_Fx': np.float64(500.8346537514665), 'desired_Fx': np.float64(500.8346537514665), 'desired_Fy': 0, 'slip_ratio': 2.8780625292603683, 'slip_angle': 0.0, 'angular_velocity': np.float64(nan), 'Vx': np.float64(0.0), 'longitudinal_mode': 'accelerate'} at time 5
2025-03-18 09:53:48,268 | INFO     | helper_functions.py:50 | Starting data update for rear_left:{'x_friction': np.float64(301.35982032999317), 'y_friction': np.float64(-0.0)} at time 5
2025-03-18 09:53:48,268 | INFO     | helper_functions.py:50 | Starting data update for front_right:{'x_friction': 0, 'y_friction': 0, 'rolling_resistance': -100} at time 5
2025-03-18 09:53:48,268 | INFO     | helper_functions.py:50 | Starting data update for front_left:{'x_friction': 0, 'y_friction': 0, 'rolling_resistance': -100} at time 5
2025-03-18 09:53:48,268 | INFO     | helper_functions.py:50 | Starting data update for rear_right:{'x_friction': np.float64(301.35982032999317), 'y_friction': np.float64(-0.0), 'rolling_resistance': -100} at time 5
2025-03-18 09:53:48,268 | INFO     | helper_functions.py:50 | Starting data update for rear_left:{'x_friction': np.float64(301.35982032999317), 'y_friction': np.float64(-0.0), 'rolling_resistance': -100} at time 5
2025-03-18 09:53:48,269 | INFO     | helper_functions.py:50 | Starting data update for cnt_grav:{'inertial_z': 0, 'inertial_x': 0, 'inertial_y': 0} at time 5
2025-03-18 09:53:52,234 | INFO     | car.py:169 | Calculating resultants at time : 5
2025-03-18 09:53:52,236 | DEBUG    | car.py:393 | Returning total forces in x direction. Forces are : ['x_friction', 'rolling_resistance']. Sum was -100.0
2025-03-18 09:53:52,236 | DEBUG    | car.py:393 | Returning total forces in y direction. Forces are : ['y_friction']. Sum was 0.0
2025-03-18 09:53:52,236 | DEBUG    | car.py:393 | Returning total forces in z direction. Forces are : ['vertical_load']. Sum was 613.125
2025-03-18 09:53:52,236 | DEBUG    | car.py:393 | Returning total forces in x direction. Forces are : ['x_friction', 'rolling_resistance']. Sum was -100.0
2025-03-18 09:53:52,236 | DEBUG    | car.py:393 | Returning total forces in y direction. Forces are : ['y_friction']. Sum was 0.0
2025-03-18 09:53:52,236 | DEBUG    | car.py:393 | Returning total forces in z direction. Forces are : ['vertical_load']. Sum was 613.125
2025-03-18 09:53:52,236 | DEBUG    | car.py:393 | Returning total forces in x direction. Forces are : ['x_friction', 'rolling_resistance']. Sum was 201.35982032999317
2025-03-18 09:53:52,236 | DEBUG    | car.py:393 | Returning total forces in y direction. Forces are : ['y_friction']. Sum was 0.0
2025-03-18 09:53:52,236 | DEBUG    | car.py:393 | Returning total forces in z direction. Forces are : ['vertical_load']. Sum was 613.125
2025-03-18 09:53:52,236 | DEBUG    | car.py:393 | Returning total forces in x direction. Forces are : ['x_friction', 'rolling_resistance']. Sum was 201.35982032999317
2025-03-18 09:53:52,236 | DEBUG    | car.py:393 | Returning total forces in y direction. Forces are : ['y_friction']. Sum was 0.0
2025-03-18 09:53:52,237 | DEBUG    | car.py:393 | Returning total forces in z direction. Forces are : ['vertical_load']. Sum was 613.125
2025-03-18 09:53:52,237 | DEBUG    | car.py:393 | Returning total forces in x direction. Forces are : ['inertial_x']. Sum was 0
2025-03-18 09:53:52,237 | DEBUG    | car.py:393 | Returning total forces in y direction. Forces are : ['inertial_y']. Sum was 0
2025-03-18 09:53:52,237 | DEBUG    | car.py:393 | Returning total forces in z direction. Forces are : ['inertial_z']. Sum was 0
2025-03-18 09:53:52,237 | INFO     | car.py:287 | Timestep 5 had resultant forces of [np.float64(202.71964065998634), np.float64(0.0), np.float64(2452.5)] And resultant torques of [np.float64(1868.805), np.float64(1812.1651323995998), np.float64(304.8)]
2025-03-18 09:53:52,237 | INFO     | helper_functions.py:50 | Starting data update for vehicle_dataframe:{'acceleration': (np.float64(0.8108785626399454), np.float64(0.0), np.float64(9.81))} at time 5
2025-03-18 09:53:52,237 | INFO     | helper_functions.py:50 | Starting data update for vehicle_dataframe:{'velocity': (np.float64(0.040543928131997274), np.float64(0.0), 0), 'position': (np.float64(0.003040794609899796), np.float64(0.0), 0)} at time 10
2025-03-18 09:53:52,237 | DEBUG    | car.py:182 | After forces are applied; Position = (np.float64(0.003040794609899796), np.float64(0.0), 0) -- Velocity = (np.float64(0.040543928131997274), np.float64(0.0), 0) --
2025-03-18 09:53:52,240 | DEBUG    | car.py:393 | Returning total forces in x direction. Forces are : ['x_friction', 'rolling_resistance']. Sum was 201.35982032999317
2025-03-18 09:53:52,240 | DEBUG    | car.py:393 | Returning total forces in x direction. Forces are : ['x_friction', 'rolling_resistance']. Sum was 201.35982032999317
2025-03-18 09:53:52,240 | DEBUG    | car.py:393 | Returning total forces in x direction. Forces are : ['x_friction', 'rolling_resistance']. Sum was -100.0
2025-03-18 09:53:52,240 | DEBUG    | car.py:393 | Returning total forces in x direction. Forces are : ['x_friction', 'rolling_resistance']. Sum was -100.0
2025-03-18 09:53:52,240 | DEBUG    | car.py:393 | Returning total forces in y direction. Forces are : ['y_friction']. Sum was 0.0
2025-03-18 09:53:52,240 | DEBUG    | car.py:393 | Returning total forces in y direction. Forces are : ['y_friction']. Sum was 0.0
2025-03-18 09:53:52,240 | DEBUG    | car.py:393 | Returning total forces in y direction. Forces are : ['y_friction']. Sum was 0.0
2025-03-18 09:53:52,240 | DEBUG    | car.py:393 | Returning total forces in y direction. Forces are : ['y_friction']. Sum was 0.0
2025-03-18 09:53:52,240 | INFO     | helper_functions.py:50 | Starting data update for front_right:{'vertical_load': np.float64(502.6263992123358)} at time 10
2025-03-18 09:53:52,242 | INFO     | helper_functions.py:50 | Starting data update for front_left:{'vertical_load': np.float64(502.6263992123358)} at time 10
2025-03-18 09:53:52,243 | INFO     | helper_functions.py:50 | Starting data update for rear_right:{'vertical_load': np.float64(723.6236007876641)} at time 10
2025-03-18 09:53:52,244 | INFO     | helper_functions.py:50 | Starting data update for rear_left:{'vertical_load': np.float64(723.6236007876641)} at time 10
2025-03-18 09:53:52,245 | WARNING  | helper_functions.py:94 | Error: Time index '10' or column 'Fx' not found.
2025-03-18 09:53:52,245 | INFO     | helper_functions.py:50 | Starting data update for rear_right:{'Fx': np.float64(343.79469672603364), 'Fy': np.float64(-0.0), 'Fz': np.float64(723.6236007876641), 'Mz': np.float64(0.0), 'max_Fx': np.float64(581.4396313403475), 'desired_Fx': np.float64(581.4396313403475), 'desired_Fy': np.float64(0.0), 'slip_ratio': 3.4632022172017787, 'slip_angle': 0.0, 'angular_velocity': np.float64(nan), 'Vx': np.float64(0.040543928131997274)} at time 10
2025-03-18 09:53:52,247 | INFO     | helper_functions.py:50 | Starting data update for rear_right:{'Fx': np.float64(343.79469672603364), 'Fy': np.float64(-0.0), 'Fz': np.float64(723.6236007876641), 'Mz': np.float64(0.0), 'max_Fx': np.float64(581.4396313403475), 'desired_Fx': np.float64(581.4396313403475), 'desired_Fy': 0, 'slip_ratio': 3.4632022172017787, 'slip_angle': 0.0, 'angular_velocity': np.float64(nan), 'Vx': np.float64(0.040543928131997274), 'longitudinal_mode': 'accelerate'} at time 10
2025-03-18 09:53:52,247 | INFO     | helper_functions.py:50 | Starting data update for rear_right:{'x_friction': np.float64(343.79469672603364), 'y_friction': np.float64(-0.0)} at time 10
2025-03-18 09:53:52,247 | WARNING  | helper_functions.py:94 | Error: Time index '10' or column 'Fx' not found.
2025-03-18 09:53:52,248 | INFO     | helper_functions.py:50 | Starting data update for rear_left:{'Fx': np.float64(343.79469672603364), 'Fy': np.float64(-0.0), 'Fz': np.float64(723.6236007876641), 'Mz': np.float64(0.0), 'max_Fx': np.float64(581.4396313403475), 'desired_Fx': np.float64(581.4396313403475), 'desired_Fy': np.float64(0.0), 'slip_ratio': 3.4632022172017787, 'slip_angle': 0.0, 'angular_velocity': np.float64(nan), 'Vx': np.float64(0.040543928131997274)} at time 10
2025-03-18 09:53:52,249 | INFO     | helper_functions.py:50 | Starting data update for rear_left:{'Fx': np.float64(343.79469672603364), 'Fy': np.float64(-0.0), 'Fz': np.float64(723.6236007876641), 'Mz': np.float64(0.0), 'max_Fx': np.float64(581.4396313403475), 'desired_Fx': np.float64(581.4396313403475), 'desired_Fy': 0, 'slip_ratio': 3.4632022172017787, 'slip_angle': 0.0, 'angular_velocity': np.float64(nan), 'Vx': np.float64(0.040543928131997274), 'longitudinal_mode': 'accelerate'} at time 10
2025-03-18 09:53:52,250 | INFO     | helper_functions.py:50 | Starting data update for rear_left:{'x_friction': np.float64(343.79469672603364), 'y_friction': np.float64(-0.0)} at time 10
2025-03-18 09:53:52,250 | INFO     | helper_functions.py:50 | Starting data update for front_right:{'x_friction': 0, 'y_friction': 0, 'rolling_resistance': -100} at time 10
2025-03-18 09:53:52,250 | INFO     | helper_functions.py:50 | Starting data update for front_left:{'x_friction': 0, 'y_friction': 0, 'rolling_resistance': -100} at time 10
2025-03-18 09:53:52,250 | INFO     | helper_functions.py:50 | Starting data update for rear_right:{'x_friction': np.float64(343.79469672603364), 'y_friction': np.float64(-0.0), 'rolling_resistance': -100} at time 10
2025-03-18 09:53:52,250 | INFO     | helper_functions.py:50 | Starting data update for rear_left:{'x_friction': np.float64(343.79469672603364), 'y_friction': np.float64(-0.0), 'rolling_resistance': -100} at time 10
2025-03-18 09:53:52,250 | INFO     | helper_functions.py:50 | Starting data update for cnt_grav:{'inertial_z': 0, 'inertial_x': 0, 'inertial_y': 0} at time 10
2025-03-18 09:53:53,249 | INFO     | car.py:169 | Calculating resultants at time : 10
2025-03-18 09:53:53,251 | DEBUG    | car.py:393 | Returning total forces in x direction. Forces are : ['x_friction', 'rolling_resistance']. Sum was -100.0
2025-03-18 09:53:53,251 | DEBUG    | car.py:393 | Returning total forces in y direction. Forces are : ['y_friction']. Sum was 0.0
2025-03-18 09:53:53,251 | DEBUG    | car.py:393 | Returning total forces in z direction. Forces are : ['vertical_load']. Sum was 502.6263992123358
2025-03-18 09:53:53,251 | DEBUG    | car.py:393 | Returning total forces in x direction. Forces are : ['x_friction', 'rolling_resistance']. Sum was -100.0
2025-03-18 09:53:53,251 | DEBUG    | car.py:393 | Returning total forces in y direction. Forces are : ['y_friction']. Sum was 0.0
2025-03-18 09:53:53,251 | DEBUG    | car.py:393 | Returning total forces in z direction. Forces are : ['vertical_load']. Sum was 502.6263992123358
2025-03-18 09:53:53,251 | DEBUG    | car.py:393 | Returning total forces in x direction. Forces are : ['x_friction', 'rolling_resistance']. Sum was 243.79469672603364
2025-03-18 09:53:53,252 | DEBUG    | car.py:393 | Returning total forces in y direction. Forces are : ['y_friction']. Sum was 0.0
2025-03-18 09:53:53,252 | DEBUG    | car.py:393 | Returning total forces in z direction. Forces are : ['vertical_load']. Sum was 723.6236007876641
2025-03-18 09:53:53,252 | DEBUG    | car.py:393 | Returning total forces in x direction. Forces are : ['x_friction', 'rolling_resistance']. Sum was 243.79469672603364
2025-03-18 09:53:53,252 | DEBUG    | car.py:393 | Returning total forces in y direction. Forces are : ['y_friction']. Sum was 0.0
2025-03-18 09:53:53,252 | DEBUG    | car.py:393 | Returning total forces in z direction. Forces are : ['vertical_load']. Sum was 723.6236007876641
2025-03-18 09:53:53,252 | DEBUG    | car.py:393 | Returning total forces in x direction. Forces are : ['inertial_x']. Sum was 0
2025-03-18 09:53:53,252 | DEBUG    | car.py:393 | Returning total forces in y direction. Forces are : ['inertial_y']. Sum was 0
2025-03-18 09:53:53,252 | DEBUG    | car.py:393 | Returning total forces in z direction. Forces are : ['inertial_z']. Sum was 0
2025-03-18 09:53:53,252 | INFO     | car.py:287 | Timestep 10 had resultant forces of [np.float64(287.58939345206727), np.float64(0.0), np.float64(2452.5)] And resultant torques of [np.float64(1532.0052647991995), np.float64(1788.4525234694925), np.float64(304.8)]
2025-03-18 09:53:53,252 | INFO     | helper_functions.py:50 | Starting data update for vehicle_dataframe:{'acceleration': (np.float64(1.150357573808269), np.float64(0.0), np.float64(9.81))} at time 10
2025-03-18 09:53:53,252 | INFO     | helper_functions.py:50 | Starting data update for vehicle_dataframe:{'velocity': (np.float64(0.09806180682241072), np.float64(0.0), 0), 'position': (np.float64(0.00938183191828067), np.float64(0.0), 0)} at time 15
2025-03-18 09:53:53,254 | DEBUG    | car.py:182 | After forces are applied; Position = (np.float64(0.00938183191828067), np.float64(0.0), 0) -- Velocity = (np.float64(0.09806180682241072), np.float64(0.0), 0) --
2025-03-18 09:53:53,257 | DEBUG    | car.py:393 | Returning total forces in x direction. Forces are : ['x_friction', 'rolling_resistance']. Sum was 243.79469672603364
2025-03-18 09:53:53,257 | DEBUG    | car.py:393 | Returning total forces in x direction. Forces are : ['x_friction', 'rolling_resistance']. Sum was 243.79469672603364
2025-03-18 09:53:53,257 | DEBUG    | car.py:393 | Returning total forces in x direction. Forces are : ['x_friction', 'rolling_resistance']. Sum was -100.0
2025-03-18 09:53:53,257 | DEBUG    | car.py:393 | Returning total forces in x direction. Forces are : ['x_friction', 'rolling_resistance']. Sum was -100.0
2025-03-18 09:53:53,257 | DEBUG    | car.py:393 | Returning total forces in y direction. Forces are : ['y_friction']. Sum was 0.0
2025-03-18 09:53:53,257 | DEBUG    | car.py:393 | Returning total forces in y direction. Forces are : ['y_friction']. Sum was 0.0
2025-03-18 09:53:53,257 | DEBUG    | car.py:393 | Returning total forces in y direction. Forces are : ['y_friction']. Sum was 0.0
2025-03-18 09:53:53,257 | DEBUG    | car.py:393 | Returning total forces in y direction. Forces are : ['y_friction']. Sum was 0.0
2025-03-18 09:53:53,257 | INFO     | helper_functions.py:50 | Starting data update for front_right:{'vertical_load': np.float64(487.06694453378765)} at time 15
2025-03-18 09:53:53,259 | INFO     | helper_functions.py:50 | Starting data update for front_left:{'vertical_load': np.float64(487.06694453378765)} at time 15
2025-03-18 09:53:53,260 | INFO     | helper_functions.py:50 | Starting data update for rear_right:{'vertical_load': np.float64(739.1830554662123)} at time 15
2025-03-18 09:53:53,261 | INFO     | helper_functions.py:50 | Starting data update for rear_left:{'vertical_load': np.float64(739.1830554662123)} at time 15
2025-03-18 09:53:53,262 | WARNING  | helper_functions.py:94 | Error: Time index '15' or column 'Fx' not found.
2025-03-18 09:53:53,262 | INFO     | helper_functions.py:50 | Starting data update for rear_right:{'Fx': np.float64(349.675455987849), 'Fy': np.float64(-0.0), 'Fz': np.float64(739.1830554662123), 'Mz': np.float64(0.0), 'max_Fx': np.float64(592.5423371860362), 'desired_Fx': np.float64(592.5423371860362), 'desired_Fy': np.float64(0.0), 'slip_ratio': 3.5438006371528026, 'slip_angle': 0.0, 'angular_velocity': np.float64(nan), 'Vx': np.float64(0.09806180682241072)} at time 15
2025-03-18 09:53:53,264 | INFO     | helper_functions.py:50 | Starting data update for rear_right:{'Fx': np.float64(349.675455987849), 'Fy': np.float64(-0.0), 'Fz': np.float64(739.1830554662123), 'Mz': np.float64(0.0), 'max_Fx': np.float64(592.5423371860362), 'desired_Fx': np.float64(592.5423371860362), 'desired_Fy': 0, 'slip_ratio': 3.5438006371528026, 'slip_angle': 0.0, 'angular_velocity': np.float64(nan), 'Vx': np.float64(0.09806180682241072), 'longitudinal_mode': 'accelerate'} at time 15
2025-03-18 09:53:53,264 | INFO     | helper_functions.py:50 | Starting data update for rear_right:{'x_friction': np.float64(349.675455987849), 'y_friction': np.float64(-0.0)} at time 15
2025-03-18 09:53:53,265 | WARNING  | helper_functions.py:94 | Error: Time index '15' or column 'Fx' not found.
2025-03-18 09:53:53,266 | INFO     | helper_functions.py:50 | Starting data update for rear_left:{'Fx': np.float64(349.675455987849), 'Fy': np.float64(-0.0), 'Fz': np.float64(739.1830554662123), 'Mz': np.float64(0.0), 'max_Fx': np.float64(592.5423371860362), 'desired_Fx': np.float64(592.5423371860362), 'desired_Fy': np.float64(0.0), 'slip_ratio': 3.5438006371528026, 'slip_angle': 0.0, 'angular_velocity': np.float64(nan), 'Vx': np.float64(0.09806180682241072)} at time 15
2025-03-18 09:53:53,267 | INFO     | helper_functions.py:50 | Starting data update for rear_left:{'Fx': np.float64(349.675455987849), 'Fy': np.float64(-0.0), 'Fz': np.float64(739.1830554662123), 'Mz': np.float64(0.0), 'max_Fx': np.float64(592.5423371860362), 'desired_Fx': np.float64(592.5423371860362), 'desired_Fy': 0, 'slip_ratio': 3.5438006371528026, 'slip_angle': 0.0, 'angular_velocity': np.float64(nan), 'Vx': np.float64(0.09806180682241072), 'longitudinal_mode': 'accelerate'} at time 15
2025-03-18 09:53:53,268 | INFO     | helper_functions.py:50 | Starting data update for rear_left:{'x_friction': np.float64(349.675455987849), 'y_friction': np.float64(-0.0)} at time 15
2025-03-18 09:53:53,268 | INFO     | helper_functions.py:50 | Starting data update for front_right:{'x_friction': 0, 'y_friction': 0, 'rolling_resistance': -100} at time 15
2025-03-18 09:53:53,268 | INFO     | helper_functions.py:50 | Starting data update for front_left:{'x_friction': 0, 'y_friction': 0, 'rolling_resistance': -100} at time 15
2025-03-18 09:53:53,268 | INFO     | helper_functions.py:50 | Starting data update for rear_right:{'x_friction': np.float64(349.675455987849), 'y_friction': np.float64(-0.0), 'rolling_resistance': -100} at time 15
2025-03-18 09:53:53,268 | INFO     | helper_functions.py:50 | Starting data update for rear_left:{'x_friction': np.float64(349.675455987849), 'y_friction': np.float64(-0.0), 'rolling_resistance': -100} at time 15
2025-03-18 09:53:53,268 | INFO     | helper_functions.py:50 | Starting data update for cnt_grav:{'inertial_z': 0, 'inertial_x': 0, 'inertial_y': 0} at time 15
2025-03-18 09:53:53,717 | INFO     | car.py:169 | Calculating resultants at time : 15
2025-03-18 09:53:53,718 | DEBUG    | car.py:393 | Returning total forces in x direction. Forces are : ['x_friction', 'rolling_resistance']. Sum was -100.0
2025-03-18 09:53:53,719 | DEBUG    | car.py:393 | Returning total forces in y direction. Forces are : ['y_friction']. Sum was 0.0
2025-03-18 09:53:53,719 | DEBUG    | car.py:393 | Returning total forces in z direction. Forces are : ['vertical_load']. Sum was 487.06694453378765
2025-03-18 09:53:53,719 | DEBUG    | car.py:393 | Returning total forces in x direction. Forces are : ['x_friction', 'rolling_resistance']. Sum was -100.0
2025-03-18 09:53:53,719 | DEBUG    | car.py:393 | Returning total forces in y direction. Forces are : ['y_friction']. Sum was 0.0
2025-03-18 09:53:53,719 | DEBUG    | car.py:393 | Returning total forces in z direction. Forces are : ['vertical_load']. Sum was 487.06694453378765
2025-03-18 09:53:53,719 | DEBUG    | car.py:393 | Returning total forces in x direction. Forces are : ['x_friction', 'rolling_resistance']. Sum was 249.67545598784898
2025-03-18 09:53:53,719 | DEBUG    | car.py:393 | Returning total forces in y direction. Forces are : ['y_friction']. Sum was 0.0
2025-03-18 09:53:53,719 | DEBUG    | car.py:393 | Returning total forces in z direction. Forces are : ['vertical_load']. Sum was 739.1830554662123
2025-03-18 09:53:53,719 | DEBUG    | car.py:393 | Returning total forces in x direction. Forces are : ['x_friction', 'rolling_resistance']. Sum was 249.67545598784898
2025-03-18 09:53:53,719 | DEBUG    | car.py:393 | Returning total forces in y direction. Forces are : ['y_friction']. Sum was 0.0
2025-03-18 09:53:53,719 | DEBUG    | car.py:393 | Returning total forces in z direction. Forces are : ['vertical_load']. Sum was 739.1830554662123
2025-03-18 09:53:53,719 | DEBUG    | car.py:393 | Returning total forces in x direction. Forces are : ['inertial_x']. Sum was 0
2025-03-18 09:53:53,719 | DEBUG    | car.py:393 | Returning total forces in y direction. Forces are : ['inertial_y']. Sum was 0
2025-03-18 09:53:53,719 | DEBUG    | car.py:393 | Returning total forces in z direction. Forces are : ['inertial_z']. Sum was 0
2025-03-18 09:53:53,720 | INFO     | car.py:287 | Timestep 15 had resultant forces of [np.float64(299.35091197569795), np.float64(0.0), np.float64(2452.5)] And resultant torques of [np.float64(1484.5800469389849), np.float64(1785.16635519399), np.float64(304.8)]
2025-03-18 09:53:53,720 | INFO     | helper_functions.py:50 | Starting data update for vehicle_dataframe:{'acceleration': (np.float64(1.1974036479027919), np.float64(0.0), np.float64(9.81))} at time 15
2025-03-18 09:53:53,720 | INFO     | helper_functions.py:50 | Starting data update for vehicle_dataframe:{'velocity': (np.float64(0.1579319892175503), np.float64(0.0), 0), 'position': (np.float64(0.018775185939036678), np.float64(0.0), 0)} at time 20
2025-03-18 09:53:53,721 | DEBUG    | car.py:182 | After forces are applied; Position = (np.float64(0.018775185939036678), np.float64(0.0), 0) -- Velocity = (np.float64(0.1579319892175503), np.float64(0.0), 0) --
2025-03-18 09:53:53,724 | DEBUG    | car.py:393 | Returning total forces in x direction. Forces are : ['x_friction', 'rolling_resistance']. Sum was 249.67545598784898
2025-03-18 09:53:53,724 | DEBUG    | car.py:393 | Returning total forces in x direction. Forces are : ['x_friction', 'rolling_resistance']. Sum was 249.67545598784898
2025-03-18 09:53:53,724 | DEBUG    | car.py:393 | Returning total forces in x direction. Forces are : ['x_friction', 'rolling_resistance']. Sum was -100.0
2025-03-18 09:53:53,724 | DEBUG    | car.py:393 | Returning total forces in x direction. Forces are : ['x_friction', 'rolling_resistance']. Sum was -100.0
2025-03-18 09:53:53,724 | DEBUG    | car.py:393 | Returning total forces in y direction. Forces are : ['y_friction']. Sum was 0.0
2025-03-18 09:53:53,724 | DEBUG    | car.py:393 | Returning total forces in y direction. Forces are : ['y_friction']. Sum was 0.0
2025-03-18 09:53:53,724 | DEBUG    | car.py:393 | Returning total forces in y direction. Forces are : ['y_friction']. Sum was 0.0
2025-03-18 09:53:53,724 | DEBUG    | car.py:393 | Returning total forces in y direction. Forces are : ['y_friction']. Sum was 0.0
2025-03-18 09:53:53,724 | INFO     | helper_functions.py:50 | Starting data update for front_right:{'vertical_load': np.float64(484.9106661377887)} at time 20
2025-03-18 09:53:53,726 | INFO     | helper_functions.py:50 | Starting data update for front_left:{'vertical_load': np.float64(484.9106661377887)} at time 20
2025-03-18 09:53:53,727 | INFO     | helper_functions.py:50 | Starting data update for rear_right:{'vertical_load': np.float64(741.3393338622112)} at time 20
2025-03-18 09:53:53,727 | INFO     | helper_functions.py:50 | Starting data update for rear_left:{'vertical_load': np.float64(741.3393338622112)} at time 20
2025-03-18 09:53:53,729 | WARNING  | helper_functions.py:94 | Error: Time index '20' or column 'Fx' not found.
2025-03-18 09:53:53,729 | INFO     | helper_functions.py:50 | Starting data update for rear_right:{'Fx': np.float64(350.4885235080252), 'Fy': np.float64(-0.0), 'Fz': np.float64(741.3393338622112), 'Mz': np.float64(0.0), 'max_Fx': np.float64(594.0759458887521), 'desired_Fx': np.float64(594.0759458887521), 'desired_Fy': np.float64(0.0), 'slip_ratio': 3.554933638421142, 'slip_angle': 0.0, 'angular_velocity': np.float64(nan), 'Vx': np.float64(0.1579319892175503)} at time 20
2025-03-18 09:53:53,731 | INFO     | helper_functions.py:50 | Starting data update for rear_right:{'Fx': np.float64(350.4885235080252), 'Fy': np.float64(-0.0), 'Fz': np.float64(741.3393338622112), 'Mz': np.float64(0.0), 'max_Fx': np.float64(594.0759458887521), 'desired_Fx': np.float64(594.0759458887521), 'desired_Fy': 0, 'slip_ratio': 3.554933638421142, 'slip_angle': 0.0, 'angular_velocity': np.float64(nan), 'Vx': np.float64(0.1579319892175503), 'longitudinal_mode': 'accelerate'} at time 20
2025-03-18 09:53:53,731 | INFO     | helper_functions.py:50 | Starting data update for rear_right:{'x_friction': np.float64(350.4885235080252), 'y_friction': np.float64(-0.0)} at time 20
2025-03-18 09:53:53,732 | WARNING  | helper_functions.py:94 | Error: Time index '20' or column 'Fx' not found.
2025-03-18 09:53:53,732 | INFO     | helper_functions.py:50 | Starting data update for rear_left:{'Fx': np.float64(350.4885235080252), 'Fy': np.float64(-0.0), 'Fz': np.float64(741.3393338622112), 'Mz': np.float64(0.0), 'max_Fx': np.float64(594.0759458887521), 'desired_Fx': np.float64(594.0759458887521), 'desired_Fy': np.float64(0.0), 'slip_ratio': 3.554933638421142, 'slip_angle': 0.0, 'angular_velocity': np.float64(nan), 'Vx': np.float64(0.1579319892175503)} at time 20
2025-03-18 09:53:53,734 | INFO     | helper_functions.py:50 | Starting data update for rear_left:{'Fx': np.float64(350.4885235080252), 'Fy': np.float64(-0.0), 'Fz': np.float64(741.3393338622112), 'Mz': np.float64(0.0), 'max_Fx': np.float64(594.0759458887521), 'desired_Fx': np.float64(594.0759458887521), 'desired_Fy': 0, 'slip_ratio': 3.554933638421142, 'slip_angle': 0.0, 'angular_velocity': np.float64(nan), 'Vx': np.float64(0.1579319892175503), 'longitudinal_mode': 'accelerate'} at time 20
2025-03-18 09:53:53,735 | INFO     | helper_functions.py:50 | Starting data update for rear_left:{'x_friction': np.float64(350.4885235080252), 'y_friction': np.float64(-0.0)} at time 20
2025-03-18 09:53:53,735 | INFO     | helper_functions.py:50 | Starting data update for front_right:{'x_friction': 0, 'y_friction': 0, 'rolling_resistance': -100} at time 20
2025-03-18 09:53:53,735 | INFO     | helper_functions.py:50 | Starting data update for front_left:{'x_friction': 0, 'y_friction': 0, 'rolling_resistance': -100} at time 20
2025-03-18 09:53:53,735 | INFO     | helper_functions.py:50 | Starting data update for rear_right:{'x_friction': np.float64(350.4885235080252), 'y_friction': np.float64(-0.0), 'rolling_resistance': -100} at time 20
2025-03-18 09:53:53,735 | INFO     | helper_functions.py:50 | Starting data update for rear_left:{'x_friction': np.float64(350.4885235080252), 'y_friction': np.float64(-0.0), 'rolling_resistance': -100} at time 20
2025-03-18 09:53:53,735 | INFO     | helper_functions.py:50 | Starting data update for cnt_grav:{'inertial_z': 0, 'inertial_x': 0, 'inertial_y': 0} at time 20
2025-03-18 09:53:54,219 | INFO     | car.py:169 | Calculating resultants at time : 20
2025-03-18 09:53:54,220 | DEBUG    | car.py:393 | Returning total forces in x direction. Forces are : ['x_friction', 'rolling_resistance']. Sum was -100.0
2025-03-18 09:53:54,220 | DEBUG    | car.py:393 | Returning total forces in y direction. Forces are : ['y_friction']. Sum was 0.0
2025-03-18 09:53:54,220 | DEBUG    | car.py:393 | Returning total forces in z direction. Forces are : ['vertical_load']. Sum was 484.9106661377887
2025-03-18 09:53:54,221 | DEBUG    | car.py:393 | Returning total forces in x direction. Forces are : ['x_friction', 'rolling_resistance']. Sum was -100.0
2025-03-18 09:53:54,221 | DEBUG    | car.py:393 | Returning total forces in y direction. Forces are : ['y_friction']. Sum was 0.0
2025-03-18 09:53:54,221 | DEBUG    | car.py:393 | Returning total forces in z direction. Forces are : ['vertical_load']. Sum was 484.9106661377887
2025-03-18 09:53:54,221 | DEBUG    | car.py:393 | Returning total forces in x direction. Forces are : ['x_friction', 'rolling_resistance']. Sum was 250.4885235080252
2025-03-18 09:53:54,221 | DEBUG    | car.py:393 | Returning total forces in y direction. Forces are : ['y_friction']. Sum was 0.0
2025-03-18 09:53:54,221 | DEBUG    | car.py:393 | Returning total forces in z direction. Forces are : ['vertical_load']. Sum was 741.3393338622112
2025-03-18 09:53:54,221 | DEBUG    | car.py:393 | Returning total forces in x direction. Forces are : ['x_friction', 'rolling_resistance']. Sum was 250.4885235080252
2025-03-18 09:53:54,221 | DEBUG    | car.py:393 | Returning total forces in y direction. Forces are : ['y_friction']. Sum was 0.0
2025-03-18 09:53:54,221 | DEBUG    | car.py:393 | Returning total forces in z direction. Forces are : ['vertical_load']. Sum was 741.3393338622112
2025-03-18 09:53:54,221 | DEBUG    | car.py:393 | Returning total forces in x direction. Forces are : ['inertial_x']. Sum was 0
2025-03-18 09:53:54,221 | DEBUG    | car.py:393 | Returning total forces in y direction. Forces are : ['inertial_y']. Sum was 0
2025-03-18 09:53:54,221 | DEBUG    | car.py:393 | Returning total forces in z direction. Forces are : ['inertial_z']. Sum was 0
2025-03-18 09:53:54,221 | INFO     | car.py:287 | Timestep 20 had resultant forces of [np.float64(300.9770470160504), np.float64(0.0), np.float64(2452.5)] And resultant torques of [np.float64(1478.00771038798), np.float64(1784.7120130637154), np.float64(304.8)]
2025-03-18 09:53:54,222 | INFO     | helper_functions.py:50 | Starting data update for vehicle_dataframe:{'acceleration': (np.float64(1.2039081880642015), np.float64(0.0), np.float64(9.81))} at time 20
2025-03-18 09:53:54,222 | INFO     | helper_functions.py:50 | Starting data update for vehicle_dataframe:{'velocity': (np.float64(0.2181273986207604), np.float64(0.0), 0), 'position': (np.float64(0.03118644110515495), np.float64(0.0), 0)} at time 25
2025-03-18 09:53:54,223 | DEBUG    | car.py:182 | After forces are applied; Position = (np.float64(0.03118644110515495), np.float64(0.0), 0) -- Velocity = (np.float64(0.2181273986207604), np.float64(0.0), 0) --
2025-03-18 09:53:54,225 | DEBUG    | car.py:393 | Returning total forces in x direction. Forces are : ['x_friction', 'rolling_resistance']. Sum was 250.4885235080252
2025-03-18 09:53:54,226 | DEBUG    | car.py:393 | Returning total forces in x direction. Forces are : ['x_friction', 'rolling_resistance']. Sum was 250.4885235080252
2025-03-18 09:53:54,226 | DEBUG    | car.py:393 | Returning total forces in x direction. Forces are : ['x_friction', 'rolling_resistance']. Sum was -100.0
2025-03-18 09:53:54,226 | DEBUG    | car.py:393 | Returning total forces in x direction. Forces are : ['x_friction', 'rolling_resistance']. Sum was -100.0
2025-03-18 09:53:54,226 | DEBUG    | car.py:393 | Returning total forces in y direction. Forces are : ['y_friction']. Sum was 0.0
2025-03-18 09:53:54,226 | DEBUG    | car.py:393 | Returning total forces in y direction. Forces are : ['y_friction']. Sum was 0.0
2025-03-18 09:53:54,226 | DEBUG    | car.py:393 | Returning total forces in y direction. Forces are : ['y_friction']. Sum was 0.0
2025-03-18 09:53:54,226 | DEBUG    | car.py:393 | Returning total forces in y direction. Forces are : ['y_friction']. Sum was 0.0
2025-03-18 09:53:54,226 | INFO     | helper_functions.py:50 | Starting data update for front_right:{'vertical_load': np.float64(484.6125413803907)} at time 25
2025-03-18 09:53:54,227 | INFO     | helper_functions.py:50 | Starting data update for front_left:{'vertical_load': np.float64(484.6125413803907)} at time 25
2025-03-18 09:53:54,228 | INFO     | helper_functions.py:50 | Starting data update for rear_right:{'vertical_load': np.float64(741.6374586196092)} at time 25
2025-03-18 09:53:54,229 | INFO     | helper_functions.py:50 | Starting data update for rear_left:{'vertical_load': np.float64(741.6374586196092)} at time 25
2025-03-18 09:53:54,231 | WARNING  | helper_functions.py:94 | Error: Time index '25' or column 'Fx' not found.
2025-03-18 09:53:54,231 | INFO     | helper_functions.py:50 | Starting data update for rear_right:{'Fx': np.float64(350.600900670313), 'Fy': np.float64(-0.0), 'Fz': np.float64(741.6374586196092), 'Mz': np.float64(0.0), 'max_Fx': np.float64(594.2878842520191), 'desired_Fx': np.float64(594.2878842520191), 'desired_Fy': np.float64(0.0), 'slip_ratio': 3.5564721730309694, 'slip_angle': 0.0, 'angular_velocity': np.float64(nan), 'Vx': np.float64(0.2181273986207604)} at time 25
2025-03-18 09:53:54,232 | INFO     | helper_functions.py:50 | Starting data update for rear_right:{'Fx': np.float64(350.600900670313), 'Fy': np.float64(-0.0), 'Fz': np.float64(741.6374586196092), 'Mz': np.float64(0.0), 'max_Fx': np.float64(594.2878842520191), 'desired_Fx': np.float64(594.2878842520191), 'desired_Fy': 0, 'slip_ratio': 3.5564721730309694, 'slip_angle': 0.0, 'angular_velocity': np.float64(nan), 'Vx': np.float64(0.2181273986207604), 'longitudinal_mode': 'accelerate'} at time 25
2025-03-18 09:53:54,233 | INFO     | helper_functions.py:50 | Starting data update for rear_right:{'x_friction': np.float64(350.600900670313), 'y_friction': np.float64(-0.0)} at time 25
2025-03-18 09:53:54,233 | WARNING  | helper_functions.py:94 | Error: Time index '25' or column 'Fx' not found.
2025-03-18 09:53:54,233 | INFO     | helper_functions.py:50 | Starting data update for rear_left:{'Fx': np.float64(350.600900670313), 'Fy': np.float64(-0.0), 'Fz': np.float64(741.6374586196092), 'Mz': np.float64(0.0), 'max_Fx': np.float64(594.2878842520191), 'desired_Fx': np.float64(594.2878842520191), 'desired_Fy': np.float64(0.0), 'slip_ratio': 3.5564721730309694, 'slip_angle': 0.0, 'angular_velocity': np.float64(nan), 'Vx': np.float64(0.2181273986207604)} at time 25
2025-03-18 09:53:54,235 | INFO     | helper_functions.py:50 | Starting data update for rear_left:{'Fx': np.float64(350.600900670313), 'Fy': np.float64(-0.0), 'Fz': np.float64(741.6374586196092), 'Mz': np.float64(0.0), 'max_Fx': np.float64(594.2878842520191), 'desired_Fx': np.float64(594.2878842520191), 'desired_Fy': 0, 'slip_ratio': 3.5564721730309694, 'slip_angle': 0.0, 'angular_velocity': np.float64(nan), 'Vx': np.float64(0.2181273986207604), 'longitudinal_mode': 'accelerate'} at time 25
2025-03-18 09:53:54,236 | INFO     | helper_functions.py:50 | Starting data update for rear_left:{'x_friction': np.float64(350.600900670313), 'y_friction': np.float64(-0.0)} at time 25
2025-03-18 09:53:54,236 | INFO     | helper_functions.py:50 | Starting data update for front_right:{'x_friction': 0, 'y_friction': 0, 'rolling_resistance': -100} at time 25
2025-03-18 09:53:54,236 | INFO     | helper_functions.py:50 | Starting data update for front_left:{'x_friction': 0, 'y_friction': 0, 'rolling_resistance': -100} at time 25
2025-03-18 09:53:54,236 | INFO     | helper_functions.py:50 | Starting data update for rear_right:{'x_friction': np.float64(350.600900670313), 'y_friction': np.float64(-0.0), 'rolling_resistance': -100} at time 25
2025-03-18 09:53:54,236 | INFO     | helper_functions.py:50 | Starting data update for rear_left:{'x_friction': np.float64(350.600900670313), 'y_friction': np.float64(-0.0), 'rolling_resistance': -100} at time 25
2025-03-18 09:53:54,236 | INFO     | helper_functions.py:50 | Starting data update for cnt_grav:{'inertial_z': 0, 'inertial_x': 0, 'inertial_y': 0} at time 25
2025-03-18 09:53:54,809 | INFO     | car.py:169 | Calculating resultants at time : 25
2025-03-18 09:53:54,810 | DEBUG    | car.py:393 | Returning total forces in x direction. Forces are : ['x_friction', 'rolling_resistance']. Sum was -100.0
2025-03-18 09:53:54,810 | DEBUG    | car.py:393 | Returning total forces in y direction. Forces are : ['y_friction']. Sum was 0.0
2025-03-18 09:53:54,810 | DEBUG    | car.py:393 | Returning total forces in z direction. Forces are : ['vertical_load']. Sum was 484.6125413803907
2025-03-18 09:53:54,810 | DEBUG    | car.py:393 | Returning total forces in x direction. Forces are : ['x_friction', 'rolling_resistance']. Sum was -100.0
2025-03-18 09:53:54,810 | DEBUG    | car.py:393 | Returning total forces in y direction. Forces are : ['y_friction']. Sum was 0.0
2025-03-18 09:53:54,810 | DEBUG    | car.py:393 | Returning total forces in z direction. Forces are : ['vertical_load']. Sum was 484.6125413803907
2025-03-18 09:53:54,810 | DEBUG    | car.py:393 | Returning total forces in x direction. Forces are : ['x_friction', 'rolling_resistance']. Sum was 250.60090067031302
2025-03-18 09:53:54,810 | DEBUG    | car.py:393 | Returning total forces in y direction. Forces are : ['y_friction']. Sum was 0.0
2025-03-18 09:53:54,811 | DEBUG    | car.py:393 | Returning total forces in z direction. Forces are : ['vertical_load']. Sum was 741.6374586196092
2025-03-18 09:53:54,811 | DEBUG    | car.py:393 | Returning total forces in x direction. Forces are : ['x_friction', 'rolling_resistance']. Sum was 250.60090067031302
2025-03-18 09:53:54,811 | DEBUG    | car.py:393 | Returning total forces in y direction. Forces are : ['y_friction']. Sum was 0.0
2025-03-18 09:53:54,811 | DEBUG    | car.py:393 | Returning total forces in z direction. Forces are : ['vertical_load']. Sum was 741.6374586196092
2025-03-18 09:53:54,811 | DEBUG    | car.py:393 | Returning total forces in x direction. Forces are : ['inertial_x']. Sum was 0
2025-03-18 09:53:54,811 | DEBUG    | car.py:393 | Returning total forces in y direction. Forces are : ['inertial_y']. Sum was 0
2025-03-18 09:53:54,811 | DEBUG    | car.py:393 | Returning total forces in z direction. Forces are : ['inertial_z']. Sum was 0
2025-03-18 09:53:54,811 | INFO     | car.py:287 | Timestep 25 had resultant forces of [np.float64(301.20180134062605), np.float64(0.0), np.float64(2452.5)] And resultant torques of [np.float64(1477.099026127431), np.float64(1784.6492167054294), np.float64(304.8)]
2025-03-18 09:53:54,811 | INFO     | helper_functions.py:50 | Starting data update for vehicle_dataframe:{'acceleration': (np.float64(1.2048072053625043), np.float64(0.0), np.float64(9.81))} at time 25
2025-03-18 09:53:54,811 | INFO     | helper_functions.py:50 | Starting data update for vehicle_dataframe:{'velocity': (np.float64(0.2783677588888856), np.float64(0.0), 0), 'position': (np.float64(0.04661083805630236), np.float64(0.0), 0)} at time 30
2025-03-18 09:53:54,813 | DEBUG    | car.py:182 | After forces are applied; Position = (np.float64(0.04661083805630236), np.float64(0.0), 0) -- Velocity = (np.float64(0.2783677588888856), np.float64(0.0), 0) --
2025-03-18 09:53:54,815 | DEBUG    | car.py:393 | Returning total forces in x direction. Forces are : ['x_friction', 'rolling_resistance']. Sum was 250.60090067031302
2025-03-18 09:53:54,816 | DEBUG    | car.py:393 | Returning total forces in x direction. Forces are : ['x_friction', 'rolling_resistance']. Sum was 250.60090067031302
2025-03-18 09:53:54,816 | DEBUG    | car.py:393 | Returning total forces in x direction. Forces are : ['x_friction', 'rolling_resistance']. Sum was -100.0
2025-03-18 09:53:54,816 | DEBUG    | car.py:393 | Returning total forces in x direction. Forces are : ['x_friction', 'rolling_resistance']. Sum was -100.0
2025-03-18 09:53:54,816 | DEBUG    | car.py:393 | Returning total forces in y direction. Forces are : ['y_friction']. Sum was 0.0
2025-03-18 09:53:54,816 | DEBUG    | car.py:393 | Returning total forces in y direction. Forces are : ['y_friction']. Sum was 0.0
2025-03-18 09:53:54,816 | DEBUG    | car.py:393 | Returning total forces in y direction. Forces are : ['y_friction']. Sum was 0.0
2025-03-18 09:53:54,816 | DEBUG    | car.py:393 | Returning total forces in y direction. Forces are : ['y_friction']. Sum was 0.0
2025-03-18 09:53:54,816 | INFO     | helper_functions.py:50 | Starting data update for front_right:{'vertical_load': np.float64(484.5713364208852)} at time 30
2025-03-18 09:53:54,817 | INFO     | helper_functions.py:50 | Starting data update for front_left:{'vertical_load': np.float64(484.5713364208852)} at time 30
2025-03-18 09:53:54,818 | INFO     | helper_functions.py:50 | Starting data update for rear_right:{'vertical_load': np.float64(741.6786635791148)} at time 30
2025-03-18 09:53:54,819 | INFO     | helper_functions.py:50 | Starting data update for rear_left:{'vertical_load': np.float64(741.6786635791148)} at time 30
2025-03-18 09:53:54,821 | WARNING  | helper_functions.py:94 | Error: Time index '30' or column 'Fx' not found.
2025-03-18 09:53:54,821 | INFO     | helper_functions.py:50 | Starting data update for rear_right:{'Fx': np.float64(350.6164320449373), 'Fy': np.float64(-0.0), 'Fz': np.float64(741.6786635791148), 'Mz': np.float64(0.0), 'max_Fx': np.float64(594.3171752121285), 'desired_Fx': np.float64(594.3171752121285), 'desired_Fy': np.float64(0.0), 'slip_ratio': 3.5566848063418464, 'slip_angle': 0.0, 'angular_velocity': np.float64(nan), 'Vx': np.float64(0.2783677588888856)} at time 30
2025-03-18 09:53:54,822 | INFO     | helper_functions.py:50 | Starting data update for rear_right:{'Fx': np.float64(350.6164320449373), 'Fy': np.float64(-0.0), 'Fz': np.float64(741.6786635791148), 'Mz': np.float64(0.0), 'max_Fx': np.float64(594.3171752121285), 'desired_Fx': np.float64(594.3171752121285), 'desired_Fy': 0, 'slip_ratio': 3.5566848063418464, 'slip_angle': 0.0, 'angular_velocity': np.float64(nan), 'Vx': np.float64(0.2783677588888856), 'longitudinal_mode': 'accelerate'} at time 30
2025-03-18 09:53:54,822 | INFO     | helper_functions.py:50 | Starting data update for rear_right:{'x_friction': np.float64(350.6164320449373), 'y_friction': np.float64(-0.0)} at time 30
2025-03-18 09:53:54,823 | WARNING  | helper_functions.py:94 | Error: Time index '30' or column 'Fx' not found.
2025-03-18 09:53:54,823 | INFO     | helper_functions.py:50 | Starting data update for rear_left:{'Fx': np.float64(350.6164320449373), 'Fy': np.float64(-0.0), 'Fz': np.float64(741.6786635791148), 'Mz': np.float64(0.0), 'max_Fx': np.float64(594.3171752121285), 'desired_Fx': np.float64(594.3171752121285), 'desired_Fy': np.float64(0.0), 'slip_ratio': 3.5566848063418464, 'slip_angle': 0.0, 'angular_velocity': np.float64(nan), 'Vx': np.float64(0.2783677588888856)} at time 30
2025-03-18 09:53:54,825 | INFO     | helper_functions.py:50 | Starting data update for rear_left:{'Fx': np.float64(350.6164320449373), 'Fy': np.float64(-0.0), 'Fz': np.float64(741.6786635791148), 'Mz': np.float64(0.0), 'max_Fx': np.float64(594.3171752121285), 'desired_Fx': np.float64(594.3171752121285), 'desired_Fy': 0, 'slip_ratio': 3.5566848063418464, 'slip_angle': 0.0, 'angular_velocity': np.float64(nan), 'Vx': np.float64(0.2783677588888856), 'longitudinal_mode': 'accelerate'} at time 30
2025-03-18 09:53:54,825 | INFO     | helper_functions.py:50 | Starting data update for rear_left:{'x_friction': np.float64(350.6164320449373), 'y_friction': np.float64(-0.0)} at time 30
2025-03-18 09:53:54,826 | INFO     | helper_functions.py:50 | Starting data update for front_right:{'x_friction': 0, 'y_friction': 0, 'rolling_resistance': -100} at time 30
2025-03-18 09:53:54,826 | INFO     | helper_functions.py:50 | Starting data update for front_left:{'x_friction': 0, 'y_friction': 0, 'rolling_resistance': -100} at time 30
2025-03-18 09:53:54,826 | INFO     | helper_functions.py:50 | Starting data update for rear_right:{'x_friction': np.float64(350.6164320449373), 'y_friction': np.float64(-0.0), 'rolling_resistance': -100} at time 30
2025-03-18 09:53:54,826 | INFO     | helper_functions.py:50 | Starting data update for rear_left:{'x_friction': np.float64(350.6164320449373), 'y_friction': np.float64(-0.0), 'rolling_resistance': -100} at time 30
2025-03-18 09:53:54,826 | INFO     | helper_functions.py:50 | Starting data update for cnt_grav:{'inertial_z': 0, 'inertial_x': 0, 'inertial_y': 0} at time 30
2025-03-18 09:54:20,484 | INFO     | car.py:169 | Calculating resultants at time : 30
2025-03-18 09:54:20,485 | DEBUG    | car.py:393 | Returning total forces in x direction. Forces are : ['x_friction', 'rolling_resistance']. Sum was -100.0
2025-03-18 09:54:20,485 | DEBUG    | car.py:393 | Returning total forces in y direction. Forces are : ['y_friction']. Sum was 0.0
2025-03-18 09:54:20,485 | DEBUG    | car.py:393 | Returning total forces in z direction. Forces are : ['vertical_load']. Sum was 484.5713364208852
2025-03-18 09:54:20,485 | DEBUG    | car.py:393 | Returning total forces in x direction. Forces are : ['x_friction', 'rolling_resistance']. Sum was -100.0
2025-03-18 09:54:20,485 | DEBUG    | car.py:393 | Returning total forces in y direction. Forces are : ['y_friction']. Sum was 0.0
2025-03-18 09:54:20,485 | DEBUG    | car.py:393 | Returning total forces in z direction. Forces are : ['vertical_load']. Sum was 484.5713364208852
2025-03-18 09:54:20,485 | DEBUG    | car.py:393 | Returning total forces in x direction. Forces are : ['x_friction', 'rolling_resistance']. Sum was 250.6164320449373
2025-03-18 09:54:20,485 | DEBUG    | car.py:393 | Returning total forces in y direction. Forces are : ['y_friction']. Sum was 0.0
2025-03-18 09:54:20,485 | DEBUG    | car.py:393 | Returning total forces in z direction. Forces are : ['vertical_load']. Sum was 741.6786635791148
2025-03-18 09:54:20,485 | DEBUG    | car.py:393 | Returning total forces in x direction. Forces are : ['x_friction', 'rolling_resistance']. Sum was 250.6164320449373
2025-03-18 09:54:20,486 | DEBUG    | car.py:393 | Returning total forces in y direction. Forces are : ['y_friction']. Sum was 0.0
2025-03-18 09:54:20,486 | DEBUG    | car.py:393 | Returning total forces in z direction. Forces are : ['vertical_load']. Sum was 741.6786635791148
2025-03-18 09:54:20,486 | DEBUG    | car.py:393 | Returning total forces in x direction. Forces are : ['inertial_x']. Sum was 0
2025-03-18 09:54:20,486 | DEBUG    | car.py:393 | Returning total forces in y direction. Forces are : ['inertial_y']. Sum was 0
2025-03-18 09:54:20,486 | DEBUG    | car.py:393 | Returning total forces in z direction. Forces are : ['inertial_z']. Sum was 0
2025-03-18 09:54:20,486 | INFO     | car.py:287 | Timestep 30 had resultant forces of [np.float64(301.2328640898746), np.float64(0.0), np.float64(2452.5)] And resultant torques of [np.float64(1476.973433410858), np.float64(1784.640537773289), np.float64(304.8)]
2025-03-18 09:54:20,486 | INFO     | helper_functions.py:50 | Starting data update for vehicle_dataframe:{'acceleration': (np.float64(1.2049314563594984), np.float64(0.0), np.float64(9.81))} at time 30
2025-03-18 09:54:20,486 | INFO     | helper_functions.py:50 | Starting data update for vehicle_dataframe:{'velocity': (np.float64(0.3386143317068605), np.float64(0.0), 0), 'position': (np.float64(0.06504771896209477), np.float64(0.0), 0)} at time 35
2025-03-18 09:54:20,488 | DEBUG    | car.py:182 | After forces are applied; Position = (np.float64(0.06504771896209477), np.float64(0.0), 0) -- Velocity = (np.float64(0.3386143317068605), np.float64(0.0), 0) --
2025-03-18 09:54:20,491 | DEBUG    | car.py:393 | Returning total forces in x direction. Forces are : ['x_friction', 'rolling_resistance']. Sum was 250.6164320449373
2025-03-18 09:54:20,491 | DEBUG    | car.py:393 | Returning total forces in x direction. Forces are : ['x_friction', 'rolling_resistance']. Sum was 250.6164320449373
2025-03-18 09:54:20,491 | DEBUG    | car.py:393 | Returning total forces in x direction. Forces are : ['x_friction', 'rolling_resistance']. Sum was -100.0
2025-03-18 09:54:20,491 | DEBUG    | car.py:393 | Returning total forces in x direction. Forces are : ['x_friction', 'rolling_resistance']. Sum was -100.0
2025-03-18 09:54:20,491 | DEBUG    | car.py:393 | Returning total forces in y direction. Forces are : ['y_friction']. Sum was 0.0
2025-03-18 09:54:20,491 | DEBUG    | car.py:393 | Returning total forces in y direction. Forces are : ['y_friction']. Sum was 0.0
2025-03-18 09:54:20,491 | DEBUG    | car.py:393 | Returning total forces in y direction. Forces are : ['y_friction']. Sum was 0.0
2025-03-18 09:54:20,491 | DEBUG    | car.py:393 | Returning total forces in y direction. Forces are : ['y_friction']. Sum was 0.0
2025-03-18 09:54:20,491 | INFO     | helper_functions.py:50 | Starting data update for front_right:{'vertical_load': np.float64(484.565641583523)} at time 35
2025-03-18 09:54:20,493 | INFO     | helper_functions.py:50 | Starting data update for front_left:{'vertical_load': np.float64(484.565641583523)} at time 35
2025-03-18 09:54:20,494 | INFO     | helper_functions.py:50 | Starting data update for rear_right:{'vertical_load': np.float64(741.6843584164769)} at time 35
2025-03-18 09:54:20,495 | INFO     | helper_functions.py:50 | Starting data update for rear_left:{'vertical_load': np.float64(741.6843584164769)} at time 35
2025-03-18 09:54:20,497 | WARNING  | helper_functions.py:94 | Error: Time index '35' or column 'Fx' not found.
2025-03-18 09:54:20,497 | INFO     | helper_functions.py:50 | Starting data update for rear_right:{'Fx': np.float64(350.618578585096), 'Fy': np.float64(-0.0), 'Fz': np.float64(741.6843584164769), 'Mz': np.float64(0.0), 'max_Fx': np.float64(594.3212234092489), 'desired_Fx': np.float64(594.3212234092489), 'desired_Fy': np.float64(0.0), 'slip_ratio': 3.5567141936187934, 'slip_angle': 0.0, 'angular_velocity': np.float64(nan), 'Vx': np.float64(0.3386143317068605)} at time 35
2025-03-18 09:54:20,499 | INFO     | helper_functions.py:50 | Starting data update for rear_right:{'Fx': np.float64(350.618578585096), 'Fy': np.float64(-0.0), 'Fz': np.float64(741.6843584164769), 'Mz': np.float64(0.0), 'max_Fx': np.float64(594.3212234092489), 'desired_Fx': np.float64(594.3212234092489), 'desired_Fy': 0, 'slip_ratio': 3.5567141936187934, 'slip_angle': 0.0, 'angular_velocity': np.float64(nan), 'Vx': np.float64(0.3386143317068605), 'longitudinal_mode': 'accelerate'} at time 35
2025-03-18 09:54:20,499 | INFO     | helper_functions.py:50 | Starting data update for rear_right:{'x_friction': np.float64(350.618578585096), 'y_friction': np.float64(-0.0)} at time 35
2025-03-18 09:54:20,500 | WARNING  | helper_functions.py:94 | Error: Time index '35' or column 'Fx' not found.
2025-03-18 09:54:20,500 | INFO     | helper_functions.py:50 | Starting data update for rear_left:{'Fx': np.float64(350.618578585096), 'Fy': np.float64(-0.0), 'Fz': np.float64(741.6843584164769), 'Mz': np.float64(0.0), 'max_Fx': np.float64(594.3212234092489), 'desired_Fx': np.float64(594.3212234092489), 'desired_Fy': np.float64(0.0), 'slip_ratio': 3.5567141936187934, 'slip_angle': 0.0, 'angular_velocity': np.float64(nan), 'Vx': np.float64(0.3386143317068605)} at time 35
2025-03-18 09:54:20,502 | INFO     | helper_functions.py:50 | Starting data update for rear_left:{'Fx': np.float64(350.618578585096), 'Fy': np.float64(-0.0), 'Fz': np.float64(741.6843584164769), 'Mz': np.float64(0.0), 'max_Fx': np.float64(594.3212234092489), 'desired_Fx': np.float64(594.3212234092489), 'desired_Fy': 0, 'slip_ratio': 3.5567141936187934, 'slip_angle': 0.0, 'angular_velocity': np.float64(nan), 'Vx': np.float64(0.3386143317068605), 'longitudinal_mode': 'accelerate'} at time 35
2025-03-18 09:54:20,502 | INFO     | helper_functions.py:50 | Starting data update for rear_left:{'x_friction': np.float64(350.618578585096), 'y_friction': np.float64(-0.0)} at time 35
2025-03-18 09:54:20,502 | INFO     | helper_functions.py:50 | Starting data update for front_right:{'x_friction': 0, 'y_friction': 0, 'rolling_resistance': -100} at time 35
2025-03-18 09:54:20,502 | INFO     | helper_functions.py:50 | Starting data update for front_left:{'x_friction': 0, 'y_friction': 0, 'rolling_resistance': -100} at time 35
2025-03-18 09:54:20,502 | INFO     | helper_functions.py:50 | Starting data update for rear_right:{'x_friction': np.float64(350.618578585096), 'y_friction': np.float64(-0.0), 'rolling_resistance': -100} at time 35
2025-03-18 09:54:20,503 | INFO     | helper_functions.py:50 | Starting data update for rear_left:{'x_friction': np.float64(350.618578585096), 'y_friction': np.float64(-0.0), 'rolling_resistance': -100} at time 35
2025-03-18 09:54:20,503 | INFO     | helper_functions.py:50 | Starting data update for cnt_grav:{'inertial_z': 0, 'inertial_x': 0, 'inertial_y': 0} at time 35
2025-03-18 09:54:33,850 | INFO     | car.py:169 | Calculating resultants at time : 35
2025-03-18 09:54:33,851 | DEBUG    | car.py:393 | Returning total forces in x direction. Forces are : ['x_friction', 'rolling_resistance']. Sum was -100.0
2025-03-18 09:54:33,851 | DEBUG    | car.py:393 | Returning total forces in y direction. Forces are : ['y_friction']. Sum was 0.0
2025-03-18 09:54:33,852 | DEBUG    | car.py:393 | Returning total forces in z direction. Forces are : ['vertical_load']. Sum was 484.565641583523
2025-03-18 09:54:33,852 | DEBUG    | car.py:393 | Returning total forces in x direction. Forces are : ['x_friction', 'rolling_resistance']. Sum was -100.0
2025-03-18 09:54:33,852 | DEBUG    | car.py:393 | Returning total forces in y direction. Forces are : ['y_friction']. Sum was 0.0
2025-03-18 09:54:33,852 | DEBUG    | car.py:393 | Returning total forces in z direction. Forces are : ['vertical_load']. Sum was 484.565641583523
2025-03-18 09:54:33,852 | DEBUG    | car.py:393 | Returning total forces in x direction. Forces are : ['x_friction', 'rolling_resistance']. Sum was 250.61857858509597
2025-03-18 09:54:33,852 | DEBUG    | car.py:393 | Returning total forces in y direction. Forces are : ['y_friction']. Sum was 0.0
2025-03-18 09:54:33,852 | DEBUG    | car.py:393 | Returning total forces in z direction. Forces are : ['vertical_load']. Sum was 741.6843584164769
2025-03-18 09:54:33,853 | DEBUG    | car.py:393 | Returning total forces in x direction. Forces are : ['x_friction', 'rolling_resistance']. Sum was 250.61857858509597
2025-03-18 09:54:33,853 | DEBUG    | car.py:393 | Returning total forces in y direction. Forces are : ['y_friction']. Sum was 0.0
2025-03-18 09:54:33,853 | DEBUG    | car.py:393 | Returning total forces in z direction. Forces are : ['vertical_load']. Sum was 741.6843584164769
2025-03-18 09:54:33,853 | DEBUG    | car.py:393 | Returning total forces in x direction. Forces are : ['inertial_x']. Sum was 0
2025-03-18 09:54:33,853 | DEBUG    | car.py:393 | Returning total forces in y direction. Forces are : ['inertial_y']. Sum was 0
2025-03-18 09:54:33,853 | DEBUG    | car.py:393 | Returning total forces in z direction. Forces are : ['inertial_z']. Sum was 0
2025-03-18 09:54:33,853 | INFO     | car.py:287 | Timestep 35 had resultant forces of [np.float64(301.23715717019195), np.float64(0.0), np.float64(2452.5)] And resultant torques of [np.float64(1476.9560755465782), np.float64(1784.6393382866481), np.float64(304.8)]
2025-03-18 09:54:33,853 | INFO     | helper_functions.py:50 | Starting data update for vehicle_dataframe:{'acceleration': (np.float64(1.2049486286807678), np.float64(0.0), np.float64(9.81))} at time 35
2025-03-18 09:54:33,853 | INFO     | helper_functions.py:50 | Starting data update for vehicle_dataframe:{'velocity': (np.float64(0.3988617631408989), np.float64(0.0), 0), 'position': (np.float64(0.08649699290499067), np.float64(0.0), 0)} at time 40
2025-03-18 09:54:33,855 | DEBUG    | car.py:182 | After forces are applied; Position = (np.float64(0.08649699290499067), np.float64(0.0), 0) -- Velocity = (np.float64(0.3988617631408989), np.float64(0.0), 0) --
2025-03-18 09:54:33,857 | DEBUG    | car.py:393 | Returning total forces in x direction. Forces are : ['x_friction', 'rolling_resistance']. Sum was 250.61857858509597
2025-03-18 09:54:33,858 | DEBUG    | car.py:393 | Returning total forces in x direction. Forces are : ['x_friction', 'rolling_resistance']. Sum was 250.61857858509597
2025-03-18 09:54:33,858 | DEBUG    | car.py:393 | Returning total forces in x direction. Forces are : ['x_friction', 'rolling_resistance']. Sum was -100.0
2025-03-18 09:54:33,858 | DEBUG    | car.py:393 | Returning total forces in x direction. Forces are : ['x_friction', 'rolling_resistance']. Sum was -100.0
2025-03-18 09:54:33,858 | DEBUG    | car.py:393 | Returning total forces in y direction. Forces are : ['y_friction']. Sum was 0.0
2025-03-18 09:54:33,858 | DEBUG    | car.py:393 | Returning total forces in y direction. Forces are : ['y_friction']. Sum was 0.0
2025-03-18 09:54:33,858 | DEBUG    | car.py:393 | Returning total forces in y direction. Forces are : ['y_friction']. Sum was 0.0
2025-03-18 09:54:33,858 | DEBUG    | car.py:393 | Returning total forces in y direction. Forces are : ['y_friction']. Sum was 0.0
2025-03-18 09:54:33,858 | INFO     | helper_functions.py:50 | Starting data update for front_right:{'vertical_load': np.float64(484.5648545187981)} at time 40
2025-03-18 09:54:33,860 | INFO     | helper_functions.py:50 | Starting data update for front_left:{'vertical_load': np.float64(484.5648545187981)} at time 40
2025-03-18 09:54:33,861 | INFO     | helper_functions.py:50 | Starting data update for rear_right:{'vertical_load': np.float64(741.6851454812019)} at time 40
2025-03-18 09:54:33,862 | INFO     | helper_functions.py:50 | Starting data update for rear_left:{'vertical_load': np.float64(741.6851454812019)} at time 40
2025-03-18 09:54:33,864 | WARNING  | helper_functions.py:94 | Error: Time index '40' or column 'Fx' not found.
2025-03-18 09:54:33,865 | INFO     | helper_functions.py:50 | Starting data update for rear_right:{'Fx': np.float64(350.6188752510889), 'Fy': np.float64(-0.0), 'Fz': np.float64(741.6851454812019), 'Mz': np.float64(0.0), 'max_Fx': np.float64(594.3217828965718), 'desired_Fx': np.float64(594.3217828965718), 'desired_Fy': np.float64(0.0), 'slip_ratio': 3.5567182551327017, 'slip_angle': 0.0, 'angular_velocity': np.float64(nan), 'Vx': np.float64(0.3988617631408989)} at time 40
2025-03-18 09:54:33,866 | INFO     | helper_functions.py:50 | Starting data update for rear_right:{'Fx': np.float64(350.6188752510889), 'Fy': np.float64(-0.0), 'Fz': np.float64(741.6851454812019), 'Mz': np.float64(0.0), 'max_Fx': np.float64(594.3217828965718), 'desired_Fx': np.float64(594.3217828965718), 'desired_Fy': 0, 'slip_ratio': 3.5567182551327017, 'slip_angle': 0.0, 'angular_velocity': np.float64(nan), 'Vx': np.float64(0.3988617631408989), 'longitudinal_mode': 'accelerate'} at time 40
2025-03-18 09:54:33,867 | INFO     | helper_functions.py:50 | Starting data update for rear_right:{'x_friction': np.float64(350.6188752510889), 'y_friction': np.float64(-0.0)} at time 40
2025-03-18 09:54:33,867 | WARNING  | helper_functions.py:94 | Error: Time index '40' or column 'Fx' not found.
2025-03-18 09:54:33,868 | INFO     | helper_functions.py:50 | Starting data update for rear_left:{'Fx': np.float64(350.6188752510889), 'Fy': np.float64(-0.0), 'Fz': np.float64(741.6851454812019), 'Mz': np.float64(0.0), 'max_Fx': np.float64(594.3217828965718), 'desired_Fx': np.float64(594.3217828965718), 'desired_Fy': np.float64(0.0), 'slip_ratio': 3.5567182551327017, 'slip_angle': 0.0, 'angular_velocity': np.float64(nan), 'Vx': np.float64(0.3988617631408989)} at time 40
2025-03-18 09:54:33,869 | INFO     | helper_functions.py:50 | Starting data update for rear_left:{'Fx': np.float64(350.6188752510889), 'Fy': np.float64(-0.0), 'Fz': np.float64(741.6851454812019), 'Mz': np.float64(0.0), 'max_Fx': np.float64(594.3217828965718), 'desired_Fx': np.float64(594.3217828965718), 'desired_Fy': 0, 'slip_ratio': 3.5567182551327017, 'slip_angle': 0.0, 'angular_velocity': np.float64(nan), 'Vx': np.float64(0.3988617631408989), 'longitudinal_mode': 'accelerate'} at time 40
2025-03-18 09:54:33,870 | INFO     | helper_functions.py:50 | Starting data update for rear_left:{'x_friction': np.float64(350.6188752510889), 'y_friction': np.float64(-0.0)} at time 40
2025-03-18 09:54:33,870 | INFO     | helper_functions.py:50 | Starting data update for front_right:{'x_friction': 0, 'y_friction': 0, 'rolling_resistance': -100} at time 40
2025-03-18 09:54:33,870 | INFO     | helper_functions.py:50 | Starting data update for front_left:{'x_friction': 0, 'y_friction': 0, 'rolling_resistance': -100} at time 40
2025-03-18 09:54:33,870 | INFO     | helper_functions.py:50 | Starting data update for rear_right:{'x_friction': np.float64(350.6188752510889), 'y_friction': np.float64(-0.0), 'rolling_resistance': -100} at time 40
2025-03-18 09:54:33,870 | INFO     | helper_functions.py:50 | Starting data update for rear_left:{'x_friction': np.float64(350.6188752510889), 'y_friction': np.float64(-0.0), 'rolling_resistance': -100} at time 40
2025-03-18 09:54:33,870 | INFO     | helper_functions.py:50 | Starting data update for cnt_grav:{'inertial_z': 0, 'inertial_x': 0, 'inertial_y': 0} at time 40
2025-03-18 09:56:09,181 | INFO     | magic_formula_tire.py:15 | Starting Car.py Script
2025-03-18 09:56:09,183 | INFO     | car.py:14 | Starting Car.py Script
2025-03-18 09:56:09,184 | INFO     | helper_functions.py:50 | Starting data update for vehicle_dataframe:{'velocity': (0, 0, 0), 'position': (0, 0, 0)} at time 5
2025-03-18 09:56:09,702 | INFO     | magic_formula_tire.py:461 | Generated force to slip lookup table.
2025-03-18 09:56:09,703 | DEBUG    | car.py:423 | Forces and Moments:
2025-03-18 09:56:09,703 | DEBUG    | car.py:427 | Slip Ratio and Angle:
2025-03-18 09:56:10,206 | INFO     | magic_formula_tire.py:461 | Generated force to slip lookup table.
2025-03-18 09:56:10,207 | DEBUG    | car.py:423 | Forces and Moments:
2025-03-18 09:56:10,207 | DEBUG    | car.py:427 | Slip Ratio and Angle:
2025-03-18 09:56:10,707 | INFO     | magic_formula_tire.py:461 | Generated force to slip lookup table.
2025-03-18 09:56:10,707 | DEBUG    | car.py:423 | Forces and Moments:
2025-03-18 09:56:10,707 | DEBUG    | car.py:427 | Slip Ratio and Angle:
2025-03-18 09:56:11,210 | INFO     | magic_formula_tire.py:461 | Generated force to slip lookup table.
2025-03-18 09:56:11,210 | DEBUG    | car.py:423 | Forces and Moments:
2025-03-18 09:56:11,210 | DEBUG    | car.py:427 | Slip Ratio and Angle:
2025-03-18 09:56:11,211 | DEBUG    | car.py:396 | Returning total forces in x direction. Forces are : ['x_friction', 'rolling_resistance']. Sum was 0
2025-03-18 09:56:11,211 | DEBUG    | car.py:396 | Returning total forces in x direction. Forces are : ['x_friction', 'rolling_resistance']. Sum was 0
2025-03-18 09:56:11,211 | DEBUG    | car.py:396 | Returning total forces in x direction. Forces are : ['x_friction', 'rolling_resistance']. Sum was 0
2025-03-18 09:56:11,211 | DEBUG    | car.py:396 | Returning total forces in x direction. Forces are : ['x_friction', 'rolling_resistance']. Sum was 0
2025-03-18 09:56:11,211 | DEBUG    | car.py:396 | Returning total forces in y direction. Forces are : ['y_friction']. Sum was 0
2025-03-18 09:56:11,211 | DEBUG    | car.py:396 | Returning total forces in y direction. Forces are : ['y_friction']. Sum was 0
2025-03-18 09:56:11,212 | DEBUG    | car.py:396 | Returning total forces in y direction. Forces are : ['y_friction']. Sum was 0
2025-03-18 09:56:11,212 | DEBUG    | car.py:396 | Returning total forces in y direction. Forces are : ['y_friction']. Sum was 0
2025-03-18 09:56:11,212 | INFO     | helper_functions.py:50 | Starting data update for front_right:{'vertical_load': np.float64(613.125)} at time 5
2025-03-18 09:56:11,213 | INFO     | helper_functions.py:50 | Starting data update for front_left:{'vertical_load': np.float64(613.125)} at time 5
2025-03-18 09:56:11,214 | INFO     | helper_functions.py:50 | Starting data update for rear_right:{'vertical_load': np.float64(613.125)} at time 5
2025-03-18 09:56:11,215 | INFO     | helper_functions.py:50 | Starting data update for rear_left:{'vertical_load': np.float64(613.125)} at time 5
2025-03-18 09:56:11,215 | INFO     | helper_functions.py:50 | Starting data update for front_right:{'x_friction': 0, 'y_friction': 0, 'rolling_resistance': 0} at time 5
2025-03-18 09:56:11,216 | INFO     | helper_functions.py:50 | Starting data update for front_left:{'x_friction': 0, 'y_friction': 0, 'rolling_resistance': 0} at time 5
2025-03-18 09:56:11,216 | INFO     | helper_functions.py:50 | Starting data update for rear_right:{'x_friction': 0, 'y_friction': 0, 'rolling_resistance': 0} at time 5
2025-03-18 09:56:11,216 | INFO     | helper_functions.py:50 | Starting data update for rear_left:{'x_friction': 0, 'y_friction': 0, 'rolling_resistance': 0} at time 5
2025-03-18 09:56:11,216 | INFO     | helper_functions.py:50 | Starting data update for cnt_grav:{'inertial_z': 0, 'inertial_x': 0, 'inertial_y': 0} at time 5
2025-03-18 09:56:11,217 | DEBUG    | car.py:396 | Returning total forces in x direction. Forces are : ['x_friction', 'rolling_resistance']. Sum was 0.0
2025-03-18 09:56:11,217 | DEBUG    | car.py:396 | Returning total forces in y direction. Forces are : ['y_friction']. Sum was 0.0
2025-03-18 09:56:11,217 | DEBUG    | car.py:396 | Returning total forces in z direction. Forces are : ['vertical_load']. Sum was 613.125
2025-03-18 09:56:11,217 | DEBUG    | car.py:396 | Returning total forces in x direction. Forces are : ['x_friction', 'rolling_resistance']. Sum was 0.0
2025-03-18 09:56:11,217 | DEBUG    | car.py:396 | Returning total forces in y direction. Forces are : ['y_friction']. Sum was 0.0
2025-03-18 09:56:11,217 | DEBUG    | car.py:396 | Returning total forces in z direction. Forces are : ['vertical_load']. Sum was 613.125
2025-03-18 09:56:11,217 | DEBUG    | car.py:396 | Returning total forces in x direction. Forces are : ['x_friction', 'rolling_resistance']. Sum was 0.0
2025-03-18 09:56:11,217 | DEBUG    | car.py:396 | Returning total forces in y direction. Forces are : ['y_friction']. Sum was 0.0
2025-03-18 09:56:11,217 | DEBUG    | car.py:396 | Returning total forces in z direction. Forces are : ['vertical_load']. Sum was 613.125
2025-03-18 09:56:11,217 | DEBUG    | car.py:396 | Returning total forces in x direction. Forces are : ['x_friction', 'rolling_resistance']. Sum was 0.0
2025-03-18 09:56:11,217 | DEBUG    | car.py:396 | Returning total forces in y direction. Forces are : ['y_friction']. Sum was 0.0
2025-03-18 09:56:11,217 | DEBUG    | car.py:396 | Returning total forces in z direction. Forces are : ['vertical_load']. Sum was 613.125
2025-03-18 09:56:11,218 | DEBUG    | car.py:396 | Returning total forces in x direction. Forces are : ['inertial_x']. Sum was 0
2025-03-18 09:56:11,218 | DEBUG    | car.py:396 | Returning total forces in y direction. Forces are : ['inertial_y']. Sum was 0
2025-03-18 09:56:11,218 | DEBUG    | car.py:396 | Returning total forces in z direction. Forces are : ['inertial_z']. Sum was 0
2025-03-18 09:56:11,218 | INFO     | car.py:287 | Timestep 5 had resultant forces of [np.float64(0.0), np.float64(0.0), np.float64(2452.5)] And resultant torques of [np.float64(1868.805), np.float64(1868.8049999999998), np.float64(0.0)]
2025-03-18 09:56:11,218 | INFO     | helper_functions.py:50 | Starting data update for vehicle_dataframe:{'acceleration': (np.float64(0.0), np.float64(0.0), np.float64(9.81))} at time 5
2025-03-18 09:56:11,218 | INFO     | helper_functions.py:50 | Starting data update for vehicle_dataframe:{'velocity': (np.float64(0.0), np.float64(0.0), 0), 'position': (np.float64(0.0), np.float64(0.0), 0)} at time 10
2025-03-18 09:56:11,219 | DEBUG    | car.py:105 | After forces are applied; Position = (np.float64(0.0), np.float64(0.0), 0) -- Velocity = (np.float64(0.0), np.float64(0.0), 0) --
2025-03-18 09:56:11,219 | DEBUG    | helper_functions.py:144 | All objects to combine were TimeSeries
2025-03-18 09:56:11,221 | INFO     | acceleration_tester.py:12 | Starting Acceleration.py Script
2025-03-18 09:56:11,221 | DEBUG    | car.py:396 | Returning total forces in x direction. Forces are : ['x_friction', 'rolling_resistance']. Sum was 0.0
2025-03-18 09:56:11,222 | DEBUG    | car.py:396 | Returning total forces in x direction. Forces are : ['x_friction', 'rolling_resistance']. Sum was 0.0
2025-03-18 09:56:11,222 | DEBUG    | car.py:396 | Returning total forces in x direction. Forces are : ['x_friction', 'rolling_resistance']. Sum was 0.0
2025-03-18 09:56:11,222 | DEBUG    | car.py:396 | Returning total forces in x direction. Forces are : ['x_friction', 'rolling_resistance']. Sum was 0.0
2025-03-18 09:56:11,222 | DEBUG    | car.py:396 | Returning total forces in y direction. Forces are : ['y_friction']. Sum was 0.0
2025-03-18 09:56:11,222 | DEBUG    | car.py:396 | Returning total forces in y direction. Forces are : ['y_friction']. Sum was 0.0
2025-03-18 09:56:11,222 | DEBUG    | car.py:396 | Returning total forces in y direction. Forces are : ['y_friction']. Sum was 0.0
2025-03-18 09:56:11,222 | DEBUG    | car.py:396 | Returning total forces in y direction. Forces are : ['y_friction']. Sum was 0.0
2025-03-18 09:56:11,222 | INFO     | helper_functions.py:50 | Starting data update for front_right:{'vertical_load': np.float64(613.125)} at time 5
2025-03-18 09:56:11,222 | INFO     | helper_functions.py:50 | Starting data update for front_left:{'vertical_load': np.float64(613.125)} at time 5
2025-03-18 09:56:11,222 | INFO     | helper_functions.py:50 | Starting data update for rear_right:{'vertical_load': np.float64(613.125)} at time 5
2025-03-18 09:56:11,222 | INFO     | helper_functions.py:50 | Starting data update for rear_left:{'vertical_load': np.float64(613.125)} at time 5
2025-03-18 09:56:11,223 | WARNING  | helper_functions.py:94 | Error: Time index '5' or column 'Fx' not found.
2025-03-18 09:56:11,223 | INFO     | helper_functions.py:50 | Starting data update for rear_right:{'Fx': np.float64(301.35982032999317), 'Fy': np.float64(-0.0), 'Fz': np.float64(613.125), 'Mz': np.float64(0.0), 'max_Fx': np.float64(500.8346537514665), 'desired_Fx': np.float64(500.8346537514665), 'desired_Fy': 0.0, 'slip_ratio': 2.8780625292603683, 'slip_angle': 0.0, 'angular_velocity': np.float64(nan), 'Vx': np.float64(0.0)} at time 5
2025-03-18 09:56:11,224 | INFO     | helper_functions.py:50 | Starting data update for rear_right:{'Fx': np.float64(301.35982032999317), 'Fy': np.float64(-0.0), 'Fz': np.float64(613.125), 'Mz': np.float64(0.0), 'max_Fx': np.float64(500.8346537514665), 'desired_Fx': np.float64(500.8346537514665), 'desired_Fy': 0, 'slip_ratio': 2.8780625292603683, 'slip_angle': 0.0, 'angular_velocity': np.float64(nan), 'Vx': np.float64(0.0), 'longitudinal_mode': 'accelerate'} at time 5
2025-03-18 09:56:11,224 | INFO     | helper_functions.py:50 | Starting data update for rear_right:{'x_friction': np.float64(301.35982032999317), 'y_friction': np.float64(-0.0)} at time 5
2025-03-18 09:56:11,225 | WARNING  | helper_functions.py:94 | Error: Time index '5' or column 'Fx' not found.
2025-03-18 09:56:11,225 | INFO     | helper_functions.py:50 | Starting data update for rear_left:{'Fx': np.float64(301.35982032999317), 'Fy': np.float64(-0.0), 'Fz': np.float64(613.125), 'Mz': np.float64(0.0), 'max_Fx': np.float64(500.8346537514665), 'desired_Fx': np.float64(500.8346537514665), 'desired_Fy': 0.0, 'slip_ratio': 2.8780625292603683, 'slip_angle': 0.0, 'angular_velocity': np.float64(nan), 'Vx': np.float64(0.0)} at time 5
2025-03-18 09:56:11,226 | INFO     | helper_functions.py:50 | Starting data update for rear_left:{'Fx': np.float64(301.35982032999317), 'Fy': np.float64(-0.0), 'Fz': np.float64(613.125), 'Mz': np.float64(0.0), 'max_Fx': np.float64(500.8346537514665), 'desired_Fx': np.float64(500.8346537514665), 'desired_Fy': 0, 'slip_ratio': 2.8780625292603683, 'slip_angle': 0.0, 'angular_velocity': np.float64(nan), 'Vx': np.float64(0.0), 'longitudinal_mode': 'accelerate'} at time 5
2025-03-18 09:56:11,227 | INFO     | helper_functions.py:50 | Starting data update for rear_left:{'x_friction': np.float64(301.35982032999317), 'y_friction': np.float64(-0.0)} at time 5
2025-03-18 09:56:11,227 | INFO     | helper_functions.py:50 | Starting data update for front_right:{'x_friction': 0, 'y_friction': 0, 'rolling_resistance': -100} at time 5
2025-03-18 09:56:11,227 | INFO     | helper_functions.py:50 | Starting data update for front_left:{'x_friction': 0, 'y_friction': 0, 'rolling_resistance': -100} at time 5
2025-03-18 09:56:11,227 | INFO     | helper_functions.py:50 | Starting data update for rear_right:{'x_friction': np.float64(301.35982032999317), 'y_friction': np.float64(-0.0), 'rolling_resistance': -100} at time 5
2025-03-18 09:56:11,227 | INFO     | helper_functions.py:50 | Starting data update for rear_left:{'x_friction': np.float64(301.35982032999317), 'y_friction': np.float64(-0.0), 'rolling_resistance': -100} at time 5
2025-03-18 09:56:11,227 | INFO     | helper_functions.py:50 | Starting data update for cnt_grav:{'inertial_z': 0, 'inertial_x': 0, 'inertial_y': 0} at time 5
2025-03-18 09:56:16,433 | INFO     | car.py:169 | Calculating resultants at time : 5
2025-03-18 09:56:16,434 | DEBUG    | car.py:396 | Returning total forces in x direction. Forces are : ['x_friction', 'rolling_resistance']. Sum was -100.0
2025-03-18 09:56:16,434 | DEBUG    | car.py:396 | Returning total forces in y direction. Forces are : ['y_friction']. Sum was 0.0
2025-03-18 09:56:16,434 | DEBUG    | car.py:396 | Returning total forces in z direction. Forces are : ['vertical_load']. Sum was 613.125
2025-03-18 09:56:16,435 | DEBUG    | car.py:396 | Returning total forces in x direction. Forces are : ['x_friction', 'rolling_resistance']. Sum was -100.0
2025-03-18 09:56:16,435 | DEBUG    | car.py:396 | Returning total forces in y direction. Forces are : ['y_friction']. Sum was 0.0
2025-03-18 09:56:16,435 | DEBUG    | car.py:396 | Returning total forces in z direction. Forces are : ['vertical_load']. Sum was 613.125
2025-03-18 09:56:16,435 | DEBUG    | car.py:396 | Returning total forces in x direction. Forces are : ['x_friction', 'rolling_resistance']. Sum was 201.35982032999317
2025-03-18 09:56:16,435 | DEBUG    | car.py:396 | Returning total forces in y direction. Forces are : ['y_friction']. Sum was 0.0
2025-03-18 09:56:16,435 | DEBUG    | car.py:396 | Returning total forces in z direction. Forces are : ['vertical_load']. Sum was 613.125
2025-03-18 09:56:16,435 | DEBUG    | car.py:396 | Returning total forces in x direction. Forces are : ['x_friction', 'rolling_resistance']. Sum was 201.35982032999317
2025-03-18 09:56:16,435 | DEBUG    | car.py:396 | Returning total forces in y direction. Forces are : ['y_friction']. Sum was 0.0
2025-03-18 09:56:16,435 | DEBUG    | car.py:396 | Returning total forces in z direction. Forces are : ['vertical_load']. Sum was 613.125
2025-03-18 09:56:16,435 | DEBUG    | car.py:396 | Returning total forces in x direction. Forces are : ['inertial_x']. Sum was 0
2025-03-18 09:56:16,435 | DEBUG    | car.py:396 | Returning total forces in y direction. Forces are : ['inertial_y']. Sum was 0
2025-03-18 09:56:16,435 | DEBUG    | car.py:396 | Returning total forces in z direction. Forces are : ['inertial_z']. Sum was 0
2025-03-18 09:56:16,435 | INFO     | car.py:287 | Timestep 5 had resultant forces of [np.float64(202.71964065998634), np.float64(0.0), np.float64(2452.5)] And resultant torques of [np.float64(1868.805), np.float64(1812.1651323995998), np.float64(304.8)]
2025-03-18 09:56:16,435 | INFO     | helper_functions.py:50 | Starting data update for vehicle_dataframe:{'acceleration': (np.float64(0.8108785626399454), np.float64(0.0), np.float64(9.81))} at time 5
2025-03-18 09:56:16,436 | INFO     | helper_functions.py:50 | Starting data update for vehicle_dataframe:{'velocity': (np.float64(0.040543928131997274), np.float64(0.0), 0), 'position': (np.float64(0.003040794609899796), np.float64(0.0), 0)} at time 10
2025-03-18 09:56:16,436 | DEBUG    | car.py:182 | After forces are applied; Position = (np.float64(0.003040794609899796), np.float64(0.0), 0) -- Velocity = (np.float64(0.040543928131997274), np.float64(0.0), 0) --
2025-03-18 09:56:16,438 | INFO     | car.py:359 | Master Dataframe has been updated for timestep 5
2025-03-18 09:56:16,439 | DEBUG    | car.py:396 | Returning total forces in x direction. Forces are : ['x_friction', 'rolling_resistance']. Sum was 201.35982032999317
2025-03-18 09:56:16,439 | DEBUG    | car.py:396 | Returning total forces in x direction. Forces are : ['x_friction', 'rolling_resistance']. Sum was 201.35982032999317
2025-03-18 09:56:16,439 | DEBUG    | car.py:396 | Returning total forces in x direction. Forces are : ['x_friction', 'rolling_resistance']. Sum was -100.0
2025-03-18 09:56:16,439 | DEBUG    | car.py:396 | Returning total forces in x direction. Forces are : ['x_friction', 'rolling_resistance']. Sum was -100.0
2025-03-18 09:56:16,439 | DEBUG    | car.py:396 | Returning total forces in y direction. Forces are : ['y_friction']. Sum was 0.0
2025-03-18 09:56:16,439 | DEBUG    | car.py:396 | Returning total forces in y direction. Forces are : ['y_friction']. Sum was 0.0
2025-03-18 09:56:16,439 | DEBUG    | car.py:396 | Returning total forces in y direction. Forces are : ['y_friction']. Sum was 0.0
2025-03-18 09:56:16,439 | DEBUG    | car.py:396 | Returning total forces in y direction. Forces are : ['y_friction']. Sum was 0.0
2025-03-18 09:56:16,439 | INFO     | helper_functions.py:50 | Starting data update for front_right:{'vertical_load': np.float64(502.6263992123358)} at time 10
2025-03-18 09:56:16,441 | INFO     | helper_functions.py:50 | Starting data update for front_left:{'vertical_load': np.float64(502.6263992123358)} at time 10
2025-03-18 09:56:16,442 | INFO     | helper_functions.py:50 | Starting data update for rear_right:{'vertical_load': np.float64(723.6236007876641)} at time 10
2025-03-18 09:56:16,443 | INFO     | helper_functions.py:50 | Starting data update for rear_left:{'vertical_load': np.float64(723.6236007876641)} at time 10
2025-03-18 09:56:16,444 | WARNING  | helper_functions.py:94 | Error: Time index '10' or column 'Fx' not found.
2025-03-18 09:56:16,444 | INFO     | helper_functions.py:50 | Starting data update for rear_right:{'Fx': np.float64(343.79469672603364), 'Fy': np.float64(-0.0), 'Fz': np.float64(723.6236007876641), 'Mz': np.float64(0.0), 'max_Fx': np.float64(581.4396313403475), 'desired_Fx': np.float64(581.4396313403475), 'desired_Fy': np.float64(0.0), 'slip_ratio': 3.4632022172017787, 'slip_angle': 0.0, 'angular_velocity': np.float64(nan), 'Vx': np.float64(0.040543928131997274)} at time 10
2025-03-18 09:56:16,445 | INFO     | helper_functions.py:50 | Starting data update for rear_right:{'Fx': np.float64(343.79469672603364), 'Fy': np.float64(-0.0), 'Fz': np.float64(723.6236007876641), 'Mz': np.float64(0.0), 'max_Fx': np.float64(581.4396313403475), 'desired_Fx': np.float64(581.4396313403475), 'desired_Fy': 0, 'slip_ratio': 3.4632022172017787, 'slip_angle': 0.0, 'angular_velocity': np.float64(nan), 'Vx': np.float64(0.040543928131997274), 'longitudinal_mode': 'accelerate'} at time 10
2025-03-18 09:56:16,445 | INFO     | helper_functions.py:50 | Starting data update for rear_right:{'x_friction': np.float64(343.79469672603364), 'y_friction': np.float64(-0.0)} at time 10
2025-03-18 09:56:16,446 | WARNING  | helper_functions.py:94 | Error: Time index '10' or column 'Fx' not found.
2025-03-18 09:56:16,446 | INFO     | helper_functions.py:50 | Starting data update for rear_left:{'Fx': np.float64(343.79469672603364), 'Fy': np.float64(-0.0), 'Fz': np.float64(723.6236007876641), 'Mz': np.float64(0.0), 'max_Fx': np.float64(581.4396313403475), 'desired_Fx': np.float64(581.4396313403475), 'desired_Fy': np.float64(0.0), 'slip_ratio': 3.4632022172017787, 'slip_angle': 0.0, 'angular_velocity': np.float64(nan), 'Vx': np.float64(0.040543928131997274)} at time 10
2025-03-18 09:56:16,447 | INFO     | helper_functions.py:50 | Starting data update for rear_left:{'Fx': np.float64(343.79469672603364), 'Fy': np.float64(-0.0), 'Fz': np.float64(723.6236007876641), 'Mz': np.float64(0.0), 'max_Fx': np.float64(581.4396313403475), 'desired_Fx': np.float64(581.4396313403475), 'desired_Fy': 0, 'slip_ratio': 3.4632022172017787, 'slip_angle': 0.0, 'angular_velocity': np.float64(nan), 'Vx': np.float64(0.040543928131997274), 'longitudinal_mode': 'accelerate'} at time 10
2025-03-18 09:56:16,448 | INFO     | helper_functions.py:50 | Starting data update for rear_left:{'x_friction': np.float64(343.79469672603364), 'y_friction': np.float64(-0.0)} at time 10
2025-03-18 09:56:16,448 | INFO     | helper_functions.py:50 | Starting data update for front_right:{'x_friction': 0, 'y_friction': 0, 'rolling_resistance': -100} at time 10
2025-03-18 09:56:16,448 | INFO     | helper_functions.py:50 | Starting data update for front_left:{'x_friction': 0, 'y_friction': 0, 'rolling_resistance': -100} at time 10
2025-03-18 09:56:16,448 | INFO     | helper_functions.py:50 | Starting data update for rear_right:{'x_friction': np.float64(343.79469672603364), 'y_friction': np.float64(-0.0), 'rolling_resistance': -100} at time 10
2025-03-18 09:56:16,448 | INFO     | helper_functions.py:50 | Starting data update for rear_left:{'x_friction': np.float64(343.79469672603364), 'y_friction': np.float64(-0.0), 'rolling_resistance': -100} at time 10
2025-03-18 09:56:16,448 | INFO     | helper_functions.py:50 | Starting data update for cnt_grav:{'inertial_z': 0, 'inertial_x': 0, 'inertial_y': 0} at time 10
2025-03-18 09:56:25,710 | INFO     | car.py:169 | Calculating resultants at time : 10
2025-03-18 09:56:25,711 | DEBUG    | car.py:396 | Returning total forces in x direction. Forces are : ['x_friction', 'rolling_resistance']. Sum was -100.0
2025-03-18 09:56:25,711 | DEBUG    | car.py:396 | Returning total forces in y direction. Forces are : ['y_friction']. Sum was 0.0
2025-03-18 09:56:25,711 | DEBUG    | car.py:396 | Returning total forces in z direction. Forces are : ['vertical_load']. Sum was 502.6263992123358
2025-03-18 09:56:25,711 | DEBUG    | car.py:396 | Returning total forces in x direction. Forces are : ['x_friction', 'rolling_resistance']. Sum was -100.0
2025-03-18 09:56:25,711 | DEBUG    | car.py:396 | Returning total forces in y direction. Forces are : ['y_friction']. Sum was 0.0
2025-03-18 09:56:25,711 | DEBUG    | car.py:396 | Returning total forces in z direction. Forces are : ['vertical_load']. Sum was 502.6263992123358
2025-03-18 09:56:25,711 | DEBUG    | car.py:396 | Returning total forces in x direction. Forces are : ['x_friction', 'rolling_resistance']. Sum was 243.79469672603364
2025-03-18 09:56:25,711 | DEBUG    | car.py:396 | Returning total forces in y direction. Forces are : ['y_friction']. Sum was 0.0
2025-03-18 09:56:25,711 | DEBUG    | car.py:396 | Returning total forces in z direction. Forces are : ['vertical_load']. Sum was 723.6236007876641
2025-03-18 09:56:25,711 | DEBUG    | car.py:396 | Returning total forces in x direction. Forces are : ['x_friction', 'rolling_resistance']. Sum was 243.79469672603364
2025-03-18 09:56:25,712 | DEBUG    | car.py:396 | Returning total forces in y direction. Forces are : ['y_friction']. Sum was 0.0
2025-03-18 09:56:25,712 | DEBUG    | car.py:396 | Returning total forces in z direction. Forces are : ['vertical_load']. Sum was 723.6236007876641
2025-03-18 09:56:25,712 | DEBUG    | car.py:396 | Returning total forces in x direction. Forces are : ['inertial_x']. Sum was 0
2025-03-18 09:56:25,712 | DEBUG    | car.py:396 | Returning total forces in y direction. Forces are : ['inertial_y']. Sum was 0
2025-03-18 09:56:25,712 | DEBUG    | car.py:396 | Returning total forces in z direction. Forces are : ['inertial_z']. Sum was 0
2025-03-18 09:56:25,712 | INFO     | car.py:287 | Timestep 10 had resultant forces of [np.float64(287.58939345206727), np.float64(0.0), np.float64(2452.5)] And resultant torques of [np.float64(1532.0052647991995), np.float64(1788.4525234694925), np.float64(304.8)]
2025-03-18 09:56:25,712 | INFO     | helper_functions.py:50 | Starting data update for vehicle_dataframe:{'acceleration': (np.float64(1.150357573808269), np.float64(0.0), np.float64(9.81))} at time 10
2025-03-18 09:56:25,712 | INFO     | helper_functions.py:50 | Starting data update for vehicle_dataframe:{'velocity': (np.float64(0.09806180682241072), np.float64(0.0), 0), 'position': (np.float64(0.00938183191828067), np.float64(0.0), 0)} at time 15
2025-03-18 09:56:25,713 | DEBUG    | car.py:182 | After forces are applied; Position = (np.float64(0.00938183191828067), np.float64(0.0), 0) -- Velocity = (np.float64(0.09806180682241072), np.float64(0.0), 0) --
2025-03-18 09:56:25,715 | INFO     | car.py:359 | Master Dataframe has been updated for timestep 10
2025-03-18 09:56:25,715 | DEBUG    | car.py:396 | Returning total forces in x direction. Forces are : ['x_friction', 'rolling_resistance']. Sum was 243.79469672603364
2025-03-18 09:56:25,715 | DEBUG    | car.py:396 | Returning total forces in x direction. Forces are : ['x_friction', 'rolling_resistance']. Sum was 243.79469672603364
2025-03-18 09:56:25,715 | DEBUG    | car.py:396 | Returning total forces in x direction. Forces are : ['x_friction', 'rolling_resistance']. Sum was -100.0
2025-03-18 09:56:25,715 | DEBUG    | car.py:396 | Returning total forces in x direction. Forces are : ['x_friction', 'rolling_resistance']. Sum was -100.0
2025-03-18 09:56:25,715 | DEBUG    | car.py:396 | Returning total forces in y direction. Forces are : ['y_friction']. Sum was 0.0
2025-03-18 09:56:25,715 | DEBUG    | car.py:396 | Returning total forces in y direction. Forces are : ['y_friction']. Sum was 0.0
2025-03-18 09:56:25,715 | DEBUG    | car.py:396 | Returning total forces in y direction. Forces are : ['y_friction']. Sum was 0.0
2025-03-18 09:56:25,715 | DEBUG    | car.py:396 | Returning total forces in y direction. Forces are : ['y_friction']. Sum was 0.0
2025-03-18 09:56:25,715 | INFO     | helper_functions.py:50 | Starting data update for front_right:{'vertical_load': np.float64(487.06694453378765)} at time 15
2025-03-18 09:56:25,716 | INFO     | helper_functions.py:50 | Starting data update for front_left:{'vertical_load': np.float64(487.06694453378765)} at time 15
2025-03-18 09:56:25,717 | INFO     | helper_functions.py:50 | Starting data update for rear_right:{'vertical_load': np.float64(739.1830554662123)} at time 15
2025-03-18 09:56:25,718 | INFO     | helper_functions.py:50 | Starting data update for rear_left:{'vertical_load': np.float64(739.1830554662123)} at time 15
2025-03-18 09:56:25,719 | WARNING  | helper_functions.py:94 | Error: Time index '15' or column 'Fx' not found.
2025-03-18 09:56:25,720 | INFO     | helper_functions.py:50 | Starting data update for rear_right:{'Fx': np.float64(349.675455987849), 'Fy': np.float64(-0.0), 'Fz': np.float64(739.1830554662123), 'Mz': np.float64(0.0), 'max_Fx': np.float64(592.5423371860362), 'desired_Fx': np.float64(592.5423371860362), 'desired_Fy': np.float64(0.0), 'slip_ratio': 3.5438006371528026, 'slip_angle': 0.0, 'angular_velocity': np.float64(nan), 'Vx': np.float64(0.09806180682241072)} at time 15
2025-03-18 09:56:25,721 | INFO     | helper_functions.py:50 | Starting data update for rear_right:{'Fx': np.float64(349.675455987849), 'Fy': np.float64(-0.0), 'Fz': np.float64(739.1830554662123), 'Mz': np.float64(0.0), 'max_Fx': np.float64(592.5423371860362), 'desired_Fx': np.float64(592.5423371860362), 'desired_Fy': 0, 'slip_ratio': 3.5438006371528026, 'slip_angle': 0.0, 'angular_velocity': np.float64(nan), 'Vx': np.float64(0.09806180682241072), 'longitudinal_mode': 'accelerate'} at time 15
2025-03-18 09:56:25,721 | INFO     | helper_functions.py:50 | Starting data update for rear_right:{'x_friction': np.float64(349.675455987849), 'y_friction': np.float64(-0.0)} at time 15
2025-03-18 09:56:25,722 | WARNING  | helper_functions.py:94 | Error: Time index '15' or column 'Fx' not found.
2025-03-18 09:56:25,722 | INFO     | helper_functions.py:50 | Starting data update for rear_left:{'Fx': np.float64(349.675455987849), 'Fy': np.float64(-0.0), 'Fz': np.float64(739.1830554662123), 'Mz': np.float64(0.0), 'max_Fx': np.float64(592.5423371860362), 'desired_Fx': np.float64(592.5423371860362), 'desired_Fy': np.float64(0.0), 'slip_ratio': 3.5438006371528026, 'slip_angle': 0.0, 'angular_velocity': np.float64(nan), 'Vx': np.float64(0.09806180682241072)} at time 15
2025-03-18 09:56:25,723 | INFO     | helper_functions.py:50 | Starting data update for rear_left:{'Fx': np.float64(349.675455987849), 'Fy': np.float64(-0.0), 'Fz': np.float64(739.1830554662123), 'Mz': np.float64(0.0), 'max_Fx': np.float64(592.5423371860362), 'desired_Fx': np.float64(592.5423371860362), 'desired_Fy': 0, 'slip_ratio': 3.5438006371528026, 'slip_angle': 0.0, 'angular_velocity': np.float64(nan), 'Vx': np.float64(0.09806180682241072), 'longitudinal_mode': 'accelerate'} at time 15
2025-03-18 09:56:25,723 | INFO     | helper_functions.py:50 | Starting data update for rear_left:{'x_friction': np.float64(349.675455987849), 'y_friction': np.float64(-0.0)} at time 15
2025-03-18 09:56:25,723 | INFO     | helper_functions.py:50 | Starting data update for front_right:{'x_friction': 0, 'y_friction': 0, 'rolling_resistance': -100} at time 15
2025-03-18 09:56:25,723 | INFO     | helper_functions.py:50 | Starting data update for front_left:{'x_friction': 0, 'y_friction': 0, 'rolling_resistance': -100} at time 15
2025-03-18 09:56:25,723 | INFO     | helper_functions.py:50 | Starting data update for rear_right:{'x_friction': np.float64(349.675455987849), 'y_friction': np.float64(-0.0), 'rolling_resistance': -100} at time 15
2025-03-18 09:56:25,723 | INFO     | helper_functions.py:50 | Starting data update for rear_left:{'x_friction': np.float64(349.675455987849), 'y_friction': np.float64(-0.0), 'rolling_resistance': -100} at time 15
2025-03-18 09:56:25,723 | INFO     | helper_functions.py:50 | Starting data update for cnt_grav:{'inertial_z': 0, 'inertial_x': 0, 'inertial_y': 0} at time 15
2025-03-18 09:56:35,382 | INFO     | car.py:169 | Calculating resultants at time : 15
2025-03-18 09:56:35,384 | DEBUG    | car.py:396 | Returning total forces in x direction. Forces are : ['x_friction', 'rolling_resistance']. Sum was -100.0
2025-03-18 09:56:35,384 | DEBUG    | car.py:396 | Returning total forces in y direction. Forces are : ['y_friction']. Sum was 0.0
2025-03-18 09:56:35,384 | DEBUG    | car.py:396 | Returning total forces in z direction. Forces are : ['vertical_load']. Sum was 487.06694453378765
2025-03-18 09:56:35,384 | DEBUG    | car.py:396 | Returning total forces in x direction. Forces are : ['x_friction', 'rolling_resistance']. Sum was -100.0
2025-03-18 09:56:35,384 | DEBUG    | car.py:396 | Returning total forces in y direction. Forces are : ['y_friction']. Sum was 0.0
2025-03-18 09:56:35,384 | DEBUG    | car.py:396 | Returning total forces in z direction. Forces are : ['vertical_load']. Sum was 487.06694453378765
2025-03-18 09:56:35,384 | DEBUG    | car.py:396 | Returning total forces in x direction. Forces are : ['x_friction', 'rolling_resistance']. Sum was 249.67545598784898
2025-03-18 09:56:35,384 | DEBUG    | car.py:396 | Returning total forces in y direction. Forces are : ['y_friction']. Sum was 0.0
2025-03-18 09:56:35,384 | DEBUG    | car.py:396 | Returning total forces in z direction. Forces are : ['vertical_load']. Sum was 739.1830554662123
2025-03-18 09:56:35,384 | DEBUG    | car.py:396 | Returning total forces in x direction. Forces are : ['x_friction', 'rolling_resistance']. Sum was 249.67545598784898
2025-03-18 09:56:35,384 | DEBUG    | car.py:396 | Returning total forces in y direction. Forces are : ['y_friction']. Sum was 0.0
2025-03-18 09:56:35,385 | DEBUG    | car.py:396 | Returning total forces in z direction. Forces are : ['vertical_load']. Sum was 739.1830554662123
2025-03-18 09:56:35,385 | DEBUG    | car.py:396 | Returning total forces in x direction. Forces are : ['inertial_x']. Sum was 0
2025-03-18 09:56:35,385 | DEBUG    | car.py:396 | Returning total forces in y direction. Forces are : ['inertial_y']. Sum was 0
2025-03-18 09:56:35,385 | DEBUG    | car.py:396 | Returning total forces in z direction. Forces are : ['inertial_z']. Sum was 0
2025-03-18 09:56:35,385 | INFO     | car.py:287 | Timestep 15 had resultant forces of [np.float64(299.35091197569795), np.float64(0.0), np.float64(2452.5)] And resultant torques of [np.float64(1484.5800469389849), np.float64(1785.16635519399), np.float64(304.8)]
2025-03-18 09:56:35,385 | INFO     | helper_functions.py:50 | Starting data update for vehicle_dataframe:{'acceleration': (np.float64(1.1974036479027919), np.float64(0.0), np.float64(9.81))} at time 15
2025-03-18 09:56:35,385 | INFO     | helper_functions.py:50 | Starting data update for vehicle_dataframe:{'velocity': (np.float64(0.1579319892175503), np.float64(0.0), 0), 'position': (np.float64(0.018775185939036678), np.float64(0.0), 0)} at time 20
2025-03-18 09:56:35,386 | DEBUG    | car.py:182 | After forces are applied; Position = (np.float64(0.018775185939036678), np.float64(0.0), 0) -- Velocity = (np.float64(0.1579319892175503), np.float64(0.0), 0) --
2025-03-18 09:56:35,388 | INFO     | car.py:359 | Master Dataframe has been updated for timestep 15
2025-03-18 09:56:35,388 | DEBUG    | car.py:396 | Returning total forces in x direction. Forces are : ['x_friction', 'rolling_resistance']. Sum was 249.67545598784898
2025-03-18 09:56:35,388 | DEBUG    | car.py:396 | Returning total forces in x direction. Forces are : ['x_friction', 'rolling_resistance']. Sum was 249.67545598784898
2025-03-18 09:56:35,388 | DEBUG    | car.py:396 | Returning total forces in x direction. Forces are : ['x_friction', 'rolling_resistance']. Sum was -100.0
2025-03-18 09:56:35,388 | DEBUG    | car.py:396 | Returning total forces in x direction. Forces are : ['x_friction', 'rolling_resistance']. Sum was -100.0
2025-03-18 09:56:35,388 | DEBUG    | car.py:396 | Returning total forces in y direction. Forces are : ['y_friction']. Sum was 0.0
2025-03-18 09:56:35,388 | DEBUG    | car.py:396 | Returning total forces in y direction. Forces are : ['y_friction']. Sum was 0.0
2025-03-18 09:56:35,388 | DEBUG    | car.py:396 | Returning total forces in y direction. Forces are : ['y_friction']. Sum was 0.0
2025-03-18 09:56:35,388 | DEBUG    | car.py:396 | Returning total forces in y direction. Forces are : ['y_friction']. Sum was 0.0
2025-03-18 09:56:35,388 | INFO     | helper_functions.py:50 | Starting data update for front_right:{'vertical_load': np.float64(484.9106661377887)} at time 20
2025-03-18 09:56:35,389 | INFO     | helper_functions.py:50 | Starting data update for front_left:{'vertical_load': np.float64(484.9106661377887)} at time 20
2025-03-18 09:56:35,390 | INFO     | helper_functions.py:50 | Starting data update for rear_right:{'vertical_load': np.float64(741.3393338622112)} at time 20
2025-03-18 09:56:35,391 | INFO     | helper_functions.py:50 | Starting data update for rear_left:{'vertical_load': np.float64(741.3393338622112)} at time 20
2025-03-18 09:56:35,392 | WARNING  | helper_functions.py:94 | Error: Time index '20' or column 'Fx' not found.
2025-03-18 09:56:35,392 | INFO     | helper_functions.py:50 | Starting data update for rear_right:{'Fx': np.float64(350.4885235080252), 'Fy': np.float64(-0.0), 'Fz': np.float64(741.3393338622112), 'Mz': np.float64(0.0), 'max_Fx': np.float64(594.0759458887521), 'desired_Fx': np.float64(594.0759458887521), 'desired_Fy': np.float64(0.0), 'slip_ratio': 3.554933638421142, 'slip_angle': 0.0, 'angular_velocity': np.float64(nan), 'Vx': np.float64(0.1579319892175503)} at time 20
2025-03-18 09:56:35,393 | INFO     | helper_functions.py:50 | Starting data update for rear_right:{'Fx': np.float64(350.4885235080252), 'Fy': np.float64(-0.0), 'Fz': np.float64(741.3393338622112), 'Mz': np.float64(0.0), 'max_Fx': np.float64(594.0759458887521), 'desired_Fx': np.float64(594.0759458887521), 'desired_Fy': 0, 'slip_ratio': 3.554933638421142, 'slip_angle': 0.0, 'angular_velocity': np.float64(nan), 'Vx': np.float64(0.1579319892175503), 'longitudinal_mode': 'accelerate'} at time 20
2025-03-18 09:56:35,394 | INFO     | helper_functions.py:50 | Starting data update for rear_right:{'x_friction': np.float64(350.4885235080252), 'y_friction': np.float64(-0.0)} at time 20
2025-03-18 09:56:35,394 | WARNING  | helper_functions.py:94 | Error: Time index '20' or column 'Fx' not found.
2025-03-18 09:56:35,394 | INFO     | helper_functions.py:50 | Starting data update for rear_left:{'Fx': np.float64(350.4885235080252), 'Fy': np.float64(-0.0), 'Fz': np.float64(741.3393338622112), 'Mz': np.float64(0.0), 'max_Fx': np.float64(594.0759458887521), 'desired_Fx': np.float64(594.0759458887521), 'desired_Fy': np.float64(0.0), 'slip_ratio': 3.554933638421142, 'slip_angle': 0.0, 'angular_velocity': np.float64(nan), 'Vx': np.float64(0.1579319892175503)} at time 20
2025-03-18 09:56:35,395 | INFO     | helper_functions.py:50 | Starting data update for rear_left:{'Fx': np.float64(350.4885235080252), 'Fy': np.float64(-0.0), 'Fz': np.float64(741.3393338622112), 'Mz': np.float64(0.0), 'max_Fx': np.float64(594.0759458887521), 'desired_Fx': np.float64(594.0759458887521), 'desired_Fy': 0, 'slip_ratio': 3.554933638421142, 'slip_angle': 0.0, 'angular_velocity': np.float64(nan), 'Vx': np.float64(0.1579319892175503), 'longitudinal_mode': 'accelerate'} at time 20
2025-03-18 09:56:35,395 | INFO     | helper_functions.py:50 | Starting data update for rear_left:{'x_friction': np.float64(350.4885235080252), 'y_friction': np.float64(-0.0)} at time 20
2025-03-18 09:56:35,395 | INFO     | helper_functions.py:50 | Starting data update for front_right:{'x_friction': 0, 'y_friction': 0, 'rolling_resistance': -100} at time 20
2025-03-18 09:56:35,396 | INFO     | helper_functions.py:50 | Starting data update for front_left:{'x_friction': 0, 'y_friction': 0, 'rolling_resistance': -100} at time 20
2025-03-18 09:56:35,396 | INFO     | helper_functions.py:50 | Starting data update for rear_right:{'x_friction': np.float64(350.4885235080252), 'y_friction': np.float64(-0.0), 'rolling_resistance': -100} at time 20
2025-03-18 09:56:35,396 | INFO     | helper_functions.py:50 | Starting data update for rear_left:{'x_friction': np.float64(350.4885235080252), 'y_friction': np.float64(-0.0), 'rolling_resistance': -100} at time 20
2025-03-18 09:56:35,396 | INFO     | helper_functions.py:50 | Starting data update for cnt_grav:{'inertial_z': 0, 'inertial_x': 0, 'inertial_y': 0} at time 20
2025-03-18 09:56:41,968 | INFO     | car.py:169 | Calculating resultants at time : 20
2025-03-18 09:56:41,970 | DEBUG    | car.py:396 | Returning total forces in x direction. Forces are : ['x_friction', 'rolling_resistance']. Sum was -100.0
2025-03-18 09:56:41,970 | DEBUG    | car.py:396 | Returning total forces in y direction. Forces are : ['y_friction']. Sum was 0.0
2025-03-18 09:56:41,971 | DEBUG    | car.py:396 | Returning total forces in z direction. Forces are : ['vertical_load']. Sum was 484.9106661377887
2025-03-18 09:56:41,971 | DEBUG    | car.py:396 | Returning total forces in x direction. Forces are : ['x_friction', 'rolling_resistance']. Sum was -100.0
2025-03-18 09:56:41,971 | DEBUG    | car.py:396 | Returning total forces in y direction. Forces are : ['y_friction']. Sum was 0.0
2025-03-18 09:56:41,971 | DEBUG    | car.py:396 | Returning total forces in z direction. Forces are : ['vertical_load']. Sum was 484.9106661377887
2025-03-18 09:56:41,971 | DEBUG    | car.py:396 | Returning total forces in x direction. Forces are : ['x_friction', 'rolling_resistance']. Sum was 250.4885235080252
2025-03-18 09:56:41,971 | DEBUG    | car.py:396 | Returning total forces in y direction. Forces are : ['y_friction']. Sum was 0.0
2025-03-18 09:56:41,971 | DEBUG    | car.py:396 | Returning total forces in z direction. Forces are : ['vertical_load']. Sum was 741.3393338622112
2025-03-18 09:56:41,971 | DEBUG    | car.py:396 | Returning total forces in x direction. Forces are : ['x_friction', 'rolling_resistance']. Sum was 250.4885235080252
2025-03-18 09:56:41,971 | DEBUG    | car.py:396 | Returning total forces in y direction. Forces are : ['y_friction']. Sum was 0.0
2025-03-18 09:56:41,971 | DEBUG    | car.py:396 | Returning total forces in z direction. Forces are : ['vertical_load']. Sum was 741.3393338622112
2025-03-18 09:56:41,971 | DEBUG    | car.py:396 | Returning total forces in x direction. Forces are : ['inertial_x']. Sum was 0
2025-03-18 09:56:41,971 | DEBUG    | car.py:396 | Returning total forces in y direction. Forces are : ['inertial_y']. Sum was 0
2025-03-18 09:56:41,971 | DEBUG    | car.py:396 | Returning total forces in z direction. Forces are : ['inertial_z']. Sum was 0
2025-03-18 09:56:41,972 | INFO     | car.py:287 | Timestep 20 had resultant forces of [np.float64(300.9770470160504), np.float64(0.0), np.float64(2452.5)] And resultant torques of [np.float64(1478.00771038798), np.float64(1784.7120130637154), np.float64(304.8)]
2025-03-18 09:56:41,972 | INFO     | helper_functions.py:50 | Starting data update for vehicle_dataframe:{'acceleration': (np.float64(1.2039081880642015), np.float64(0.0), np.float64(9.81))} at time 20
2025-03-18 09:56:41,972 | INFO     | helper_functions.py:50 | Starting data update for vehicle_dataframe:{'velocity': (np.float64(0.2181273986207604), np.float64(0.0), 0), 'position': (np.float64(0.03118644110515495), np.float64(0.0), 0)} at time 25
2025-03-18 09:56:41,973 | DEBUG    | car.py:182 | After forces are applied; Position = (np.float64(0.03118644110515495), np.float64(0.0), 0) -- Velocity = (np.float64(0.2181273986207604), np.float64(0.0), 0) --
2025-03-18 09:56:41,976 | INFO     | car.py:359 | Master Dataframe has been updated for timestep 20
2025-03-18 09:56:41,976 | DEBUG    | car.py:396 | Returning total forces in x direction. Forces are : ['x_friction', 'rolling_resistance']. Sum was 250.4885235080252
2025-03-18 09:56:41,976 | DEBUG    | car.py:396 | Returning total forces in x direction. Forces are : ['x_friction', 'rolling_resistance']. Sum was 250.4885235080252
2025-03-18 09:56:41,976 | DEBUG    | car.py:396 | Returning total forces in x direction. Forces are : ['x_friction', 'rolling_resistance']. Sum was -100.0
2025-03-18 09:56:41,976 | DEBUG    | car.py:396 | Returning total forces in x direction. Forces are : ['x_friction', 'rolling_resistance']. Sum was -100.0
2025-03-18 09:56:41,976 | DEBUG    | car.py:396 | Returning total forces in y direction. Forces are : ['y_friction']. Sum was 0.0
2025-03-18 09:56:41,976 | DEBUG    | car.py:396 | Returning total forces in y direction. Forces are : ['y_friction']. Sum was 0.0
2025-03-18 09:56:41,976 | DEBUG    | car.py:396 | Returning total forces in y direction. Forces are : ['y_friction']. Sum was 0.0
2025-03-18 09:56:41,976 | DEBUG    | car.py:396 | Returning total forces in y direction. Forces are : ['y_friction']. Sum was 0.0
2025-03-18 09:56:41,976 | INFO     | helper_functions.py:50 | Starting data update for front_right:{'vertical_load': np.float64(484.6125413803907)} at time 25
2025-03-18 09:56:41,978 | INFO     | helper_functions.py:50 | Starting data update for front_left:{'vertical_load': np.float64(484.6125413803907)} at time 25
2025-03-18 09:56:41,978 | INFO     | helper_functions.py:50 | Starting data update for rear_right:{'vertical_load': np.float64(741.6374586196092)} at time 25
2025-03-18 09:56:41,979 | INFO     | helper_functions.py:50 | Starting data update for rear_left:{'vertical_load': np.float64(741.6374586196092)} at time 25
2025-03-18 09:56:41,980 | WARNING  | helper_functions.py:94 | Error: Time index '25' or column 'Fx' not found.
2025-03-18 09:56:41,980 | INFO     | helper_functions.py:50 | Starting data update for rear_right:{'Fx': np.float64(350.600900670313), 'Fy': np.float64(-0.0), 'Fz': np.float64(741.6374586196092), 'Mz': np.float64(0.0), 'max_Fx': np.float64(594.2878842520191), 'desired_Fx': np.float64(594.2878842520191), 'desired_Fy': np.float64(0.0), 'slip_ratio': 3.5564721730309694, 'slip_angle': 0.0, 'angular_velocity': np.float64(nan), 'Vx': np.float64(0.2181273986207604)} at time 25
2025-03-18 09:56:41,981 | INFO     | helper_functions.py:50 | Starting data update for rear_right:{'Fx': np.float64(350.600900670313), 'Fy': np.float64(-0.0), 'Fz': np.float64(741.6374586196092), 'Mz': np.float64(0.0), 'max_Fx': np.float64(594.2878842520191), 'desired_Fx': np.float64(594.2878842520191), 'desired_Fy': 0, 'slip_ratio': 3.5564721730309694, 'slip_angle': 0.0, 'angular_velocity': np.float64(nan), 'Vx': np.float64(0.2181273986207604), 'longitudinal_mode': 'accelerate'} at time 25
2025-03-18 09:56:41,982 | INFO     | helper_functions.py:50 | Starting data update for rear_right:{'x_friction': np.float64(350.600900670313), 'y_friction': np.float64(-0.0)} at time 25
2025-03-18 09:56:41,982 | WARNING  | helper_functions.py:94 | Error: Time index '25' or column 'Fx' not found.
2025-03-18 09:56:41,982 | INFO     | helper_functions.py:50 | Starting data update for rear_left:{'Fx': np.float64(350.600900670313), 'Fy': np.float64(-0.0), 'Fz': np.float64(741.6374586196092), 'Mz': np.float64(0.0), 'max_Fx': np.float64(594.2878842520191), 'desired_Fx': np.float64(594.2878842520191), 'desired_Fy': np.float64(0.0), 'slip_ratio': 3.5564721730309694, 'slip_angle': 0.0, 'angular_velocity': np.float64(nan), 'Vx': np.float64(0.2181273986207604)} at time 25
2025-03-18 09:56:41,983 | INFO     | helper_functions.py:50 | Starting data update for rear_left:{'Fx': np.float64(350.600900670313), 'Fy': np.float64(-0.0), 'Fz': np.float64(741.6374586196092), 'Mz': np.float64(0.0), 'max_Fx': np.float64(594.2878842520191), 'desired_Fx': np.float64(594.2878842520191), 'desired_Fy': 0, 'slip_ratio': 3.5564721730309694, 'slip_angle': 0.0, 'angular_velocity': np.float64(nan), 'Vx': np.float64(0.2181273986207604), 'longitudinal_mode': 'accelerate'} at time 25
2025-03-18 09:56:41,984 | INFO     | helper_functions.py:50 | Starting data update for rear_left:{'x_friction': np.float64(350.600900670313), 'y_friction': np.float64(-0.0)} at time 25
2025-03-18 09:56:41,984 | INFO     | helper_functions.py:50 | Starting data update for front_right:{'x_friction': 0, 'y_friction': 0, 'rolling_resistance': -100} at time 25
2025-03-18 09:56:41,984 | INFO     | helper_functions.py:50 | Starting data update for front_left:{'x_friction': 0, 'y_friction': 0, 'rolling_resistance': -100} at time 25
2025-03-18 09:56:41,984 | INFO     | helper_functions.py:50 | Starting data update for rear_right:{'x_friction': np.float64(350.600900670313), 'y_friction': np.float64(-0.0), 'rolling_resistance': -100} at time 25
2025-03-18 09:56:41,984 | INFO     | helper_functions.py:50 | Starting data update for rear_left:{'x_friction': np.float64(350.600900670313), 'y_friction': np.float64(-0.0), 'rolling_resistance': -100} at time 25
2025-03-18 09:56:41,985 | INFO     | helper_functions.py:50 | Starting data update for cnt_grav:{'inertial_z': 0, 'inertial_x': 0, 'inertial_y': 0} at time 25
2025-03-18 09:58:49,062 | INFO     | magic_formula_tire.py:15 | Starting Car.py Script
2025-03-18 09:58:49,065 | INFO     | car.py:14 | Starting Car.py Script
2025-03-18 09:58:49,067 | INFO     | helper_functions.py:50 | Starting data update for vehicle_dataframe:{'velocity': (0, 0, 0), 'position': (0, 0, 0)} at time 5
2025-03-18 09:58:49,585 | INFO     | magic_formula_tire.py:461 | Generated force to slip lookup table.
2025-03-18 09:58:49,586 | DEBUG    | car.py:423 | Forces and Moments:
2025-03-18 09:58:49,586 | DEBUG    | car.py:427 | Slip Ratio and Angle:
2025-03-18 09:58:50,095 | INFO     | magic_formula_tire.py:461 | Generated force to slip lookup table.
2025-03-18 09:58:50,095 | DEBUG    | car.py:423 | Forces and Moments:
2025-03-18 09:58:50,095 | DEBUG    | car.py:427 | Slip Ratio and Angle:
2025-03-18 09:58:50,604 | INFO     | magic_formula_tire.py:461 | Generated force to slip lookup table.
2025-03-18 09:58:50,605 | DEBUG    | car.py:423 | Forces and Moments:
2025-03-18 09:58:50,605 | DEBUG    | car.py:427 | Slip Ratio and Angle:
2025-03-18 09:58:51,115 | INFO     | magic_formula_tire.py:461 | Generated force to slip lookup table.
2025-03-18 09:58:51,115 | DEBUG    | car.py:423 | Forces and Moments:
2025-03-18 09:58:51,115 | DEBUG    | car.py:427 | Slip Ratio and Angle:
2025-03-18 09:58:51,116 | DEBUG    | car.py:396 | Returning total forces in x direction. Forces are : ['x_friction', 'rolling_resistance']. Sum was 0
2025-03-18 09:58:51,116 | DEBUG    | car.py:396 | Returning total forces in x direction. Forces are : ['x_friction', 'rolling_resistance']. Sum was 0
2025-03-18 09:58:51,116 | DEBUG    | car.py:396 | Returning total forces in x direction. Forces are : ['x_friction', 'rolling_resistance']. Sum was 0
2025-03-18 09:58:51,116 | DEBUG    | car.py:396 | Returning total forces in x direction. Forces are : ['x_friction', 'rolling_resistance']. Sum was 0
2025-03-18 09:58:51,116 | DEBUG    | car.py:396 | Returning total forces in y direction. Forces are : ['y_friction']. Sum was 0
2025-03-18 09:58:51,116 | DEBUG    | car.py:396 | Returning total forces in y direction. Forces are : ['y_friction']. Sum was 0
2025-03-18 09:58:51,116 | DEBUG    | car.py:396 | Returning total forces in y direction. Forces are : ['y_friction']. Sum was 0
2025-03-18 09:58:51,116 | DEBUG    | car.py:396 | Returning total forces in y direction. Forces are : ['y_friction']. Sum was 0
2025-03-18 09:58:51,117 | INFO     | helper_functions.py:50 | Starting data update for front_right:{'vertical_load': np.float64(613.125)} at time 5
2025-03-18 09:58:51,118 | INFO     | helper_functions.py:50 | Starting data update for front_left:{'vertical_load': np.float64(613.125)} at time 5
2025-03-18 09:58:51,119 | INFO     | helper_functions.py:50 | Starting data update for rear_right:{'vertical_load': np.float64(613.125)} at time 5
2025-03-18 09:58:51,120 | INFO     | helper_functions.py:50 | Starting data update for rear_left:{'vertical_load': np.float64(613.125)} at time 5
2025-03-18 09:58:51,120 | INFO     | helper_functions.py:50 | Starting data update for front_right:{'x_friction': 0, 'y_friction': 0, 'rolling_resistance': 0} at time 5
2025-03-18 09:58:51,121 | INFO     | helper_functions.py:50 | Starting data update for front_left:{'x_friction': 0, 'y_friction': 0, 'rolling_resistance': 0} at time 5
2025-03-18 09:58:51,121 | INFO     | helper_functions.py:50 | Starting data update for rear_right:{'x_friction': 0, 'y_friction': 0, 'rolling_resistance': 0} at time 5
2025-03-18 09:58:51,121 | INFO     | helper_functions.py:50 | Starting data update for rear_left:{'x_friction': 0, 'y_friction': 0, 'rolling_resistance': 0} at time 5
2025-03-18 09:58:51,121 | INFO     | helper_functions.py:50 | Starting data update for cnt_grav:{'inertial_z': 0, 'inertial_x': 0, 'inertial_y': 0} at time 5
2025-03-18 09:58:51,122 | DEBUG    | car.py:396 | Returning total forces in x direction. Forces are : ['x_friction', 'rolling_resistance']. Sum was 0.0
2025-03-18 09:58:51,122 | DEBUG    | car.py:396 | Returning total forces in y direction. Forces are : ['y_friction']. Sum was 0.0
2025-03-18 09:58:51,122 | DEBUG    | car.py:396 | Returning total forces in z direction. Forces are : ['vertical_load']. Sum was 613.125
2025-03-18 09:58:51,122 | DEBUG    | car.py:396 | Returning total forces in x direction. Forces are : ['x_friction', 'rolling_resistance']. Sum was 0.0
2025-03-18 09:58:51,122 | DEBUG    | car.py:396 | Returning total forces in y direction. Forces are : ['y_friction']. Sum was 0.0
2025-03-18 09:58:51,122 | DEBUG    | car.py:396 | Returning total forces in z direction. Forces are : ['vertical_load']. Sum was 613.125
2025-03-18 09:58:51,122 | DEBUG    | car.py:396 | Returning total forces in x direction. Forces are : ['x_friction', 'rolling_resistance']. Sum was 0.0
2025-03-18 09:58:51,122 | DEBUG    | car.py:396 | Returning total forces in y direction. Forces are : ['y_friction']. Sum was 0.0
2025-03-18 09:58:51,122 | DEBUG    | car.py:396 | Returning total forces in z direction. Forces are : ['vertical_load']. Sum was 613.125
2025-03-18 09:58:51,123 | DEBUG    | car.py:396 | Returning total forces in x direction. Forces are : ['x_friction', 'rolling_resistance']. Sum was 0.0
2025-03-18 09:58:51,123 | DEBUG    | car.py:396 | Returning total forces in y direction. Forces are : ['y_friction']. Sum was 0.0
2025-03-18 09:58:51,123 | DEBUG    | car.py:396 | Returning total forces in z direction. Forces are : ['vertical_load']. Sum was 613.125
2025-03-18 09:58:51,123 | DEBUG    | car.py:396 | Returning total forces in x direction. Forces are : ['inertial_x']. Sum was 0
2025-03-18 09:58:51,123 | DEBUG    | car.py:396 | Returning total forces in y direction. Forces are : ['inertial_y']. Sum was 0
2025-03-18 09:58:51,123 | DEBUG    | car.py:396 | Returning total forces in z direction. Forces are : ['inertial_z']. Sum was 0
2025-03-18 09:58:51,123 | INFO     | car.py:287 | Timestep 5 had resultant forces of [np.float64(0.0), np.float64(0.0), np.float64(2452.5)] And resultant torques of [np.float64(1868.805), np.float64(1868.8049999999998), np.float64(0.0)]
2025-03-18 09:58:51,123 | INFO     | helper_functions.py:50 | Starting data update for vehicle_dataframe:{'acceleration': (np.float64(0.0), np.float64(0.0), np.float64(9.81))} at time 5
2025-03-18 09:58:51,123 | INFO     | helper_functions.py:50 | Starting data update for vehicle_dataframe:{'velocity': (np.float64(0.0), np.float64(0.0), 0), 'position': (np.float64(0.0), np.float64(0.0), 0)} at time 10
2025-03-18 09:58:51,124 | DEBUG    | car.py:105 | After forces are applied; Position = (np.float64(0.0), np.float64(0.0), 0) -- Velocity = (np.float64(0.0), np.float64(0.0), 0) --
2025-03-18 09:58:51,124 | DEBUG    | helper_functions.py:144 | All objects to combine were TimeSeries
2025-03-18 09:58:51,127 | INFO     | acceleration_tester.py:12 | Starting Acceleration.py Script
2025-03-18 09:58:51,127 | DEBUG    | car.py:396 | Returning total forces in x direction. Forces are : ['x_friction', 'rolling_resistance']. Sum was 0.0
2025-03-18 09:58:51,127 | DEBUG    | car.py:396 | Returning total forces in x direction. Forces are : ['x_friction', 'rolling_resistance']. Sum was 0.0
2025-03-18 09:58:51,127 | DEBUG    | car.py:396 | Returning total forces in x direction. Forces are : ['x_friction', 'rolling_resistance']. Sum was 0.0
2025-03-18 09:58:51,127 | DEBUG    | car.py:396 | Returning total forces in x direction. Forces are : ['x_friction', 'rolling_resistance']. Sum was 0.0
2025-03-18 09:58:51,127 | DEBUG    | car.py:396 | Returning total forces in y direction. Forces are : ['y_friction']. Sum was 0.0
2025-03-18 09:58:51,127 | DEBUG    | car.py:396 | Returning total forces in y direction. Forces are : ['y_friction']. Sum was 0.0
2025-03-18 09:58:51,127 | DEBUG    | car.py:396 | Returning total forces in y direction. Forces are : ['y_friction']. Sum was 0.0
2025-03-18 09:58:51,128 | DEBUG    | car.py:396 | Returning total forces in y direction. Forces are : ['y_friction']. Sum was 0.0
2025-03-18 09:58:51,128 | INFO     | helper_functions.py:50 | Starting data update for front_right:{'vertical_load': np.float64(613.125)} at time 5
2025-03-18 09:58:51,128 | INFO     | helper_functions.py:50 | Starting data update for front_left:{'vertical_load': np.float64(613.125)} at time 5
2025-03-18 09:58:51,128 | INFO     | helper_functions.py:50 | Starting data update for rear_right:{'vertical_load': np.float64(613.125)} at time 5
2025-03-18 09:58:51,128 | INFO     | helper_functions.py:50 | Starting data update for rear_left:{'vertical_load': np.float64(613.125)} at time 5
2025-03-18 09:58:51,128 | WARNING  | helper_functions.py:94 | Error: Time index '5' or column 'Fx' not found.
2025-03-18 09:58:51,129 | INFO     | helper_functions.py:50 | Starting data update for rear_right:{'Fx': np.float64(301.35982032999317), 'Fy': np.float64(-0.0), 'Fz': np.float64(613.125), 'Mz': np.float64(0.0), 'max_Fx': np.float64(500.8346537514665), 'desired_Fx': np.float64(500.8346537514665), 'desired_Fy': 0.0, 'slip_ratio': 2.8780625292603683, 'slip_angle': 0.0, 'angular_velocity': np.float64(nan), 'Vx': np.float64(0.0)} at time 5
2025-03-18 09:58:51,130 | INFO     | helper_functions.py:50 | Starting data update for rear_right:{'Fx': np.float64(301.35982032999317), 'Fy': np.float64(-0.0), 'Fz': np.float64(613.125), 'Mz': np.float64(0.0), 'max_Fx': np.float64(500.8346537514665), 'desired_Fx': np.float64(500.8346537514665), 'desired_Fy': 0, 'slip_ratio': 2.8780625292603683, 'slip_angle': 0.0, 'angular_velocity': np.float64(nan), 'Vx': np.float64(0.0), 'longitudinal_mode': 'accelerate'} at time 5
2025-03-18 09:58:51,130 | INFO     | helper_functions.py:50 | Starting data update for rear_right:{'x_friction': np.float64(301.35982032999317), 'y_friction': np.float64(-0.0)} at time 5
2025-03-18 09:58:51,131 | WARNING  | helper_functions.py:94 | Error: Time index '5' or column 'Fx' not found.
2025-03-18 09:58:51,131 | INFO     | helper_functions.py:50 | Starting data update for rear_left:{'Fx': np.float64(301.35982032999317), 'Fy': np.float64(-0.0), 'Fz': np.float64(613.125), 'Mz': np.float64(0.0), 'max_Fx': np.float64(500.8346537514665), 'desired_Fx': np.float64(500.8346537514665), 'desired_Fy': 0.0, 'slip_ratio': 2.8780625292603683, 'slip_angle': 0.0, 'angular_velocity': np.float64(nan), 'Vx': np.float64(0.0)} at time 5
2025-03-18 09:58:51,132 | INFO     | helper_functions.py:50 | Starting data update for rear_left:{'Fx': np.float64(301.35982032999317), 'Fy': np.float64(-0.0), 'Fz': np.float64(613.125), 'Mz': np.float64(0.0), 'max_Fx': np.float64(500.8346537514665), 'desired_Fx': np.float64(500.8346537514665), 'desired_Fy': 0, 'slip_ratio': 2.8780625292603683, 'slip_angle': 0.0, 'angular_velocity': np.float64(nan), 'Vx': np.float64(0.0), 'longitudinal_mode': 'accelerate'} at time 5
2025-03-18 09:58:51,132 | INFO     | helper_functions.py:50 | Starting data update for rear_left:{'x_friction': np.float64(301.35982032999317), 'y_friction': np.float64(-0.0)} at time 5
2025-03-18 09:58:51,132 | INFO     | helper_functions.py:50 | Starting data update for front_right:{'x_friction': 0, 'y_friction': 0, 'rolling_resistance': -100} at time 5
2025-03-18 09:58:51,133 | INFO     | helper_functions.py:50 | Starting data update for front_left:{'x_friction': 0, 'y_friction': 0, 'rolling_resistance': -100} at time 5
2025-03-18 09:58:51,133 | INFO     | helper_functions.py:50 | Starting data update for rear_right:{'x_friction': np.float64(301.35982032999317), 'y_friction': np.float64(-0.0), 'rolling_resistance': -100} at time 5
2025-03-18 09:58:51,133 | INFO     | helper_functions.py:50 | Starting data update for rear_left:{'x_friction': np.float64(301.35982032999317), 'y_friction': np.float64(-0.0), 'rolling_resistance': -100} at time 5
2025-03-18 09:58:51,133 | INFO     | helper_functions.py:50 | Starting data update for cnt_grav:{'inertial_z': 0, 'inertial_x': 0, 'inertial_y': 0} at time 5
2025-03-18 09:58:52,391 | INFO     | car.py:169 | Calculating resultants at time : 5
2025-03-18 09:58:52,392 | DEBUG    | car.py:396 | Returning total forces in x direction. Forces are : ['x_friction', 'rolling_resistance']. Sum was -100.0
2025-03-18 09:58:52,392 | DEBUG    | car.py:396 | Returning total forces in y direction. Forces are : ['y_friction']. Sum was 0.0
2025-03-18 09:58:52,392 | DEBUG    | car.py:396 | Returning total forces in z direction. Forces are : ['vertical_load']. Sum was 613.125
2025-03-18 09:58:52,392 | DEBUG    | car.py:396 | Returning total forces in x direction. Forces are : ['x_friction', 'rolling_resistance']. Sum was -100.0
2025-03-18 09:58:52,392 | DEBUG    | car.py:396 | Returning total forces in y direction. Forces are : ['y_friction']. Sum was 0.0
2025-03-18 09:58:52,392 | DEBUG    | car.py:396 | Returning total forces in z direction. Forces are : ['vertical_load']. Sum was 613.125
2025-03-18 09:58:52,392 | DEBUG    | car.py:396 | Returning total forces in x direction. Forces are : ['x_friction', 'rolling_resistance']. Sum was 201.35982032999317
2025-03-18 09:58:52,393 | DEBUG    | car.py:396 | Returning total forces in y direction. Forces are : ['y_friction']. Sum was 0.0
2025-03-18 09:58:52,393 | DEBUG    | car.py:396 | Returning total forces in z direction. Forces are : ['vertical_load']. Sum was 613.125
2025-03-18 09:58:52,393 | DEBUG    | car.py:396 | Returning total forces in x direction. Forces are : ['x_friction', 'rolling_resistance']. Sum was 201.35982032999317
2025-03-18 09:58:52,393 | DEBUG    | car.py:396 | Returning total forces in y direction. Forces are : ['y_friction']. Sum was 0.0
2025-03-18 09:58:52,393 | DEBUG    | car.py:396 | Returning total forces in z direction. Forces are : ['vertical_load']. Sum was 613.125
2025-03-18 09:58:52,393 | DEBUG    | car.py:396 | Returning total forces in x direction. Forces are : ['inertial_x']. Sum was 0
2025-03-18 09:58:52,393 | DEBUG    | car.py:396 | Returning total forces in y direction. Forces are : ['inertial_y']. Sum was 0
2025-03-18 09:58:52,393 | DEBUG    | car.py:396 | Returning total forces in z direction. Forces are : ['inertial_z']. Sum was 0
2025-03-18 09:58:52,393 | INFO     | car.py:287 | Timestep 5 had resultant forces of [np.float64(202.71964065998634), np.float64(0.0), np.float64(2452.5)] And resultant torques of [np.float64(1868.805), np.float64(1812.1651323995998), np.float64(304.8)]
2025-03-18 09:58:52,393 | INFO     | helper_functions.py:50 | Starting data update for vehicle_dataframe:{'acceleration': (np.float64(0.8108785626399454), np.float64(0.0), np.float64(9.81))} at time 5
2025-03-18 09:58:52,393 | INFO     | helper_functions.py:50 | Starting data update for vehicle_dataframe:{'velocity': (np.float64(0.040543928131997274), np.float64(0.0), 0), 'position': (np.float64(0.003040794609899796), np.float64(0.0), 0)} at time 10
2025-03-18 09:58:52,393 | DEBUG    | car.py:182 | After forces are applied; Position = (np.float64(0.003040794609899796), np.float64(0.0), 0) -- Velocity = (np.float64(0.040543928131997274), np.float64(0.0), 0) --
2025-03-18 09:58:52,396 | INFO     | car.py:359 | Master Dataframe has been updated for timestep 5
2025-03-18 09:58:52,396 | DEBUG    | car.py:396 | Returning total forces in x direction. Forces are : ['x_friction', 'rolling_resistance']. Sum was 201.35982032999317
2025-03-18 09:58:52,396 | DEBUG    | car.py:396 | Returning total forces in x direction. Forces are : ['x_friction', 'rolling_resistance']. Sum was 201.35982032999317
2025-03-18 09:58:52,396 | DEBUG    | car.py:396 | Returning total forces in x direction. Forces are : ['x_friction', 'rolling_resistance']. Sum was -100.0
2025-03-18 09:58:52,396 | DEBUG    | car.py:396 | Returning total forces in x direction. Forces are : ['x_friction', 'rolling_resistance']. Sum was -100.0
2025-03-18 09:58:52,396 | DEBUG    | car.py:396 | Returning total forces in y direction. Forces are : ['y_friction']. Sum was 0.0
2025-03-18 09:58:52,396 | DEBUG    | car.py:396 | Returning total forces in y direction. Forces are : ['y_friction']. Sum was 0.0
2025-03-18 09:58:52,396 | DEBUG    | car.py:396 | Returning total forces in y direction. Forces are : ['y_friction']. Sum was 0.0
2025-03-18 09:58:52,396 | DEBUG    | car.py:396 | Returning total forces in y direction. Forces are : ['y_friction']. Sum was 0.0
2025-03-18 09:58:52,397 | INFO     | helper_functions.py:50 | Starting data update for front_right:{'vertical_load': np.float64(502.6263992123358)} at time 10
2025-03-18 09:58:52,398 | INFO     | helper_functions.py:50 | Starting data update for front_left:{'vertical_load': np.float64(502.6263992123358)} at time 10
2025-03-18 09:58:52,399 | INFO     | helper_functions.py:50 | Starting data update for rear_right:{'vertical_load': np.float64(723.6236007876641)} at time 10
2025-03-18 09:58:52,400 | INFO     | helper_functions.py:50 | Starting data update for rear_left:{'vertical_load': np.float64(723.6236007876641)} at time 10
2025-03-18 09:58:52,401 | WARNING  | helper_functions.py:94 | Error: Time index '10' or column 'Fx' not found.
2025-03-18 09:58:52,401 | INFO     | helper_functions.py:50 | Starting data update for rear_right:{'Fx': np.float64(343.79469672603364), 'Fy': np.float64(-0.0), 'Fz': np.float64(723.6236007876641), 'Mz': np.float64(0.0), 'max_Fx': np.float64(581.4396313403475), 'desired_Fx': np.float64(581.4396313403475), 'desired_Fy': np.float64(0.0), 'slip_ratio': 3.4632022172017787, 'slip_angle': 0.0, 'angular_velocity': np.float64(nan), 'Vx': np.float64(0.040543928131997274)} at time 10
2025-03-18 09:58:52,403 | INFO     | helper_functions.py:50 | Starting data update for rear_right:{'Fx': np.float64(343.79469672603364), 'Fy': np.float64(-0.0), 'Fz': np.float64(723.6236007876641), 'Mz': np.float64(0.0), 'max_Fx': np.float64(581.4396313403475), 'desired_Fx': np.float64(581.4396313403475), 'desired_Fy': 0, 'slip_ratio': 3.4632022172017787, 'slip_angle': 0.0, 'angular_velocity': np.float64(nan), 'Vx': np.float64(0.040543928131997274), 'longitudinal_mode': 'accelerate'} at time 10
2025-03-18 09:58:52,403 | INFO     | helper_functions.py:50 | Starting data update for rear_right:{'x_friction': np.float64(343.79469672603364), 'y_friction': np.float64(-0.0)} at time 10
2025-03-18 09:58:52,404 | WARNING  | helper_functions.py:94 | Error: Time index '10' or column 'Fx' not found.
2025-03-18 09:58:52,404 | INFO     | helper_functions.py:50 | Starting data update for rear_left:{'Fx': np.float64(343.79469672603364), 'Fy': np.float64(-0.0), 'Fz': np.float64(723.6236007876641), 'Mz': np.float64(0.0), 'max_Fx': np.float64(581.4396313403475), 'desired_Fx': np.float64(581.4396313403475), 'desired_Fy': np.float64(0.0), 'slip_ratio': 3.4632022172017787, 'slip_angle': 0.0, 'angular_velocity': np.float64(nan), 'Vx': np.float64(0.040543928131997274)} at time 10
2025-03-18 09:58:52,405 | INFO     | helper_functions.py:50 | Starting data update for rear_left:{'Fx': np.float64(343.79469672603364), 'Fy': np.float64(-0.0), 'Fz': np.float64(723.6236007876641), 'Mz': np.float64(0.0), 'max_Fx': np.float64(581.4396313403475), 'desired_Fx': np.float64(581.4396313403475), 'desired_Fy': 0, 'slip_ratio': 3.4632022172017787, 'slip_angle': 0.0, 'angular_velocity': np.float64(nan), 'Vx': np.float64(0.040543928131997274), 'longitudinal_mode': 'accelerate'} at time 10
2025-03-18 09:58:52,406 | INFO     | helper_functions.py:50 | Starting data update for rear_left:{'x_friction': np.float64(343.79469672603364), 'y_friction': np.float64(-0.0)} at time 10
2025-03-18 09:58:52,406 | INFO     | helper_functions.py:50 | Starting data update for front_right:{'x_friction': 0, 'y_friction': 0, 'rolling_resistance': -100} at time 10
2025-03-18 09:58:52,406 | INFO     | helper_functions.py:50 | Starting data update for front_left:{'x_friction': 0, 'y_friction': 0, 'rolling_resistance': -100} at time 10
2025-03-18 09:58:52,406 | INFO     | helper_functions.py:50 | Starting data update for rear_right:{'x_friction': np.float64(343.79469672603364), 'y_friction': np.float64(-0.0), 'rolling_resistance': -100} at time 10
2025-03-18 09:58:52,406 | INFO     | helper_functions.py:50 | Starting data update for rear_left:{'x_friction': np.float64(343.79469672603364), 'y_friction': np.float64(-0.0), 'rolling_resistance': -100} at time 10
2025-03-18 09:58:52,406 | INFO     | helper_functions.py:50 | Starting data update for cnt_grav:{'inertial_z': 0, 'inertial_x': 0, 'inertial_y': 0} at time 10
2025-03-18 09:58:52,854 | INFO     | car.py:169 | Calculating resultants at time : 10
2025-03-18 09:58:52,856 | DEBUG    | car.py:396 | Returning total forces in x direction. Forces are : ['x_friction', 'rolling_resistance']. Sum was -100.0
2025-03-18 09:58:52,856 | DEBUG    | car.py:396 | Returning total forces in y direction. Forces are : ['y_friction']. Sum was 0.0
2025-03-18 09:58:52,856 | DEBUG    | car.py:396 | Returning total forces in z direction. Forces are : ['vertical_load']. Sum was 502.6263992123358
2025-03-18 09:58:52,856 | DEBUG    | car.py:396 | Returning total forces in x direction. Forces are : ['x_friction', 'rolling_resistance']. Sum was -100.0
2025-03-18 09:58:52,856 | DEBUG    | car.py:396 | Returning total forces in y direction. Forces are : ['y_friction']. Sum was 0.0
2025-03-18 09:58:52,856 | DEBUG    | car.py:396 | Returning total forces in z direction. Forces are : ['vertical_load']. Sum was 502.6263992123358
2025-03-18 09:58:52,856 | DEBUG    | car.py:396 | Returning total forces in x direction. Forces are : ['x_friction', 'rolling_resistance']. Sum was 243.79469672603364
2025-03-18 09:58:52,856 | DEBUG    | car.py:396 | Returning total forces in y direction. Forces are : ['y_friction']. Sum was 0.0
2025-03-18 09:58:52,856 | DEBUG    | car.py:396 | Returning total forces in z direction. Forces are : ['vertical_load']. Sum was 723.6236007876641
2025-03-18 09:58:52,856 | DEBUG    | car.py:396 | Returning total forces in x direction. Forces are : ['x_friction', 'rolling_resistance']. Sum was 243.79469672603364
2025-03-18 09:58:52,857 | DEBUG    | car.py:396 | Returning total forces in y direction. Forces are : ['y_friction']. Sum was 0.0
2025-03-18 09:58:52,857 | DEBUG    | car.py:396 | Returning total forces in z direction. Forces are : ['vertical_load']. Sum was 723.6236007876641
2025-03-18 09:58:52,857 | DEBUG    | car.py:396 | Returning total forces in x direction. Forces are : ['inertial_x']. Sum was 0
2025-03-18 09:58:52,857 | DEBUG    | car.py:396 | Returning total forces in y direction. Forces are : ['inertial_y']. Sum was 0
2025-03-18 09:58:52,857 | DEBUG    | car.py:396 | Returning total forces in z direction. Forces are : ['inertial_z']. Sum was 0
2025-03-18 09:58:52,857 | INFO     | car.py:287 | Timestep 10 had resultant forces of [np.float64(287.58939345206727), np.float64(0.0), np.float64(2452.5)] And resultant torques of [np.float64(1532.0052647991995), np.float64(1788.4525234694925), np.float64(304.8)]
2025-03-18 09:58:52,857 | INFO     | helper_functions.py:50 | Starting data update for vehicle_dataframe:{'acceleration': (np.float64(1.150357573808269), np.float64(0.0), np.float64(9.81))} at time 10
2025-03-18 09:58:52,857 | INFO     | helper_functions.py:50 | Starting data update for vehicle_dataframe:{'velocity': (np.float64(0.09806180682241072), np.float64(0.0), 0), 'position': (np.float64(0.00938183191828067), np.float64(0.0), 0)} at time 15
2025-03-18 09:58:52,859 | DEBUG    | car.py:182 | After forces are applied; Position = (np.float64(0.00938183191828067), np.float64(0.0), 0) -- Velocity = (np.float64(0.09806180682241072), np.float64(0.0), 0) --
2025-03-18 09:58:52,861 | INFO     | car.py:359 | Master Dataframe has been updated for timestep 10
2025-03-18 09:58:52,861 | DEBUG    | car.py:396 | Returning total forces in x direction. Forces are : ['x_friction', 'rolling_resistance']. Sum was 243.79469672603364
2025-03-18 09:58:52,861 | DEBUG    | car.py:396 | Returning total forces in x direction. Forces are : ['x_friction', 'rolling_resistance']. Sum was 243.79469672603364
2025-03-18 09:58:52,861 | DEBUG    | car.py:396 | Returning total forces in x direction. Forces are : ['x_friction', 'rolling_resistance']. Sum was -100.0
2025-03-18 09:58:52,861 | DEBUG    | car.py:396 | Returning total forces in x direction. Forces are : ['x_friction', 'rolling_resistance']. Sum was -100.0
2025-03-18 09:58:52,861 | DEBUG    | car.py:396 | Returning total forces in y direction. Forces are : ['y_friction']. Sum was 0.0
2025-03-18 09:58:52,861 | DEBUG    | car.py:396 | Returning total forces in y direction. Forces are : ['y_friction']. Sum was 0.0
2025-03-18 09:58:52,861 | DEBUG    | car.py:396 | Returning total forces in y direction. Forces are : ['y_friction']. Sum was 0.0
2025-03-18 09:58:52,861 | DEBUG    | car.py:396 | Returning total forces in y direction. Forces are : ['y_friction']. Sum was 0.0
2025-03-18 09:58:52,861 | INFO     | helper_functions.py:50 | Starting data update for front_right:{'vertical_load': np.float64(487.06694453378765)} at time 15
2025-03-18 09:58:52,863 | INFO     | helper_functions.py:50 | Starting data update for front_left:{'vertical_load': np.float64(487.06694453378765)} at time 15
2025-03-18 09:58:52,864 | INFO     | helper_functions.py:50 | Starting data update for rear_right:{'vertical_load': np.float64(739.1830554662123)} at time 15
2025-03-18 09:58:52,864 | INFO     | helper_functions.py:50 | Starting data update for rear_left:{'vertical_load': np.float64(739.1830554662123)} at time 15
2025-03-18 09:58:52,866 | WARNING  | helper_functions.py:94 | Error: Time index '15' or column 'Fx' not found.
2025-03-18 09:58:52,866 | INFO     | helper_functions.py:50 | Starting data update for rear_right:{'Fx': np.float64(349.675455987849), 'Fy': np.float64(-0.0), 'Fz': np.float64(739.1830554662123), 'Mz': np.float64(0.0), 'max_Fx': np.float64(592.5423371860362), 'desired_Fx': np.float64(592.5423371860362), 'desired_Fy': np.float64(0.0), 'slip_ratio': 3.5438006371528026, 'slip_angle': 0.0, 'angular_velocity': np.float64(nan), 'Vx': np.float64(0.09806180682241072)} at time 15
2025-03-18 09:58:52,868 | INFO     | helper_functions.py:50 | Starting data update for rear_right:{'Fx': np.float64(349.675455987849), 'Fy': np.float64(-0.0), 'Fz': np.float64(739.1830554662123), 'Mz': np.float64(0.0), 'max_Fx': np.float64(592.5423371860362), 'desired_Fx': np.float64(592.5423371860362), 'desired_Fy': 0, 'slip_ratio': 3.5438006371528026, 'slip_angle': 0.0, 'angular_velocity': np.float64(nan), 'Vx': np.float64(0.09806180682241072), 'longitudinal_mode': 'accelerate'} at time 15
2025-03-18 09:58:52,868 | INFO     | helper_functions.py:50 | Starting data update for rear_right:{'x_friction': np.float64(349.675455987849), 'y_friction': np.float64(-0.0)} at time 15
2025-03-18 09:58:52,869 | WARNING  | helper_functions.py:94 | Error: Time index '15' or column 'Fx' not found.
2025-03-18 09:58:52,869 | INFO     | helper_functions.py:50 | Starting data update for rear_left:{'Fx': np.float64(349.675455987849), 'Fy': np.float64(-0.0), 'Fz': np.float64(739.1830554662123), 'Mz': np.float64(0.0), 'max_Fx': np.float64(592.5423371860362), 'desired_Fx': np.float64(592.5423371860362), 'desired_Fy': np.float64(0.0), 'slip_ratio': 3.5438006371528026, 'slip_angle': 0.0, 'angular_velocity': np.float64(nan), 'Vx': np.float64(0.09806180682241072)} at time 15
2025-03-18 09:58:52,870 | INFO     | helper_functions.py:50 | Starting data update for rear_left:{'Fx': np.float64(349.675455987849), 'Fy': np.float64(-0.0), 'Fz': np.float64(739.1830554662123), 'Mz': np.float64(0.0), 'max_Fx': np.float64(592.5423371860362), 'desired_Fx': np.float64(592.5423371860362), 'desired_Fy': 0, 'slip_ratio': 3.5438006371528026, 'slip_angle': 0.0, 'angular_velocity': np.float64(nan), 'Vx': np.float64(0.09806180682241072), 'longitudinal_mode': 'accelerate'} at time 15
2025-03-18 09:58:52,870 | INFO     | helper_functions.py:50 | Starting data update for rear_left:{'x_friction': np.float64(349.675455987849), 'y_friction': np.float64(-0.0)} at time 15
2025-03-18 09:58:52,870 | INFO     | helper_functions.py:50 | Starting data update for front_right:{'x_friction': 0, 'y_friction': 0, 'rolling_resistance': -100} at time 15
2025-03-18 09:58:52,871 | INFO     | helper_functions.py:50 | Starting data update for front_left:{'x_friction': 0, 'y_friction': 0, 'rolling_resistance': -100} at time 15
2025-03-18 09:58:52,871 | INFO     | helper_functions.py:50 | Starting data update for rear_right:{'x_friction': np.float64(349.675455987849), 'y_friction': np.float64(-0.0), 'rolling_resistance': -100} at time 15
2025-03-18 09:58:52,871 | INFO     | helper_functions.py:50 | Starting data update for rear_left:{'x_friction': np.float64(349.675455987849), 'y_friction': np.float64(-0.0), 'rolling_resistance': -100} at time 15
2025-03-18 09:58:52,871 | INFO     | helper_functions.py:50 | Starting data update for cnt_grav:{'inertial_z': 0, 'inertial_x': 0, 'inertial_y': 0} at time 15
2025-03-18 09:58:53,106 | INFO     | car.py:169 | Calculating resultants at time : 15
2025-03-18 09:58:53,108 | DEBUG    | car.py:396 | Returning total forces in x direction. Forces are : ['x_friction', 'rolling_resistance']. Sum was -100.0
2025-03-18 09:58:53,108 | DEBUG    | car.py:396 | Returning total forces in y direction. Forces are : ['y_friction']. Sum was 0.0
2025-03-18 09:58:53,108 | DEBUG    | car.py:396 | Returning total forces in z direction. Forces are : ['vertical_load']. Sum was 487.06694453378765
2025-03-18 09:58:53,108 | DEBUG    | car.py:396 | Returning total forces in x direction. Forces are : ['x_friction', 'rolling_resistance']. Sum was -100.0
2025-03-18 09:58:53,108 | DEBUG    | car.py:396 | Returning total forces in y direction. Forces are : ['y_friction']. Sum was 0.0
2025-03-18 09:58:53,108 | DEBUG    | car.py:396 | Returning total forces in z direction. Forces are : ['vertical_load']. Sum was 487.06694453378765
2025-03-18 09:58:53,108 | DEBUG    | car.py:396 | Returning total forces in x direction. Forces are : ['x_friction', 'rolling_resistance']. Sum was 249.67545598784898
2025-03-18 09:58:53,108 | DEBUG    | car.py:396 | Returning total forces in y direction. Forces are : ['y_friction']. Sum was 0.0
2025-03-18 09:58:53,108 | DEBUG    | car.py:396 | Returning total forces in z direction. Forces are : ['vertical_load']. Sum was 739.1830554662123
2025-03-18 09:58:53,109 | DEBUG    | car.py:396 | Returning total forces in x direction. Forces are : ['x_friction', 'rolling_resistance']. Sum was 249.67545598784898
2025-03-18 09:58:53,109 | DEBUG    | car.py:396 | Returning total forces in y direction. Forces are : ['y_friction']. Sum was 0.0
2025-03-18 09:58:53,109 | DEBUG    | car.py:396 | Returning total forces in z direction. Forces are : ['vertical_load']. Sum was 739.1830554662123
2025-03-18 09:58:53,109 | DEBUG    | car.py:396 | Returning total forces in x direction. Forces are : ['inertial_x']. Sum was 0
2025-03-18 09:58:53,109 | DEBUG    | car.py:396 | Returning total forces in y direction. Forces are : ['inertial_y']. Sum was 0
2025-03-18 09:58:53,109 | DEBUG    | car.py:396 | Returning total forces in z direction. Forces are : ['inertial_z']. Sum was 0
2025-03-18 09:58:53,109 | INFO     | car.py:287 | Timestep 15 had resultant forces of [np.float64(299.35091197569795), np.float64(0.0), np.float64(2452.5)] And resultant torques of [np.float64(1484.5800469389849), np.float64(1785.16635519399), np.float64(304.8)]
2025-03-18 09:58:53,109 | INFO     | helper_functions.py:50 | Starting data update for vehicle_dataframe:{'acceleration': (np.float64(1.1974036479027919), np.float64(0.0), np.float64(9.81))} at time 15
2025-03-18 09:58:53,109 | INFO     | helper_functions.py:50 | Starting data update for vehicle_dataframe:{'velocity': (np.float64(0.1579319892175503), np.float64(0.0), 0), 'position': (np.float64(0.018775185939036678), np.float64(0.0), 0)} at time 20
2025-03-18 09:58:53,110 | DEBUG    | car.py:182 | After forces are applied; Position = (np.float64(0.018775185939036678), np.float64(0.0), 0) -- Velocity = (np.float64(0.1579319892175503), np.float64(0.0), 0) --
2025-03-18 09:58:53,112 | INFO     | car.py:359 | Master Dataframe has been updated for timestep 15
2025-03-18 09:58:53,113 | DEBUG    | car.py:396 | Returning total forces in x direction. Forces are : ['x_friction', 'rolling_resistance']. Sum was 249.67545598784898
2025-03-18 09:58:53,113 | DEBUG    | car.py:396 | Returning total forces in x direction. Forces are : ['x_friction', 'rolling_resistance']. Sum was 249.67545598784898
2025-03-18 09:58:53,113 | DEBUG    | car.py:396 | Returning total forces in x direction. Forces are : ['x_friction', 'rolling_resistance']. Sum was -100.0
2025-03-18 09:58:53,113 | DEBUG    | car.py:396 | Returning total forces in x direction. Forces are : ['x_friction', 'rolling_resistance']. Sum was -100.0
2025-03-18 09:58:53,113 | DEBUG    | car.py:396 | Returning total forces in y direction. Forces are : ['y_friction']. Sum was 0.0
2025-03-18 09:58:53,113 | DEBUG    | car.py:396 | Returning total forces in y direction. Forces are : ['y_friction']. Sum was 0.0
2025-03-18 09:58:53,113 | DEBUG    | car.py:396 | Returning total forces in y direction. Forces are : ['y_friction']. Sum was 0.0
2025-03-18 09:58:53,113 | DEBUG    | car.py:396 | Returning total forces in y direction. Forces are : ['y_friction']. Sum was 0.0
2025-03-18 09:58:53,113 | INFO     | helper_functions.py:50 | Starting data update for front_right:{'vertical_load': np.float64(484.9106661377887)} at time 20
2025-03-18 09:58:53,114 | INFO     | helper_functions.py:50 | Starting data update for front_left:{'vertical_load': np.float64(484.9106661377887)} at time 20
2025-03-18 09:58:53,115 | INFO     | helper_functions.py:50 | Starting data update for rear_right:{'vertical_load': np.float64(741.3393338622112)} at time 20
2025-03-18 09:58:53,116 | INFO     | helper_functions.py:50 | Starting data update for rear_left:{'vertical_load': np.float64(741.3393338622112)} at time 20
2025-03-18 09:58:53,117 | WARNING  | helper_functions.py:94 | Error: Time index '20' or column 'Fx' not found.
2025-03-18 09:58:53,118 | INFO     | helper_functions.py:50 | Starting data update for rear_right:{'Fx': np.float64(350.4885235080252), 'Fy': np.float64(-0.0), 'Fz': np.float64(741.3393338622112), 'Mz': np.float64(0.0), 'max_Fx': np.float64(594.0759458887521), 'desired_Fx': np.float64(594.0759458887521), 'desired_Fy': np.float64(0.0), 'slip_ratio': 3.554933638421142, 'slip_angle': 0.0, 'angular_velocity': np.float64(nan), 'Vx': np.float64(0.1579319892175503)} at time 20
2025-03-18 09:58:53,119 | INFO     | helper_functions.py:50 | Starting data update for rear_right:{'Fx': np.float64(350.4885235080252), 'Fy': np.float64(-0.0), 'Fz': np.float64(741.3393338622112), 'Mz': np.float64(0.0), 'max_Fx': np.float64(594.0759458887521), 'desired_Fx': np.float64(594.0759458887521), 'desired_Fy': 0, 'slip_ratio': 3.554933638421142, 'slip_angle': 0.0, 'angular_velocity': np.float64(nan), 'Vx': np.float64(0.1579319892175503), 'longitudinal_mode': 'accelerate'} at time 20
2025-03-18 09:58:53,120 | INFO     | helper_functions.py:50 | Starting data update for rear_right:{'x_friction': np.float64(350.4885235080252), 'y_friction': np.float64(-0.0)} at time 20
2025-03-18 09:58:53,120 | WARNING  | helper_functions.py:94 | Error: Time index '20' or column 'Fx' not found.
2025-03-18 09:58:53,120 | INFO     | helper_functions.py:50 | Starting data update for rear_left:{'Fx': np.float64(350.4885235080252), 'Fy': np.float64(-0.0), 'Fz': np.float64(741.3393338622112), 'Mz': np.float64(0.0), 'max_Fx': np.float64(594.0759458887521), 'desired_Fx': np.float64(594.0759458887521), 'desired_Fy': np.float64(0.0), 'slip_ratio': 3.554933638421142, 'slip_angle': 0.0, 'angular_velocity': np.float64(nan), 'Vx': np.float64(0.1579319892175503)} at time 20
2025-03-18 09:58:53,122 | INFO     | helper_functions.py:50 | Starting data update for rear_left:{'Fx': np.float64(350.4885235080252), 'Fy': np.float64(-0.0), 'Fz': np.float64(741.3393338622112), 'Mz': np.float64(0.0), 'max_Fx': np.float64(594.0759458887521), 'desired_Fx': np.float64(594.0759458887521), 'desired_Fy': 0, 'slip_ratio': 3.554933638421142, 'slip_angle': 0.0, 'angular_velocity': np.float64(nan), 'Vx': np.float64(0.1579319892175503), 'longitudinal_mode': 'accelerate'} at time 20
2025-03-18 09:58:53,122 | INFO     | helper_functions.py:50 | Starting data update for rear_left:{'x_friction': np.float64(350.4885235080252), 'y_friction': np.float64(-0.0)} at time 20
2025-03-18 09:58:53,122 | INFO     | helper_functions.py:50 | Starting data update for front_right:{'x_friction': 0, 'y_friction': 0, 'rolling_resistance': -100} at time 20
2025-03-18 09:58:53,122 | INFO     | helper_functions.py:50 | Starting data update for front_left:{'x_friction': 0, 'y_friction': 0, 'rolling_resistance': -100} at time 20
2025-03-18 09:58:53,122 | INFO     | helper_functions.py:50 | Starting data update for rear_right:{'x_friction': np.float64(350.4885235080252), 'y_friction': np.float64(-0.0), 'rolling_resistance': -100} at time 20
2025-03-18 09:58:53,122 | INFO     | helper_functions.py:50 | Starting data update for rear_left:{'x_friction': np.float64(350.4885235080252), 'y_friction': np.float64(-0.0), 'rolling_resistance': -100} at time 20
2025-03-18 09:58:53,123 | INFO     | helper_functions.py:50 | Starting data update for cnt_grav:{'inertial_z': 0, 'inertial_x': 0, 'inertial_y': 0} at time 20
2025-03-18 09:58:53,713 | INFO     | car.py:169 | Calculating resultants at time : 20
2025-03-18 09:58:53,715 | DEBUG    | car.py:396 | Returning total forces in x direction. Forces are : ['x_friction', 'rolling_resistance']. Sum was -100.0
2025-03-18 09:58:53,715 | DEBUG    | car.py:396 | Returning total forces in y direction. Forces are : ['y_friction']. Sum was 0.0
2025-03-18 09:58:53,715 | DEBUG    | car.py:396 | Returning total forces in z direction. Forces are : ['vertical_load']. Sum was 484.9106661377887
2025-03-18 09:58:53,715 | DEBUG    | car.py:396 | Returning total forces in x direction. Forces are : ['x_friction', 'rolling_resistance']. Sum was -100.0
2025-03-18 09:58:53,715 | DEBUG    | car.py:396 | Returning total forces in y direction. Forces are : ['y_friction']. Sum was 0.0
2025-03-18 09:58:53,716 | DEBUG    | car.py:396 | Returning total forces in z direction. Forces are : ['vertical_load']. Sum was 484.9106661377887
2025-03-18 09:58:53,716 | DEBUG    | car.py:396 | Returning total forces in x direction. Forces are : ['x_friction', 'rolling_resistance']. Sum was 250.4885235080252
2025-03-18 09:58:53,716 | DEBUG    | car.py:396 | Returning total forces in y direction. Forces are : ['y_friction']. Sum was 0.0
2025-03-18 09:58:53,716 | DEBUG    | car.py:396 | Returning total forces in z direction. Forces are : ['vertical_load']. Sum was 741.3393338622112
2025-03-18 09:58:53,716 | DEBUG    | car.py:396 | Returning total forces in x direction. Forces are : ['x_friction', 'rolling_resistance']. Sum was 250.4885235080252
2025-03-18 09:58:53,716 | DEBUG    | car.py:396 | Returning total forces in y direction. Forces are : ['y_friction']. Sum was 0.0
2025-03-18 09:58:53,716 | DEBUG    | car.py:396 | Returning total forces in z direction. Forces are : ['vertical_load']. Sum was 741.3393338622112
2025-03-18 09:58:53,716 | DEBUG    | car.py:396 | Returning total forces in x direction. Forces are : ['inertial_x']. Sum was 0
2025-03-18 09:58:53,716 | DEBUG    | car.py:396 | Returning total forces in y direction. Forces are : ['inertial_y']. Sum was 0
2025-03-18 09:58:53,716 | DEBUG    | car.py:396 | Returning total forces in z direction. Forces are : ['inertial_z']. Sum was 0
2025-03-18 09:58:53,716 | INFO     | car.py:287 | Timestep 20 had resultant forces of [np.float64(300.9770470160504), np.float64(0.0), np.float64(2452.5)] And resultant torques of [np.float64(1478.00771038798), np.float64(1784.7120130637154), np.float64(304.8)]
2025-03-18 09:58:53,716 | INFO     | helper_functions.py:50 | Starting data update for vehicle_dataframe:{'acceleration': (np.float64(1.2039081880642015), np.float64(0.0), np.float64(9.81))} at time 20
2025-03-18 09:58:53,717 | INFO     | helper_functions.py:50 | Starting data update for vehicle_dataframe:{'velocity': (np.float64(0.2181273986207604), np.float64(0.0), 0), 'position': (np.float64(0.03118644110515495), np.float64(0.0), 0)} at time 25
2025-03-18 09:58:53,718 | DEBUG    | car.py:182 | After forces are applied; Position = (np.float64(0.03118644110515495), np.float64(0.0), 0) -- Velocity = (np.float64(0.2181273986207604), np.float64(0.0), 0) --
2025-03-18 09:58:53,720 | INFO     | car.py:359 | Master Dataframe has been updated for timestep 20
2025-03-18 09:58:53,720 | DEBUG    | car.py:396 | Returning total forces in x direction. Forces are : ['x_friction', 'rolling_resistance']. Sum was 250.4885235080252
2025-03-18 09:58:53,720 | DEBUG    | car.py:396 | Returning total forces in x direction. Forces are : ['x_friction', 'rolling_resistance']. Sum was 250.4885235080252
2025-03-18 09:58:53,720 | DEBUG    | car.py:396 | Returning total forces in x direction. Forces are : ['x_friction', 'rolling_resistance']. Sum was -100.0
2025-03-18 09:58:53,720 | DEBUG    | car.py:396 | Returning total forces in x direction. Forces are : ['x_friction', 'rolling_resistance']. Sum was -100.0
2025-03-18 09:58:53,720 | DEBUG    | car.py:396 | Returning total forces in y direction. Forces are : ['y_friction']. Sum was 0.0
2025-03-18 09:58:53,720 | DEBUG    | car.py:396 | Returning total forces in y direction. Forces are : ['y_friction']. Sum was 0.0
2025-03-18 09:58:53,720 | DEBUG    | car.py:396 | Returning total forces in y direction. Forces are : ['y_friction']. Sum was 0.0
2025-03-18 09:58:53,720 | DEBUG    | car.py:396 | Returning total forces in y direction. Forces are : ['y_friction']. Sum was 0.0
2025-03-18 09:58:53,720 | INFO     | helper_functions.py:50 | Starting data update for front_right:{'vertical_load': np.float64(484.6125413803907)} at time 25
2025-03-18 09:58:53,721 | INFO     | helper_functions.py:50 | Starting data update for front_left:{'vertical_load': np.float64(484.6125413803907)} at time 25
2025-03-18 09:58:53,722 | INFO     | helper_functions.py:50 | Starting data update for rear_right:{'vertical_load': np.float64(741.6374586196092)} at time 25
2025-03-18 09:58:53,723 | INFO     | helper_functions.py:50 | Starting data update for rear_left:{'vertical_load': np.float64(741.6374586196092)} at time 25
2025-03-18 09:58:53,724 | WARNING  | helper_functions.py:94 | Error: Time index '25' or column 'Fx' not found.
2025-03-18 09:58:53,725 | INFO     | helper_functions.py:50 | Starting data update for rear_right:{'Fx': np.float64(350.600900670313), 'Fy': np.float64(-0.0), 'Fz': np.float64(741.6374586196092), 'Mz': np.float64(0.0), 'max_Fx': np.float64(594.2878842520191), 'desired_Fx': np.float64(594.2878842520191), 'desired_Fy': np.float64(0.0), 'slip_ratio': 3.5564721730309694, 'slip_angle': 0.0, 'angular_velocity': np.float64(nan), 'Vx': np.float64(0.2181273986207604)} at time 25
2025-03-18 09:58:53,726 | INFO     | helper_functions.py:50 | Starting data update for rear_right:{'Fx': np.float64(350.600900670313), 'Fy': np.float64(-0.0), 'Fz': np.float64(741.6374586196092), 'Mz': np.float64(0.0), 'max_Fx': np.float64(594.2878842520191), 'desired_Fx': np.float64(594.2878842520191), 'desired_Fy': 0, 'slip_ratio': 3.5564721730309694, 'slip_angle': 0.0, 'angular_velocity': np.float64(nan), 'Vx': np.float64(0.2181273986207604), 'longitudinal_mode': 'accelerate'} at time 25
2025-03-18 09:58:53,726 | INFO     | helper_functions.py:50 | Starting data update for rear_right:{'x_friction': np.float64(350.600900670313), 'y_friction': np.float64(-0.0)} at time 25
2025-03-18 09:58:53,727 | WARNING  | helper_functions.py:94 | Error: Time index '25' or column 'Fx' not found.
2025-03-18 09:58:53,727 | INFO     | helper_functions.py:50 | Starting data update for rear_left:{'Fx': np.float64(350.600900670313), 'Fy': np.float64(-0.0), 'Fz': np.float64(741.6374586196092), 'Mz': np.float64(0.0), 'max_Fx': np.float64(594.2878842520191), 'desired_Fx': np.float64(594.2878842520191), 'desired_Fy': np.float64(0.0), 'slip_ratio': 3.5564721730309694, 'slip_angle': 0.0, 'angular_velocity': np.float64(nan), 'Vx': np.float64(0.2181273986207604)} at time 25
2025-03-18 09:58:53,729 | INFO     | helper_functions.py:50 | Starting data update for rear_left:{'Fx': np.float64(350.600900670313), 'Fy': np.float64(-0.0), 'Fz': np.float64(741.6374586196092), 'Mz': np.float64(0.0), 'max_Fx': np.float64(594.2878842520191), 'desired_Fx': np.float64(594.2878842520191), 'desired_Fy': 0, 'slip_ratio': 3.5564721730309694, 'slip_angle': 0.0, 'angular_velocity': np.float64(nan), 'Vx': np.float64(0.2181273986207604), 'longitudinal_mode': 'accelerate'} at time 25
2025-03-18 09:58:53,729 | INFO     | helper_functions.py:50 | Starting data update for rear_left:{'x_friction': np.float64(350.600900670313), 'y_friction': np.float64(-0.0)} at time 25
2025-03-18 09:58:53,729 | INFO     | helper_functions.py:50 | Starting data update for front_right:{'x_friction': 0, 'y_friction': 0, 'rolling_resistance': -100} at time 25
2025-03-18 09:58:53,729 | INFO     | helper_functions.py:50 | Starting data update for front_left:{'x_friction': 0, 'y_friction': 0, 'rolling_resistance': -100} at time 25
2025-03-18 09:58:53,729 | INFO     | helper_functions.py:50 | Starting data update for rear_right:{'x_friction': np.float64(350.600900670313), 'y_friction': np.float64(-0.0), 'rolling_resistance': -100} at time 25
2025-03-18 09:58:53,730 | INFO     | helper_functions.py:50 | Starting data update for rear_left:{'x_friction': np.float64(350.600900670313), 'y_friction': np.float64(-0.0), 'rolling_resistance': -100} at time 25
2025-03-18 09:58:53,730 | INFO     | helper_functions.py:50 | Starting data update for cnt_grav:{'inertial_z': 0, 'inertial_x': 0, 'inertial_y': 0} at time 25
2025-03-18 09:59:01,965 | INFO     | car.py:169 | Calculating resultants at time : 25
2025-03-18 09:59:01,967 | DEBUG    | car.py:396 | Returning total forces in x direction. Forces are : ['x_friction', 'rolling_resistance']. Sum was -100.0
2025-03-18 09:59:01,967 | DEBUG    | car.py:396 | Returning total forces in y direction. Forces are : ['y_friction']. Sum was 0.0
2025-03-18 09:59:01,967 | DEBUG    | car.py:396 | Returning total forces in z direction. Forces are : ['vertical_load']. Sum was 484.6125413803907
2025-03-18 09:59:01,967 | DEBUG    | car.py:396 | Returning total forces in x direction. Forces are : ['x_friction', 'rolling_resistance']. Sum was -100.0
2025-03-18 09:59:01,967 | DEBUG    | car.py:396 | Returning total forces in y direction. Forces are : ['y_friction']. Sum was 0.0
2025-03-18 09:59:01,967 | DEBUG    | car.py:396 | Returning total forces in z direction. Forces are : ['vertical_load']. Sum was 484.6125413803907
2025-03-18 09:59:01,967 | DEBUG    | car.py:396 | Returning total forces in x direction. Forces are : ['x_friction', 'rolling_resistance']. Sum was 250.60090067031302
2025-03-18 09:59:01,968 | DEBUG    | car.py:396 | Returning total forces in y direction. Forces are : ['y_friction']. Sum was 0.0
2025-03-18 09:59:01,968 | DEBUG    | car.py:396 | Returning total forces in z direction. Forces are : ['vertical_load']. Sum was 741.6374586196092
2025-03-18 09:59:01,968 | DEBUG    | car.py:396 | Returning total forces in x direction. Forces are : ['x_friction', 'rolling_resistance']. Sum was 250.60090067031302
2025-03-18 09:59:01,968 | DEBUG    | car.py:396 | Returning total forces in y direction. Forces are : ['y_friction']. Sum was 0.0
2025-03-18 09:59:01,968 | DEBUG    | car.py:396 | Returning total forces in z direction. Forces are : ['vertical_load']. Sum was 741.6374586196092
2025-03-18 09:59:01,968 | DEBUG    | car.py:396 | Returning total forces in x direction. Forces are : ['inertial_x']. Sum was 0
2025-03-18 09:59:01,968 | DEBUG    | car.py:396 | Returning total forces in y direction. Forces are : ['inertial_y']. Sum was 0
2025-03-18 09:59:01,968 | DEBUG    | car.py:396 | Returning total forces in z direction. Forces are : ['inertial_z']. Sum was 0
2025-03-18 09:59:01,968 | INFO     | car.py:287 | Timestep 25 had resultant forces of [np.float64(301.20180134062605), np.float64(0.0), np.float64(2452.5)] And resultant torques of [np.float64(1477.099026127431), np.float64(1784.6492167054294), np.float64(304.8)]
2025-03-18 09:59:01,968 | INFO     | helper_functions.py:50 | Starting data update for vehicle_dataframe:{'acceleration': (np.float64(1.2048072053625043), np.float64(0.0), np.float64(9.81))} at time 25
2025-03-18 09:59:01,968 | INFO     | helper_functions.py:50 | Starting data update for vehicle_dataframe:{'velocity': (np.float64(0.2783677588888856), np.float64(0.0), 0), 'position': (np.float64(0.04661083805630236), np.float64(0.0), 0)} at time 30
2025-03-18 09:59:01,970 | DEBUG    | car.py:182 | After forces are applied; Position = (np.float64(0.04661083805630236), np.float64(0.0), 0) -- Velocity = (np.float64(0.2783677588888856), np.float64(0.0), 0) --
2025-03-18 09:59:01,973 | INFO     | car.py:359 | Master Dataframe has been updated for timestep 25
2025-03-18 09:59:01,973 | DEBUG    | car.py:396 | Returning total forces in x direction. Forces are : ['x_friction', 'rolling_resistance']. Sum was 250.60090067031302
2025-03-18 09:59:01,973 | DEBUG    | car.py:396 | Returning total forces in x direction. Forces are : ['x_friction', 'rolling_resistance']. Sum was 250.60090067031302
2025-03-18 09:59:01,973 | DEBUG    | car.py:396 | Returning total forces in x direction. Forces are : ['x_friction', 'rolling_resistance']. Sum was -100.0
2025-03-18 09:59:01,974 | DEBUG    | car.py:396 | Returning total forces in x direction. Forces are : ['x_friction', 'rolling_resistance']. Sum was -100.0
2025-03-18 09:59:01,974 | DEBUG    | car.py:396 | Returning total forces in y direction. Forces are : ['y_friction']. Sum was 0.0
2025-03-18 09:59:01,974 | DEBUG    | car.py:396 | Returning total forces in y direction. Forces are : ['y_friction']. Sum was 0.0
2025-03-18 09:59:01,974 | DEBUG    | car.py:396 | Returning total forces in y direction. Forces are : ['y_friction']. Sum was 0.0
2025-03-18 09:59:01,974 | DEBUG    | car.py:396 | Returning total forces in y direction. Forces are : ['y_friction']. Sum was 0.0
2025-03-18 09:59:01,974 | INFO     | helper_functions.py:50 | Starting data update for front_right:{'vertical_load': np.float64(484.5713364208852)} at time 30
2025-03-18 09:59:01,975 | INFO     | helper_functions.py:50 | Starting data update for front_left:{'vertical_load': np.float64(484.5713364208852)} at time 30
2025-03-18 09:59:01,976 | INFO     | helper_functions.py:50 | Starting data update for rear_right:{'vertical_load': np.float64(741.6786635791148)} at time 30
2025-03-18 09:59:01,977 | INFO     | helper_functions.py:50 | Starting data update for rear_left:{'vertical_load': np.float64(741.6786635791148)} at time 30
2025-03-18 09:59:01,978 | WARNING  | helper_functions.py:94 | Error: Time index '30' or column 'Fx' not found.
2025-03-18 09:59:01,979 | INFO     | helper_functions.py:50 | Starting data update for rear_right:{'Fx': np.float64(350.6164320449373), 'Fy': np.float64(-0.0), 'Fz': np.float64(741.6786635791148), 'Mz': np.float64(0.0), 'max_Fx': np.float64(594.3171752121285), 'desired_Fx': np.float64(594.3171752121285), 'desired_Fy': np.float64(0.0), 'slip_ratio': 3.5566848063418464, 'slip_angle': 0.0, 'angular_velocity': np.float64(nan), 'Vx': np.float64(0.2783677588888856)} at time 30
2025-03-18 09:59:01,980 | INFO     | helper_functions.py:50 | Starting data update for rear_right:{'Fx': np.float64(350.6164320449373), 'Fy': np.float64(-0.0), 'Fz': np.float64(741.6786635791148), 'Mz': np.float64(0.0), 'max_Fx': np.float64(594.3171752121285), 'desired_Fx': np.float64(594.3171752121285), 'desired_Fy': 0, 'slip_ratio': 3.5566848063418464, 'slip_angle': 0.0, 'angular_velocity': np.float64(nan), 'Vx': np.float64(0.2783677588888856), 'longitudinal_mode': 'accelerate'} at time 30
2025-03-18 09:59:01,980 | INFO     | helper_functions.py:50 | Starting data update for rear_right:{'x_friction': np.float64(350.6164320449373), 'y_friction': np.float64(-0.0)} at time 30
2025-03-18 09:59:01,981 | WARNING  | helper_functions.py:94 | Error: Time index '30' or column 'Fx' not found.
2025-03-18 09:59:01,981 | INFO     | helper_functions.py:50 | Starting data update for rear_left:{'Fx': np.float64(350.6164320449373), 'Fy': np.float64(-0.0), 'Fz': np.float64(741.6786635791148), 'Mz': np.float64(0.0), 'max_Fx': np.float64(594.3171752121285), 'desired_Fx': np.float64(594.3171752121285), 'desired_Fy': np.float64(0.0), 'slip_ratio': 3.5566848063418464, 'slip_angle': 0.0, 'angular_velocity': np.float64(nan), 'Vx': np.float64(0.2783677588888856)} at time 30
2025-03-18 09:59:01,982 | INFO     | helper_functions.py:50 | Starting data update for rear_left:{'Fx': np.float64(350.6164320449373), 'Fy': np.float64(-0.0), 'Fz': np.float64(741.6786635791148), 'Mz': np.float64(0.0), 'max_Fx': np.float64(594.3171752121285), 'desired_Fx': np.float64(594.3171752121285), 'desired_Fy': 0, 'slip_ratio': 3.5566848063418464, 'slip_angle': 0.0, 'angular_velocity': np.float64(nan), 'Vx': np.float64(0.2783677588888856), 'longitudinal_mode': 'accelerate'} at time 30
2025-03-18 09:59:01,983 | INFO     | helper_functions.py:50 | Starting data update for rear_left:{'x_friction': np.float64(350.6164320449373), 'y_friction': np.float64(-0.0)} at time 30
2025-03-18 09:59:01,983 | INFO     | helper_functions.py:50 | Starting data update for front_right:{'x_friction': 0, 'y_friction': 0, 'rolling_resistance': -100} at time 30
2025-03-18 09:59:01,983 | INFO     | helper_functions.py:50 | Starting data update for front_left:{'x_friction': 0, 'y_friction': 0, 'rolling_resistance': -100} at time 30
2025-03-18 09:59:01,983 | INFO     | helper_functions.py:50 | Starting data update for rear_right:{'x_friction': np.float64(350.6164320449373), 'y_friction': np.float64(-0.0), 'rolling_resistance': -100} at time 30
2025-03-18 09:59:01,983 | INFO     | helper_functions.py:50 | Starting data update for rear_left:{'x_friction': np.float64(350.6164320449373), 'y_friction': np.float64(-0.0), 'rolling_resistance': -100} at time 30
2025-03-18 09:59:01,983 | INFO     | helper_functions.py:50 | Starting data update for cnt_grav:{'inertial_z': 0, 'inertial_x': 0, 'inertial_y': 0} at time 30
2025-03-18 09:59:02,274 | INFO     | car.py:169 | Calculating resultants at time : 30
2025-03-18 09:59:02,275 | DEBUG    | car.py:396 | Returning total forces in x direction. Forces are : ['x_friction', 'rolling_resistance']. Sum was -100.0
2025-03-18 09:59:02,275 | DEBUG    | car.py:396 | Returning total forces in y direction. Forces are : ['y_friction']. Sum was 0.0
2025-03-18 09:59:02,275 | DEBUG    | car.py:396 | Returning total forces in z direction. Forces are : ['vertical_load']. Sum was 484.5713364208852
2025-03-18 09:59:02,276 | DEBUG    | car.py:396 | Returning total forces in x direction. Forces are : ['x_friction', 'rolling_resistance']. Sum was -100.0
2025-03-18 09:59:02,276 | DEBUG    | car.py:396 | Returning total forces in y direction. Forces are : ['y_friction']. Sum was 0.0
2025-03-18 09:59:02,276 | DEBUG    | car.py:396 | Returning total forces in z direction. Forces are : ['vertical_load']. Sum was 484.5713364208852
2025-03-18 09:59:02,276 | DEBUG    | car.py:396 | Returning total forces in x direction. Forces are : ['x_friction', 'rolling_resistance']. Sum was 250.6164320449373
2025-03-18 09:59:02,276 | DEBUG    | car.py:396 | Returning total forces in y direction. Forces are : ['y_friction']. Sum was 0.0
2025-03-18 09:59:02,276 | DEBUG    | car.py:396 | Returning total forces in z direction. Forces are : ['vertical_load']. Sum was 741.6786635791148
2025-03-18 09:59:02,276 | DEBUG    | car.py:396 | Returning total forces in x direction. Forces are : ['x_friction', 'rolling_resistance']. Sum was 250.6164320449373
2025-03-18 09:59:02,276 | DEBUG    | car.py:396 | Returning total forces in y direction. Forces are : ['y_friction']. Sum was 0.0
2025-03-18 09:59:02,276 | DEBUG    | car.py:396 | Returning total forces in z direction. Forces are : ['vertical_load']. Sum was 741.6786635791148
2025-03-18 09:59:02,276 | DEBUG    | car.py:396 | Returning total forces in x direction. Forces are : ['inertial_x']. Sum was 0
2025-03-18 09:59:02,276 | DEBUG    | car.py:396 | Returning total forces in y direction. Forces are : ['inertial_y']. Sum was 0
2025-03-18 09:59:02,276 | DEBUG    | car.py:396 | Returning total forces in z direction. Forces are : ['inertial_z']. Sum was 0
2025-03-18 09:59:02,276 | INFO     | car.py:287 | Timestep 30 had resultant forces of [np.float64(301.2328640898746), np.float64(0.0), np.float64(2452.5)] And resultant torques of [np.float64(1476.973433410858), np.float64(1784.640537773289), np.float64(304.8)]
2025-03-18 09:59:02,277 | INFO     | helper_functions.py:50 | Starting data update for vehicle_dataframe:{'acceleration': (np.float64(1.2049314563594984), np.float64(0.0), np.float64(9.81))} at time 30
2025-03-18 09:59:02,277 | INFO     | helper_functions.py:50 | Starting data update for vehicle_dataframe:{'velocity': (np.float64(0.3386143317068605), np.float64(0.0), 0), 'position': (np.float64(0.06504771896209477), np.float64(0.0), 0)} at time 35
2025-03-18 09:59:02,278 | DEBUG    | car.py:182 | After forces are applied; Position = (np.float64(0.06504771896209477), np.float64(0.0), 0) -- Velocity = (np.float64(0.3386143317068605), np.float64(0.0), 0) --
2025-03-18 09:59:02,280 | INFO     | car.py:359 | Master Dataframe has been updated for timestep 30
2025-03-18 09:59:02,281 | DEBUG    | car.py:396 | Returning total forces in x direction. Forces are : ['x_friction', 'rolling_resistance']. Sum was 250.6164320449373
2025-03-18 09:59:02,281 | DEBUG    | car.py:396 | Returning total forces in x direction. Forces are : ['x_friction', 'rolling_resistance']. Sum was 250.6164320449373
2025-03-18 09:59:02,281 | DEBUG    | car.py:396 | Returning total forces in x direction. Forces are : ['x_friction', 'rolling_resistance']. Sum was -100.0
2025-03-18 09:59:02,281 | DEBUG    | car.py:396 | Returning total forces in x direction. Forces are : ['x_friction', 'rolling_resistance']. Sum was -100.0
2025-03-18 09:59:02,281 | DEBUG    | car.py:396 | Returning total forces in y direction. Forces are : ['y_friction']. Sum was 0.0
2025-03-18 09:59:02,281 | DEBUG    | car.py:396 | Returning total forces in y direction. Forces are : ['y_friction']. Sum was 0.0
2025-03-18 09:59:02,281 | DEBUG    | car.py:396 | Returning total forces in y direction. Forces are : ['y_friction']. Sum was 0.0
2025-03-18 09:59:02,281 | DEBUG    | car.py:396 | Returning total forces in y direction. Forces are : ['y_friction']. Sum was 0.0
2025-03-18 09:59:02,281 | INFO     | helper_functions.py:50 | Starting data update for front_right:{'vertical_load': np.float64(484.565641583523)} at time 35
2025-03-18 09:59:02,282 | INFO     | helper_functions.py:50 | Starting data update for front_left:{'vertical_load': np.float64(484.565641583523)} at time 35
2025-03-18 09:59:02,283 | INFO     | helper_functions.py:50 | Starting data update for rear_right:{'vertical_load': np.float64(741.6843584164769)} at time 35
2025-03-18 09:59:02,284 | INFO     | helper_functions.py:50 | Starting data update for rear_left:{'vertical_load': np.float64(741.6843584164769)} at time 35
2025-03-18 09:59:02,285 | WARNING  | helper_functions.py:94 | Error: Time index '35' or column 'Fx' not found.
2025-03-18 09:59:02,286 | INFO     | helper_functions.py:50 | Starting data update for rear_right:{'Fx': np.float64(350.618578585096), 'Fy': np.float64(-0.0), 'Fz': np.float64(741.6843584164769), 'Mz': np.float64(0.0), 'max_Fx': np.float64(594.3212234092489), 'desired_Fx': np.float64(594.3212234092489), 'desired_Fy': np.float64(0.0), 'slip_ratio': 3.5567141936187934, 'slip_angle': 0.0, 'angular_velocity': np.float64(nan), 'Vx': np.float64(0.3386143317068605)} at time 35
2025-03-18 09:59:02,287 | INFO     | helper_functions.py:50 | Starting data update for rear_right:{'Fx': np.float64(350.618578585096), 'Fy': np.float64(-0.0), 'Fz': np.float64(741.6843584164769), 'Mz': np.float64(0.0), 'max_Fx': np.float64(594.3212234092489), 'desired_Fx': np.float64(594.3212234092489), 'desired_Fy': 0, 'slip_ratio': 3.5567141936187934, 'slip_angle': 0.0, 'angular_velocity': np.float64(nan), 'Vx': np.float64(0.3386143317068605), 'longitudinal_mode': 'accelerate'} at time 35
2025-03-18 09:59:02,287 | INFO     | helper_functions.py:50 | Starting data update for rear_right:{'x_friction': np.float64(350.618578585096), 'y_friction': np.float64(-0.0)} at time 35
2025-03-18 09:59:02,288 | WARNING  | helper_functions.py:94 | Error: Time index '35' or column 'Fx' not found.
2025-03-18 09:59:02,288 | INFO     | helper_functions.py:50 | Starting data update for rear_left:{'Fx': np.float64(350.618578585096), 'Fy': np.float64(-0.0), 'Fz': np.float64(741.6843584164769), 'Mz': np.float64(0.0), 'max_Fx': np.float64(594.3212234092489), 'desired_Fx': np.float64(594.3212234092489), 'desired_Fy': np.float64(0.0), 'slip_ratio': 3.5567141936187934, 'slip_angle': 0.0, 'angular_velocity': np.float64(nan), 'Vx': np.float64(0.3386143317068605)} at time 35
2025-03-18 09:59:02,289 | INFO     | helper_functions.py:50 | Starting data update for rear_left:{'Fx': np.float64(350.618578585096), 'Fy': np.float64(-0.0), 'Fz': np.float64(741.6843584164769), 'Mz': np.float64(0.0), 'max_Fx': np.float64(594.3212234092489), 'desired_Fx': np.float64(594.3212234092489), 'desired_Fy': 0, 'slip_ratio': 3.5567141936187934, 'slip_angle': 0.0, 'angular_velocity': np.float64(nan), 'Vx': np.float64(0.3386143317068605), 'longitudinal_mode': 'accelerate'} at time 35
2025-03-18 09:59:02,290 | INFO     | helper_functions.py:50 | Starting data update for rear_left:{'x_friction': np.float64(350.618578585096), 'y_friction': np.float64(-0.0)} at time 35
2025-03-18 09:59:02,290 | INFO     | helper_functions.py:50 | Starting data update for front_right:{'x_friction': 0, 'y_friction': 0, 'rolling_resistance': -100} at time 35
2025-03-18 09:59:02,290 | INFO     | helper_functions.py:50 | Starting data update for front_left:{'x_friction': 0, 'y_friction': 0, 'rolling_resistance': -100} at time 35
2025-03-18 09:59:02,290 | INFO     | helper_functions.py:50 | Starting data update for rear_right:{'x_friction': np.float64(350.618578585096), 'y_friction': np.float64(-0.0), 'rolling_resistance': -100} at time 35
2025-03-18 09:59:02,290 | INFO     | helper_functions.py:50 | Starting data update for rear_left:{'x_friction': np.float64(350.618578585096), 'y_friction': np.float64(-0.0), 'rolling_resistance': -100} at time 35
2025-03-18 09:59:02,290 | INFO     | helper_functions.py:50 | Starting data update for cnt_grav:{'inertial_z': 0, 'inertial_x': 0, 'inertial_y': 0} at time 35
2025-03-18 10:00:11,940 | INFO     | magic_formula_tire.py:15 | Starting Car.py Script
2025-03-18 10:00:11,942 | INFO     | car.py:14 | Starting Car.py Script
2025-03-18 10:00:11,944 | INFO     | helper_functions.py:50 | Starting data update for vehicle_dataframe:{'velocity': (0, 0, 0), 'position': (0, 0, 0)} at time 5
2025-03-18 10:00:12,464 | INFO     | magic_formula_tire.py:461 | Generated force to slip lookup table.
2025-03-18 10:00:12,465 | DEBUG    | car.py:423 | Forces and Moments:
2025-03-18 10:00:12,465 | DEBUG    | car.py:427 | Slip Ratio and Angle:
2025-03-18 10:00:12,977 | INFO     | magic_formula_tire.py:461 | Generated force to slip lookup table.
2025-03-18 10:00:12,978 | DEBUG    | car.py:423 | Forces and Moments:
2025-03-18 10:00:12,978 | DEBUG    | car.py:427 | Slip Ratio and Angle:
2025-03-18 10:00:13,492 | INFO     | magic_formula_tire.py:461 | Generated force to slip lookup table.
2025-03-18 10:00:13,492 | DEBUG    | car.py:423 | Forces and Moments:
2025-03-18 10:00:13,492 | DEBUG    | car.py:427 | Slip Ratio and Angle:
2025-03-18 10:00:14,005 | INFO     | magic_formula_tire.py:461 | Generated force to slip lookup table.
2025-03-18 10:00:14,005 | DEBUG    | car.py:423 | Forces and Moments:
2025-03-18 10:00:14,005 | DEBUG    | car.py:427 | Slip Ratio and Angle:
2025-03-18 10:00:14,006 | DEBUG    | car.py:396 | Returning total forces in x direction. Forces are : ['x_friction', 'rolling_resistance']. Sum was 0
2025-03-18 10:00:14,006 | DEBUG    | car.py:396 | Returning total forces in x direction. Forces are : ['x_friction', 'rolling_resistance']. Sum was 0
2025-03-18 10:00:14,006 | DEBUG    | car.py:396 | Returning total forces in x direction. Forces are : ['x_friction', 'rolling_resistance']. Sum was 0
2025-03-18 10:00:14,006 | DEBUG    | car.py:396 | Returning total forces in x direction. Forces are : ['x_friction', 'rolling_resistance']. Sum was 0
2025-03-18 10:00:14,007 | DEBUG    | car.py:396 | Returning total forces in y direction. Forces are : ['y_friction']. Sum was 0
2025-03-18 10:00:14,007 | DEBUG    | car.py:396 | Returning total forces in y direction. Forces are : ['y_friction']. Sum was 0
2025-03-18 10:00:14,007 | DEBUG    | car.py:396 | Returning total forces in y direction. Forces are : ['y_friction']. Sum was 0
2025-03-18 10:00:14,007 | DEBUG    | car.py:396 | Returning total forces in y direction. Forces are : ['y_friction']. Sum was 0
2025-03-18 10:00:14,007 | INFO     | helper_functions.py:50 | Starting data update for front_right:{'vertical_load': np.float64(613.125)} at time 5
2025-03-18 10:00:14,008 | INFO     | helper_functions.py:50 | Starting data update for front_left:{'vertical_load': np.float64(613.125)} at time 5
2025-03-18 10:00:14,009 | INFO     | helper_functions.py:50 | Starting data update for rear_right:{'vertical_load': np.float64(613.125)} at time 5
2025-03-18 10:00:14,010 | INFO     | helper_functions.py:50 | Starting data update for rear_left:{'vertical_load': np.float64(613.125)} at time 5
2025-03-18 10:00:14,011 | INFO     | helper_functions.py:50 | Starting data update for front_right:{'x_friction': 0, 'y_friction': 0, 'rolling_resistance': 0} at time 5
2025-03-18 10:00:14,011 | INFO     | helper_functions.py:50 | Starting data update for front_left:{'x_friction': 0, 'y_friction': 0, 'rolling_resistance': 0} at time 5
2025-03-18 10:00:14,011 | INFO     | helper_functions.py:50 | Starting data update for rear_right:{'x_friction': 0, 'y_friction': 0, 'rolling_resistance': 0} at time 5
2025-03-18 10:00:14,012 | INFO     | helper_functions.py:50 | Starting data update for rear_left:{'x_friction': 0, 'y_friction': 0, 'rolling_resistance': 0} at time 5
2025-03-18 10:00:14,012 | INFO     | helper_functions.py:50 | Starting data update for cnt_grav:{'inertial_z': 0, 'inertial_x': 0, 'inertial_y': 0} at time 5
2025-03-18 10:00:14,013 | DEBUG    | car.py:396 | Returning total forces in x direction. Forces are : ['x_friction', 'rolling_resistance']. Sum was 0.0
2025-03-18 10:00:14,013 | DEBUG    | car.py:396 | Returning total forces in y direction. Forces are : ['y_friction']. Sum was 0.0
2025-03-18 10:00:14,013 | DEBUG    | car.py:396 | Returning total forces in z direction. Forces are : ['vertical_load']. Sum was 613.125
2025-03-18 10:00:14,013 | DEBUG    | car.py:396 | Returning total forces in x direction. Forces are : ['x_friction', 'rolling_resistance']. Sum was 0.0
2025-03-18 10:00:14,013 | DEBUG    | car.py:396 | Returning total forces in y direction. Forces are : ['y_friction']. Sum was 0.0
2025-03-18 10:00:14,013 | DEBUG    | car.py:396 | Returning total forces in z direction. Forces are : ['vertical_load']. Sum was 613.125
2025-03-18 10:00:14,013 | DEBUG    | car.py:396 | Returning total forces in x direction. Forces are : ['x_friction', 'rolling_resistance']. Sum was 0.0
2025-03-18 10:00:14,013 | DEBUG    | car.py:396 | Returning total forces in y direction. Forces are : ['y_friction']. Sum was 0.0
2025-03-18 10:00:14,013 | DEBUG    | car.py:396 | Returning total forces in z direction. Forces are : ['vertical_load']. Sum was 613.125
2025-03-18 10:00:14,014 | DEBUG    | car.py:396 | Returning total forces in x direction. Forces are : ['x_friction', 'rolling_resistance']. Sum was 0.0
2025-03-18 10:00:14,014 | DEBUG    | car.py:396 | Returning total forces in y direction. Forces are : ['y_friction']. Sum was 0.0
2025-03-18 10:00:14,014 | DEBUG    | car.py:396 | Returning total forces in z direction. Forces are : ['vertical_load']. Sum was 613.125
2025-03-18 10:00:14,014 | DEBUG    | car.py:396 | Returning total forces in x direction. Forces are : ['inertial_x']. Sum was 0
2025-03-18 10:00:14,014 | DEBUG    | car.py:396 | Returning total forces in y direction. Forces are : ['inertial_y']. Sum was 0
2025-03-18 10:00:14,014 | DEBUG    | car.py:396 | Returning total forces in z direction. Forces are : ['inertial_z']. Sum was 0
2025-03-18 10:00:14,014 | INFO     | car.py:287 | Timestep 5 had resultant forces of [np.float64(0.0), np.float64(0.0), np.float64(2452.5)] And resultant torques of [np.float64(1868.805), np.float64(1868.8049999999998), np.float64(0.0)]
2025-03-18 10:00:14,014 | INFO     | helper_functions.py:50 | Starting data update for vehicle_dataframe:{'acceleration': (np.float64(0.0), np.float64(0.0), np.float64(9.81))} at time 5
2025-03-18 10:00:14,014 | INFO     | helper_functions.py:50 | Starting data update for vehicle_dataframe:{'velocity': (np.float64(0.0), np.float64(0.0), 0), 'position': (np.float64(0.0), np.float64(0.0), 0)} at time 10
2025-03-18 10:00:14,015 | DEBUG    | car.py:105 | After forces are applied; Position = (np.float64(0.0), np.float64(0.0), 0) -- Velocity = (np.float64(0.0), np.float64(0.0), 0) --
2025-03-18 10:00:14,015 | DEBUG    | helper_functions.py:144 | All objects to combine were TimeSeries
2025-03-18 10:00:14,019 | INFO     | acceleration_tester.py:12 | Starting Acceleration.py Script
2025-03-18 10:00:14,019 | DEBUG    | car.py:396 | Returning total forces in x direction. Forces are : ['x_friction', 'rolling_resistance']. Sum was 0.0
2025-03-18 10:00:14,019 | DEBUG    | car.py:396 | Returning total forces in x direction. Forces are : ['x_friction', 'rolling_resistance']. Sum was 0.0
2025-03-18 10:00:14,019 | DEBUG    | car.py:396 | Returning total forces in x direction. Forces are : ['x_friction', 'rolling_resistance']. Sum was 0.0
2025-03-18 10:00:14,019 | DEBUG    | car.py:396 | Returning total forces in x direction. Forces are : ['x_friction', 'rolling_resistance']. Sum was 0.0
2025-03-18 10:00:14,019 | DEBUG    | car.py:396 | Returning total forces in y direction. Forces are : ['y_friction']. Sum was 0.0
2025-03-18 10:00:14,020 | DEBUG    | car.py:396 | Returning total forces in y direction. Forces are : ['y_friction']. Sum was 0.0
2025-03-18 10:00:14,020 | DEBUG    | car.py:396 | Returning total forces in y direction. Forces are : ['y_friction']. Sum was 0.0
2025-03-18 10:00:14,020 | DEBUG    | car.py:396 | Returning total forces in y direction. Forces are : ['y_friction']. Sum was 0.0
2025-03-18 10:00:14,020 | INFO     | helper_functions.py:50 | Starting data update for front_right:{'vertical_load': np.float64(613.125)} at time 5
2025-03-18 10:00:14,020 | INFO     | helper_functions.py:50 | Starting data update for front_left:{'vertical_load': np.float64(613.125)} at time 5
2025-03-18 10:00:14,020 | INFO     | helper_functions.py:50 | Starting data update for rear_right:{'vertical_load': np.float64(613.125)} at time 5
2025-03-18 10:00:14,020 | INFO     | helper_functions.py:50 | Starting data update for rear_left:{'vertical_load': np.float64(613.125)} at time 5
2025-03-18 10:00:14,021 | WARNING  | helper_functions.py:94 | Error: Time index '5' or column 'Fx' not found.
2025-03-18 10:00:14,021 | INFO     | helper_functions.py:50 | Starting data update for rear_right:{'Fx': np.float64(301.35982032999317), 'Fy': np.float64(-0.0), 'Fz': np.float64(613.125), 'Mz': np.float64(0.0), 'max_Fx': np.float64(500.8346537514665), 'desired_Fx': np.float64(500.8346537514665), 'desired_Fy': 0.0, 'slip_ratio': 2.8780625292603683, 'slip_angle': 0.0, 'angular_velocity': np.float64(nan), 'Vx': np.float64(0.0)} at time 5
2025-03-18 10:00:14,022 | INFO     | helper_functions.py:50 | Starting data update for rear_right:{'Fx': np.float64(301.35982032999317), 'Fy': np.float64(-0.0), 'Fz': np.float64(613.125), 'Mz': np.float64(0.0), 'max_Fx': np.float64(500.8346537514665), 'desired_Fx': np.float64(500.8346537514665), 'desired_Fy': 0, 'slip_ratio': 2.8780625292603683, 'slip_angle': 0.0, 'angular_velocity': np.float64(nan), 'Vx': np.float64(0.0), 'longitudinal_mode': 'accelerate'} at time 5
2025-03-18 10:00:14,023 | INFO     | helper_functions.py:50 | Starting data update for rear_right:{'x_friction': np.float64(301.35982032999317), 'y_friction': np.float64(-0.0)} at time 5
2025-03-18 10:00:14,023 | WARNING  | helper_functions.py:94 | Error: Time index '5' or column 'Fx' not found.
2025-03-18 10:00:14,023 | INFO     | helper_functions.py:50 | Starting data update for rear_left:{'Fx': np.float64(301.35982032999317), 'Fy': np.float64(-0.0), 'Fz': np.float64(613.125), 'Mz': np.float64(0.0), 'max_Fx': np.float64(500.8346537514665), 'desired_Fx': np.float64(500.8346537514665), 'desired_Fy': 0.0, 'slip_ratio': 2.8780625292603683, 'slip_angle': 0.0, 'angular_velocity': np.float64(nan), 'Vx': np.float64(0.0)} at time 5
2025-03-18 10:00:14,025 | INFO     | helper_functions.py:50 | Starting data update for rear_left:{'Fx': np.float64(301.35982032999317), 'Fy': np.float64(-0.0), 'Fz': np.float64(613.125), 'Mz': np.float64(0.0), 'max_Fx': np.float64(500.8346537514665), 'desired_Fx': np.float64(500.8346537514665), 'desired_Fy': 0, 'slip_ratio': 2.8780625292603683, 'slip_angle': 0.0, 'angular_velocity': np.float64(nan), 'Vx': np.float64(0.0), 'longitudinal_mode': 'accelerate'} at time 5
2025-03-18 10:00:14,025 | INFO     | helper_functions.py:50 | Starting data update for rear_left:{'x_friction': np.float64(301.35982032999317), 'y_friction': np.float64(-0.0)} at time 5
2025-03-18 10:00:14,025 | INFO     | helper_functions.py:50 | Starting data update for front_right:{'x_friction': 0, 'y_friction': 0, 'rolling_resistance': -100} at time 5
2025-03-18 10:00:14,025 | INFO     | helper_functions.py:50 | Starting data update for front_left:{'x_friction': 0, 'y_friction': 0, 'rolling_resistance': -100} at time 5
2025-03-18 10:00:14,025 | INFO     | helper_functions.py:50 | Starting data update for rear_right:{'x_friction': np.float64(301.35982032999317), 'y_friction': np.float64(-0.0), 'rolling_resistance': -100} at time 5
2025-03-18 10:00:14,026 | INFO     | helper_functions.py:50 | Starting data update for rear_left:{'x_friction': np.float64(301.35982032999317), 'y_friction': np.float64(-0.0), 'rolling_resistance': -100} at time 5
2025-03-18 10:00:14,026 | INFO     | helper_functions.py:50 | Starting data update for cnt_grav:{'inertial_z': 0, 'inertial_x': 0, 'inertial_y': 0} at time 5
2025-03-18 10:00:15,474 | INFO     | car.py:169 | Calculating resultants at time : 5
2025-03-18 10:00:15,475 | DEBUG    | car.py:396 | Returning total forces in x direction. Forces are : ['x_friction', 'rolling_resistance']. Sum was -100.0
2025-03-18 10:00:15,476 | DEBUG    | car.py:396 | Returning total forces in y direction. Forces are : ['y_friction']. Sum was 0.0
2025-03-18 10:00:15,476 | DEBUG    | car.py:396 | Returning total forces in z direction. Forces are : ['vertical_load']. Sum was 613.125
2025-03-18 10:00:15,476 | DEBUG    | car.py:396 | Returning total forces in x direction. Forces are : ['x_friction', 'rolling_resistance']. Sum was -100.0
2025-03-18 10:00:15,476 | DEBUG    | car.py:396 | Returning total forces in y direction. Forces are : ['y_friction']. Sum was 0.0
2025-03-18 10:00:15,476 | DEBUG    | car.py:396 | Returning total forces in z direction. Forces are : ['vertical_load']. Sum was 613.125
2025-03-18 10:00:15,476 | DEBUG    | car.py:396 | Returning total forces in x direction. Forces are : ['x_friction', 'rolling_resistance']. Sum was 201.35982032999317
2025-03-18 10:00:15,476 | DEBUG    | car.py:396 | Returning total forces in y direction. Forces are : ['y_friction']. Sum was 0.0
2025-03-18 10:00:15,476 | DEBUG    | car.py:396 | Returning total forces in z direction. Forces are : ['vertical_load']. Sum was 613.125
2025-03-18 10:00:15,476 | DEBUG    | car.py:396 | Returning total forces in x direction. Forces are : ['x_friction', 'rolling_resistance']. Sum was 201.35982032999317
2025-03-18 10:00:15,477 | DEBUG    | car.py:396 | Returning total forces in y direction. Forces are : ['y_friction']. Sum was 0.0
2025-03-18 10:00:15,477 | DEBUG    | car.py:396 | Returning total forces in z direction. Forces are : ['vertical_load']. Sum was 613.125
2025-03-18 10:00:15,477 | DEBUG    | car.py:396 | Returning total forces in x direction. Forces are : ['inertial_x']. Sum was 0
2025-03-18 10:00:15,477 | DEBUG    | car.py:396 | Returning total forces in y direction. Forces are : ['inertial_y']. Sum was 0
2025-03-18 10:00:15,477 | DEBUG    | car.py:396 | Returning total forces in z direction. Forces are : ['inertial_z']. Sum was 0
2025-03-18 10:00:15,477 | INFO     | car.py:287 | Timestep 5 had resultant forces of [np.float64(202.71964065998634), np.float64(0.0), np.float64(2452.5)] And resultant torques of [np.float64(1868.805), np.float64(1812.1651323995998), np.float64(304.8)]
2025-03-18 10:00:15,477 | INFO     | helper_functions.py:50 | Starting data update for vehicle_dataframe:{'acceleration': (np.float64(0.8108785626399454), np.float64(0.0), np.float64(9.81))} at time 5
2025-03-18 10:00:15,477 | INFO     | helper_functions.py:50 | Starting data update for vehicle_dataframe:{'velocity': (np.float64(0.040543928131997274), np.float64(0.0), 0), 'position': (np.float64(0.003040794609899796), np.float64(0.0), 0)} at time 10
2025-03-18 10:00:15,477 | DEBUG    | car.py:182 | After forces are applied; Position = (np.float64(0.003040794609899796), np.float64(0.0), 0) -- Velocity = (np.float64(0.040543928131997274), np.float64(0.0), 0) --
2025-03-18 10:00:15,480 | INFO     | car.py:359 | Master Dataframe has been updated for timestep 5
2025-03-18 10:00:15,480 | DEBUG    | car.py:396 | Returning total forces in x direction. Forces are : ['x_friction', 'rolling_resistance']. Sum was 201.35982032999317
2025-03-18 10:00:15,480 | DEBUG    | car.py:396 | Returning total forces in x direction. Forces are : ['x_friction', 'rolling_resistance']. Sum was 201.35982032999317
2025-03-18 10:00:15,480 | DEBUG    | car.py:396 | Returning total forces in x direction. Forces are : ['x_friction', 'rolling_resistance']. Sum was -100.0
2025-03-18 10:00:15,480 | DEBUG    | car.py:396 | Returning total forces in x direction. Forces are : ['x_friction', 'rolling_resistance']. Sum was -100.0
2025-03-18 10:00:15,480 | DEBUG    | car.py:396 | Returning total forces in y direction. Forces are : ['y_friction']. Sum was 0.0
2025-03-18 10:00:15,480 | DEBUG    | car.py:396 | Returning total forces in y direction. Forces are : ['y_friction']. Sum was 0.0
2025-03-18 10:00:15,480 | DEBUG    | car.py:396 | Returning total forces in y direction. Forces are : ['y_friction']. Sum was 0.0
2025-03-18 10:00:15,481 | DEBUG    | car.py:396 | Returning total forces in y direction. Forces are : ['y_friction']. Sum was 0.0
2025-03-18 10:00:15,481 | INFO     | helper_functions.py:50 | Starting data update for front_right:{'vertical_load': np.float64(502.6263992123358)} at time 10
2025-03-18 10:00:15,482 | INFO     | helper_functions.py:50 | Starting data update for front_left:{'vertical_load': np.float64(502.6263992123358)} at time 10
2025-03-18 10:00:15,483 | INFO     | helper_functions.py:50 | Starting data update for rear_right:{'vertical_load': np.float64(723.6236007876641)} at time 10
2025-03-18 10:00:15,484 | INFO     | helper_functions.py:50 | Starting data update for rear_left:{'vertical_load': np.float64(723.6236007876641)} at time 10
2025-03-18 10:00:15,485 | WARNING  | helper_functions.py:94 | Error: Time index '10' or column 'Fx' not found.
2025-03-18 10:00:15,486 | INFO     | helper_functions.py:50 | Starting data update for rear_right:{'Fx': np.float64(343.79469672603364), 'Fy': np.float64(-0.0), 'Fz': np.float64(723.6236007876641), 'Mz': np.float64(0.0), 'max_Fx': np.float64(581.4396313403475), 'desired_Fx': np.float64(581.4396313403475), 'desired_Fy': np.float64(0.0), 'slip_ratio': 3.4632022172017787, 'slip_angle': 0.0, 'angular_velocity': np.float64(nan), 'Vx': np.float64(0.040543928131997274)} at time 10
2025-03-18 10:00:15,488 | INFO     | helper_functions.py:50 | Starting data update for rear_right:{'Fx': np.float64(343.79469672603364), 'Fy': np.float64(-0.0), 'Fz': np.float64(723.6236007876641), 'Mz': np.float64(0.0), 'max_Fx': np.float64(581.4396313403475), 'desired_Fx': np.float64(581.4396313403475), 'desired_Fy': 0, 'slip_ratio': 3.4632022172017787, 'slip_angle': 0.0, 'angular_velocity': np.float64(nan), 'Vx': np.float64(0.040543928131997274), 'longitudinal_mode': 'accelerate'} at time 10
2025-03-18 10:00:15,488 | INFO     | helper_functions.py:50 | Starting data update for rear_right:{'x_friction': np.float64(343.79469672603364), 'y_friction': np.float64(-0.0)} at time 10
2025-03-18 10:00:15,489 | WARNING  | helper_functions.py:94 | Error: Time index '10' or column 'Fx' not found.
2025-03-18 10:00:15,489 | INFO     | helper_functions.py:50 | Starting data update for rear_left:{'Fx': np.float64(343.79469672603364), 'Fy': np.float64(-0.0), 'Fz': np.float64(723.6236007876641), 'Mz': np.float64(0.0), 'max_Fx': np.float64(581.4396313403475), 'desired_Fx': np.float64(581.4396313403475), 'desired_Fy': np.float64(0.0), 'slip_ratio': 3.4632022172017787, 'slip_angle': 0.0, 'angular_velocity': np.float64(nan), 'Vx': np.float64(0.040543928131997274)} at time 10
2025-03-18 10:00:15,491 | INFO     | helper_functions.py:50 | Starting data update for rear_left:{'Fx': np.float64(343.79469672603364), 'Fy': np.float64(-0.0), 'Fz': np.float64(723.6236007876641), 'Mz': np.float64(0.0), 'max_Fx': np.float64(581.4396313403475), 'desired_Fx': np.float64(581.4396313403475), 'desired_Fy': 0, 'slip_ratio': 3.4632022172017787, 'slip_angle': 0.0, 'angular_velocity': np.float64(nan), 'Vx': np.float64(0.040543928131997274), 'longitudinal_mode': 'accelerate'} at time 10
2025-03-18 10:00:15,491 | INFO     | helper_functions.py:50 | Starting data update for rear_left:{'x_friction': np.float64(343.79469672603364), 'y_friction': np.float64(-0.0)} at time 10
2025-03-18 10:00:15,491 | INFO     | helper_functions.py:50 | Starting data update for front_right:{'x_friction': 0, 'y_friction': 0, 'rolling_resistance': -100} at time 10
2025-03-18 10:00:15,491 | INFO     | helper_functions.py:50 | Starting data update for front_left:{'x_friction': 0, 'y_friction': 0, 'rolling_resistance': -100} at time 10
2025-03-18 10:00:15,491 | INFO     | helper_functions.py:50 | Starting data update for rear_right:{'x_friction': np.float64(343.79469672603364), 'y_friction': np.float64(-0.0), 'rolling_resistance': -100} at time 10
2025-03-18 10:00:15,492 | INFO     | helper_functions.py:50 | Starting data update for rear_left:{'x_friction': np.float64(343.79469672603364), 'y_friction': np.float64(-0.0), 'rolling_resistance': -100} at time 10
2025-03-18 10:00:15,492 | INFO     | helper_functions.py:50 | Starting data update for cnt_grav:{'inertial_z': 0, 'inertial_x': 0, 'inertial_y': 0} at time 10
2025-03-18 10:00:15,944 | INFO     | car.py:169 | Calculating resultants at time : 10
2025-03-18 10:00:15,945 | DEBUG    | car.py:396 | Returning total forces in x direction. Forces are : ['x_friction', 'rolling_resistance']. Sum was -100.0
2025-03-18 10:00:15,945 | DEBUG    | car.py:396 | Returning total forces in y direction. Forces are : ['y_friction']. Sum was 0.0
2025-03-18 10:00:15,945 | DEBUG    | car.py:396 | Returning total forces in z direction. Forces are : ['vertical_load']. Sum was 502.6263992123358
2025-03-18 10:00:15,945 | DEBUG    | car.py:396 | Returning total forces in x direction. Forces are : ['x_friction', 'rolling_resistance']. Sum was -100.0
2025-03-18 10:00:15,945 | DEBUG    | car.py:396 | Returning total forces in y direction. Forces are : ['y_friction']. Sum was 0.0
2025-03-18 10:00:15,945 | DEBUG    | car.py:396 | Returning total forces in z direction. Forces are : ['vertical_load']. Sum was 502.6263992123358
2025-03-18 10:00:15,945 | DEBUG    | car.py:396 | Returning total forces in x direction. Forces are : ['x_friction', 'rolling_resistance']. Sum was 243.79469672603364
2025-03-18 10:00:15,945 | DEBUG    | car.py:396 | Returning total forces in y direction. Forces are : ['y_friction']. Sum was 0.0
2025-03-18 10:00:15,945 | DEBUG    | car.py:396 | Returning total forces in z direction. Forces are : ['vertical_load']. Sum was 723.6236007876641
2025-03-18 10:00:15,946 | DEBUG    | car.py:396 | Returning total forces in x direction. Forces are : ['x_friction', 'rolling_resistance']. Sum was 243.79469672603364
2025-03-18 10:00:15,946 | DEBUG    | car.py:396 | Returning total forces in y direction. Forces are : ['y_friction']. Sum was 0.0
2025-03-18 10:00:15,946 | DEBUG    | car.py:396 | Returning total forces in z direction. Forces are : ['vertical_load']. Sum was 723.6236007876641
2025-03-18 10:00:15,946 | DEBUG    | car.py:396 | Returning total forces in x direction. Forces are : ['inertial_x']. Sum was 0
2025-03-18 10:00:15,946 | DEBUG    | car.py:396 | Returning total forces in y direction. Forces are : ['inertial_y']. Sum was 0
2025-03-18 10:00:15,946 | DEBUG    | car.py:396 | Returning total forces in z direction. Forces are : ['inertial_z']. Sum was 0
2025-03-18 10:00:15,946 | INFO     | car.py:287 | Timestep 10 had resultant forces of [np.float64(287.58939345206727), np.float64(0.0), np.float64(2452.5)] And resultant torques of [np.float64(1532.0052647991995), np.float64(1788.4525234694925), np.float64(304.8)]
2025-03-18 10:00:15,946 | INFO     | helper_functions.py:50 | Starting data update for vehicle_dataframe:{'acceleration': (np.float64(1.150357573808269), np.float64(0.0), np.float64(9.81))} at time 10
2025-03-18 10:00:15,946 | INFO     | helper_functions.py:50 | Starting data update for vehicle_dataframe:{'velocity': (np.float64(0.09806180682241072), np.float64(0.0), 0), 'position': (np.float64(0.00938183191828067), np.float64(0.0), 0)} at time 15
2025-03-18 10:00:15,948 | DEBUG    | car.py:182 | After forces are applied; Position = (np.float64(0.00938183191828067), np.float64(0.0), 0) -- Velocity = (np.float64(0.09806180682241072), np.float64(0.0), 0) --
2025-03-18 10:00:15,950 | INFO     | car.py:359 | Master Dataframe has been updated for timestep 10
2025-03-18 10:00:15,950 | DEBUG    | car.py:396 | Returning total forces in x direction. Forces are : ['x_friction', 'rolling_resistance']. Sum was 243.79469672603364
2025-03-18 10:00:15,950 | DEBUG    | car.py:396 | Returning total forces in x direction. Forces are : ['x_friction', 'rolling_resistance']. Sum was 243.79469672603364
2025-03-18 10:00:15,951 | DEBUG    | car.py:396 | Returning total forces in x direction. Forces are : ['x_friction', 'rolling_resistance']. Sum was -100.0
2025-03-18 10:00:15,951 | DEBUG    | car.py:396 | Returning total forces in x direction. Forces are : ['x_friction', 'rolling_resistance']. Sum was -100.0
2025-03-18 10:00:15,951 | DEBUG    | car.py:396 | Returning total forces in y direction. Forces are : ['y_friction']. Sum was 0.0
2025-03-18 10:00:15,951 | DEBUG    | car.py:396 | Returning total forces in y direction. Forces are : ['y_friction']. Sum was 0.0
2025-03-18 10:00:15,951 | DEBUG    | car.py:396 | Returning total forces in y direction. Forces are : ['y_friction']. Sum was 0.0
2025-03-18 10:00:15,951 | DEBUG    | car.py:396 | Returning total forces in y direction. Forces are : ['y_friction']. Sum was 0.0
2025-03-18 10:00:15,951 | INFO     | helper_functions.py:50 | Starting data update for front_right:{'vertical_load': np.float64(487.06694453378765)} at time 15
2025-03-18 10:00:15,952 | INFO     | helper_functions.py:50 | Starting data update for front_left:{'vertical_load': np.float64(487.06694453378765)} at time 15
2025-03-18 10:00:15,953 | INFO     | helper_functions.py:50 | Starting data update for rear_right:{'vertical_load': np.float64(739.1830554662123)} at time 15
2025-03-18 10:00:15,954 | INFO     | helper_functions.py:50 | Starting data update for rear_left:{'vertical_load': np.float64(739.1830554662123)} at time 15
2025-03-18 10:00:15,955 | WARNING  | helper_functions.py:94 | Error: Time index '15' or column 'Fx' not found.
2025-03-18 10:00:15,955 | INFO     | helper_functions.py:50 | Starting data update for rear_right:{'Fx': np.float64(349.675455987849), 'Fy': np.float64(-0.0), 'Fz': np.float64(739.1830554662123), 'Mz': np.float64(0.0), 'max_Fx': np.float64(592.5423371860362), 'desired_Fx': np.float64(592.5423371860362), 'desired_Fy': np.float64(0.0), 'slip_ratio': 3.5438006371528026, 'slip_angle': 0.0, 'angular_velocity': np.float64(nan), 'Vx': np.float64(0.09806180682241072)} at time 15
2025-03-18 10:00:15,957 | INFO     | helper_functions.py:50 | Starting data update for rear_right:{'Fx': np.float64(349.675455987849), 'Fy': np.float64(-0.0), 'Fz': np.float64(739.1830554662123), 'Mz': np.float64(0.0), 'max_Fx': np.float64(592.5423371860362), 'desired_Fx': np.float64(592.5423371860362), 'desired_Fy': 0, 'slip_ratio': 3.5438006371528026, 'slip_angle': 0.0, 'angular_velocity': np.float64(nan), 'Vx': np.float64(0.09806180682241072), 'longitudinal_mode': 'accelerate'} at time 15
2025-03-18 10:00:15,957 | INFO     | helper_functions.py:50 | Starting data update for rear_right:{'x_friction': np.float64(349.675455987849), 'y_friction': np.float64(-0.0)} at time 15
2025-03-18 10:00:15,958 | WARNING  | helper_functions.py:94 | Error: Time index '15' or column 'Fx' not found.
2025-03-18 10:00:15,958 | INFO     | helper_functions.py:50 | Starting data update for rear_left:{'Fx': np.float64(349.675455987849), 'Fy': np.float64(-0.0), 'Fz': np.float64(739.1830554662123), 'Mz': np.float64(0.0), 'max_Fx': np.float64(592.5423371860362), 'desired_Fx': np.float64(592.5423371860362), 'desired_Fy': np.float64(0.0), 'slip_ratio': 3.5438006371528026, 'slip_angle': 0.0, 'angular_velocity': np.float64(nan), 'Vx': np.float64(0.09806180682241072)} at time 15
2025-03-18 10:00:15,960 | INFO     | helper_functions.py:50 | Starting data update for rear_left:{'Fx': np.float64(349.675455987849), 'Fy': np.float64(-0.0), 'Fz': np.float64(739.1830554662123), 'Mz': np.float64(0.0), 'max_Fx': np.float64(592.5423371860362), 'desired_Fx': np.float64(592.5423371860362), 'desired_Fy': 0, 'slip_ratio': 3.5438006371528026, 'slip_angle': 0.0, 'angular_velocity': np.float64(nan), 'Vx': np.float64(0.09806180682241072), 'longitudinal_mode': 'accelerate'} at time 15
2025-03-18 10:00:15,961 | INFO     | helper_functions.py:50 | Starting data update for rear_left:{'x_friction': np.float64(349.675455987849), 'y_friction': np.float64(-0.0)} at time 15
2025-03-18 10:00:15,961 | INFO     | helper_functions.py:50 | Starting data update for front_right:{'x_friction': 0, 'y_friction': 0, 'rolling_resistance': -100} at time 15
2025-03-18 10:00:15,961 | INFO     | helper_functions.py:50 | Starting data update for front_left:{'x_friction': 0, 'y_friction': 0, 'rolling_resistance': -100} at time 15
2025-03-18 10:00:15,961 | INFO     | helper_functions.py:50 | Starting data update for rear_right:{'x_friction': np.float64(349.675455987849), 'y_friction': np.float64(-0.0), 'rolling_resistance': -100} at time 15
2025-03-18 10:00:15,961 | INFO     | helper_functions.py:50 | Starting data update for rear_left:{'x_friction': np.float64(349.675455987849), 'y_friction': np.float64(-0.0), 'rolling_resistance': -100} at time 15
2025-03-18 10:00:15,961 | INFO     | helper_functions.py:50 | Starting data update for cnt_grav:{'inertial_z': 0, 'inertial_x': 0, 'inertial_y': 0} at time 15
2025-03-18 10:00:16,512 | INFO     | car.py:169 | Calculating resultants at time : 15
2025-03-18 10:00:16,514 | DEBUG    | car.py:396 | Returning total forces in x direction. Forces are : ['x_friction', 'rolling_resistance']. Sum was -100.0
2025-03-18 10:00:16,514 | DEBUG    | car.py:396 | Returning total forces in y direction. Forces are : ['y_friction']. Sum was 0.0
2025-03-18 10:00:16,514 | DEBUG    | car.py:396 | Returning total forces in z direction. Forces are : ['vertical_load']. Sum was 487.06694453378765
2025-03-18 10:00:16,514 | DEBUG    | car.py:396 | Returning total forces in x direction. Forces are : ['x_friction', 'rolling_resistance']. Sum was -100.0
2025-03-18 10:00:16,514 | DEBUG    | car.py:396 | Returning total forces in y direction. Forces are : ['y_friction']. Sum was 0.0
2025-03-18 10:00:16,514 | DEBUG    | car.py:396 | Returning total forces in z direction. Forces are : ['vertical_load']. Sum was 487.06694453378765
2025-03-18 10:00:16,514 | DEBUG    | car.py:396 | Returning total forces in x direction. Forces are : ['x_friction', 'rolling_resistance']. Sum was 249.67545598784898
2025-03-18 10:00:16,514 | DEBUG    | car.py:396 | Returning total forces in y direction. Forces are : ['y_friction']. Sum was 0.0
2025-03-18 10:00:16,515 | DEBUG    | car.py:396 | Returning total forces in z direction. Forces are : ['vertical_load']. Sum was 739.1830554662123
2025-03-18 10:00:16,515 | DEBUG    | car.py:396 | Returning total forces in x direction. Forces are : ['x_friction', 'rolling_resistance']. Sum was 249.67545598784898
2025-03-18 10:00:16,515 | DEBUG    | car.py:396 | Returning total forces in y direction. Forces are : ['y_friction']. Sum was 0.0
2025-03-18 10:00:16,515 | DEBUG    | car.py:396 | Returning total forces in z direction. Forces are : ['vertical_load']. Sum was 739.1830554662123
2025-03-18 10:00:16,515 | DEBUG    | car.py:396 | Returning total forces in x direction. Forces are : ['inertial_x']. Sum was 0
2025-03-18 10:00:16,515 | DEBUG    | car.py:396 | Returning total forces in y direction. Forces are : ['inertial_y']. Sum was 0
2025-03-18 10:00:16,515 | DEBUG    | car.py:396 | Returning total forces in z direction. Forces are : ['inertial_z']. Sum was 0
2025-03-18 10:00:16,515 | INFO     | car.py:287 | Timestep 15 had resultant forces of [np.float64(299.35091197569795), np.float64(0.0), np.float64(2452.5)] And resultant torques of [np.float64(1484.5800469389849), np.float64(1785.16635519399), np.float64(304.8)]
2025-03-18 10:00:16,515 | INFO     | helper_functions.py:50 | Starting data update for vehicle_dataframe:{'acceleration': (np.float64(1.1974036479027919), np.float64(0.0), np.float64(9.81))} at time 15
2025-03-18 10:00:16,515 | INFO     | helper_functions.py:50 | Starting data update for vehicle_dataframe:{'velocity': (np.float64(0.1579319892175503), np.float64(0.0), 0), 'position': (np.float64(0.018775185939036678), np.float64(0.0), 0)} at time 20
2025-03-18 10:00:16,517 | DEBUG    | car.py:182 | After forces are applied; Position = (np.float64(0.018775185939036678), np.float64(0.0), 0) -- Velocity = (np.float64(0.1579319892175503), np.float64(0.0), 0) --
2025-03-18 10:00:16,519 | INFO     | car.py:359 | Master Dataframe has been updated for timestep 15
2025-03-18 10:00:16,519 | DEBUG    | car.py:396 | Returning total forces in x direction. Forces are : ['x_friction', 'rolling_resistance']. Sum was 249.67545598784898
2025-03-18 10:00:16,519 | DEBUG    | car.py:396 | Returning total forces in x direction. Forces are : ['x_friction', 'rolling_resistance']. Sum was 249.67545598784898
2025-03-18 10:00:16,519 | DEBUG    | car.py:396 | Returning total forces in x direction. Forces are : ['x_friction', 'rolling_resistance']. Sum was -100.0
2025-03-18 10:00:16,519 | DEBUG    | car.py:396 | Returning total forces in x direction. Forces are : ['x_friction', 'rolling_resistance']. Sum was -100.0
2025-03-18 10:00:16,519 | DEBUG    | car.py:396 | Returning total forces in y direction. Forces are : ['y_friction']. Sum was 0.0
2025-03-18 10:00:16,519 | DEBUG    | car.py:396 | Returning total forces in y direction. Forces are : ['y_friction']. Sum was 0.0
2025-03-18 10:00:16,520 | DEBUG    | car.py:396 | Returning total forces in y direction. Forces are : ['y_friction']. Sum was 0.0
2025-03-18 10:00:16,520 | DEBUG    | car.py:396 | Returning total forces in y direction. Forces are : ['y_friction']. Sum was 0.0
2025-03-18 10:00:16,520 | INFO     | helper_functions.py:50 | Starting data update for front_right:{'vertical_load': np.float64(484.9106661377887)} at time 20
2025-03-18 10:00:16,521 | INFO     | helper_functions.py:50 | Starting data update for front_left:{'vertical_load': np.float64(484.9106661377887)} at time 20
2025-03-18 10:00:16,522 | INFO     | helper_functions.py:50 | Starting data update for rear_right:{'vertical_load': np.float64(741.3393338622112)} at time 20
2025-03-18 10:00:16,522 | INFO     | helper_functions.py:50 | Starting data update for rear_left:{'vertical_load': np.float64(741.3393338622112)} at time 20
2025-03-18 10:00:16,524 | WARNING  | helper_functions.py:94 | Error: Time index '20' or column 'Fx' not found.
2025-03-18 10:00:16,524 | INFO     | helper_functions.py:50 | Starting data update for rear_right:{'Fx': np.float64(350.4885235080252), 'Fy': np.float64(-0.0), 'Fz': np.float64(741.3393338622112), 'Mz': np.float64(0.0), 'max_Fx': np.float64(594.0759458887521), 'desired_Fx': np.float64(594.0759458887521), 'desired_Fy': np.float64(0.0), 'slip_ratio': 3.554933638421142, 'slip_angle': 0.0, 'angular_velocity': np.float64(nan), 'Vx': np.float64(0.1579319892175503)} at time 20
2025-03-18 10:00:16,526 | INFO     | helper_functions.py:50 | Starting data update for rear_right:{'Fx': np.float64(350.4885235080252), 'Fy': np.float64(-0.0), 'Fz': np.float64(741.3393338622112), 'Mz': np.float64(0.0), 'max_Fx': np.float64(594.0759458887521), 'desired_Fx': np.float64(594.0759458887521), 'desired_Fy': 0, 'slip_ratio': 3.554933638421142, 'slip_angle': 0.0, 'angular_velocity': np.float64(nan), 'Vx': np.float64(0.1579319892175503), 'longitudinal_mode': 'accelerate'} at time 20
2025-03-18 10:00:16,526 | INFO     | helper_functions.py:50 | Starting data update for rear_right:{'x_friction': np.float64(350.4885235080252), 'y_friction': np.float64(-0.0)} at time 20
2025-03-18 10:00:16,527 | WARNING  | helper_functions.py:94 | Error: Time index '20' or column 'Fx' not found.
2025-03-18 10:00:16,527 | INFO     | helper_functions.py:50 | Starting data update for rear_left:{'Fx': np.float64(350.4885235080252), 'Fy': np.float64(-0.0), 'Fz': np.float64(741.3393338622112), 'Mz': np.float64(0.0), 'max_Fx': np.float64(594.0759458887521), 'desired_Fx': np.float64(594.0759458887521), 'desired_Fy': np.float64(0.0), 'slip_ratio': 3.554933638421142, 'slip_angle': 0.0, 'angular_velocity': np.float64(nan), 'Vx': np.float64(0.1579319892175503)} at time 20
2025-03-18 10:00:16,529 | INFO     | helper_functions.py:50 | Starting data update for rear_left:{'Fx': np.float64(350.4885235080252), 'Fy': np.float64(-0.0), 'Fz': np.float64(741.3393338622112), 'Mz': np.float64(0.0), 'max_Fx': np.float64(594.0759458887521), 'desired_Fx': np.float64(594.0759458887521), 'desired_Fy': 0, 'slip_ratio': 3.554933638421142, 'slip_angle': 0.0, 'angular_velocity': np.float64(nan), 'Vx': np.float64(0.1579319892175503), 'longitudinal_mode': 'accelerate'} at time 20
2025-03-18 10:00:16,529 | INFO     | helper_functions.py:50 | Starting data update for rear_left:{'x_friction': np.float64(350.4885235080252), 'y_friction': np.float64(-0.0)} at time 20
2025-03-18 10:00:16,530 | INFO     | helper_functions.py:50 | Starting data update for front_right:{'x_friction': 0, 'y_friction': 0, 'rolling_resistance': -100} at time 20
2025-03-18 10:00:16,530 | INFO     | helper_functions.py:50 | Starting data update for front_left:{'x_friction': 0, 'y_friction': 0, 'rolling_resistance': -100} at time 20
2025-03-18 10:00:16,530 | INFO     | helper_functions.py:50 | Starting data update for rear_right:{'x_friction': np.float64(350.4885235080252), 'y_friction': np.float64(-0.0), 'rolling_resistance': -100} at time 20
2025-03-18 10:00:16,530 | INFO     | helper_functions.py:50 | Starting data update for rear_left:{'x_friction': np.float64(350.4885235080252), 'y_friction': np.float64(-0.0), 'rolling_resistance': -100} at time 20
2025-03-18 10:00:16,530 | INFO     | helper_functions.py:50 | Starting data update for cnt_grav:{'inertial_z': 0, 'inertial_x': 0, 'inertial_y': 0} at time 20
2025-03-18 10:03:54,880 | INFO     | magic_formula_tire.py:15 | Starting Car.py Script
2025-03-18 10:03:54,883 | INFO     | car.py:14 | Starting Car.py Script
2025-03-18 10:03:54,885 | INFO     | helper_functions.py:50 | Starting data update for vehicle_dataframe:{'velocity': (0, 0, 0), 'position': (0, 0, 0)} at time 5
2025-03-18 10:03:55,404 | INFO     | magic_formula_tire.py:461 | Generated force to slip lookup table.
2025-03-18 10:03:55,405 | DEBUG    | car.py:423 | Forces and Moments:
2025-03-18 10:03:55,405 | DEBUG    | car.py:427 | Slip Ratio and Angle:
2025-03-18 10:03:55,915 | INFO     | magic_formula_tire.py:461 | Generated force to slip lookup table.
2025-03-18 10:03:55,916 | DEBUG    | car.py:423 | Forces and Moments:
2025-03-18 10:03:55,916 | DEBUG    | car.py:427 | Slip Ratio and Angle:
2025-03-18 10:03:56,426 | INFO     | magic_formula_tire.py:461 | Generated force to slip lookup table.
2025-03-18 10:03:56,426 | DEBUG    | car.py:423 | Forces and Moments:
2025-03-18 10:03:56,426 | DEBUG    | car.py:427 | Slip Ratio and Angle:
2025-03-18 10:03:56,936 | INFO     | magic_formula_tire.py:461 | Generated force to slip lookup table.
2025-03-18 10:03:56,936 | DEBUG    | car.py:423 | Forces and Moments:
2025-03-18 10:03:56,936 | DEBUG    | car.py:427 | Slip Ratio and Angle:
2025-03-18 10:03:56,937 | DEBUG    | car.py:396 | Returning total forces in x direction for point rear_right. Forces are : ['x_friction', 'rolling_resistance']. Sum was 0
2025-03-18 10:03:56,937 | DEBUG    | car.py:396 | Returning total forces in x direction for point rear_left. Forces are : ['x_friction', 'rolling_resistance']. Sum was 0
2025-03-18 10:03:56,937 | DEBUG    | car.py:396 | Returning total forces in x direction for point front_right. Forces are : ['x_friction', 'rolling_resistance']. Sum was 0
2025-03-18 10:03:56,937 | DEBUG    | car.py:396 | Returning total forces in x direction for point front_left. Forces are : ['x_friction', 'rolling_resistance']. Sum was 0
2025-03-18 10:03:56,937 | DEBUG    | car.py:396 | Returning total forces in y direction for point front_left. Forces are : ['y_friction']. Sum was 0
2025-03-18 10:03:56,937 | DEBUG    | car.py:396 | Returning total forces in y direction for point rear_left. Forces are : ['y_friction']. Sum was 0
2025-03-18 10:03:56,937 | DEBUG    | car.py:396 | Returning total forces in y direction for point front_right. Forces are : ['y_friction']. Sum was 0
2025-03-18 10:03:56,938 | DEBUG    | car.py:396 | Returning total forces in y direction for point rear_right. Forces are : ['y_friction']. Sum was 0
2025-03-18 10:03:56,938 | INFO     | helper_functions.py:50 | Starting data update for front_right:{'vertical_load': np.float64(613.125)} at time 5
2025-03-18 10:03:56,939 | INFO     | helper_functions.py:50 | Starting data update for front_left:{'vertical_load': np.float64(613.125)} at time 5
2025-03-18 10:03:56,940 | INFO     | helper_functions.py:50 | Starting data update for rear_right:{'vertical_load': np.float64(613.125)} at time 5
2025-03-18 10:03:56,940 | INFO     | helper_functions.py:50 | Starting data update for rear_left:{'vertical_load': np.float64(613.125)} at time 5
2025-03-18 10:03:56,941 | INFO     | helper_functions.py:50 | Starting data update for front_right:{'x_friction': 0, 'y_friction': 0, 'rolling_resistance': 0} at time 5
2025-03-18 10:03:56,941 | INFO     | helper_functions.py:50 | Starting data update for front_left:{'x_friction': 0, 'y_friction': 0, 'rolling_resistance': 0} at time 5
2025-03-18 10:03:56,942 | INFO     | helper_functions.py:50 | Starting data update for rear_right:{'x_friction': 0, 'y_friction': 0, 'rolling_resistance': 0} at time 5
2025-03-18 10:03:56,942 | INFO     | helper_functions.py:50 | Starting data update for rear_left:{'x_friction': 0, 'y_friction': 0, 'rolling_resistance': 0} at time 5
2025-03-18 10:03:56,942 | INFO     | helper_functions.py:50 | Starting data update for cnt_grav:{'inertial_z': 0, 'inertial_x': 0, 'inertial_y': 0} at time 5
2025-03-18 10:03:56,943 | DEBUG    | car.py:396 | Returning total forces in x direction for point front_right. Forces are : ['x_friction', 'rolling_resistance']. Sum was 0.0
2025-03-18 10:03:56,943 | DEBUG    | car.py:396 | Returning total forces in y direction for point front_right. Forces are : ['y_friction']. Sum was 0.0
2025-03-18 10:03:56,943 | DEBUG    | car.py:396 | Returning total forces in z direction for point front_right. Forces are : ['vertical_load']. Sum was 613.125
2025-03-18 10:03:56,943 | DEBUG    | car.py:396 | Returning total forces in x direction for point front_left. Forces are : ['x_friction', 'rolling_resistance']. Sum was 0.0
2025-03-18 10:03:56,943 | DEBUG    | car.py:396 | Returning total forces in y direction for point front_left. Forces are : ['y_friction']. Sum was 0.0
2025-03-18 10:03:56,943 | DEBUG    | car.py:396 | Returning total forces in z direction for point front_left. Forces are : ['vertical_load']. Sum was 613.125
2025-03-18 10:03:56,943 | DEBUG    | car.py:396 | Returning total forces in x direction for point rear_right. Forces are : ['x_friction', 'rolling_resistance']. Sum was 0.0
2025-03-18 10:03:56,943 | DEBUG    | car.py:396 | Returning total forces in y direction for point rear_right. Forces are : ['y_friction']. Sum was 0.0
2025-03-18 10:03:56,943 | DEBUG    | car.py:396 | Returning total forces in z direction for point rear_right. Forces are : ['vertical_load']. Sum was 613.125
2025-03-18 10:03:56,943 | DEBUG    | car.py:396 | Returning total forces in x direction for point rear_left. Forces are : ['x_friction', 'rolling_resistance']. Sum was 0.0
2025-03-18 10:03:56,943 | DEBUG    | car.py:396 | Returning total forces in y direction for point rear_left. Forces are : ['y_friction']. Sum was 0.0
2025-03-18 10:03:56,943 | DEBUG    | car.py:396 | Returning total forces in z direction for point rear_left. Forces are : ['vertical_load']. Sum was 613.125
2025-03-18 10:03:56,943 | DEBUG    | car.py:396 | Returning total forces in x direction for point cnt_grav. Forces are : ['inertial_x']. Sum was 0
2025-03-18 10:03:56,943 | DEBUG    | car.py:396 | Returning total forces in y direction for point cnt_grav. Forces are : ['inertial_y']. Sum was 0
2025-03-18 10:03:56,944 | DEBUG    | car.py:396 | Returning total forces in z direction for point cnt_grav. Forces are : ['inertial_z']. Sum was 0
2025-03-18 10:03:56,944 | INFO     | car.py:287 | Timestep 5 had resultant forces of [np.float64(0.0), np.float64(0.0), np.float64(2452.5)] And resultant torques of [np.float64(1868.805), np.float64(1868.8049999999998), np.float64(0.0)]
2025-03-18 10:03:56,944 | INFO     | helper_functions.py:50 | Starting data update for vehicle_dataframe:{'acceleration': (np.float64(0.0), np.float64(0.0), np.float64(9.81))} at time 5
2025-03-18 10:03:56,944 | INFO     | helper_functions.py:50 | Starting data update for vehicle_dataframe:{'velocity': (np.float64(0.0), np.float64(0.0), 0), 'position': (np.float64(0.0), np.float64(0.0), 0)} at time 10
2025-03-18 10:03:56,945 | DEBUG    | car.py:105 | After forces are applied; Position = (np.float64(0.0), np.float64(0.0), 0) -- Velocity = (np.float64(0.0), np.float64(0.0), 0) --
2025-03-18 10:03:56,945 | DEBUG    | helper_functions.py:145 | All objects to combine were TimeSeries
2025-03-18 10:03:56,947 | INFO     | acceleration_tester.py:12 | Starting Acceleration.py Script
2025-03-18 10:03:56,947 | DEBUG    | car.py:396 | Returning total forces in x direction for point rear_right. Forces are : ['x_friction', 'rolling_resistance']. Sum was 0.0
2025-03-18 10:03:56,947 | DEBUG    | car.py:396 | Returning total forces in x direction for point rear_left. Forces are : ['x_friction', 'rolling_resistance']. Sum was 0.0
2025-03-18 10:03:56,947 | DEBUG    | car.py:396 | Returning total forces in x direction for point front_right. Forces are : ['x_friction', 'rolling_resistance']. Sum was 0.0
2025-03-18 10:03:56,947 | DEBUG    | car.py:396 | Returning total forces in x direction for point front_left. Forces are : ['x_friction', 'rolling_resistance']. Sum was 0.0
2025-03-18 10:03:56,948 | DEBUG    | car.py:396 | Returning total forces in y direction for point front_left. Forces are : ['y_friction']. Sum was 0.0
2025-03-18 10:03:56,948 | DEBUG    | car.py:396 | Returning total forces in y direction for point rear_left. Forces are : ['y_friction']. Sum was 0.0
2025-03-18 10:03:56,948 | DEBUG    | car.py:396 | Returning total forces in y direction for point front_right. Forces are : ['y_friction']. Sum was 0.0
2025-03-18 10:03:56,948 | DEBUG    | car.py:396 | Returning total forces in y direction for point rear_right. Forces are : ['y_friction']. Sum was 0.0
2025-03-18 10:03:56,948 | INFO     | helper_functions.py:50 | Starting data update for front_right:{'vertical_load': np.float64(613.125)} at time 5
2025-03-18 10:03:56,948 | INFO     | helper_functions.py:50 | Starting data update for front_left:{'vertical_load': np.float64(613.125)} at time 5
2025-03-18 10:03:56,948 | INFO     | helper_functions.py:50 | Starting data update for rear_right:{'vertical_load': np.float64(613.125)} at time 5
2025-03-18 10:03:56,948 | INFO     | helper_functions.py:50 | Starting data update for rear_left:{'vertical_load': np.float64(613.125)} at time 5
2025-03-18 10:10:34,765 | WARNING  | helper_functions.py:95 | Error: Time index '5' or column 'Fx' not found.
2025-03-18 10:10:34,765 | INFO     | helper_functions.py:50 | Starting data update for rear_right:{'Fx': np.float64(301.35982032999317), 'Fy': np.float64(-0.0), 'Fz': np.float64(613.125), 'Mz': np.float64(0.0), 'max_Fx': np.float64(500.8346537514665), 'desired_Fx': np.float64(500.8346537514665), 'desired_Fy': 0.0, 'slip_ratio': 2.8780625292603683, 'slip_angle': 0.0, 'angular_velocity': np.float64(nan), 'Vx': np.float64(0.0)} at time 5
2025-03-18 10:10:34,768 | INFO     | helper_functions.py:50 | Starting data update for rear_right:{'Fx': np.float64(301.35982032999317), 'Fy': np.float64(-0.0), 'Fz': np.float64(613.125), 'Mz': np.float64(0.0), 'max_Fx': np.float64(500.8346537514665), 'desired_Fx': np.float64(500.8346537514665), 'desired_Fy': 0, 'slip_ratio': 2.8780625292603683, 'slip_angle': 0.0, 'angular_velocity': np.float64(nan), 'Vx': np.float64(0.0), 'longitudinal_mode': 'accelerate'} at time 5
2025-03-18 10:10:34,769 | INFO     | helper_functions.py:50 | Starting data update for rear_right:{'x_friction': np.float64(301.35982032999317), 'y_friction': np.float64(-0.0)} at time 5
2025-03-18 10:10:41,054 | INFO     | magic_formula_tire.py:15 | Starting Car.py Script
2025-03-18 10:10:41,055 | INFO     | car.py:14 | Starting Car.py Script
2025-03-18 10:10:41,057 | INFO     | helper_functions.py:50 | Starting data update for vehicle_dataframe:{'velocity': (0, 0, 0), 'position': (0, 0, 0)} at time 5
2025-03-18 10:10:41,571 | INFO     | magic_formula_tire.py:461 | Generated force to slip lookup table.
2025-03-18 10:10:41,572 | DEBUG    | car.py:423 | Forces and Moments:
2025-03-18 10:10:41,572 | DEBUG    | car.py:427 | Slip Ratio and Angle:
2025-03-18 10:10:42,089 | INFO     | magic_formula_tire.py:461 | Generated force to slip lookup table.
2025-03-18 10:10:42,089 | DEBUG    | car.py:423 | Forces and Moments:
2025-03-18 10:10:42,089 | DEBUG    | car.py:427 | Slip Ratio and Angle:
2025-03-18 10:10:42,599 | INFO     | magic_formula_tire.py:461 | Generated force to slip lookup table.
2025-03-18 10:10:42,599 | DEBUG    | car.py:423 | Forces and Moments:
2025-03-18 10:10:42,600 | DEBUG    | car.py:427 | Slip Ratio and Angle:
2025-03-18 10:10:43,104 | INFO     | magic_formula_tire.py:461 | Generated force to slip lookup table.
2025-03-18 10:10:43,105 | DEBUG    | car.py:423 | Forces and Moments:
2025-03-18 10:10:43,105 | DEBUG    | car.py:427 | Slip Ratio and Angle:
2025-03-18 10:10:43,106 | DEBUG    | car.py:396 | Returning total forces in x direction for point rear_right. Forces are : ['x_friction', 'rolling_resistance']. Sum was 0
2025-03-18 10:10:43,106 | DEBUG    | car.py:396 | Returning total forces in x direction for point rear_left. Forces are : ['x_friction', 'rolling_resistance']. Sum was 0
2025-03-18 10:10:43,106 | DEBUG    | car.py:396 | Returning total forces in x direction for point front_right. Forces are : ['x_friction', 'rolling_resistance']. Sum was 0
2025-03-18 10:10:43,106 | DEBUG    | car.py:396 | Returning total forces in x direction for point front_left. Forces are : ['x_friction', 'rolling_resistance']. Sum was 0
2025-03-18 10:10:43,106 | DEBUG    | car.py:396 | Returning total forces in y direction for point front_left. Forces are : ['y_friction']. Sum was 0
2025-03-18 10:10:43,106 | DEBUG    | car.py:396 | Returning total forces in y direction for point rear_left. Forces are : ['y_friction']. Sum was 0
2025-03-18 10:10:43,106 | DEBUG    | car.py:396 | Returning total forces in y direction for point front_right. Forces are : ['y_friction']. Sum was 0
2025-03-18 10:10:43,106 | DEBUG    | car.py:396 | Returning total forces in y direction for point rear_right. Forces are : ['y_friction']. Sum was 0
2025-03-18 10:10:43,106 | INFO     | helper_functions.py:50 | Starting data update for front_right:{'vertical_load': np.float64(613.125)} at time 5
2025-03-18 10:10:43,108 | INFO     | helper_functions.py:50 | Starting data update for front_left:{'vertical_load': np.float64(613.125)} at time 5
2025-03-18 10:10:43,109 | INFO     | helper_functions.py:50 | Starting data update for rear_right:{'vertical_load': np.float64(613.125)} at time 5
2025-03-18 10:10:43,110 | INFO     | helper_functions.py:50 | Starting data update for rear_left:{'vertical_load': np.float64(613.125)} at time 5
2025-03-18 10:10:43,111 | INFO     | helper_functions.py:50 | Starting data update for front_right:{'x_friction': 0, 'y_friction': 0, 'rolling_resistance': 0} at time 5
2025-03-18 10:10:43,111 | INFO     | helper_functions.py:50 | Starting data update for front_left:{'x_friction': 0, 'y_friction': 0, 'rolling_resistance': 0} at time 5
2025-03-18 10:10:43,111 | INFO     | helper_functions.py:50 | Starting data update for rear_right:{'x_friction': 0, 'y_friction': 0, 'rolling_resistance': 0} at time 5
2025-03-18 10:10:43,111 | INFO     | helper_functions.py:50 | Starting data update for rear_left:{'x_friction': 0, 'y_friction': 0, 'rolling_resistance': 0} at time 5
2025-03-18 10:10:43,111 | INFO     | helper_functions.py:50 | Starting data update for cnt_grav:{'inertial_z': 0, 'inertial_x': 0, 'inertial_y': 0} at time 5
2025-03-18 10:10:43,112 | DEBUG    | car.py:396 | Returning total forces in x direction for point front_right. Forces are : ['x_friction', 'rolling_resistance']. Sum was 0.0
2025-03-18 10:10:43,112 | DEBUG    | car.py:396 | Returning total forces in y direction for point front_right. Forces are : ['y_friction']. Sum was 0.0
2025-03-18 10:10:43,112 | DEBUG    | car.py:396 | Returning total forces in z direction for point front_right. Forces are : ['vertical_load']. Sum was 613.125
2025-03-18 10:10:43,112 | DEBUG    | car.py:396 | Returning total forces in x direction for point front_left. Forces are : ['x_friction', 'rolling_resistance']. Sum was 0.0
2025-03-18 10:10:43,113 | DEBUG    | car.py:396 | Returning total forces in y direction for point front_left. Forces are : ['y_friction']. Sum was 0.0
2025-03-18 10:10:43,113 | DEBUG    | car.py:396 | Returning total forces in z direction for point front_left. Forces are : ['vertical_load']. Sum was 613.125
2025-03-18 10:10:43,113 | DEBUG    | car.py:396 | Returning total forces in x direction for point rear_right. Forces are : ['x_friction', 'rolling_resistance']. Sum was 0.0
2025-03-18 10:10:43,113 | DEBUG    | car.py:396 | Returning total forces in y direction for point rear_right. Forces are : ['y_friction']. Sum was 0.0
2025-03-18 10:10:43,113 | DEBUG    | car.py:396 | Returning total forces in z direction for point rear_right. Forces are : ['vertical_load']. Sum was 613.125
2025-03-18 10:10:43,113 | DEBUG    | car.py:396 | Returning total forces in x direction for point rear_left. Forces are : ['x_friction', 'rolling_resistance']. Sum was 0.0
2025-03-18 10:10:43,113 | DEBUG    | car.py:396 | Returning total forces in y direction for point rear_left. Forces are : ['y_friction']. Sum was 0.0
2025-03-18 10:10:43,113 | DEBUG    | car.py:396 | Returning total forces in z direction for point rear_left. Forces are : ['vertical_load']. Sum was 613.125
2025-03-18 10:10:43,113 | DEBUG    | car.py:396 | Returning total forces in x direction for point cnt_grav. Forces are : ['inertial_x']. Sum was 0
2025-03-18 10:10:43,113 | DEBUG    | car.py:396 | Returning total forces in y direction for point cnt_grav. Forces are : ['inertial_y']. Sum was 0
2025-03-18 10:10:43,113 | DEBUG    | car.py:396 | Returning total forces in z direction for point cnt_grav. Forces are : ['inertial_z']. Sum was 0
2025-03-18 10:10:43,114 | INFO     | car.py:287 | Timestep 5 had resultant forces of [np.float64(0.0), np.float64(0.0), np.float64(2452.5)] And resultant torques of [np.float64(1868.805), np.float64(1868.8049999999998), np.float64(0.0)]
2025-03-18 10:10:43,114 | INFO     | helper_functions.py:50 | Starting data update for vehicle_dataframe:{'acceleration': (np.float64(0.0), np.float64(0.0), np.float64(9.81))} at time 5
2025-03-18 10:10:43,114 | INFO     | helper_functions.py:50 | Starting data update for vehicle_dataframe:{'velocity': (np.float64(0.0), np.float64(0.0), 0), 'position': (np.float64(0.0), np.float64(0.0), 0)} at time 10
2025-03-18 10:10:43,115 | DEBUG    | car.py:105 | After forces are applied; Position = (np.float64(0.0), np.float64(0.0), 0) -- Velocity = (np.float64(0.0), np.float64(0.0), 0) --
2025-03-18 10:10:43,115 | DEBUG    | helper_functions.py:145 | All objects to combine were TimeSeries
2025-03-18 10:10:43,118 | INFO     | acceleration_tester.py:12 | Starting Acceleration.py Script
2025-03-18 10:10:43,118 | DEBUG    | car.py:396 | Returning total forces in x direction for point rear_right. Forces are : ['x_friction', 'rolling_resistance']. Sum was 0.0
2025-03-18 10:10:43,119 | DEBUG    | car.py:396 | Returning total forces in x direction for point rear_left. Forces are : ['x_friction', 'rolling_resistance']. Sum was 0.0
2025-03-18 10:10:43,119 | DEBUG    | car.py:396 | Returning total forces in x direction for point front_right. Forces are : ['x_friction', 'rolling_resistance']. Sum was 0.0
2025-03-18 10:10:43,119 | DEBUG    | car.py:396 | Returning total forces in x direction for point front_left. Forces are : ['x_friction', 'rolling_resistance']. Sum was 0.0
2025-03-18 10:10:43,119 | DEBUG    | car.py:396 | Returning total forces in y direction for point front_left. Forces are : ['y_friction']. Sum was 0.0
2025-03-18 10:10:43,119 | DEBUG    | car.py:396 | Returning total forces in y direction for point rear_left. Forces are : ['y_friction']. Sum was 0.0
2025-03-18 10:10:43,119 | DEBUG    | car.py:396 | Returning total forces in y direction for point front_right. Forces are : ['y_friction']. Sum was 0.0
2025-03-18 10:10:43,119 | DEBUG    | car.py:396 | Returning total forces in y direction for point rear_right. Forces are : ['y_friction']. Sum was 0.0
2025-03-18 10:10:43,119 | INFO     | helper_functions.py:50 | Starting data update for front_right:{'vertical_load': np.float64(613.125)} at time 5
2025-03-18 10:10:43,119 | INFO     | helper_functions.py:50 | Starting data update for front_left:{'vertical_load': np.float64(613.125)} at time 5
2025-03-18 10:10:43,119 | INFO     | helper_functions.py:50 | Starting data update for rear_right:{'vertical_load': np.float64(613.125)} at time 5
2025-03-18 10:10:43,120 | INFO     | helper_functions.py:50 | Starting data update for rear_left:{'vertical_load': np.float64(613.125)} at time 5
2025-03-18 10:12:28,608 | INFO     | magic_formula_tire.py:15 | Starting Car.py Script
2025-03-18 10:12:28,610 | INFO     | car.py:14 | Starting Car.py Script
2025-03-18 10:12:28,612 | INFO     | helper_functions.py:50 | Starting data update for vehicle_dataframe:{'velocity': (0, 0, 0), 'position': (0, 0, 0)} at time 5
2025-03-18 10:12:29,123 | INFO     | magic_formula_tire.py:461 | Generated force to slip lookup table.
2025-03-18 10:12:29,124 | DEBUG    | car.py:423 | Forces and Moments:
2025-03-18 10:12:29,124 | DEBUG    | car.py:427 | Slip Ratio and Angle:
2025-03-18 10:12:29,629 | INFO     | magic_formula_tire.py:461 | Generated force to slip lookup table.
2025-03-18 10:12:29,630 | DEBUG    | car.py:423 | Forces and Moments:
2025-03-18 10:12:29,630 | DEBUG    | car.py:427 | Slip Ratio and Angle:
2025-03-18 10:12:30,134 | INFO     | magic_formula_tire.py:461 | Generated force to slip lookup table.
2025-03-18 10:12:30,134 | DEBUG    | car.py:423 | Forces and Moments:
2025-03-18 10:12:30,134 | DEBUG    | car.py:427 | Slip Ratio and Angle:
2025-03-18 10:12:30,644 | INFO     | magic_formula_tire.py:461 | Generated force to slip lookup table.
2025-03-18 10:12:30,644 | DEBUG    | car.py:423 | Forces and Moments:
2025-03-18 10:12:30,644 | DEBUG    | car.py:427 | Slip Ratio and Angle:
2025-03-18 10:12:30,645 | DEBUG    | car.py:396 | Returning total forces in x direction for point rear_right. Forces are : ['x_friction', 'rolling_resistance']. Sum was 0
2025-03-18 10:12:30,645 | DEBUG    | car.py:396 | Returning total forces in x direction for point rear_left. Forces are : ['x_friction', 'rolling_resistance']. Sum was 0
2025-03-18 10:12:30,645 | DEBUG    | car.py:396 | Returning total forces in x direction for point front_right. Forces are : ['x_friction', 'rolling_resistance']. Sum was 0
2025-03-18 10:12:30,645 | DEBUG    | car.py:396 | Returning total forces in x direction for point front_left. Forces are : ['x_friction', 'rolling_resistance']. Sum was 0
2025-03-18 10:12:30,645 | DEBUG    | car.py:396 | Returning total forces in y direction for point front_left. Forces are : ['y_friction']. Sum was 0
2025-03-18 10:12:30,645 | DEBUG    | car.py:396 | Returning total forces in y direction for point rear_left. Forces are : ['y_friction']. Sum was 0
2025-03-18 10:12:30,645 | DEBUG    | car.py:396 | Returning total forces in y direction for point front_right. Forces are : ['y_friction']. Sum was 0
2025-03-18 10:12:30,645 | DEBUG    | car.py:396 | Returning total forces in y direction for point rear_right. Forces are : ['y_friction']. Sum was 0
2025-03-18 10:12:30,645 | INFO     | helper_functions.py:50 | Starting data update for front_right:{'vertical_load': np.float64(613.125)} at time 5
2025-03-18 10:12:30,646 | INFO     | helper_functions.py:50 | Starting data update for front_left:{'vertical_load': np.float64(613.125)} at time 5
2025-03-18 10:12:30,647 | INFO     | helper_functions.py:50 | Starting data update for rear_right:{'vertical_load': np.float64(613.125)} at time 5
2025-03-18 10:12:30,648 | INFO     | helper_functions.py:50 | Starting data update for rear_left:{'vertical_load': np.float64(613.125)} at time 5
2025-03-18 10:12:30,649 | INFO     | helper_functions.py:50 | Starting data update for front_right:{'x_friction': 0, 'y_friction': 0, 'rolling_resistance': 0} at time 5
2025-03-18 10:12:30,649 | INFO     | helper_functions.py:50 | Starting data update for front_left:{'x_friction': 0, 'y_friction': 0, 'rolling_resistance': 0} at time 5
2025-03-18 10:12:30,649 | INFO     | helper_functions.py:50 | Starting data update for rear_right:{'x_friction': 0, 'y_friction': 0, 'rolling_resistance': 0} at time 5
2025-03-18 10:12:30,650 | INFO     | helper_functions.py:50 | Starting data update for rear_left:{'x_friction': 0, 'y_friction': 0, 'rolling_resistance': 0} at time 5
2025-03-18 10:12:30,650 | INFO     | helper_functions.py:50 | Starting data update for cnt_grav:{'inertial_z': 0, 'inertial_x': 0, 'inertial_y': 0} at time 5
2025-03-18 10:12:30,650 | DEBUG    | car.py:396 | Returning total forces in x direction for point front_right. Forces are : ['x_friction', 'rolling_resistance']. Sum was 0.0
2025-03-18 10:12:30,650 | DEBUG    | car.py:396 | Returning total forces in y direction for point front_right. Forces are : ['y_friction']. Sum was 0.0
2025-03-18 10:12:30,651 | DEBUG    | car.py:396 | Returning total forces in z direction for point front_right. Forces are : ['vertical_load']. Sum was 613.125
2025-03-18 10:12:30,651 | DEBUG    | car.py:396 | Returning total forces in x direction for point front_left. Forces are : ['x_friction', 'rolling_resistance']. Sum was 0.0
2025-03-18 10:12:30,651 | DEBUG    | car.py:396 | Returning total forces in y direction for point front_left. Forces are : ['y_friction']. Sum was 0.0
2025-03-18 10:12:30,651 | DEBUG    | car.py:396 | Returning total forces in z direction for point front_left. Forces are : ['vertical_load']. Sum was 613.125
2025-03-18 10:12:30,651 | DEBUG    | car.py:396 | Returning total forces in x direction for point rear_right. Forces are : ['x_friction', 'rolling_resistance']. Sum was 0.0
2025-03-18 10:12:30,651 | DEBUG    | car.py:396 | Returning total forces in y direction for point rear_right. Forces are : ['y_friction']. Sum was 0.0
2025-03-18 10:12:30,651 | DEBUG    | car.py:396 | Returning total forces in z direction for point rear_right. Forces are : ['vertical_load']. Sum was 613.125
2025-03-18 10:12:30,651 | DEBUG    | car.py:396 | Returning total forces in x direction for point rear_left. Forces are : ['x_friction', 'rolling_resistance']. Sum was 0.0
2025-03-18 10:12:30,651 | DEBUG    | car.py:396 | Returning total forces in y direction for point rear_left. Forces are : ['y_friction']. Sum was 0.0
2025-03-18 10:12:30,651 | DEBUG    | car.py:396 | Returning total forces in z direction for point rear_left. Forces are : ['vertical_load']. Sum was 613.125
2025-03-18 10:12:30,651 | DEBUG    | car.py:396 | Returning total forces in x direction for point cnt_grav. Forces are : ['inertial_x']. Sum was 0
2025-03-18 10:12:30,651 | DEBUG    | car.py:396 | Returning total forces in y direction for point cnt_grav. Forces are : ['inertial_y']. Sum was 0
2025-03-18 10:12:30,651 | DEBUG    | car.py:396 | Returning total forces in z direction for point cnt_grav. Forces are : ['inertial_z']. Sum was 0
2025-03-18 10:12:30,651 | INFO     | car.py:287 | Timestep 5 had resultant forces of [np.float64(0.0), np.float64(0.0), np.float64(2452.5)] And resultant torques of [np.float64(1868.805), np.float64(1868.8049999999998), np.float64(0.0)]
2025-03-18 10:12:30,652 | INFO     | helper_functions.py:50 | Starting data update for vehicle_dataframe:{'acceleration': (np.float64(0.0), np.float64(0.0), np.float64(9.81))} at time 5
2025-03-18 10:12:30,652 | INFO     | helper_functions.py:50 | Starting data update for vehicle_dataframe:{'velocity': (np.float64(0.0), np.float64(0.0), 0), 'position': (np.float64(0.0), np.float64(0.0), 0)} at time 10
2025-03-18 10:12:30,652 | DEBUG    | car.py:105 | After forces are applied; Position = (np.float64(0.0), np.float64(0.0), 0) -- Velocity = (np.float64(0.0), np.float64(0.0), 0) --
2025-03-18 10:12:30,652 | DEBUG    | helper_functions.py:144 | All objects to combine were TimeSeries
2025-03-18 10:12:30,655 | INFO     | acceleration_tester.py:12 | Starting Acceleration.py Script
2025-03-18 10:12:30,655 | DEBUG    | car.py:396 | Returning total forces in x direction for point rear_right. Forces are : ['x_friction', 'rolling_resistance']. Sum was 0.0
2025-03-18 10:12:30,655 | DEBUG    | car.py:396 | Returning total forces in x direction for point rear_left. Forces are : ['x_friction', 'rolling_resistance']. Sum was 0.0
2025-03-18 10:12:30,655 | DEBUG    | car.py:396 | Returning total forces in x direction for point front_right. Forces are : ['x_friction', 'rolling_resistance']. Sum was 0.0
2025-03-18 10:12:30,655 | DEBUG    | car.py:396 | Returning total forces in x direction for point front_left. Forces are : ['x_friction', 'rolling_resistance']. Sum was 0.0
2025-03-18 10:12:30,655 | DEBUG    | car.py:396 | Returning total forces in y direction for point front_left. Forces are : ['y_friction']. Sum was 0.0
2025-03-18 10:12:30,656 | DEBUG    | car.py:396 | Returning total forces in y direction for point rear_left. Forces are : ['y_friction']. Sum was 0.0
2025-03-18 10:12:30,656 | DEBUG    | car.py:396 | Returning total forces in y direction for point front_right. Forces are : ['y_friction']. Sum was 0.0
2025-03-18 10:12:30,656 | DEBUG    | car.py:396 | Returning total forces in y direction for point rear_right. Forces are : ['y_friction']. Sum was 0.0
2025-03-18 10:12:30,656 | INFO     | helper_functions.py:50 | Starting data update for front_right:{'vertical_load': np.float64(613.125)} at time 5
2025-03-18 10:12:30,656 | INFO     | helper_functions.py:50 | Starting data update for front_left:{'vertical_load': np.float64(613.125)} at time 5
2025-03-18 10:12:30,656 | INFO     | helper_functions.py:50 | Starting data update for rear_right:{'vertical_load': np.float64(613.125)} at time 5
2025-03-18 10:12:30,656 | INFO     | helper_functions.py:50 | Starting data update for rear_left:{'vertical_load': np.float64(613.125)} at time 5
2025-03-18 10:12:30,657 | WARNING  | helper_functions.py:94 | Error: Time index '5' or column 'Fx' not found.
2025-03-18 10:12:30,657 | INFO     | helper_functions.py:50 | Starting data update for rear_right:{'Fx': np.float64(301.35982032999317), 'Fy': np.float64(-0.0), 'Fz': np.float64(613.125), 'Mz': np.float64(0.0), 'max_Fx': np.float64(500.8346537514665), 'desired_Fx': np.float64(500.8346537514665), 'desired_Fy': 0.0, 'slip_ratio': 2.8780625292603683, 'slip_angle': 0.0, 'angular_velocity': np.float64(nan), 'Vx': np.float64(0.0)} at time 5
2025-03-18 10:12:30,658 | INFO     | helper_functions.py:50 | Starting data update for rear_right:{'Fx': np.float64(301.35982032999317), 'Fy': np.float64(-0.0), 'Fz': np.float64(613.125), 'Mz': np.float64(0.0), 'max_Fx': np.float64(500.8346537514665), 'desired_Fx': np.float64(500.8346537514665), 'desired_Fy': 0, 'slip_ratio': 2.8780625292603683, 'slip_angle': 0.0, 'angular_velocity': np.float64(nan), 'Vx': np.float64(0.0), 'longitudinal_mode': 'accelerate'} at time 5
2025-03-18 10:12:30,658 | INFO     | helper_functions.py:50 | Starting data update for rear_right:{'x_friction': np.float64(301.35982032999317), 'y_friction': np.float64(-0.0)} at time 5
2025-03-18 10:12:30,659 | WARNING  | helper_functions.py:94 | Error: Time index '5' or column 'Fx' not found.
2025-03-18 10:12:30,659 | INFO     | helper_functions.py:50 | Starting data update for rear_left:{'Fx': np.float64(301.35982032999317), 'Fy': np.float64(-0.0), 'Fz': np.float64(613.125), 'Mz': np.float64(0.0), 'max_Fx': np.float64(500.8346537514665), 'desired_Fx': np.float64(500.8346537514665), 'desired_Fy': 0.0, 'slip_ratio': 2.8780625292603683, 'slip_angle': 0.0, 'angular_velocity': np.float64(nan), 'Vx': np.float64(0.0)} at time 5
2025-03-18 10:12:30,660 | INFO     | helper_functions.py:50 | Starting data update for rear_left:{'Fx': np.float64(301.35982032999317), 'Fy': np.float64(-0.0), 'Fz': np.float64(613.125), 'Mz': np.float64(0.0), 'max_Fx': np.float64(500.8346537514665), 'desired_Fx': np.float64(500.8346537514665), 'desired_Fy': 0, 'slip_ratio': 2.8780625292603683, 'slip_angle': 0.0, 'angular_velocity': np.float64(nan), 'Vx': np.float64(0.0), 'longitudinal_mode': 'accelerate'} at time 5
2025-03-18 10:12:30,660 | INFO     | helper_functions.py:50 | Starting data update for rear_left:{'x_friction': np.float64(301.35982032999317), 'y_friction': np.float64(-0.0)} at time 5
2025-03-18 10:12:30,660 | INFO     | helper_functions.py:50 | Starting data update for front_right:{'x_friction': 0, 'y_friction': 0, 'rolling_resistance': -100} at time 5
2025-03-18 10:12:30,660 | INFO     | helper_functions.py:50 | Starting data update for front_left:{'x_friction': 0, 'y_friction': 0, 'rolling_resistance': -100} at time 5
2025-03-18 10:12:30,660 | INFO     | helper_functions.py:50 | Starting data update for rear_right:{'x_friction': np.float64(301.35982032999317), 'y_friction': np.float64(-0.0), 'rolling_resistance': -100} at time 5
2025-03-18 10:12:30,660 | INFO     | helper_functions.py:50 | Starting data update for rear_left:{'x_friction': np.float64(301.35982032999317), 'y_friction': np.float64(-0.0), 'rolling_resistance': -100} at time 5
2025-03-18 10:12:30,660 | INFO     | helper_functions.py:50 | Starting data update for cnt_grav:{'inertial_z': 0, 'inertial_x': 0, 'inertial_y': 0} at time 5
2025-03-18 22:14:57,064 | INFO     | magic_formula_tire.py:15 | Starting Car.py Script
2025-03-18 22:14:57,066 | INFO     | car.py:14 | Starting Car.py Script
2025-03-18 22:14:57,071 | INFO     | helper_functions.py:50 | Starting data update for vehicle_dataframe:{'velocity': (0, 0, 0), 'position': (0, 0, 0)} at time 5
2025-03-18 22:14:57,595 | INFO     | magic_formula_tire.py:461 | Generated force to slip lookup table.
2025-03-18 22:14:57,596 | DEBUG    | car.py:423 | Forces and Moments:
2025-03-18 22:14:57,596 | DEBUG    | car.py:427 | Slip Ratio and Angle:
2025-03-18 22:14:58,113 | INFO     | magic_formula_tire.py:461 | Generated force to slip lookup table.
2025-03-18 22:14:58,114 | DEBUG    | car.py:423 | Forces and Moments:
2025-03-18 22:14:58,114 | DEBUG    | car.py:427 | Slip Ratio and Angle:
2025-03-18 22:14:58,629 | INFO     | magic_formula_tire.py:461 | Generated force to slip lookup table.
2025-03-18 22:14:58,630 | DEBUG    | car.py:423 | Forces and Moments:
2025-03-18 22:14:58,630 | DEBUG    | car.py:427 | Slip Ratio and Angle:
2025-03-18 22:14:59,154 | INFO     | magic_formula_tire.py:461 | Generated force to slip lookup table.
2025-03-18 22:14:59,155 | DEBUG    | car.py:423 | Forces and Moments:
2025-03-18 22:14:59,155 | DEBUG    | car.py:427 | Slip Ratio and Angle:
2025-03-18 22:14:59,156 | DEBUG    | car.py:396 | Returning total forces in x direction for point rear_right. Forces are : ['x_friction', 'rolling_resistance']. Sum was 0
2025-03-18 22:14:59,156 | DEBUG    | car.py:396 | Returning total forces in x direction for point rear_left. Forces are : ['x_friction', 'rolling_resistance']. Sum was 0
2025-03-18 22:14:59,156 | DEBUG    | car.py:396 | Returning total forces in x direction for point front_right. Forces are : ['x_friction', 'rolling_resistance']. Sum was 0
2025-03-18 22:14:59,156 | DEBUG    | car.py:396 | Returning total forces in x direction for point front_left. Forces are : ['x_friction', 'rolling_resistance']. Sum was 0
2025-03-18 22:14:59,156 | DEBUG    | car.py:396 | Returning total forces in y direction for point front_left. Forces are : ['y_friction']. Sum was 0
2025-03-18 22:14:59,156 | DEBUG    | car.py:396 | Returning total forces in y direction for point rear_left. Forces are : ['y_friction']. Sum was 0
2025-03-18 22:14:59,156 | DEBUG    | car.py:396 | Returning total forces in y direction for point front_right. Forces are : ['y_friction']. Sum was 0
2025-03-18 22:14:59,156 | DEBUG    | car.py:396 | Returning total forces in y direction for point rear_right. Forces are : ['y_friction']. Sum was 0
2025-03-18 22:14:59,156 | INFO     | helper_functions.py:50 | Starting data update for front_right:{'vertical_load': np.float64(613.125)} at time 5
2025-03-18 22:14:59,158 | INFO     | helper_functions.py:50 | Starting data update for front_left:{'vertical_load': np.float64(613.125)} at time 5
2025-03-18 22:14:59,159 | INFO     | helper_functions.py:50 | Starting data update for rear_right:{'vertical_load': np.float64(613.125)} at time 5
2025-03-18 22:14:59,160 | INFO     | helper_functions.py:50 | Starting data update for rear_left:{'vertical_load': np.float64(613.125)} at time 5
2025-03-18 22:14:59,161 | INFO     | helper_functions.py:50 | Starting data update for front_right:{'x_friction': 0, 'y_friction': 0, 'rolling_resistance': 0} at time 5
2025-03-18 22:14:59,161 | INFO     | helper_functions.py:50 | Starting data update for front_left:{'x_friction': 0, 'y_friction': 0, 'rolling_resistance': 0} at time 5
2025-03-18 22:14:59,161 | INFO     | helper_functions.py:50 | Starting data update for rear_right:{'x_friction': 0, 'y_friction': 0, 'rolling_resistance': 0} at time 5
2025-03-18 22:14:59,161 | INFO     | helper_functions.py:50 | Starting data update for rear_left:{'x_friction': 0, 'y_friction': 0, 'rolling_resistance': 0} at time 5
2025-03-18 22:14:59,161 | INFO     | helper_functions.py:50 | Starting data update for cnt_grav:{'inertial_z': 0, 'inertial_x': 0, 'inertial_y': 0} at time 5
2025-03-18 22:14:59,162 | DEBUG    | car.py:396 | Returning total forces in x direction for point front_right. Forces are : ['x_friction', 'rolling_resistance']. Sum was 0.0
2025-03-18 22:14:59,162 | DEBUG    | car.py:396 | Returning total forces in y direction for point front_right. Forces are : ['y_friction']. Sum was 0.0
2025-03-18 22:14:59,162 | DEBUG    | car.py:396 | Returning total forces in z direction for point front_right. Forces are : ['vertical_load']. Sum was 613.125
2025-03-18 22:14:59,162 | DEBUG    | car.py:396 | Returning total forces in x direction for point front_left. Forces are : ['x_friction', 'rolling_resistance']. Sum was 0.0
2025-03-18 22:14:59,163 | DEBUG    | car.py:396 | Returning total forces in y direction for point front_left. Forces are : ['y_friction']. Sum was 0.0
2025-03-18 22:14:59,163 | DEBUG    | car.py:396 | Returning total forces in z direction for point front_left. Forces are : ['vertical_load']. Sum was 613.125
2025-03-18 22:14:59,163 | DEBUG    | car.py:396 | Returning total forces in x direction for point rear_right. Forces are : ['x_friction', 'rolling_resistance']. Sum was 0.0
2025-03-18 22:14:59,163 | DEBUG    | car.py:396 | Returning total forces in y direction for point rear_right. Forces are : ['y_friction']. Sum was 0.0
2025-03-18 22:14:59,163 | DEBUG    | car.py:396 | Returning total forces in z direction for point rear_right. Forces are : ['vertical_load']. Sum was 613.125
2025-03-18 22:14:59,163 | DEBUG    | car.py:396 | Returning total forces in x direction for point rear_left. Forces are : ['x_friction', 'rolling_resistance']. Sum was 0.0
2025-03-18 22:14:59,163 | DEBUG    | car.py:396 | Returning total forces in y direction for point rear_left. Forces are : ['y_friction']. Sum was 0.0
2025-03-18 22:14:59,163 | DEBUG    | car.py:396 | Returning total forces in z direction for point rear_left. Forces are : ['vertical_load']. Sum was 613.125
2025-03-18 22:14:59,163 | DEBUG    | car.py:396 | Returning total forces in x direction for point cnt_grav. Forces are : ['inertial_x']. Sum was 0
2025-03-18 22:14:59,163 | DEBUG    | car.py:396 | Returning total forces in y direction for point cnt_grav. Forces are : ['inertial_y']. Sum was 0
2025-03-18 22:14:59,163 | DEBUG    | car.py:396 | Returning total forces in z direction for point cnt_grav. Forces are : ['inertial_z']. Sum was 0
2025-03-18 22:14:59,163 | INFO     | car.py:287 | Timestep 5 had resultant forces of [np.float64(0.0), np.float64(0.0), np.float64(2452.5)] And resultant torques of [np.float64(1868.805), np.float64(1868.8049999999998), np.float64(0.0)]
2025-03-18 22:14:59,163 | INFO     | helper_functions.py:50 | Starting data update for vehicle_dataframe:{'acceleration': (np.float64(0.0), np.float64(0.0), np.float64(9.81))} at time 5
2025-03-18 22:14:59,163 | INFO     | helper_functions.py:50 | Starting data update for vehicle_dataframe:{'velocity': (np.float64(0.0), np.float64(0.0), 0), 'position': (np.float64(0.0), np.float64(0.0), 0)} at time 10
2025-03-18 22:14:59,164 | DEBUG    | car.py:105 | After forces are applied; Position = (np.float64(0.0), np.float64(0.0), 0) -- Velocity = (np.float64(0.0), np.float64(0.0), 0) --
2025-03-18 22:14:59,164 | DEBUG    | helper_functions.py:144 | All objects to combine were TimeSeries
2025-03-18 22:14:59,171 | INFO     | acceleration_tester.py:12 | Starting Acceleration.py Script
2025-03-18 22:14:59,171 | DEBUG    | car.py:396 | Returning total forces in x direction for point rear_right. Forces are : ['x_friction', 'rolling_resistance']. Sum was 0.0
2025-03-18 22:14:59,171 | DEBUG    | car.py:396 | Returning total forces in x direction for point rear_left. Forces are : ['x_friction', 'rolling_resistance']. Sum was 0.0
2025-03-18 22:14:59,172 | DEBUG    | car.py:396 | Returning total forces in x direction for point front_right. Forces are : ['x_friction', 'rolling_resistance']. Sum was 0.0
2025-03-18 22:14:59,172 | DEBUG    | car.py:396 | Returning total forces in x direction for point front_left. Forces are : ['x_friction', 'rolling_resistance']. Sum was 0.0
2025-03-18 22:14:59,172 | DEBUG    | car.py:396 | Returning total forces in y direction for point front_left. Forces are : ['y_friction']. Sum was 0.0
2025-03-18 22:14:59,172 | DEBUG    | car.py:396 | Returning total forces in y direction for point rear_left. Forces are : ['y_friction']. Sum was 0.0
2025-03-18 22:14:59,172 | DEBUG    | car.py:396 | Returning total forces in y direction for point front_right. Forces are : ['y_friction']. Sum was 0.0
2025-03-18 22:14:59,172 | DEBUG    | car.py:396 | Returning total forces in y direction for point rear_right. Forces are : ['y_friction']. Sum was 0.0
2025-03-18 22:14:59,172 | INFO     | helper_functions.py:50 | Starting data update for front_right:{'vertical_load': np.float64(613.125)} at time 5
2025-03-18 22:14:59,172 | INFO     | helper_functions.py:50 | Starting data update for front_left:{'vertical_load': np.float64(613.125)} at time 5
2025-03-18 22:14:59,172 | INFO     | helper_functions.py:50 | Starting data update for rear_right:{'vertical_load': np.float64(613.125)} at time 5
2025-03-18 22:14:59,172 | INFO     | helper_functions.py:50 | Starting data update for rear_left:{'vertical_load': np.float64(613.125)} at time 5
2025-03-18 22:14:59,173 | WARNING  | helper_functions.py:94 | Error: Time index '5' or column 'Fx' not found.
2025-03-18 22:14:59,173 | INFO     | helper_functions.py:50 | Starting data update for rear_right:{'Fx': np.float64(301.35982032999317), 'Fy': np.float64(-0.0), 'Fz': np.float64(613.125), 'Mz': np.float64(0.0), 'max_Fx': np.float64(500.8346537514665), 'desired_Fx': np.float64(500.8346537514665), 'desired_Fy': 0.0, 'slip_ratio': 2.8780625292603683, 'slip_angle': 0.0, 'angular_velocity': np.float64(nan), 'Vx': np.float64(0.0)} at time 5
2025-03-18 22:14:59,175 | INFO     | helper_functions.py:50 | Starting data update for rear_right:{'Fx': np.float64(301.35982032999317), 'Fy': np.float64(-0.0), 'Fz': np.float64(613.125), 'Mz': np.float64(0.0), 'max_Fx': np.float64(500.8346537514665), 'desired_Fx': np.float64(500.8346537514665), 'desired_Fy': 0, 'slip_ratio': 2.8780625292603683, 'slip_angle': 0.0, 'angular_velocity': np.float64(nan), 'Vx': np.float64(0.0), 'longitudinal_mode': 'accelerate'} at time 5
2025-03-18 22:14:59,175 | INFO     | helper_functions.py:50 | Starting data update for rear_right:{'x_friction': np.float64(301.35982032999317), 'y_friction': np.float64(-0.0)} at time 5
2025-03-18 22:14:59,176 | WARNING  | helper_functions.py:94 | Error: Time index '5' or column 'Fx' not found.
2025-03-18 22:14:59,176 | INFO     | helper_functions.py:50 | Starting data update for rear_left:{'Fx': np.float64(301.35982032999317), 'Fy': np.float64(-0.0), 'Fz': np.float64(613.125), 'Mz': np.float64(0.0), 'max_Fx': np.float64(500.8346537514665), 'desired_Fx': np.float64(500.8346537514665), 'desired_Fy': 0.0, 'slip_ratio': 2.8780625292603683, 'slip_angle': 0.0, 'angular_velocity': np.float64(nan), 'Vx': np.float64(0.0)} at time 5
2025-03-18 22:14:59,178 | INFO     | helper_functions.py:50 | Starting data update for rear_left:{'Fx': np.float64(301.35982032999317), 'Fy': np.float64(-0.0), 'Fz': np.float64(613.125), 'Mz': np.float64(0.0), 'max_Fx': np.float64(500.8346537514665), 'desired_Fx': np.float64(500.8346537514665), 'desired_Fy': 0, 'slip_ratio': 2.8780625292603683, 'slip_angle': 0.0, 'angular_velocity': np.float64(nan), 'Vx': np.float64(0.0), 'longitudinal_mode': 'accelerate'} at time 5
2025-03-18 22:14:59,178 | INFO     | helper_functions.py:50 | Starting data update for rear_left:{'x_friction': np.float64(301.35982032999317), 'y_friction': np.float64(-0.0)} at time 5
2025-03-18 22:14:59,178 | INFO     | helper_functions.py:50 | Starting data update for front_right:{'x_friction': 0, 'y_friction': 0, 'rolling_resistance': -100} at time 5
2025-03-18 22:14:59,178 | INFO     | helper_functions.py:50 | Starting data update for front_left:{'x_friction': 0, 'y_friction': 0, 'rolling_resistance': -100} at time 5
2025-03-18 22:14:59,178 | INFO     | helper_functions.py:50 | Starting data update for rear_right:{'x_friction': np.float64(301.35982032999317), 'y_friction': np.float64(-0.0), 'rolling_resistance': -100} at time 5
2025-03-18 22:14:59,178 | INFO     | helper_functions.py:50 | Starting data update for rear_left:{'x_friction': np.float64(301.35982032999317), 'y_friction': np.float64(-0.0), 'rolling_resistance': -100} at time 5
2025-03-18 22:14:59,179 | INFO     | helper_functions.py:50 | Starting data update for cnt_grav:{'inertial_z': 0, 'inertial_x': 0, 'inertial_y': 0} at time 5
2025-03-18 22:15:01,777 | INFO     | car.py:169 | Calculating resultants at time : 5
2025-03-18 22:15:01,804 | DEBUG    | car.py:396 | Returning total forces in x direction for point front_right. Forces are : ['x_friction', 'rolling_resistance']. Sum was -100.0
2025-03-18 22:15:01,804 | DEBUG    | car.py:396 | Returning total forces in y direction for point front_right. Forces are : ['y_friction']. Sum was 0.0
2025-03-18 22:15:01,804 | DEBUG    | car.py:396 | Returning total forces in z direction for point front_right. Forces are : ['vertical_load']. Sum was 613.125
2025-03-18 22:15:01,804 | DEBUG    | car.py:396 | Returning total forces in x direction for point front_left. Forces are : ['x_friction', 'rolling_resistance']. Sum was -100.0
2025-03-18 22:15:01,804 | DEBUG    | car.py:396 | Returning total forces in y direction for point front_left. Forces are : ['y_friction']. Sum was 0.0
2025-03-18 22:15:01,804 | DEBUG    | car.py:396 | Returning total forces in z direction for point front_left. Forces are : ['vertical_load']. Sum was 613.125
2025-03-18 22:15:01,805 | DEBUG    | car.py:396 | Returning total forces in x direction for point rear_right. Forces are : ['x_friction', 'rolling_resistance']. Sum was 201.35982032999317
2025-03-18 22:15:01,805 | DEBUG    | car.py:396 | Returning total forces in y direction for point rear_right. Forces are : ['y_friction']. Sum was 0.0
2025-03-18 22:15:01,805 | DEBUG    | car.py:396 | Returning total forces in z direction for point rear_right. Forces are : ['vertical_load']. Sum was 613.125
2025-03-18 22:15:01,805 | DEBUG    | car.py:396 | Returning total forces in x direction for point rear_left. Forces are : ['x_friction', 'rolling_resistance']. Sum was 201.35982032999317
2025-03-18 22:15:01,805 | DEBUG    | car.py:396 | Returning total forces in y direction for point rear_left. Forces are : ['y_friction']. Sum was 0.0
2025-03-18 22:15:01,805 | DEBUG    | car.py:396 | Returning total forces in z direction for point rear_left. Forces are : ['vertical_load']. Sum was 613.125
2025-03-18 22:15:01,805 | DEBUG    | car.py:396 | Returning total forces in x direction for point cnt_grav. Forces are : ['inertial_x']. Sum was 0
2025-03-18 22:15:01,805 | DEBUG    | car.py:396 | Returning total forces in y direction for point cnt_grav. Forces are : ['inertial_y']. Sum was 0
2025-03-18 22:15:01,805 | DEBUG    | car.py:396 | Returning total forces in z direction for point cnt_grav. Forces are : ['inertial_z']. Sum was 0
2025-03-18 22:15:01,805 | INFO     | car.py:287 | Timestep 5 had resultant forces of [np.float64(202.71964065998634), np.float64(0.0), np.float64(2452.5)] And resultant torques of [np.float64(1868.805), np.float64(1812.1651323995998), np.float64(304.8)]
2025-03-18 22:15:01,805 | INFO     | helper_functions.py:50 | Starting data update for vehicle_dataframe:{'acceleration': (np.float64(0.8108785626399454), np.float64(0.0), np.float64(9.81))} at time 5
2025-03-18 22:15:01,805 | INFO     | helper_functions.py:50 | Starting data update for vehicle_dataframe:{'velocity': (np.float64(0.040543928131997274), np.float64(0.0), 0), 'position': (np.float64(0.003040794609899796), np.float64(0.0), 0)} at time 10
2025-03-18 22:15:01,806 | DEBUG    | car.py:182 | After forces are applied; Position = (np.float64(0.003040794609899796), np.float64(0.0), 0) -- Velocity = (np.float64(0.040543928131997274), np.float64(0.0), 0) --
