2025-04-03 19:25:38,398 | INFO     | v3_magic_formula.py:33 | Initializing Pacejka Tire Model from hoosier_r20.par
2025-04-03 19:25:38,398 | INFO     | v3_magic_formula.py:55 | Loading parameters from: hoosier_r20.par
2025-04-03 19:25:38,424 | INFO     | v3_magic_formula.py:66 | Finished loading parameters from hoosier_r20.par
2025-04-03 19:25:38,424 | DEBUG    | v3_magic_formula.py:71 | Validating required parameters...
2025-04-03 19:25:38,424 | INFO     | v3_magic_formula.py:80 | All required parameters loaded successfully.
2025-04-03 19:25:38,463 | INFO     | v3_magic_formula.py:51 | Pacejka Tire Model initialized successfully.
2025-04-03 19:25:38,463 | INFO     | tire_tester.py:43 | --- Starting Tire Test Suite (13 cases) ---
2025-04-03 19:25:38,463 | INFO     | tire_tester.py:54 | Running Test Case 1: 'Coast Straight'
2025-04-03 19:25:38,463 | INFO     | tire_tester.py:55 |   Inputs: Fz=600.0N, gamma=0.0deg, Target Fy=0.0N, Mode=coast, Intensity=0.00
2025-04-03 19:25:38,464 | INFO     | v3_magic_formula.py:458 | Finding slips for target Fy=0.00 N, Fz=600.0, gamma=0.00 deg, mode='coast', intensity=0.00
2025-04-03 19:25:38,464 | DEBUG    | v3_magic_formula.py:408 | Finding alpha for target Fy=0.00 N at Fz=600.0, gamma=0.00 deg
2025-04-03 19:25:38,464 | WARNING  | v3_magic_formula.py:453 | Alpha bracketing failed (f(a) and f(b) must have different signs).
2025-04-03 19:25:38,464 | WARNING  | v3_magic_formula.py:463 | Target Fy=0.00 N unachievable.
2025-04-03 19:25:38,464 | WARNING  | tire_tester.py:111 |   Failed: Could not find valid slips for target Fy=0.0N.
2025-04-03 19:25:38,464 | INFO     | tire_tester.py:54 | Running Test Case 2: 'Max Accel Straight'
2025-04-03 19:25:38,464 | INFO     | tire_tester.py:55 |   Inputs: Fz=700.0N, gamma=0.0deg, Target Fy=0.0N, Mode=accelerate, Intensity=1.00
2025-04-03 19:25:38,464 | INFO     | v3_magic_formula.py:458 | Finding slips for target Fy=0.00 N, Fz=700.0, gamma=0.00 deg, mode='accelerate', intensity=1.00
2025-04-03 19:25:38,464 | DEBUG    | v3_magic_formula.py:408 | Finding alpha for target Fy=0.00 N at Fz=700.0, gamma=0.00 deg
2025-04-03 19:25:38,464 | WARNING  | v3_magic_formula.py:453 | Alpha bracketing failed (f(a) and f(b) must have different signs).
2025-04-03 19:25:38,464 | WARNING  | v3_magic_formula.py:463 | Target Fy=0.00 N unachievable.
2025-04-03 19:25:38,464 | WARNING  | tire_tester.py:111 |   Failed: Could not find valid slips for target Fy=0.0N.
2025-04-03 19:25:38,464 | INFO     | tire_tester.py:54 | Running Test Case 3: 'Max Brake Straight'
2025-04-03 19:25:38,464 | INFO     | tire_tester.py:55 |   Inputs: Fz=500.0N, gamma=0.0deg, Target Fy=0.0N, Mode=brake, Intensity=1.00
2025-04-03 19:25:38,464 | INFO     | v3_magic_formula.py:458 | Finding slips for target Fy=0.00 N, Fz=500.0, gamma=0.00 deg, mode='brake', intensity=1.00
2025-04-03 19:25:38,464 | DEBUG    | v3_magic_formula.py:408 | Finding alpha for target Fy=0.00 N at Fz=500.0, gamma=0.00 deg
2025-04-03 19:25:38,464 | WARNING  | v3_magic_formula.py:453 | Alpha bracketing failed (f(a) and f(b) must have different signs).
2025-04-03 19:25:38,465 | WARNING  | v3_magic_formula.py:463 | Target Fy=0.00 N unachievable.
2025-04-03 19:25:38,465 | WARNING  | tire_tester.py:111 |   Failed: Could not find valid slips for target Fy=0.0N.
2025-04-03 19:25:38,465 | INFO     | tire_tester.py:54 | Running Test Case 4: 'Partial Accel Straight'
2025-04-03 19:25:38,465 | INFO     | tire_tester.py:55 |   Inputs: Fz=700.0N, gamma=0.0deg, Target Fy=0.0N, Mode=accelerate, Intensity=0.50
2025-04-03 19:25:38,465 | INFO     | v3_magic_formula.py:458 | Finding slips for target Fy=0.00 N, Fz=700.0, gamma=0.00 deg, mode='accelerate', intensity=0.50
2025-04-03 19:25:38,465 | DEBUG    | v3_magic_formula.py:408 | Finding alpha for target Fy=0.00 N at Fz=700.0, gamma=0.00 deg
2025-04-03 19:25:38,465 | WARNING  | v3_magic_formula.py:453 | Alpha bracketing failed (f(a) and f(b) must have different signs).
2025-04-03 19:25:38,465 | WARNING  | v3_magic_formula.py:463 | Target Fy=0.00 N unachievable.
2025-04-03 19:25:38,465 | WARNING  | tire_tester.py:111 |   Failed: Could not find valid slips for target Fy=0.0N.
2025-04-03 19:25:38,465 | INFO     | tire_tester.py:54 | Running Test Case 5: 'Partial Brake Straight'
2025-04-03 19:25:38,465 | INFO     | tire_tester.py:55 |   Inputs: Fz=500.0N, gamma=0.0deg, Target Fy=0.0N, Mode=brake, Intensity=0.70
2025-04-03 19:25:38,465 | INFO     | v3_magic_formula.py:458 | Finding slips for target Fy=0.00 N, Fz=500.0, gamma=0.00 deg, mode='brake', intensity=0.70
2025-04-03 19:25:38,465 | DEBUG    | v3_magic_formula.py:408 | Finding alpha for target Fy=0.00 N at Fz=500.0, gamma=0.00 deg
2025-04-03 19:25:38,465 | WARNING  | v3_magic_formula.py:453 | Alpha bracketing failed (f(a) and f(b) must have different signs).
2025-04-03 19:25:38,465 | WARNING  | v3_magic_formula.py:463 | Target Fy=0.00 N unachievable.
2025-04-03 19:25:38,465 | WARNING  | tire_tester.py:111 |   Failed: Could not find valid slips for target Fy=0.0N.
2025-04-03 19:25:38,465 | INFO     | tire_tester.py:54 | Running Test Case 6: 'Cornering Coast'
2025-04-03 19:25:38,465 | INFO     | tire_tester.py:55 |   Inputs: Fz=600.0N, gamma=-2.0deg, Target Fy=-1500.0N, Mode=coast, Intensity=0.00
2025-04-03 19:25:38,465 | INFO     | v3_magic_formula.py:458 | Finding slips for target Fy=-1500.00 N, Fz=600.0, gamma=-2.00 deg, mode='coast', intensity=0.00
2025-04-03 19:25:38,465 | DEBUG    | v3_magic_formula.py:408 | Finding alpha for target Fy=-1500.00 N at Fz=600.0, gamma=-2.00 deg
2025-04-03 19:25:38,465 | WARNING  | v3_magic_formula.py:422 | Target Fy=-1500.00 outside approx range [-21.68, 1179.79]
2025-04-03 19:25:38,466 | WARNING  | v3_magic_formula.py:463 | Target Fy=-1500.00 N unachievable.
2025-04-03 19:25:38,466 | WARNING  | tire_tester.py:111 |   Failed: Could not find valid slips for target Fy=-1500.0N.
2025-04-03 19:25:38,466 | INFO     | tire_tester.py:54 | Running Test Case 7: 'Cornering Max Accel'
2025-04-03 19:25:38,466 | INFO     | tire_tester.py:55 |   Inputs: Fz=700.0N, gamma=-2.0deg, Target Fy=-1500.0N, Mode=accelerate, Intensity=1.00
2025-04-03 19:25:38,466 | INFO     | v3_magic_formula.py:458 | Finding slips for target Fy=-1500.00 N, Fz=700.0, gamma=-2.00 deg, mode='accelerate', intensity=1.00
2025-04-03 19:25:38,466 | DEBUG    | v3_magic_formula.py:408 | Finding alpha for target Fy=-1500.00 N at Fz=700.0, gamma=-2.00 deg
2025-04-03 19:25:38,466 | WARNING  | v3_magic_formula.py:422 | Target Fy=-1500.00 outside approx range [-29.50, 1605.82]
2025-04-03 19:25:38,466 | WARNING  | v3_magic_formula.py:463 | Target Fy=-1500.00 N unachievable.
2025-04-03 19:25:38,466 | WARNING  | tire_tester.py:111 |   Failed: Could not find valid slips for target Fy=-1500.0N.
2025-04-03 19:25:38,466 | INFO     | tire_tester.py:54 | Running Test Case 8: 'Cornering Max Brake'
2025-04-03 19:25:38,466 | INFO     | tire_tester.py:55 |   Inputs: Fz=500.0N, gamma=-2.0deg, Target Fy=-1500.0N, Mode=brake, Intensity=1.00
2025-04-03 19:25:38,466 | INFO     | v3_magic_formula.py:458 | Finding slips for target Fy=-1500.00 N, Fz=500.0, gamma=-2.00 deg, mode='brake', intensity=1.00
2025-04-03 19:25:38,466 | DEBUG    | v3_magic_formula.py:408 | Finding alpha for target Fy=-1500.00 N at Fz=500.0, gamma=-2.00 deg
2025-04-03 19:25:38,466 | WARNING  | v3_magic_formula.py:422 | Target Fy=-1500.00 outside approx range [-15.05, 819.30]
2025-04-03 19:25:38,466 | WARNING  | v3_magic_formula.py:463 | Target Fy=-1500.00 N unachievable.
2025-04-03 19:25:38,466 | WARNING  | tire_tester.py:111 |   Failed: Could not find valid slips for target Fy=-1500.0N.
2025-04-03 19:25:38,466 | INFO     | tire_tester.py:54 | Running Test Case 9: 'Cornering Partial Accel'
2025-04-03 19:25:38,466 | INFO     | tire_tester.py:55 |   Inputs: Fz=700.0N, gamma=-2.0deg, Target Fy=-1500.0N, Mode=accelerate, Intensity=0.40
2025-04-03 19:25:38,466 | INFO     | v3_magic_formula.py:458 | Finding slips for target Fy=-1500.00 N, Fz=700.0, gamma=-2.00 deg, mode='accelerate', intensity=0.40
2025-04-03 19:25:38,466 | DEBUG    | v3_magic_formula.py:408 | Finding alpha for target Fy=-1500.00 N at Fz=700.0, gamma=-2.00 deg
2025-04-03 19:25:38,466 | WARNING  | v3_magic_formula.py:422 | Target Fy=-1500.00 outside approx range [-29.50, 1605.82]
2025-04-03 19:25:38,466 | WARNING  | v3_magic_formula.py:463 | Target Fy=-1500.00 N unachievable.
2025-04-03 19:25:38,466 | WARNING  | tire_tester.py:111 |   Failed: Could not find valid slips for target Fy=-1500.0N.
2025-04-03 19:25:38,467 | INFO     | tire_tester.py:54 | Running Test Case 10: 'Cornering Partial Brake'
2025-04-03 19:25:38,467 | INFO     | tire_tester.py:55 |   Inputs: Fz=500.0N, gamma=-2.0deg, Target Fy=-1500.0N, Mode=brake, Intensity=0.60
2025-04-03 19:25:38,467 | INFO     | v3_magic_formula.py:458 | Finding slips for target Fy=-1500.00 N, Fz=500.0, gamma=-2.00 deg, mode='brake', intensity=0.60
2025-04-03 19:25:38,467 | DEBUG    | v3_magic_formula.py:408 | Finding alpha for target Fy=-1500.00 N at Fz=500.0, gamma=-2.00 deg
2025-04-03 19:25:38,467 | WARNING  | v3_magic_formula.py:422 | Target Fy=-1500.00 outside approx range [-15.05, 819.30]
2025-04-03 19:25:38,467 | WARNING  | v3_magic_formula.py:463 | Target Fy=-1500.00 N unachievable.
2025-04-03 19:25:38,467 | WARNING  | tire_tester.py:111 |   Failed: Could not find valid slips for target Fy=-1500.0N.
2025-04-03 19:25:38,467 | INFO     | tire_tester.py:54 | Running Test Case 11: 'High Cornering Coast'
2025-04-03 19:25:38,467 | INFO     | tire_tester.py:55 |   Inputs: Fz=800.0N, gamma=-3.0deg, Target Fy=-3500.0N, Mode=coast, Intensity=0.00
2025-04-03 19:25:38,467 | INFO     | v3_magic_formula.py:458 | Finding slips for target Fy=-3500.00 N, Fz=800.0, gamma=-3.00 deg, mode='coast', intensity=0.00
2025-04-03 19:25:38,467 | DEBUG    | v3_magic_formula.py:408 | Finding alpha for target Fy=-3500.00 N at Fz=800.0, gamma=-3.00 deg
2025-04-03 19:25:38,467 | WARNING  | v3_magic_formula.py:422 | Target Fy=-3500.00 outside approx range [-58.77, 2080.41]
2025-04-03 19:25:38,467 | WARNING  | v3_magic_formula.py:463 | Target Fy=-3500.00 N unachievable.
2025-04-03 19:25:38,467 | WARNING  | tire_tester.py:111 |   Failed: Could not find valid slips for target Fy=-3500.0N.
2025-04-03 19:25:38,467 | INFO     | tire_tester.py:54 | Running Test Case 12: 'High Cornering Max Accel'
2025-04-03 19:25:38,467 | INFO     | tire_tester.py:55 |   Inputs: Fz=800.0N, gamma=-3.0deg, Target Fy=-3500.0N, Mode=accelerate, Intensity=1.00
2025-04-03 19:25:38,467 | INFO     | v3_magic_formula.py:458 | Finding slips for target Fy=-3500.00 N, Fz=800.0, gamma=-3.00 deg, mode='accelerate', intensity=1.00
2025-04-03 19:25:38,467 | DEBUG    | v3_magic_formula.py:408 | Finding alpha for target Fy=-3500.00 N at Fz=800.0, gamma=-3.00 deg
2025-04-03 19:25:38,467 | WARNING  | v3_magic_formula.py:422 | Target Fy=-3500.00 outside approx range [-58.77, 2080.41]
2025-04-03 19:25:38,467 | WARNING  | v3_magic_formula.py:463 | Target Fy=-3500.00 N unachievable.
2025-04-03 19:25:38,467 | WARNING  | tire_tester.py:111 |   Failed: Could not find valid slips for target Fy=-3500.0N.
2025-04-03 19:25:38,467 | INFO     | tire_tester.py:54 | Running Test Case 13: 'Impossible Fy Target'
2025-04-03 19:25:38,467 | INFO     | tire_tester.py:55 |   Inputs: Fz=400.0N, gamma=0.0deg, Target Fy=-5000.0N, Mode=coast, Intensity=0.00
2025-04-03 19:25:38,467 | INFO     | v3_magic_formula.py:458 | Finding slips for target Fy=-5000.00 N, Fz=400.0, gamma=0.00 deg, mode='coast', intensity=0.00
2025-04-03 19:25:38,468 | DEBUG    | v3_magic_formula.py:408 | Finding alpha for target Fy=-5000.00 N at Fz=400.0, gamma=0.00 deg
2025-04-03 19:25:38,468 | WARNING  | v3_magic_formula.py:422 | Target Fy=-5000.00 outside approx range [0.00, 533.33]
2025-04-03 19:25:38,468 | WARNING  | v3_magic_formula.py:463 | Target Fy=-5000.00 N unachievable.
2025-04-03 19:25:38,468 | WARNING  | tire_tester.py:111 |   Failed: Could not find valid slips for target Fy=-5000.0N.
2025-04-03 19:25:38,468 | INFO     | tire_tester.py:116 | --- Tire Test Suite Finished ---
2025-04-03 19:31:06,427 | INFO     | v3_magic_formula.py:33 | Initializing Pacejka Tire Model from hoosier_r20.par
2025-04-03 19:31:06,427 | INFO     | v3_magic_formula.py:55 | Loading parameters from: hoosier_r20.par
2025-04-03 19:31:06,428 | INFO     | v3_magic_formula.py:66 | Finished loading parameters from hoosier_r20.par
2025-04-03 19:31:06,428 | DEBUG    | v3_magic_formula.py:71 | Validating required parameters...
2025-04-03 19:31:06,428 | INFO     | v3_magic_formula.py:80 | All required parameters loaded successfully.
2025-04-03 19:31:06,433 | INFO     | v3_magic_formula.py:51 | Pacejka Tire Model initialized successfully.
2025-04-03 19:31:06,433 | INFO     | tire_tester.py:43 | --- Starting Tire Test Suite (13 cases) ---
2025-04-03 19:31:06,433 | INFO     | tire_tester.py:54 | Running Test Case 1: 'Coast Straight'
2025-04-03 19:31:06,433 | INFO     | tire_tester.py:55 |   Inputs: Fz=600.0N, gamma=0.0deg, Target Fy=0.0N, Mode=coast, Intensity=0.00
2025-04-03 19:31:06,433 | INFO     | v3_magic_formula.py:554 | Finding slips for target Fy=0.00 N, Fz=600.0, gamma=0.00 deg, mode='coast', intensity=0.00
2025-04-03 19:31:06,433 | DEBUG    | v3_magic_formula.py:462 | Finding alpha for target Fy=0.00 N at Fz=600.0, gamma=0.00 deg
2025-04-03 19:31:06,433 | WARNING  | v3_magic_formula.py:537 | Alpha bracketing failed (errors: f(-0.330)=856.886, f(0.330)=1011.051). Target might be near peak or zero.
2025-04-03 19:31:06,433 | WARNING  | v3_magic_formula.py:547 | Ridder method also failed for alpha.
2025-04-03 19:31:06,433 | WARNING  | v3_magic_formula.py:559 | Target Fy=0.00 N unachievable.
2025-04-03 19:31:06,434 | WARNING  | tire_tester.py:111 |   Failed: Could not find valid slips for target Fy=0.0N.
2025-04-03 19:31:06,434 | INFO     | tire_tester.py:54 | Running Test Case 2: 'Max Accel Straight'
2025-04-03 19:31:06,434 | INFO     | tire_tester.py:55 |   Inputs: Fz=700.0N, gamma=0.0deg, Target Fy=0.0N, Mode=accelerate, Intensity=1.00
2025-04-03 19:31:06,434 | INFO     | v3_magic_formula.py:554 | Finding slips for target Fy=0.00 N, Fz=700.0, gamma=0.00 deg, mode='accelerate', intensity=1.00
2025-04-03 19:31:06,434 | DEBUG    | v3_magic_formula.py:462 | Finding alpha for target Fy=0.00 N at Fz=700.0, gamma=0.00 deg
2025-04-03 19:31:06,434 | WARNING  | v3_magic_formula.py:537 | Alpha bracketing failed (errors: f(-0.330)=1162.050, f(0.330)=1340.053). Target might be near peak or zero.
2025-04-03 19:31:06,434 | WARNING  | v3_magic_formula.py:547 | Ridder method also failed for alpha.
2025-04-03 19:31:06,434 | WARNING  | v3_magic_formula.py:559 | Target Fy=0.00 N unachievable.
2025-04-03 19:31:06,434 | WARNING  | tire_tester.py:111 |   Failed: Could not find valid slips for target Fy=0.0N.
2025-04-03 19:31:06,434 | INFO     | tire_tester.py:54 | Running Test Case 3: 'Max Brake Straight'
2025-04-03 19:31:06,434 | INFO     | tire_tester.py:55 |   Inputs: Fz=500.0N, gamma=0.0deg, Target Fy=0.0N, Mode=brake, Intensity=1.00
2025-04-03 19:31:06,434 | INFO     | v3_magic_formula.py:554 | Finding slips for target Fy=0.00 N, Fz=500.0, gamma=0.00 deg, mode='brake', intensity=1.00
2025-04-03 19:31:06,434 | DEBUG    | v3_magic_formula.py:462 | Finding alpha for target Fy=0.00 N at Fz=500.0, gamma=0.00 deg
2025-04-03 19:31:06,434 | WARNING  | v3_magic_formula.py:537 | Alpha bracketing failed (errors: f(-0.330)=592.043, f(0.330)=721.406). Target might be near peak or zero.
2025-04-03 19:31:06,434 | WARNING  | v3_magic_formula.py:547 | Ridder method also failed for alpha.
2025-04-03 19:31:06,434 | WARNING  | v3_magic_formula.py:559 | Target Fy=0.00 N unachievable.
2025-04-03 19:31:06,434 | WARNING  | tire_tester.py:111 |   Failed: Could not find valid slips for target Fy=0.0N.
2025-04-03 19:31:06,434 | INFO     | tire_tester.py:54 | Running Test Case 4: 'Partial Accel Straight'
2025-04-03 19:31:06,434 | INFO     | tire_tester.py:55 |   Inputs: Fz=700.0N, gamma=0.0deg, Target Fy=0.0N, Mode=accelerate, Intensity=0.50
2025-04-03 19:31:06,434 | INFO     | v3_magic_formula.py:554 | Finding slips for target Fy=0.00 N, Fz=700.0, gamma=0.00 deg, mode='accelerate', intensity=0.50
2025-04-03 19:31:06,435 | DEBUG    | v3_magic_formula.py:462 | Finding alpha for target Fy=0.00 N at Fz=700.0, gamma=0.00 deg
2025-04-03 19:31:06,435 | WARNING  | v3_magic_formula.py:537 | Alpha bracketing failed (errors: f(-0.330)=1162.050, f(0.330)=1340.053). Target might be near peak or zero.
2025-04-03 19:31:06,435 | WARNING  | v3_magic_formula.py:547 | Ridder method also failed for alpha.
2025-04-03 19:31:06,435 | WARNING  | v3_magic_formula.py:559 | Target Fy=0.00 N unachievable.
2025-04-03 19:31:06,435 | WARNING  | tire_tester.py:111 |   Failed: Could not find valid slips for target Fy=0.0N.
2025-04-03 19:31:06,435 | INFO     | tire_tester.py:54 | Running Test Case 5: 'Partial Brake Straight'
2025-04-03 19:31:06,435 | INFO     | tire_tester.py:55 |   Inputs: Fz=500.0N, gamma=0.0deg, Target Fy=0.0N, Mode=brake, Intensity=0.70
2025-04-03 19:31:06,435 | INFO     | v3_magic_formula.py:554 | Finding slips for target Fy=0.00 N, Fz=500.0, gamma=0.00 deg, mode='brake', intensity=0.70
2025-04-03 19:31:06,435 | DEBUG    | v3_magic_formula.py:462 | Finding alpha for target Fy=0.00 N at Fz=500.0, gamma=0.00 deg
2025-04-03 19:31:06,435 | WARNING  | v3_magic_formula.py:537 | Alpha bracketing failed (errors: f(-0.330)=592.043, f(0.330)=721.406). Target might be near peak or zero.
2025-04-03 19:31:06,435 | WARNING  | v3_magic_formula.py:547 | Ridder method also failed for alpha.
2025-04-03 19:31:06,435 | WARNING  | v3_magic_formula.py:559 | Target Fy=0.00 N unachievable.
2025-04-03 19:31:06,435 | WARNING  | tire_tester.py:111 |   Failed: Could not find valid slips for target Fy=0.0N.
2025-04-03 19:31:06,435 | INFO     | tire_tester.py:54 | Running Test Case 6: 'Cornering Coast'
2025-04-03 19:31:06,435 | INFO     | tire_tester.py:55 |   Inputs: Fz=600.0N, gamma=-2.0deg, Target Fy=-1500.0N, Mode=coast, Intensity=0.00
2025-04-03 19:31:06,435 | INFO     | v3_magic_formula.py:554 | Finding slips for target Fy=-1500.00 N, Fz=600.0, gamma=-2.00 deg, mode='coast', intensity=0.00
2025-04-03 19:31:06,435 | DEBUG    | v3_magic_formula.py:462 | Finding alpha for target Fy=-1500.00 N at Fz=600.0, gamma=-2.00 deg
2025-04-03 19:31:06,435 | WARNING  | v3_magic_formula.py:488 | Target Fy=-1500.00 outside approx range [-21.68, 1179.79]
2025-04-03 19:31:06,435 | WARNING  | v3_magic_formula.py:559 | Target Fy=-1500.00 N unachievable.
2025-04-03 19:31:06,435 | WARNING  | tire_tester.py:111 |   Failed: Could not find valid slips for target Fy=-1500.0N.
2025-04-03 19:31:06,435 | INFO     | tire_tester.py:54 | Running Test Case 7: 'Cornering Max Accel'
2025-04-03 19:31:06,436 | INFO     | tire_tester.py:55 |   Inputs: Fz=700.0N, gamma=-2.0deg, Target Fy=-1500.0N, Mode=accelerate, Intensity=1.00
2025-04-03 19:31:06,436 | INFO     | v3_magic_formula.py:554 | Finding slips for target Fy=-1500.00 N, Fz=700.0, gamma=-2.00 deg, mode='accelerate', intensity=1.00
2025-04-03 19:31:06,436 | DEBUG    | v3_magic_formula.py:462 | Finding alpha for target Fy=-1500.00 N at Fz=700.0, gamma=-2.00 deg
2025-04-03 19:31:06,436 | WARNING  | v3_magic_formula.py:488 | Target Fy=-1500.00 outside approx range [-29.50, 1605.82]
2025-04-03 19:31:06,436 | WARNING  | v3_magic_formula.py:559 | Target Fy=-1500.00 N unachievable.
2025-04-03 19:31:06,436 | WARNING  | tire_tester.py:111 |   Failed: Could not find valid slips for target Fy=-1500.0N.
2025-04-03 19:31:06,436 | INFO     | tire_tester.py:54 | Running Test Case 8: 'Cornering Max Brake'
2025-04-03 19:31:06,436 | INFO     | tire_tester.py:55 |   Inputs: Fz=500.0N, gamma=-2.0deg, Target Fy=-1500.0N, Mode=brake, Intensity=1.00
2025-04-03 19:31:06,436 | INFO     | v3_magic_formula.py:554 | Finding slips for target Fy=-1500.00 N, Fz=500.0, gamma=-2.00 deg, mode='brake', intensity=1.00
2025-04-03 19:31:06,436 | DEBUG    | v3_magic_formula.py:462 | Finding alpha for target Fy=-1500.00 N at Fz=500.0, gamma=-2.00 deg
2025-04-03 19:31:06,436 | WARNING  | v3_magic_formula.py:488 | Target Fy=-1500.00 outside approx range [-15.05, 819.30]
2025-04-03 19:31:06,436 | WARNING  | v3_magic_formula.py:559 | Target Fy=-1500.00 N unachievable.
2025-04-03 19:31:06,436 | WARNING  | tire_tester.py:111 |   Failed: Could not find valid slips for target Fy=-1500.0N.
2025-04-03 19:31:06,436 | INFO     | tire_tester.py:54 | Running Test Case 9: 'Cornering Partial Accel'
2025-04-03 19:31:06,436 | INFO     | tire_tester.py:55 |   Inputs: Fz=700.0N, gamma=-2.0deg, Target Fy=-1500.0N, Mode=accelerate, Intensity=0.40
2025-04-03 19:31:06,436 | INFO     | v3_magic_formula.py:554 | Finding slips for target Fy=-1500.00 N, Fz=700.0, gamma=-2.00 deg, mode='accelerate', intensity=0.40
2025-04-03 19:31:06,436 | DEBUG    | v3_magic_formula.py:462 | Finding alpha for target Fy=-1500.00 N at Fz=700.0, gamma=-2.00 deg
2025-04-03 19:31:06,436 | WARNING  | v3_magic_formula.py:488 | Target Fy=-1500.00 outside approx range [-29.50, 1605.82]
2025-04-03 19:31:06,436 | WARNING  | v3_magic_formula.py:559 | Target Fy=-1500.00 N unachievable.
2025-04-03 19:31:06,436 | WARNING  | tire_tester.py:111 |   Failed: Could not find valid slips for target Fy=-1500.0N.
2025-04-03 19:31:06,436 | INFO     | tire_tester.py:54 | Running Test Case 10: 'Cornering Partial Brake'
2025-04-03 19:31:06,436 | INFO     | tire_tester.py:55 |   Inputs: Fz=500.0N, gamma=-2.0deg, Target Fy=-1500.0N, Mode=brake, Intensity=0.60
2025-04-03 19:31:06,436 | INFO     | v3_magic_formula.py:554 | Finding slips for target Fy=-1500.00 N, Fz=500.0, gamma=-2.00 deg, mode='brake', intensity=0.60
2025-04-03 19:31:06,437 | DEBUG    | v3_magic_formula.py:462 | Finding alpha for target Fy=-1500.00 N at Fz=500.0, gamma=-2.00 deg
2025-04-03 19:31:06,437 | WARNING  | v3_magic_formula.py:488 | Target Fy=-1500.00 outside approx range [-15.05, 819.30]
2025-04-03 19:31:06,437 | WARNING  | v3_magic_formula.py:559 | Target Fy=-1500.00 N unachievable.
2025-04-03 19:31:06,437 | WARNING  | tire_tester.py:111 |   Failed: Could not find valid slips for target Fy=-1500.0N.
2025-04-03 19:31:06,437 | INFO     | tire_tester.py:54 | Running Test Case 11: 'High Cornering Coast'
2025-04-03 19:31:06,437 | INFO     | tire_tester.py:55 |   Inputs: Fz=800.0N, gamma=-3.0deg, Target Fy=-3500.0N, Mode=coast, Intensity=0.00
2025-04-03 19:31:06,437 | INFO     | v3_magic_formula.py:554 | Finding slips for target Fy=-3500.00 N, Fz=800.0, gamma=-3.00 deg, mode='coast', intensity=0.00
2025-04-03 19:31:06,437 | DEBUG    | v3_magic_formula.py:462 | Finding alpha for target Fy=-3500.00 N at Fz=800.0, gamma=-3.00 deg
2025-04-03 19:31:06,437 | WARNING  | v3_magic_formula.py:488 | Target Fy=-3500.00 outside approx range [-58.77, 2080.41]
2025-04-03 19:31:06,437 | WARNING  | v3_magic_formula.py:559 | Target Fy=-3500.00 N unachievable.
2025-04-03 19:31:06,437 | WARNING  | tire_tester.py:111 |   Failed: Could not find valid slips for target Fy=-3500.0N.
2025-04-03 19:31:06,437 | INFO     | tire_tester.py:54 | Running Test Case 12: 'High Cornering Max Accel'
2025-04-03 19:31:06,437 | INFO     | tire_tester.py:55 |   Inputs: Fz=800.0N, gamma=-3.0deg, Target Fy=-3500.0N, Mode=accelerate, Intensity=1.00
2025-04-03 19:31:06,437 | INFO     | v3_magic_formula.py:554 | Finding slips for target Fy=-3500.00 N, Fz=800.0, gamma=-3.00 deg, mode='accelerate', intensity=1.00
2025-04-03 19:31:06,437 | DEBUG    | v3_magic_formula.py:462 | Finding alpha for target Fy=-3500.00 N at Fz=800.0, gamma=-3.00 deg
2025-04-03 19:31:06,437 | WARNING  | v3_magic_formula.py:488 | Target Fy=-3500.00 outside approx range [-58.77, 2080.41]
2025-04-03 19:31:06,437 | WARNING  | v3_magic_formula.py:559 | Target Fy=-3500.00 N unachievable.
2025-04-03 19:31:06,437 | WARNING  | tire_tester.py:111 |   Failed: Could not find valid slips for target Fy=-3500.0N.
2025-04-03 19:31:06,437 | INFO     | tire_tester.py:54 | Running Test Case 13: 'Impossible Fy Target'
2025-04-03 19:31:06,437 | INFO     | tire_tester.py:55 |   Inputs: Fz=400.0N, gamma=0.0deg, Target Fy=-5000.0N, Mode=coast, Intensity=0.00
2025-04-03 19:31:06,437 | INFO     | v3_magic_formula.py:554 | Finding slips for target Fy=-5000.00 N, Fz=400.0, gamma=0.00 deg, mode='coast', intensity=0.00
2025-04-03 19:31:06,437 | DEBUG    | v3_magic_formula.py:462 | Finding alpha for target Fy=-5000.00 N at Fz=400.0, gamma=0.00 deg
2025-04-03 19:31:06,437 | WARNING  | v3_magic_formula.py:488 | Target Fy=-5000.00 outside approx range [0.00, 533.33]
2025-04-03 19:31:06,438 | WARNING  | v3_magic_formula.py:559 | Target Fy=-5000.00 N unachievable.
2025-04-03 19:31:06,438 | WARNING  | tire_tester.py:111 |   Failed: Could not find valid slips for target Fy=-5000.0N.
2025-04-03 19:31:06,438 | INFO     | tire_tester.py:116 | --- Tire Test Suite Finished ---
2025-04-03 19:36:34,921 | INFO     | v3_magic_formula.py:33 | Initializing Pacejka Tire Model from hoosier_r20.par
2025-04-03 19:36:34,921 | INFO     | v3_magic_formula.py:55 | Loading parameters from: hoosier_r20.par
2025-04-03 19:36:34,921 | INFO     | v3_magic_formula.py:66 | Finished loading parameters from hoosier_r20.par
2025-04-03 19:36:34,922 | DEBUG    | v3_magic_formula.py:71 | Validating required parameters...
2025-04-03 19:36:34,922 | INFO     | v3_magic_formula.py:80 | All required parameters loaded successfully.
2025-04-03 19:36:34,926 | INFO     | v3_magic_formula.py:51 | Pacejka Tire Model initialized successfully.
2025-04-03 19:36:34,927 | INFO     | tire_tester.py:232 | --- Testing Components: 'Zero Slips' ---
2025-04-03 19:36:34,927 | INFO     | tire_tester.py:235 | Inputs: Fz=600.0, alpha=0.00deg, kappa=0.000, gamma=0.00deg
2025-04-03 19:36:34,927 | DEBUG    | tire_tester.py:251 | Clamped Inputs: Fz=600.0, alpha=0.0000, kappa=0.0000, gamma=0.0000
2025-04-03 19:36:34,927 | DEBUG    | tire_tester.py:259 | Calculated Pure Components & Forces. Fy_pure=946.41, Fx_pure=914.49
2025-04-03 19:36:34,927 | DEBUG    | tire_tester.py:268 | Calculated Combined Slip Factors. Gxa=1.0000, Gyk=1.0000
2025-04-03 19:36:34,927 | INFO     | tire_tester.py:277 | Component Calculation Successful. Final Fx=914.49, Fy=946.41
2025-04-03 19:36:34,927 | INFO     | tire_tester.py:232 | --- Testing Components: 'Pure Accel' ---
2025-04-03 19:36:34,927 | INFO     | tire_tester.py:235 | Inputs: Fz=700.0, alpha=0.00deg, kappa=0.100, gamma=0.00deg
2025-04-03 19:36:34,927 | DEBUG    | tire_tester.py:251 | Clamped Inputs: Fz=700.0, alpha=0.0000, kappa=0.1000, gamma=0.0000
2025-04-03 19:36:34,927 | DEBUG    | tire_tester.py:259 | Calculated Pure Components & Forces. Fy_pure=1262.12, Fx_pure=1236.78
2025-04-03 19:36:34,927 | DEBUG    | tire_tester.py:268 | Calculated Combined Slip Factors. Gxa=1.0000, Gyk=0.9975
2025-04-03 19:36:34,927 | INFO     | tire_tester.py:277 | Component Calculation Successful. Final Fx=1236.78, Fy=1258.98
2025-04-03 19:36:34,927 | INFO     | tire_tester.py:232 | --- Testing Components: 'Pure Brake' ---
2025-04-03 19:36:34,927 | INFO     | tire_tester.py:235 | Inputs: Fz=500.0, alpha=0.00deg, kappa=-0.080, gamma=0.00deg
2025-04-03 19:36:34,927 | DEBUG    | tire_tester.py:251 | Clamped Inputs: Fz=500.0, alpha=0.0000, kappa=-0.0800, gamma=0.0000
2025-04-03 19:36:34,927 | DEBUG    | tire_tester.py:259 | Calculated Pure Components & Forces. Fy_pure=670.50, Fx_pure=636.63
2025-04-03 19:36:34,927 | DEBUG    | tire_tester.py:268 | Calculated Combined Slip Factors. Gxa=1.0000, Gyk=0.9984
2025-04-03 19:36:34,927 | INFO     | tire_tester.py:277 | Component Calculation Successful. Final Fx=636.63, Fy=669.43
2025-04-03 19:36:34,927 | INFO     | tire_tester.py:232 | --- Testing Components: 'Pure Cornering' ---
2025-04-03 19:36:34,927 | INFO     | tire_tester.py:235 | Inputs: Fz=600.0, alpha=5.00deg, kappa=0.000, gamma=-2.00deg
2025-04-03 19:36:34,928 | DEBUG    | tire_tester.py:251 | Clamped Inputs: Fz=600.0, alpha=0.0873, kappa=0.0000, gamma=-0.0349
2025-04-03 19:36:34,928 | DEBUG    | tire_tester.py:259 | Calculated Pure Components & Forces. Fy_pure=928.12, Fx_pure=908.42
2025-04-03 19:36:34,928 | DEBUG    | tire_tester.py:268 | Calculated Combined Slip Factors. Gxa=0.9962, Gyk=1.0000
2025-04-03 19:36:34,928 | INFO     | tire_tester.py:277 | Component Calculation Successful. Final Fx=904.98, Fy=928.12
2025-04-03 19:36:34,928 | INFO     | tire_tester.py:232 | --- Testing Components: 'Cornering + Accel' ---
2025-04-03 19:36:34,928 | INFO     | tire_tester.py:235 | Inputs: Fz=700.0, alpha=4.00deg, kappa=0.050, gamma=-2.00deg
2025-04-03 19:36:34,928 | DEBUG    | tire_tester.py:251 | Clamped Inputs: Fz=700.0, alpha=0.0698, kappa=0.0500, gamma=-0.0349
2025-04-03 19:36:34,928 | DEBUG    | tire_tester.py:259 | Calculated Pure Components & Forces. Fy_pure=1230.45, Fx_pure=1219.88
2025-04-03 19:36:34,928 | DEBUG    | tire_tester.py:268 | Calculated Combined Slip Factors. Gxa=0.9976, Gyk=0.9993
2025-04-03 19:36:34,928 | INFO     | tire_tester.py:277 | Component Calculation Successful. Final Fx=1216.92, Fy=1229.62
2025-04-03 19:36:34,928 | INFO     | tire_tester.py:232 | --- Testing Components: 'Cornering + Brake' ---
2025-04-03 19:36:34,928 | INFO     | tire_tester.py:235 | Inputs: Fz=500.0, alpha=-3.00deg, kappa=-0.060, gamma=-1.00deg
2025-04-03 19:36:34,928 | DEBUG    | tire_tester.py:251 | Clamped Inputs: Fz=500.0, alpha=-0.0524, kappa=-0.0600, gamma=-0.0175
2025-04-03 19:36:34,928 | DEBUG    | tire_tester.py:259 | Calculated Pure Components & Forces. Fy_pure=646.13, Fx_pure=637.77
2025-04-03 19:36:34,928 | DEBUG    | tire_tester.py:268 | Calculated Combined Slip Factors. Gxa=0.9986, Gyk=0.9991
2025-04-03 19:36:34,928 | INFO     | tire_tester.py:277 | Component Calculation Successful. Final Fx=636.90, Fy=645.58
2025-04-03 19:36:34,928 | INFO     | tire_tester.py:232 | --- Testing Components: 'High Load Cornering' ---
2025-04-03 19:36:34,928 | INFO     | tire_tester.py:235 | Inputs: Fz=1000.0, alpha=6.00deg, kappa=0.010, gamma=-3.00deg
2025-04-03 19:36:34,928 | DEBUG    | tire_tester.py:251 | Clamped Inputs: Fz=1000.0, alpha=0.1047, kappa=0.0100, gamma=-0.0524
2025-04-03 19:36:34,928 | DEBUG    | tire_tester.py:259 | Calculated Pure Components & Forces. Fy_pure=2324.77, Fx_pure=2329.58
2025-04-03 19:36:34,928 | DEBUG    | tire_tester.py:268 | Calculated Combined Slip Factors. Gxa=0.9946, Gyk=1.0000
2025-04-03 19:36:34,928 | INFO     | tire_tester.py:277 | Component Calculation Successful. Final Fx=2316.91, Fy=2324.70
2025-04-03 19:36:34,929 | INFO     | tire_tester.py:232 | --- Testing Components: 'Low Load Braking' ---
2025-04-03 19:36:34,929 | INFO     | tire_tester.py:235 | Inputs: Fz=200.0, alpha=1.00deg, kappa=-0.150, gamma=0.00deg
2025-04-03 19:36:34,929 | DEBUG    | tire_tester.py:251 | Clamped Inputs: Fz=200.0, alpha=0.0175, kappa=-0.1500, gamma=0.0000
2025-04-03 19:36:34,929 | DEBUG    | tire_tester.py:259 | Calculated Pure Components & Forces. Fy_pure=113.77, Fx_pure=96.87
2025-04-03 19:36:34,929 | DEBUG    | tire_tester.py:268 | Calculated Combined Slip Factors. Gxa=0.9999, Gyk=0.9943
2025-04-03 19:36:34,929 | INFO     | tire_tester.py:277 | Component Calculation Successful. Final Fx=96.85, Fy=113.12
2025-04-03 19:36:34,929 | INFO     | tire_tester.py:232 | --- Testing Components: 'Clamping Fz High' ---
2025-04-03 19:36:34,929 | INFO     | tire_tester.py:235 | Inputs: Fz=1500.0, alpha=2.00deg, kappa=0.020, gamma=-1.00deg
2025-04-03 19:36:34,929 | WARNING  | v3_magic_formula.py:111 | Input(s) clamped: Fz. Original={'Fz': 1500, 'alpha': 0.03490658503988659, 'kappa': 0.02, 'gamma': -0.017453292519943295}, Clamped={'Fz': 1000.0, 'alpha': 0.03490658503988659, 'kappa': 0.02, 'gamma': -0.017453292519943295}
2025-04-03 19:36:34,929 | DEBUG    | tire_tester.py:251 | Clamped Inputs: Fz=1000.0, alpha=0.0349, kappa=0.0200, gamma=-0.0175
2025-04-03 19:36:34,929 | DEBUG    | tire_tester.py:259 | Calculated Pure Components & Forces. Fy_pure=2394.47, Fx_pure=2346.97
2025-04-03 19:36:34,929 | DEBUG    | tire_tester.py:268 | Calculated Combined Slip Factors. Gxa=0.9994, Gyk=0.9999
2025-04-03 19:36:34,929 | INFO     | tire_tester.py:277 | Component Calculation Successful. Final Fx=2345.54, Fy=2394.22
2025-04-03 19:36:34,929 | INFO     | tire_tester.py:232 | --- Testing Components: 'Clamping Alpha High' ---
2025-04-03 19:36:34,929 | INFO     | tire_tester.py:235 | Inputs: Fz=600.0, alpha=20.00deg, kappa=0.020, gamma=-1.00deg
2025-04-03 19:36:34,929 | WARNING  | v3_magic_formula.py:111 | Input(s) clamped: alpha. Original={'Fz': 600, 'alpha': 0.3490658503988659, 'kappa': 0.02, 'gamma': -0.017453292519943295}, Clamped={'Fz': 600, 'alpha': 0.3, 'kappa': 0.02, 'gamma': -0.017453292519943295}
2025-04-03 19:36:34,929 | DEBUG    | tire_tester.py:251 | Clamped Inputs: Fz=600.0, alpha=0.3000, kappa=0.0200, gamma=-0.0175
2025-04-03 19:36:34,929 | DEBUG    | tire_tester.py:259 | Calculated Pure Components & Forces. Fy_pure=988.03, Fx_pure=914.92
2025-04-03 19:36:34,929 | DEBUG    | tire_tester.py:268 | Calculated Combined Slip Factors. Gxa=0.9578, Gyk=0.9999
2025-04-03 19:36:34,929 | INFO     | tire_tester.py:277 | Component Calculation Successful. Final Fx=876.35, Fy=987.90
2025-04-03 19:36:34,929 | INFO     | tire_tester.py:232 | --- Testing Components: 'Clamping Kappa Low' ---
2025-04-03 19:36:34,929 | INFO     | tire_tester.py:235 | Inputs: Fz=600.0, alpha=2.00deg, kappa=-0.300, gamma=-1.00deg
2025-04-03 19:36:34,929 | DEBUG    | tire_tester.py:251 | Clamped Inputs: Fz=600.0, alpha=0.0349, kappa=-0.3000, gamma=-0.0175
2025-04-03 19:36:34,930 | DEBUG    | tire_tester.py:259 | Calculated Pure Components & Forces. Fy_pure=935.38, Fx_pure=847.45
2025-04-03 19:36:34,930 | DEBUG    | tire_tester.py:268 | Calculated Combined Slip Factors. Gxa=0.9994, Gyk=0.9775
2025-04-03 19:36:34,930 | INFO     | tire_tester.py:277 | Component Calculation Successful. Final Fx=846.97, Fy=914.32
2025-04-03 19:36:45,003 | INFO     | v3_magic_formula.py:33 | Initializing Pacejka Tire Model from hoosier_r20.par
2025-04-03 19:36:45,003 | INFO     | v3_magic_formula.py:55 | Loading parameters from: hoosier_r20.par
2025-04-03 19:36:45,003 | INFO     | v3_magic_formula.py:66 | Finished loading parameters from hoosier_r20.par
2025-04-03 19:36:45,003 | DEBUG    | v3_magic_formula.py:71 | Validating required parameters...
2025-04-03 19:36:45,003 | INFO     | v3_magic_formula.py:80 | All required parameters loaded successfully.
2025-04-03 19:36:45,008 | INFO     | v3_magic_formula.py:51 | Pacejka Tire Model initialized successfully.
2025-04-03 19:36:45,008 | INFO     | tire_tester.py:232 | --- Testing Components: 'Zero Slips' ---
2025-04-03 19:36:45,008 | INFO     | tire_tester.py:235 | Inputs: Fz=600.0, alpha=0.00deg, kappa=0.000, gamma=0.00deg
2025-04-03 19:36:45,008 | DEBUG    | tire_tester.py:251 | Clamped Inputs: Fz=600.0, alpha=0.0000, kappa=0.0000, gamma=0.0000
2025-04-03 19:36:45,008 | DEBUG    | tire_tester.py:259 | Calculated Pure Components & Forces. Fy_pure=946.41, Fx_pure=914.49
2025-04-03 19:36:45,009 | DEBUG    | tire_tester.py:268 | Calculated Combined Slip Factors. Gxa=1.0000, Gyk=1.0000
2025-04-03 19:36:45,009 | INFO     | tire_tester.py:277 | Component Calculation Successful. Final Fx=914.49, Fy=946.41
2025-04-03 19:36:45,009 | INFO     | tire_tester.py:232 | --- Testing Components: 'Pure Accel' ---
2025-04-03 19:36:45,009 | INFO     | tire_tester.py:235 | Inputs: Fz=700.0, alpha=0.00deg, kappa=0.100, gamma=0.00deg
2025-04-03 19:36:45,009 | DEBUG    | tire_tester.py:251 | Clamped Inputs: Fz=700.0, alpha=0.0000, kappa=0.1000, gamma=0.0000
2025-04-03 19:36:45,009 | DEBUG    | tire_tester.py:259 | Calculated Pure Components & Forces. Fy_pure=1262.12, Fx_pure=1236.78
2025-04-03 19:36:45,009 | DEBUG    | tire_tester.py:268 | Calculated Combined Slip Factors. Gxa=1.0000, Gyk=0.9975
2025-04-03 19:36:45,009 | INFO     | tire_tester.py:277 | Component Calculation Successful. Final Fx=1236.78, Fy=1258.98
2025-04-03 19:36:45,009 | INFO     | tire_tester.py:232 | --- Testing Components: 'Pure Brake' ---
2025-04-03 19:36:45,009 | INFO     | tire_tester.py:235 | Inputs: Fz=500.0, alpha=0.00deg, kappa=-0.080, gamma=0.00deg
2025-04-03 19:36:45,009 | DEBUG    | tire_tester.py:251 | Clamped Inputs: Fz=500.0, alpha=0.0000, kappa=-0.0800, gamma=0.0000
2025-04-03 19:36:45,009 | DEBUG    | tire_tester.py:259 | Calculated Pure Components & Forces. Fy_pure=670.50, Fx_pure=636.63
2025-04-03 19:36:45,009 | DEBUG    | tire_tester.py:268 | Calculated Combined Slip Factors. Gxa=1.0000, Gyk=0.9984
2025-04-03 19:36:45,009 | INFO     | tire_tester.py:277 | Component Calculation Successful. Final Fx=636.63, Fy=669.43
2025-04-03 19:36:45,009 | INFO     | tire_tester.py:232 | --- Testing Components: 'Pure Cornering' ---
2025-04-03 19:36:45,009 | INFO     | tire_tester.py:235 | Inputs: Fz=600.0, alpha=5.00deg, kappa=0.000, gamma=-2.00deg
2025-04-03 19:36:45,009 | DEBUG    | tire_tester.py:251 | Clamped Inputs: Fz=600.0, alpha=0.0873, kappa=0.0000, gamma=-0.0349
2025-04-03 19:36:45,009 | DEBUG    | tire_tester.py:259 | Calculated Pure Components & Forces. Fy_pure=928.12, Fx_pure=908.42
2025-04-03 19:36:45,009 | DEBUG    | tire_tester.py:268 | Calculated Combined Slip Factors. Gxa=0.9962, Gyk=1.0000
2025-04-03 19:36:45,009 | INFO     | tire_tester.py:277 | Component Calculation Successful. Final Fx=904.98, Fy=928.12
2025-04-03 19:36:45,009 | INFO     | tire_tester.py:232 | --- Testing Components: 'Cornering + Accel' ---
2025-04-03 19:36:45,009 | INFO     | tire_tester.py:235 | Inputs: Fz=700.0, alpha=4.00deg, kappa=0.050, gamma=-2.00deg
2025-04-03 19:36:45,010 | DEBUG    | tire_tester.py:251 | Clamped Inputs: Fz=700.0, alpha=0.0698, kappa=0.0500, gamma=-0.0349
2025-04-03 19:36:45,010 | DEBUG    | tire_tester.py:259 | Calculated Pure Components & Forces. Fy_pure=1230.45, Fx_pure=1219.88
2025-04-03 19:36:45,010 | DEBUG    | tire_tester.py:268 | Calculated Combined Slip Factors. Gxa=0.9976, Gyk=0.9993
2025-04-03 19:36:45,010 | INFO     | tire_tester.py:277 | Component Calculation Successful. Final Fx=1216.92, Fy=1229.62
2025-04-03 19:36:45,010 | INFO     | tire_tester.py:232 | --- Testing Components: 'Cornering + Brake' ---
2025-04-03 19:36:45,010 | INFO     | tire_tester.py:235 | Inputs: Fz=500.0, alpha=-3.00deg, kappa=-0.060, gamma=-1.00deg
2025-04-03 19:36:45,010 | DEBUG    | tire_tester.py:251 | Clamped Inputs: Fz=500.0, alpha=-0.0524, kappa=-0.0600, gamma=-0.0175
2025-04-03 19:36:45,010 | DEBUG    | tire_tester.py:259 | Calculated Pure Components & Forces. Fy_pure=646.13, Fx_pure=637.77
2025-04-03 19:36:45,010 | DEBUG    | tire_tester.py:268 | Calculated Combined Slip Factors. Gxa=0.9986, Gyk=0.9991
2025-04-03 19:36:45,010 | INFO     | tire_tester.py:277 | Component Calculation Successful. Final Fx=636.90, Fy=645.58
2025-04-03 19:36:45,010 | INFO     | tire_tester.py:232 | --- Testing Components: 'High Load Cornering' ---
2025-04-03 19:36:45,010 | INFO     | tire_tester.py:235 | Inputs: Fz=1000.0, alpha=6.00deg, kappa=0.010, gamma=-3.00deg
2025-04-03 19:36:45,010 | DEBUG    | tire_tester.py:251 | Clamped Inputs: Fz=1000.0, alpha=0.1047, kappa=0.0100, gamma=-0.0524
2025-04-03 19:36:45,010 | DEBUG    | tire_tester.py:259 | Calculated Pure Components & Forces. Fy_pure=2324.77, Fx_pure=2329.58
2025-04-03 19:36:45,010 | DEBUG    | tire_tester.py:268 | Calculated Combined Slip Factors. Gxa=0.9946, Gyk=1.0000
2025-04-03 19:36:45,010 | INFO     | tire_tester.py:277 | Component Calculation Successful. Final Fx=2316.91, Fy=2324.70
2025-04-03 19:36:45,010 | INFO     | tire_tester.py:232 | --- Testing Components: 'Low Load Braking' ---
2025-04-03 19:36:45,010 | INFO     | tire_tester.py:235 | Inputs: Fz=200.0, alpha=1.00deg, kappa=-0.150, gamma=0.00deg
2025-04-03 19:36:45,010 | DEBUG    | tire_tester.py:251 | Clamped Inputs: Fz=200.0, alpha=0.0175, kappa=-0.1500, gamma=0.0000
2025-04-03 19:36:45,010 | DEBUG    | tire_tester.py:259 | Calculated Pure Components & Forces. Fy_pure=113.77, Fx_pure=96.87
2025-04-03 19:36:45,010 | DEBUG    | tire_tester.py:268 | Calculated Combined Slip Factors. Gxa=0.9999, Gyk=0.9943
2025-04-03 19:36:45,010 | INFO     | tire_tester.py:277 | Component Calculation Successful. Final Fx=96.85, Fy=113.12
2025-04-03 19:36:45,010 | INFO     | tire_tester.py:232 | --- Testing Components: 'Clamping Fz High' ---
2025-04-03 19:36:45,011 | INFO     | tire_tester.py:235 | Inputs: Fz=1500.0, alpha=2.00deg, kappa=0.020, gamma=-1.00deg
2025-04-03 19:36:45,011 | WARNING  | v3_magic_formula.py:111 | Input(s) clamped: Fz. Original={'Fz': 1500, 'alpha': 0.03490658503988659, 'kappa': 0.02, 'gamma': -0.017453292519943295}, Clamped={'Fz': 1000.0, 'alpha': 0.03490658503988659, 'kappa': 0.02, 'gamma': -0.017453292519943295}
2025-04-03 19:36:45,011 | DEBUG    | tire_tester.py:251 | Clamped Inputs: Fz=1000.0, alpha=0.0349, kappa=0.0200, gamma=-0.0175
2025-04-03 19:36:45,011 | DEBUG    | tire_tester.py:259 | Calculated Pure Components & Forces. Fy_pure=2394.47, Fx_pure=2346.97
2025-04-03 19:36:45,011 | DEBUG    | tire_tester.py:268 | Calculated Combined Slip Factors. Gxa=0.9994, Gyk=0.9999
2025-04-03 19:36:45,011 | INFO     | tire_tester.py:277 | Component Calculation Successful. Final Fx=2345.54, Fy=2394.22
2025-04-03 19:36:45,011 | INFO     | tire_tester.py:232 | --- Testing Components: 'Clamping Alpha High' ---
2025-04-03 19:36:45,011 | INFO     | tire_tester.py:235 | Inputs: Fz=600.0, alpha=20.00deg, kappa=0.020, gamma=-1.00deg
2025-04-03 19:36:45,011 | WARNING  | v3_magic_formula.py:111 | Input(s) clamped: alpha. Original={'Fz': 600, 'alpha': 0.3490658503988659, 'kappa': 0.02, 'gamma': -0.017453292519943295}, Clamped={'Fz': 600, 'alpha': 0.3, 'kappa': 0.02, 'gamma': -0.017453292519943295}
2025-04-03 19:36:45,011 | DEBUG    | tire_tester.py:251 | Clamped Inputs: Fz=600.0, alpha=0.3000, kappa=0.0200, gamma=-0.0175
2025-04-03 19:36:45,011 | DEBUG    | tire_tester.py:259 | Calculated Pure Components & Forces. Fy_pure=988.03, Fx_pure=914.92
2025-04-03 19:36:45,011 | DEBUG    | tire_tester.py:268 | Calculated Combined Slip Factors. Gxa=0.9578, Gyk=0.9999
2025-04-03 19:36:45,011 | INFO     | tire_tester.py:277 | Component Calculation Successful. Final Fx=876.35, Fy=987.90
2025-04-03 19:36:45,011 | INFO     | tire_tester.py:232 | --- Testing Components: 'Clamping Kappa Low' ---
2025-04-03 19:36:45,011 | INFO     | tire_tester.py:235 | Inputs: Fz=600.0, alpha=2.00deg, kappa=-0.300, gamma=-1.00deg
2025-04-03 19:36:45,011 | DEBUG    | tire_tester.py:251 | Clamped Inputs: Fz=600.0, alpha=0.0349, kappa=-0.3000, gamma=-0.0175
2025-04-03 19:36:45,011 | DEBUG    | tire_tester.py:259 | Calculated Pure Components & Forces. Fy_pure=935.38, Fx_pure=847.45
2025-04-03 19:36:45,011 | DEBUG    | tire_tester.py:268 | Calculated Combined Slip Factors. Gxa=0.9994, Gyk=0.9775
2025-04-03 19:36:45,011 | INFO     | tire_tester.py:277 | Component Calculation Successful. Final Fx=846.97, Fy=914.32
2025-04-03 19:36:53,077 | INFO     | v3_magic_formula.py:33 | Initializing Pacejka Tire Model from hoosier_r20.par
2025-04-03 19:36:53,077 | INFO     | v3_magic_formula.py:55 | Loading parameters from: hoosier_r20.par
2025-04-03 19:36:53,077 | INFO     | v3_magic_formula.py:66 | Finished loading parameters from hoosier_r20.par
2025-04-03 19:36:53,077 | DEBUG    | v3_magic_formula.py:71 | Validating required parameters...
2025-04-03 19:36:53,077 | INFO     | v3_magic_formula.py:80 | All required parameters loaded successfully.
2025-04-03 19:36:53,082 | INFO     | v3_magic_formula.py:51 | Pacejka Tire Model initialized successfully.
2025-04-03 19:36:53,082 | INFO     | tire_tester.py:232 | --- Testing Components: 'Zero Slips' ---
2025-04-03 19:36:53,082 | INFO     | tire_tester.py:235 | Inputs: Fz=600.0, alpha=0.00deg, kappa=0.000, gamma=0.00deg
2025-04-03 19:36:53,082 | DEBUG    | tire_tester.py:251 | Clamped Inputs: Fz=600.0, alpha=0.0000, kappa=0.0000, gamma=0.0000
2025-04-03 19:36:53,082 | DEBUG    | tire_tester.py:259 | Calculated Pure Components & Forces. Fy_pure=946.41, Fx_pure=914.49
2025-04-03 19:36:53,082 | DEBUG    | tire_tester.py:268 | Calculated Combined Slip Factors. Gxa=1.0000, Gyk=1.0000
2025-04-03 19:36:53,082 | INFO     | tire_tester.py:277 | Component Calculation Successful. Final Fx=914.49, Fy=946.41
2025-04-03 19:36:53,083 | INFO     | tire_tester.py:232 | --- Testing Components: 'Pure Accel' ---
2025-04-03 19:36:53,083 | INFO     | tire_tester.py:235 | Inputs: Fz=700.0, alpha=0.00deg, kappa=0.100, gamma=0.00deg
2025-04-03 19:36:53,083 | DEBUG    | tire_tester.py:251 | Clamped Inputs: Fz=700.0, alpha=0.0000, kappa=0.1000, gamma=0.0000
2025-04-03 19:36:53,083 | DEBUG    | tire_tester.py:259 | Calculated Pure Components & Forces. Fy_pure=1262.12, Fx_pure=1236.78
2025-04-03 19:36:53,083 | DEBUG    | tire_tester.py:268 | Calculated Combined Slip Factors. Gxa=1.0000, Gyk=0.9975
2025-04-03 19:36:53,083 | INFO     | tire_tester.py:277 | Component Calculation Successful. Final Fx=1236.78, Fy=1258.98
2025-04-03 19:36:53,083 | INFO     | tire_tester.py:232 | --- Testing Components: 'Pure Brake' ---
2025-04-03 19:36:53,083 | INFO     | tire_tester.py:235 | Inputs: Fz=500.0, alpha=0.00deg, kappa=-0.080, gamma=0.00deg
2025-04-03 19:36:53,083 | DEBUG    | tire_tester.py:251 | Clamped Inputs: Fz=500.0, alpha=0.0000, kappa=-0.0800, gamma=0.0000
2025-04-03 19:36:53,083 | DEBUG    | tire_tester.py:259 | Calculated Pure Components & Forces. Fy_pure=670.50, Fx_pure=636.63
2025-04-03 19:36:53,083 | DEBUG    | tire_tester.py:268 | Calculated Combined Slip Factors. Gxa=1.0000, Gyk=0.9984
2025-04-03 19:36:53,083 | INFO     | tire_tester.py:277 | Component Calculation Successful. Final Fx=636.63, Fy=669.43
2025-04-03 19:36:53,083 | INFO     | tire_tester.py:232 | --- Testing Components: 'Pure Cornering' ---
2025-04-03 19:36:53,083 | INFO     | tire_tester.py:235 | Inputs: Fz=600.0, alpha=5.00deg, kappa=0.000, gamma=-2.00deg
2025-04-03 19:36:53,083 | DEBUG    | tire_tester.py:251 | Clamped Inputs: Fz=600.0, alpha=0.0873, kappa=0.0000, gamma=-0.0349
2025-04-03 19:36:53,083 | DEBUG    | tire_tester.py:259 | Calculated Pure Components & Forces. Fy_pure=928.12, Fx_pure=908.42
2025-04-03 19:36:53,083 | DEBUG    | tire_tester.py:268 | Calculated Combined Slip Factors. Gxa=0.9962, Gyk=1.0000
2025-04-03 19:36:53,083 | INFO     | tire_tester.py:277 | Component Calculation Successful. Final Fx=904.98, Fy=928.12
2025-04-03 19:36:53,083 | INFO     | tire_tester.py:232 | --- Testing Components: 'Cornering + Accel' ---
2025-04-03 19:36:53,083 | INFO     | tire_tester.py:235 | Inputs: Fz=700.0, alpha=4.00deg, kappa=0.050, gamma=-2.00deg
2025-04-03 19:36:53,083 | DEBUG    | tire_tester.py:251 | Clamped Inputs: Fz=700.0, alpha=0.0698, kappa=0.0500, gamma=-0.0349
2025-04-03 19:36:53,083 | DEBUG    | tire_tester.py:259 | Calculated Pure Components & Forces. Fy_pure=1230.45, Fx_pure=1219.88
2025-04-03 19:36:53,084 | DEBUG    | tire_tester.py:268 | Calculated Combined Slip Factors. Gxa=0.9976, Gyk=0.9993
2025-04-03 19:36:53,084 | INFO     | tire_tester.py:277 | Component Calculation Successful. Final Fx=1216.92, Fy=1229.62
2025-04-03 19:36:53,084 | INFO     | tire_tester.py:232 | --- Testing Components: 'Cornering + Brake' ---
2025-04-03 19:36:53,084 | INFO     | tire_tester.py:235 | Inputs: Fz=500.0, alpha=-3.00deg, kappa=-0.060, gamma=-1.00deg
2025-04-03 19:36:53,084 | DEBUG    | tire_tester.py:251 | Clamped Inputs: Fz=500.0, alpha=-0.0524, kappa=-0.0600, gamma=-0.0175
2025-04-03 19:36:53,084 | DEBUG    | tire_tester.py:259 | Calculated Pure Components & Forces. Fy_pure=646.13, Fx_pure=637.77
2025-04-03 19:36:53,084 | DEBUG    | tire_tester.py:268 | Calculated Combined Slip Factors. Gxa=0.9986, Gyk=0.9991
2025-04-03 19:36:53,084 | INFO     | tire_tester.py:277 | Component Calculation Successful. Final Fx=636.90, Fy=645.58
2025-04-03 19:36:53,084 | INFO     | tire_tester.py:232 | --- Testing Components: 'High Load Cornering' ---
2025-04-03 19:36:53,084 | INFO     | tire_tester.py:235 | Inputs: Fz=1000.0, alpha=6.00deg, kappa=0.010, gamma=-3.00deg
2025-04-03 19:36:53,084 | DEBUG    | tire_tester.py:251 | Clamped Inputs: Fz=1000.0, alpha=0.1047, kappa=0.0100, gamma=-0.0524
2025-04-03 19:36:53,084 | DEBUG    | tire_tester.py:259 | Calculated Pure Components & Forces. Fy_pure=2324.77, Fx_pure=2329.58
2025-04-03 19:36:53,084 | DEBUG    | tire_tester.py:268 | Calculated Combined Slip Factors. Gxa=0.9946, Gyk=1.0000
2025-04-03 19:36:53,084 | INFO     | tire_tester.py:277 | Component Calculation Successful. Final Fx=2316.91, Fy=2324.70
2025-04-03 19:36:53,084 | INFO     | tire_tester.py:232 | --- Testing Components: 'Low Load Braking' ---
2025-04-03 19:36:53,084 | INFO     | tire_tester.py:235 | Inputs: Fz=200.0, alpha=1.00deg, kappa=-0.150, gamma=0.00deg
2025-04-03 19:36:53,084 | DEBUG    | tire_tester.py:251 | Clamped Inputs: Fz=200.0, alpha=0.0175, kappa=-0.1500, gamma=0.0000
2025-04-03 19:36:53,084 | DEBUG    | tire_tester.py:259 | Calculated Pure Components & Forces. Fy_pure=113.77, Fx_pure=96.87
2025-04-03 19:36:53,084 | DEBUG    | tire_tester.py:268 | Calculated Combined Slip Factors. Gxa=0.9999, Gyk=0.9943
2025-04-03 19:36:53,084 | INFO     | tire_tester.py:277 | Component Calculation Successful. Final Fx=96.85, Fy=113.12
2025-04-03 19:36:53,084 | INFO     | tire_tester.py:232 | --- Testing Components: 'Clamping Fz High' ---
2025-04-03 19:36:53,084 | INFO     | tire_tester.py:235 | Inputs: Fz=1500.0, alpha=2.00deg, kappa=0.020, gamma=-1.00deg
2025-04-03 19:36:53,085 | WARNING  | v3_magic_formula.py:111 | Input(s) clamped: Fz. Original={'Fz': 1500, 'alpha': 0.03490658503988659, 'kappa': 0.02, 'gamma': -0.017453292519943295}, Clamped={'Fz': 1000.0, 'alpha': 0.03490658503988659, 'kappa': 0.02, 'gamma': -0.017453292519943295}
2025-04-03 19:36:53,085 | DEBUG    | tire_tester.py:251 | Clamped Inputs: Fz=1000.0, alpha=0.0349, kappa=0.0200, gamma=-0.0175
2025-04-03 19:36:53,085 | DEBUG    | tire_tester.py:259 | Calculated Pure Components & Forces. Fy_pure=2394.47, Fx_pure=2346.97
2025-04-03 19:36:53,085 | DEBUG    | tire_tester.py:268 | Calculated Combined Slip Factors. Gxa=0.9994, Gyk=0.9999
2025-04-03 19:36:53,085 | INFO     | tire_tester.py:277 | Component Calculation Successful. Final Fx=2345.54, Fy=2394.22
2025-04-03 19:36:53,085 | INFO     | tire_tester.py:232 | --- Testing Components: 'Clamping Alpha High' ---
2025-04-03 19:36:53,085 | INFO     | tire_tester.py:235 | Inputs: Fz=600.0, alpha=20.00deg, kappa=0.020, gamma=-1.00deg
2025-04-03 19:36:53,085 | WARNING  | v3_magic_formula.py:111 | Input(s) clamped: alpha. Original={'Fz': 600, 'alpha': 0.3490658503988659, 'kappa': 0.02, 'gamma': -0.017453292519943295}, Clamped={'Fz': 600, 'alpha': 0.3, 'kappa': 0.02, 'gamma': -0.017453292519943295}
2025-04-03 19:36:53,085 | DEBUG    | tire_tester.py:251 | Clamped Inputs: Fz=600.0, alpha=0.3000, kappa=0.0200, gamma=-0.0175
2025-04-03 19:36:53,085 | DEBUG    | tire_tester.py:259 | Calculated Pure Components & Forces. Fy_pure=988.03, Fx_pure=914.92
2025-04-03 19:36:53,085 | DEBUG    | tire_tester.py:268 | Calculated Combined Slip Factors. Gxa=0.9578, Gyk=0.9999
2025-04-03 19:36:53,085 | INFO     | tire_tester.py:277 | Component Calculation Successful. Final Fx=876.35, Fy=987.90
2025-04-03 19:36:53,085 | INFO     | tire_tester.py:232 | --- Testing Components: 'Clamping Kappa Low' ---
2025-04-03 19:36:53,085 | INFO     | tire_tester.py:235 | Inputs: Fz=600.0, alpha=2.00deg, kappa=-0.300, gamma=-1.00deg
2025-04-03 19:36:53,085 | DEBUG    | tire_tester.py:251 | Clamped Inputs: Fz=600.0, alpha=0.0349, kappa=-0.3000, gamma=-0.0175
2025-04-03 19:36:53,085 | DEBUG    | tire_tester.py:259 | Calculated Pure Components & Forces. Fy_pure=935.38, Fx_pure=847.45
2025-04-03 19:36:53,085 | DEBUG    | tire_tester.py:268 | Calculated Combined Slip Factors. Gxa=0.9994, Gyk=0.9775
2025-04-03 19:36:53,085 | INFO     | tire_tester.py:277 | Component Calculation Successful. Final Fx=846.97, Fy=914.32
2025-04-03 19:37:09,903 | INFO     | v3_magic_formula.py:33 | Initializing Pacejka Tire Model from hoosier_r20.par
2025-04-03 19:37:09,903 | INFO     | v3_magic_formula.py:55 | Loading parameters from: hoosier_r20.par
2025-04-03 19:37:09,903 | INFO     | v3_magic_formula.py:66 | Finished loading parameters from hoosier_r20.par
2025-04-03 19:37:09,903 | DEBUG    | v3_magic_formula.py:71 | Validating required parameters...
2025-04-03 19:37:09,903 | INFO     | v3_magic_formula.py:80 | All required parameters loaded successfully.
2025-04-03 19:37:09,908 | INFO     | v3_magic_formula.py:51 | Pacejka Tire Model initialized successfully.
2025-04-03 19:37:09,908 | INFO     | tire_tester.py:232 | --- Testing Components: 'Zero Slips' ---
2025-04-03 19:37:09,908 | INFO     | tire_tester.py:235 | Inputs: Fz=600.0, alpha=0.00deg, kappa=0.000, gamma=0.00deg
2025-04-03 19:37:09,908 | DEBUG    | tire_tester.py:251 | Clamped Inputs: Fz=600.0, alpha=0.0000, kappa=0.0000, gamma=0.0000
2025-04-03 19:37:09,908 | DEBUG    | tire_tester.py:259 | Calculated Pure Components & Forces. Fy_pure=946.41, Fx_pure=914.49
2025-04-03 19:37:09,908 | DEBUG    | tire_tester.py:268 | Calculated Combined Slip Factors. Gxa=1.0000, Gyk=1.0000
2025-04-03 19:37:09,908 | INFO     | tire_tester.py:277 | Component Calculation Successful. Final Fx=914.49, Fy=946.41
2025-04-03 19:37:09,908 | INFO     | tire_tester.py:232 | --- Testing Components: 'Pure Accel' ---
2025-04-03 19:37:09,909 | INFO     | tire_tester.py:235 | Inputs: Fz=700.0, alpha=0.00deg, kappa=0.100, gamma=0.00deg
2025-04-03 19:37:09,909 | DEBUG    | tire_tester.py:251 | Clamped Inputs: Fz=700.0, alpha=0.0000, kappa=0.1000, gamma=0.0000
2025-04-03 19:37:09,909 | DEBUG    | tire_tester.py:259 | Calculated Pure Components & Forces. Fy_pure=1262.12, Fx_pure=1236.78
2025-04-03 19:37:09,909 | DEBUG    | tire_tester.py:268 | Calculated Combined Slip Factors. Gxa=1.0000, Gyk=0.9975
2025-04-03 19:37:09,909 | INFO     | tire_tester.py:277 | Component Calculation Successful. Final Fx=1236.78, Fy=1258.98
2025-04-03 19:37:09,909 | INFO     | tire_tester.py:232 | --- Testing Components: 'Pure Brake' ---
2025-04-03 19:37:09,909 | INFO     | tire_tester.py:235 | Inputs: Fz=500.0, alpha=0.00deg, kappa=-0.080, gamma=0.00deg
2025-04-03 19:37:09,909 | DEBUG    | tire_tester.py:251 | Clamped Inputs: Fz=500.0, alpha=0.0000, kappa=-0.0800, gamma=0.0000
2025-04-03 19:37:09,909 | DEBUG    | tire_tester.py:259 | Calculated Pure Components & Forces. Fy_pure=670.50, Fx_pure=636.63
2025-04-03 19:37:09,909 | DEBUG    | tire_tester.py:268 | Calculated Combined Slip Factors. Gxa=1.0000, Gyk=0.9984
2025-04-03 19:37:09,909 | INFO     | tire_tester.py:277 | Component Calculation Successful. Final Fx=636.63, Fy=669.43
2025-04-03 19:37:09,909 | INFO     | tire_tester.py:232 | --- Testing Components: 'Pure Cornering' ---
2025-04-03 19:37:09,909 | INFO     | tire_tester.py:235 | Inputs: Fz=600.0, alpha=5.00deg, kappa=0.000, gamma=-2.00deg
2025-04-03 19:37:09,909 | DEBUG    | tire_tester.py:251 | Clamped Inputs: Fz=600.0, alpha=0.0873, kappa=0.0000, gamma=-0.0349
2025-04-03 19:37:09,909 | DEBUG    | tire_tester.py:259 | Calculated Pure Components & Forces. Fy_pure=928.12, Fx_pure=908.42
2025-04-03 19:37:09,909 | DEBUG    | tire_tester.py:268 | Calculated Combined Slip Factors. Gxa=0.9962, Gyk=1.0000
2025-04-03 19:37:09,909 | INFO     | tire_tester.py:277 | Component Calculation Successful. Final Fx=904.98, Fy=928.12
2025-04-03 19:37:09,909 | INFO     | tire_tester.py:232 | --- Testing Components: 'Cornering + Accel' ---
2025-04-03 19:37:09,909 | INFO     | tire_tester.py:235 | Inputs: Fz=700.0, alpha=4.00deg, kappa=0.050, gamma=-2.00deg
2025-04-03 19:37:09,910 | DEBUG    | tire_tester.py:251 | Clamped Inputs: Fz=700.0, alpha=0.0698, kappa=0.0500, gamma=-0.0349
2025-04-03 19:37:09,910 | DEBUG    | tire_tester.py:259 | Calculated Pure Components & Forces. Fy_pure=1230.45, Fx_pure=1219.88
2025-04-03 19:37:09,910 | DEBUG    | tire_tester.py:268 | Calculated Combined Slip Factors. Gxa=0.9976, Gyk=0.9993
2025-04-03 19:37:09,910 | INFO     | tire_tester.py:277 | Component Calculation Successful. Final Fx=1216.92, Fy=1229.62
2025-04-03 19:37:09,910 | INFO     | tire_tester.py:232 | --- Testing Components: 'Cornering + Brake' ---
2025-04-03 19:37:09,910 | INFO     | tire_tester.py:235 | Inputs: Fz=500.0, alpha=-3.00deg, kappa=-0.060, gamma=-1.00deg
2025-04-03 19:37:09,910 | DEBUG    | tire_tester.py:251 | Clamped Inputs: Fz=500.0, alpha=-0.0524, kappa=-0.0600, gamma=-0.0175
2025-04-03 19:37:09,910 | DEBUG    | tire_tester.py:259 | Calculated Pure Components & Forces. Fy_pure=646.13, Fx_pure=637.77
2025-04-03 19:37:09,910 | DEBUG    | tire_tester.py:268 | Calculated Combined Slip Factors. Gxa=0.9986, Gyk=0.9991
2025-04-03 19:37:09,910 | INFO     | tire_tester.py:277 | Component Calculation Successful. Final Fx=636.90, Fy=645.58
2025-04-03 19:37:09,910 | INFO     | tire_tester.py:232 | --- Testing Components: 'High Load Cornering' ---
2025-04-03 19:37:09,910 | INFO     | tire_tester.py:235 | Inputs: Fz=1000.0, alpha=6.00deg, kappa=0.010, gamma=-3.00deg
2025-04-03 19:37:09,910 | DEBUG    | tire_tester.py:251 | Clamped Inputs: Fz=1000.0, alpha=0.1047, kappa=0.0100, gamma=-0.0524
2025-04-03 19:37:09,910 | DEBUG    | tire_tester.py:259 | Calculated Pure Components & Forces. Fy_pure=2324.77, Fx_pure=2329.58
2025-04-03 19:37:09,910 | DEBUG    | tire_tester.py:268 | Calculated Combined Slip Factors. Gxa=0.9946, Gyk=1.0000
2025-04-03 19:37:09,910 | INFO     | tire_tester.py:277 | Component Calculation Successful. Final Fx=2316.91, Fy=2324.70
2025-04-03 19:37:09,910 | INFO     | tire_tester.py:232 | --- Testing Components: 'Low Load Braking' ---
2025-04-03 19:37:09,910 | INFO     | tire_tester.py:235 | Inputs: Fz=200.0, alpha=1.00deg, kappa=-0.150, gamma=0.00deg
2025-04-03 19:37:09,910 | DEBUG    | tire_tester.py:251 | Clamped Inputs: Fz=200.0, alpha=0.0175, kappa=-0.1500, gamma=0.0000
2025-04-03 19:37:09,910 | DEBUG    | tire_tester.py:259 | Calculated Pure Components & Forces. Fy_pure=113.77, Fx_pure=96.87
2025-04-03 19:37:09,911 | DEBUG    | tire_tester.py:268 | Calculated Combined Slip Factors. Gxa=0.9999, Gyk=0.9943
2025-04-03 19:37:09,911 | INFO     | tire_tester.py:277 | Component Calculation Successful. Final Fx=96.85, Fy=113.12
2025-04-03 19:37:09,911 | INFO     | tire_tester.py:232 | --- Testing Components: 'Clamping Fz High' ---
2025-04-03 19:37:09,911 | INFO     | tire_tester.py:235 | Inputs: Fz=1500.0, alpha=2.00deg, kappa=0.020, gamma=-1.00deg
2025-04-03 19:37:09,911 | WARNING  | v3_magic_formula.py:111 | Input(s) clamped: Fz. Original={'Fz': 1500, 'alpha': 0.03490658503988659, 'kappa': 0.02, 'gamma': -0.017453292519943295}, Clamped={'Fz': 1000.0, 'alpha': 0.03490658503988659, 'kappa': 0.02, 'gamma': -0.017453292519943295}
2025-04-03 19:37:09,911 | DEBUG    | tire_tester.py:251 | Clamped Inputs: Fz=1000.0, alpha=0.0349, kappa=0.0200, gamma=-0.0175
2025-04-03 19:37:09,911 | DEBUG    | tire_tester.py:259 | Calculated Pure Components & Forces. Fy_pure=2394.47, Fx_pure=2346.97
2025-04-03 19:37:09,911 | DEBUG    | tire_tester.py:268 | Calculated Combined Slip Factors. Gxa=0.9994, Gyk=0.9999
2025-04-03 19:37:09,911 | INFO     | tire_tester.py:277 | Component Calculation Successful. Final Fx=2345.54, Fy=2394.22
2025-04-03 19:37:09,911 | INFO     | tire_tester.py:232 | --- Testing Components: 'Clamping Alpha High' ---
2025-04-03 19:37:09,911 | INFO     | tire_tester.py:235 | Inputs: Fz=600.0, alpha=20.00deg, kappa=0.020, gamma=-1.00deg
2025-04-03 19:37:09,911 | WARNING  | v3_magic_formula.py:111 | Input(s) clamped: alpha. Original={'Fz': 600, 'alpha': 0.3490658503988659, 'kappa': 0.02, 'gamma': -0.017453292519943295}, Clamped={'Fz': 600, 'alpha': 0.3, 'kappa': 0.02, 'gamma': -0.017453292519943295}
2025-04-03 19:37:09,911 | DEBUG    | tire_tester.py:251 | Clamped Inputs: Fz=600.0, alpha=0.3000, kappa=0.0200, gamma=-0.0175
2025-04-03 19:37:09,911 | DEBUG    | tire_tester.py:259 | Calculated Pure Components & Forces. Fy_pure=988.03, Fx_pure=914.92
2025-04-03 19:37:09,911 | DEBUG    | tire_tester.py:268 | Calculated Combined Slip Factors. Gxa=0.9578, Gyk=0.9999
2025-04-03 19:37:09,911 | INFO     | tire_tester.py:277 | Component Calculation Successful. Final Fx=876.35, Fy=987.90
2025-04-03 19:37:09,911 | INFO     | tire_tester.py:232 | --- Testing Components: 'Clamping Kappa Low' ---
2025-04-03 19:37:09,911 | INFO     | tire_tester.py:235 | Inputs: Fz=600.0, alpha=2.00deg, kappa=-0.300, gamma=-1.00deg
2025-04-03 19:37:09,912 | DEBUG    | tire_tester.py:251 | Clamped Inputs: Fz=600.0, alpha=0.0349, kappa=-0.3000, gamma=-0.0175
2025-04-03 19:37:09,912 | DEBUG    | tire_tester.py:259 | Calculated Pure Components & Forces. Fy_pure=935.38, Fx_pure=847.45
2025-04-03 19:37:09,912 | DEBUG    | tire_tester.py:268 | Calculated Combined Slip Factors. Gxa=0.9994, Gyk=0.9775
2025-04-03 19:37:09,912 | INFO     | tire_tester.py:277 | Component Calculation Successful. Final Fx=846.97, Fy=914.32
2025-04-03 19:37:15,043 | INFO     | v3_magic_formula.py:33 | Initializing Pacejka Tire Model from hoosier_r20.par
2025-04-03 19:37:15,043 | INFO     | v3_magic_formula.py:55 | Loading parameters from: hoosier_r20.par
2025-04-03 19:37:15,043 | INFO     | v3_magic_formula.py:66 | Finished loading parameters from hoosier_r20.par
2025-04-03 19:37:15,043 | DEBUG    | v3_magic_formula.py:71 | Validating required parameters...
2025-04-03 19:37:15,043 | INFO     | v3_magic_formula.py:80 | All required parameters loaded successfully.
2025-04-03 19:37:15,048 | INFO     | v3_magic_formula.py:51 | Pacejka Tire Model initialized successfully.
2025-04-03 19:37:15,048 | INFO     | tire_tester.py:232 | --- Testing Components: 'Zero Slips' ---
2025-04-03 19:37:15,048 | INFO     | tire_tester.py:235 | Inputs: Fz=600.0, alpha=0.00deg, kappa=0.000, gamma=0.00deg
2025-04-03 19:37:15,048 | DEBUG    | tire_tester.py:251 | Clamped Inputs: Fz=600.0, alpha=0.0000, kappa=0.0000, gamma=0.0000
2025-04-03 19:37:15,048 | DEBUG    | tire_tester.py:259 | Calculated Pure Components & Forces. Fy_pure=946.41, Fx_pure=914.49
2025-04-03 19:37:15,048 | DEBUG    | tire_tester.py:268 | Calculated Combined Slip Factors. Gxa=1.0000, Gyk=1.0000
2025-04-03 19:37:15,048 | INFO     | tire_tester.py:277 | Component Calculation Successful. Final Fx=914.49, Fy=946.41
2025-04-03 19:37:15,048 | INFO     | tire_tester.py:232 | --- Testing Components: 'Pure Accel' ---
2025-04-03 19:37:15,048 | INFO     | tire_tester.py:235 | Inputs: Fz=700.0, alpha=0.00deg, kappa=0.100, gamma=0.00deg
2025-04-03 19:37:15,048 | DEBUG    | tire_tester.py:251 | Clamped Inputs: Fz=700.0, alpha=0.0000, kappa=0.1000, gamma=0.0000
2025-04-03 19:37:15,048 | DEBUG    | tire_tester.py:259 | Calculated Pure Components & Forces. Fy_pure=1262.12, Fx_pure=1236.78
2025-04-03 19:37:15,049 | DEBUG    | tire_tester.py:268 | Calculated Combined Slip Factors. Gxa=1.0000, Gyk=0.9975
2025-04-03 19:37:15,049 | INFO     | tire_tester.py:277 | Component Calculation Successful. Final Fx=1236.78, Fy=1258.98
2025-04-03 19:37:15,049 | INFO     | tire_tester.py:232 | --- Testing Components: 'Pure Brake' ---
2025-04-03 19:37:15,049 | INFO     | tire_tester.py:235 | Inputs: Fz=500.0, alpha=0.00deg, kappa=-0.080, gamma=0.00deg
2025-04-03 19:37:15,049 | DEBUG    | tire_tester.py:251 | Clamped Inputs: Fz=500.0, alpha=0.0000, kappa=-0.0800, gamma=0.0000
2025-04-03 19:37:15,049 | DEBUG    | tire_tester.py:259 | Calculated Pure Components & Forces. Fy_pure=670.50, Fx_pure=636.63
2025-04-03 19:37:15,049 | DEBUG    | tire_tester.py:268 | Calculated Combined Slip Factors. Gxa=1.0000, Gyk=0.9984
2025-04-03 19:37:15,049 | INFO     | tire_tester.py:277 | Component Calculation Successful. Final Fx=636.63, Fy=669.43
2025-04-03 19:37:15,049 | INFO     | tire_tester.py:232 | --- Testing Components: 'Pure Cornering' ---
2025-04-03 19:37:15,049 | INFO     | tire_tester.py:235 | Inputs: Fz=600.0, alpha=5.00deg, kappa=0.000, gamma=-2.00deg
2025-04-03 19:37:15,049 | DEBUG    | tire_tester.py:251 | Clamped Inputs: Fz=600.0, alpha=0.0873, kappa=0.0000, gamma=-0.0349
2025-04-03 19:37:15,049 | DEBUG    | tire_tester.py:259 | Calculated Pure Components & Forces. Fy_pure=928.12, Fx_pure=908.42
2025-04-03 19:37:15,049 | DEBUG    | tire_tester.py:268 | Calculated Combined Slip Factors. Gxa=0.9962, Gyk=1.0000
2025-04-03 19:37:15,049 | INFO     | tire_tester.py:277 | Component Calculation Successful. Final Fx=904.98, Fy=928.12
2025-04-03 19:37:15,049 | INFO     | tire_tester.py:232 | --- Testing Components: 'Cornering + Accel' ---
2025-04-03 19:37:15,049 | INFO     | tire_tester.py:235 | Inputs: Fz=700.0, alpha=4.00deg, kappa=0.050, gamma=-2.00deg
2025-04-03 19:37:15,049 | DEBUG    | tire_tester.py:251 | Clamped Inputs: Fz=700.0, alpha=0.0698, kappa=0.0500, gamma=-0.0349
2025-04-03 19:37:15,049 | DEBUG    | tire_tester.py:259 | Calculated Pure Components & Forces. Fy_pure=1230.45, Fx_pure=1219.88
2025-04-03 19:37:15,049 | DEBUG    | tire_tester.py:268 | Calculated Combined Slip Factors. Gxa=0.9976, Gyk=0.9993
2025-04-03 19:37:15,049 | INFO     | tire_tester.py:277 | Component Calculation Successful. Final Fx=1216.92, Fy=1229.62
2025-04-03 19:37:15,049 | INFO     | tire_tester.py:232 | --- Testing Components: 'Cornering + Brake' ---
2025-04-03 19:37:15,049 | INFO     | tire_tester.py:235 | Inputs: Fz=500.0, alpha=-3.00deg, kappa=-0.060, gamma=-1.00deg
2025-04-03 19:37:15,049 | DEBUG    | tire_tester.py:251 | Clamped Inputs: Fz=500.0, alpha=-0.0524, kappa=-0.0600, gamma=-0.0175
2025-04-03 19:37:15,050 | DEBUG    | tire_tester.py:259 | Calculated Pure Components & Forces. Fy_pure=646.13, Fx_pure=637.77
2025-04-03 19:37:15,050 | DEBUG    | tire_tester.py:268 | Calculated Combined Slip Factors. Gxa=0.9986, Gyk=0.9991
2025-04-03 19:37:15,050 | INFO     | tire_tester.py:277 | Component Calculation Successful. Final Fx=636.90, Fy=645.58
2025-04-03 19:37:15,050 | INFO     | tire_tester.py:232 | --- Testing Components: 'High Load Cornering' ---
2025-04-03 19:37:15,050 | INFO     | tire_tester.py:235 | Inputs: Fz=1000.0, alpha=6.00deg, kappa=0.010, gamma=-3.00deg
2025-04-03 19:37:15,050 | DEBUG    | tire_tester.py:251 | Clamped Inputs: Fz=1000.0, alpha=0.1047, kappa=0.0100, gamma=-0.0524
2025-04-03 19:37:15,050 | DEBUG    | tire_tester.py:259 | Calculated Pure Components & Forces. Fy_pure=2324.77, Fx_pure=2329.58
2025-04-03 19:37:15,050 | DEBUG    | tire_tester.py:268 | Calculated Combined Slip Factors. Gxa=0.9946, Gyk=1.0000
2025-04-03 19:37:15,050 | INFO     | tire_tester.py:277 | Component Calculation Successful. Final Fx=2316.91, Fy=2324.70
2025-04-03 19:37:15,050 | INFO     | tire_tester.py:232 | --- Testing Components: 'Low Load Braking' ---
2025-04-03 19:37:15,050 | INFO     | tire_tester.py:235 | Inputs: Fz=200.0, alpha=1.00deg, kappa=-0.150, gamma=0.00deg
2025-04-03 19:37:15,050 | DEBUG    | tire_tester.py:251 | Clamped Inputs: Fz=200.0, alpha=0.0175, kappa=-0.1500, gamma=0.0000
2025-04-03 19:37:15,050 | DEBUG    | tire_tester.py:259 | Calculated Pure Components & Forces. Fy_pure=113.77, Fx_pure=96.87
2025-04-03 19:37:15,050 | DEBUG    | tire_tester.py:268 | Calculated Combined Slip Factors. Gxa=0.9999, Gyk=0.9943
2025-04-03 19:37:15,050 | INFO     | tire_tester.py:277 | Component Calculation Successful. Final Fx=96.85, Fy=113.12
2025-04-03 19:37:15,050 | INFO     | tire_tester.py:232 | --- Testing Components: 'Clamping Fz High' ---
2025-04-03 19:37:15,050 | INFO     | tire_tester.py:235 | Inputs: Fz=1500.0, alpha=2.00deg, kappa=0.020, gamma=-1.00deg
2025-04-03 19:37:15,050 | WARNING  | v3_magic_formula.py:111 | Input(s) clamped: Fz. Original={'Fz': 1500, 'alpha': 0.03490658503988659, 'kappa': 0.02, 'gamma': -0.017453292519943295}, Clamped={'Fz': 1000.0, 'alpha': 0.03490658503988659, 'kappa': 0.02, 'gamma': -0.017453292519943295}
2025-04-03 19:37:15,050 | DEBUG    | tire_tester.py:251 | Clamped Inputs: Fz=1000.0, alpha=0.0349, kappa=0.0200, gamma=-0.0175
2025-04-03 19:37:15,050 | DEBUG    | tire_tester.py:259 | Calculated Pure Components & Forces. Fy_pure=2394.47, Fx_pure=2346.97
2025-04-03 19:37:15,050 | DEBUG    | tire_tester.py:268 | Calculated Combined Slip Factors. Gxa=0.9994, Gyk=0.9999
2025-04-03 19:37:15,050 | INFO     | tire_tester.py:277 | Component Calculation Successful. Final Fx=2345.54, Fy=2394.22
2025-04-03 19:37:15,051 | INFO     | tire_tester.py:232 | --- Testing Components: 'Clamping Alpha High' ---
2025-04-03 19:37:15,051 | INFO     | tire_tester.py:235 | Inputs: Fz=600.0, alpha=20.00deg, kappa=0.020, gamma=-1.00deg
2025-04-03 19:37:15,051 | WARNING  | v3_magic_formula.py:111 | Input(s) clamped: alpha. Original={'Fz': 600, 'alpha': 0.3490658503988659, 'kappa': 0.02, 'gamma': -0.017453292519943295}, Clamped={'Fz': 600, 'alpha': 0.3, 'kappa': 0.02, 'gamma': -0.017453292519943295}
2025-04-03 19:37:15,051 | DEBUG    | tire_tester.py:251 | Clamped Inputs: Fz=600.0, alpha=0.3000, kappa=0.0200, gamma=-0.0175
2025-04-03 19:37:15,051 | DEBUG    | tire_tester.py:259 | Calculated Pure Components & Forces. Fy_pure=988.03, Fx_pure=914.92
2025-04-03 19:37:15,051 | DEBUG    | tire_tester.py:268 | Calculated Combined Slip Factors. Gxa=0.9578, Gyk=0.9999
2025-04-03 19:37:15,051 | INFO     | tire_tester.py:277 | Component Calculation Successful. Final Fx=876.35, Fy=987.90
2025-04-03 19:37:15,051 | INFO     | tire_tester.py:232 | --- Testing Components: 'Clamping Kappa Low' ---
2025-04-03 19:37:15,051 | INFO     | tire_tester.py:235 | Inputs: Fz=600.0, alpha=2.00deg, kappa=-0.300, gamma=-1.00deg
2025-04-03 19:37:15,051 | DEBUG    | tire_tester.py:251 | Clamped Inputs: Fz=600.0, alpha=0.0349, kappa=-0.3000, gamma=-0.0175
2025-04-03 19:37:15,051 | DEBUG    | tire_tester.py:259 | Calculated Pure Components & Forces. Fy_pure=935.38, Fx_pure=847.45
2025-04-03 19:37:15,051 | DEBUG    | tire_tester.py:268 | Calculated Combined Slip Factors. Gxa=0.9994, Gyk=0.9775
2025-04-03 19:37:15,051 | INFO     | tire_tester.py:277 | Component Calculation Successful. Final Fx=846.97, Fy=914.32
2025-04-03 19:38:03,576 | INFO     | v3_magic_formula.py:33 | Initializing Pacejka Tire Model from hoosier_r20.par
2025-04-03 19:38:03,577 | INFO     | v3_magic_formula.py:55 | Loading parameters from: hoosier_r20.par
2025-04-03 19:38:03,577 | INFO     | v3_magic_formula.py:66 | Finished loading parameters from hoosier_r20.par
2025-04-03 19:38:03,577 | DEBUG    | v3_magic_formula.py:71 | Validating required parameters...
2025-04-03 19:38:03,577 | INFO     | v3_magic_formula.py:80 | All required parameters loaded successfully.
2025-04-03 19:38:03,582 | INFO     | v3_magic_formula.py:51 | Pacejka Tire Model initialized successfully.
2025-04-03 19:38:03,582 | INFO     | tire_tester.py:232 | --- Testing Components: 'Zero Slips' ---
2025-04-03 19:38:03,582 | INFO     | tire_tester.py:235 | Inputs: Fz=600.0, alpha=0.00deg, kappa=0.000, gamma=0.00deg
2025-04-03 19:38:03,582 | DEBUG    | tire_tester.py:251 | Clamped Inputs: Fz=600.0, alpha=0.0000, kappa=0.0000, gamma=0.0000
2025-04-03 19:38:03,582 | DEBUG    | tire_tester.py:259 | Calculated Pure Components & Forces. Fy_pure=946.41, Fx_pure=914.49
2025-04-03 19:38:03,582 | DEBUG    | tire_tester.py:268 | Calculated Combined Slip Factors. Gxa=1.0000, Gyk=1.0000
2025-04-03 19:38:03,582 | INFO     | tire_tester.py:277 | Component Calculation Successful. Final Fx=914.49, Fy=946.41
2025-04-03 19:38:03,582 | INFO     | tire_tester.py:232 | --- Testing Components: 'Pure Accel' ---
2025-04-03 19:38:03,582 | INFO     | tire_tester.py:235 | Inputs: Fz=700.0, alpha=0.00deg, kappa=0.100, gamma=0.00deg
2025-04-03 19:38:03,582 | DEBUG    | tire_tester.py:251 | Clamped Inputs: Fz=700.0, alpha=0.0000, kappa=0.1000, gamma=0.0000
2025-04-03 19:38:03,582 | DEBUG    | tire_tester.py:259 | Calculated Pure Components & Forces. Fy_pure=1262.12, Fx_pure=1236.78
2025-04-03 19:38:03,582 | DEBUG    | tire_tester.py:268 | Calculated Combined Slip Factors. Gxa=1.0000, Gyk=0.9975
2025-04-03 19:38:03,582 | INFO     | tire_tester.py:277 | Component Calculation Successful. Final Fx=1236.78, Fy=1258.98
2025-04-03 19:38:03,583 | INFO     | tire_tester.py:232 | --- Testing Components: 'Pure Brake' ---
2025-04-03 19:38:03,583 | INFO     | tire_tester.py:235 | Inputs: Fz=500.0, alpha=0.00deg, kappa=-0.080, gamma=0.00deg
2025-04-03 19:38:03,583 | DEBUG    | tire_tester.py:251 | Clamped Inputs: Fz=500.0, alpha=0.0000, kappa=-0.0800, gamma=0.0000
2025-04-03 19:38:03,583 | DEBUG    | tire_tester.py:259 | Calculated Pure Components & Forces. Fy_pure=670.50, Fx_pure=636.63
2025-04-03 19:38:03,583 | DEBUG    | tire_tester.py:268 | Calculated Combined Slip Factors. Gxa=1.0000, Gyk=0.9984
2025-04-03 19:38:03,583 | INFO     | tire_tester.py:277 | Component Calculation Successful. Final Fx=636.63, Fy=669.43
2025-04-03 19:38:03,583 | INFO     | tire_tester.py:232 | --- Testing Components: 'Pure Cornering' ---
2025-04-03 19:38:03,583 | INFO     | tire_tester.py:235 | Inputs: Fz=600.0, alpha=5.00deg, kappa=0.000, gamma=-2.00deg
2025-04-03 19:38:03,583 | DEBUG    | tire_tester.py:251 | Clamped Inputs: Fz=600.0, alpha=0.0873, kappa=0.0000, gamma=-0.0349
2025-04-03 19:38:03,583 | DEBUG    | tire_tester.py:259 | Calculated Pure Components & Forces. Fy_pure=928.12, Fx_pure=908.42
2025-04-03 19:38:03,583 | DEBUG    | tire_tester.py:268 | Calculated Combined Slip Factors. Gxa=0.9962, Gyk=1.0000
2025-04-03 19:38:03,583 | INFO     | tire_tester.py:277 | Component Calculation Successful. Final Fx=904.98, Fy=928.12
2025-04-03 19:38:03,583 | INFO     | tire_tester.py:232 | --- Testing Components: 'Cornering + Accel' ---
2025-04-03 19:38:03,583 | INFO     | tire_tester.py:235 | Inputs: Fz=700.0, alpha=4.00deg, kappa=0.050, gamma=-2.00deg
2025-04-03 19:38:03,583 | DEBUG    | tire_tester.py:251 | Clamped Inputs: Fz=700.0, alpha=0.0698, kappa=0.0500, gamma=-0.0349
2025-04-03 19:38:03,583 | DEBUG    | tire_tester.py:259 | Calculated Pure Components & Forces. Fy_pure=1230.45, Fx_pure=1219.88
2025-04-03 19:38:03,583 | DEBUG    | tire_tester.py:268 | Calculated Combined Slip Factors. Gxa=0.9976, Gyk=0.9993
2025-04-03 19:38:03,583 | INFO     | tire_tester.py:277 | Component Calculation Successful. Final Fx=1216.92, Fy=1229.62
2025-04-03 19:38:03,583 | INFO     | tire_tester.py:232 | --- Testing Components: 'Cornering + Brake' ---
2025-04-03 19:38:03,583 | INFO     | tire_tester.py:235 | Inputs: Fz=500.0, alpha=-3.00deg, kappa=-0.060, gamma=-1.00deg
2025-04-03 19:38:03,583 | DEBUG    | tire_tester.py:251 | Clamped Inputs: Fz=500.0, alpha=-0.0524, kappa=-0.0600, gamma=-0.0175
2025-04-03 19:38:03,583 | DEBUG    | tire_tester.py:259 | Calculated Pure Components & Forces. Fy_pure=646.13, Fx_pure=637.77
2025-04-03 19:38:03,584 | DEBUG    | tire_tester.py:268 | Calculated Combined Slip Factors. Gxa=0.9986, Gyk=0.9991
2025-04-03 19:38:03,584 | INFO     | tire_tester.py:277 | Component Calculation Successful. Final Fx=636.90, Fy=645.58
2025-04-03 19:38:03,584 | INFO     | tire_tester.py:232 | --- Testing Components: 'High Load Cornering' ---
2025-04-03 19:38:03,584 | INFO     | tire_tester.py:235 | Inputs: Fz=1000.0, alpha=6.00deg, kappa=0.010, gamma=-3.00deg
2025-04-03 19:38:03,584 | DEBUG    | tire_tester.py:251 | Clamped Inputs: Fz=1000.0, alpha=0.1047, kappa=0.0100, gamma=-0.0524
2025-04-03 19:38:03,584 | DEBUG    | tire_tester.py:259 | Calculated Pure Components & Forces. Fy_pure=2324.77, Fx_pure=2329.58
2025-04-03 19:38:03,584 | DEBUG    | tire_tester.py:268 | Calculated Combined Slip Factors. Gxa=0.9946, Gyk=1.0000
2025-04-03 19:38:03,584 | INFO     | tire_tester.py:277 | Component Calculation Successful. Final Fx=2316.91, Fy=2324.70
2025-04-03 19:38:03,584 | INFO     | tire_tester.py:232 | --- Testing Components: 'Low Load Braking' ---
2025-04-03 19:38:03,584 | INFO     | tire_tester.py:235 | Inputs: Fz=200.0, alpha=1.00deg, kappa=-0.150, gamma=0.00deg
2025-04-03 19:38:03,584 | DEBUG    | tire_tester.py:251 | Clamped Inputs: Fz=200.0, alpha=0.0175, kappa=-0.1500, gamma=0.0000
2025-04-03 19:38:03,584 | DEBUG    | tire_tester.py:259 | Calculated Pure Components & Forces. Fy_pure=113.77, Fx_pure=96.87
2025-04-03 19:38:03,584 | DEBUG    | tire_tester.py:268 | Calculated Combined Slip Factors. Gxa=0.9999, Gyk=0.9943
2025-04-03 19:38:03,584 | INFO     | tire_tester.py:277 | Component Calculation Successful. Final Fx=96.85, Fy=113.12
2025-04-03 19:38:03,584 | INFO     | tire_tester.py:232 | --- Testing Components: 'Clamping Fz High' ---
2025-04-03 19:38:03,584 | INFO     | tire_tester.py:235 | Inputs: Fz=1500.0, alpha=2.00deg, kappa=0.020, gamma=-1.00deg
2025-04-03 19:38:03,584 | WARNING  | v3_magic_formula.py:111 | Input(s) clamped: Fz. Original={'Fz': 1500, 'alpha': 0.03490658503988659, 'kappa': 0.02, 'gamma': -0.017453292519943295}, Clamped={'Fz': 1000.0, 'alpha': 0.03490658503988659, 'kappa': 0.02, 'gamma': -0.017453292519943295}
2025-04-03 19:38:03,584 | DEBUG    | tire_tester.py:251 | Clamped Inputs: Fz=1000.0, alpha=0.0349, kappa=0.0200, gamma=-0.0175
2025-04-03 19:38:03,584 | DEBUG    | tire_tester.py:259 | Calculated Pure Components & Forces. Fy_pure=2394.47, Fx_pure=2346.97
2025-04-03 19:38:03,584 | DEBUG    | tire_tester.py:268 | Calculated Combined Slip Factors. Gxa=0.9994, Gyk=0.9999
2025-04-03 19:38:03,584 | INFO     | tire_tester.py:277 | Component Calculation Successful. Final Fx=2345.54, Fy=2394.22
2025-04-03 19:38:03,584 | INFO     | tire_tester.py:232 | --- Testing Components: 'Clamping Alpha High' ---
2025-04-03 19:38:03,584 | INFO     | tire_tester.py:235 | Inputs: Fz=600.0, alpha=20.00deg, kappa=0.020, gamma=-1.00deg
2025-04-03 19:38:03,585 | WARNING  | v3_magic_formula.py:111 | Input(s) clamped: alpha. Original={'Fz': 600, 'alpha': 0.3490658503988659, 'kappa': 0.02, 'gamma': -0.017453292519943295}, Clamped={'Fz': 600, 'alpha': 0.3, 'kappa': 0.02, 'gamma': -0.017453292519943295}
2025-04-03 19:38:03,585 | DEBUG    | tire_tester.py:251 | Clamped Inputs: Fz=600.0, alpha=0.3000, kappa=0.0200, gamma=-0.0175
2025-04-03 19:38:03,585 | DEBUG    | tire_tester.py:259 | Calculated Pure Components & Forces. Fy_pure=988.03, Fx_pure=914.92
2025-04-03 19:38:03,585 | DEBUG    | tire_tester.py:268 | Calculated Combined Slip Factors. Gxa=0.9578, Gyk=0.9999
2025-04-03 19:38:03,585 | INFO     | tire_tester.py:277 | Component Calculation Successful. Final Fx=876.35, Fy=987.90
2025-04-03 19:38:03,585 | INFO     | tire_tester.py:232 | --- Testing Components: 'Clamping Kappa Low' ---
2025-04-03 19:38:03,585 | INFO     | tire_tester.py:235 | Inputs: Fz=600.0, alpha=2.00deg, kappa=-0.300, gamma=-1.00deg
2025-04-03 19:38:03,585 | DEBUG    | tire_tester.py:251 | Clamped Inputs: Fz=600.0, alpha=0.0349, kappa=-0.3000, gamma=-0.0175
2025-04-03 19:38:03,585 | DEBUG    | tire_tester.py:259 | Calculated Pure Components & Forces. Fy_pure=935.38, Fx_pure=847.45
2025-04-03 19:38:03,585 | DEBUG    | tire_tester.py:268 | Calculated Combined Slip Factors. Gxa=0.9994, Gyk=0.9775
2025-04-03 19:38:03,585 | INFO     | tire_tester.py:277 | Component Calculation Successful. Final Fx=846.97, Fy=914.32
2025-04-03 19:39:58,338 | INFO     | v3_magic_formula.py:33 | Initializing Pacejka Tire Model from hoosier_r20.par
2025-04-03 19:39:58,338 | INFO     | v3_magic_formula.py:55 | Loading parameters from: hoosier_r20.par
2025-04-03 19:39:58,338 | INFO     | v3_magic_formula.py:66 | Finished loading parameters from hoosier_r20.par
2025-04-03 19:39:58,338 | DEBUG    | v3_magic_formula.py:71 | Validating required parameters...
2025-04-03 19:39:58,338 | INFO     | v3_magic_formula.py:80 | All required parameters loaded successfully.
2025-04-03 19:39:58,343 | INFO     | v3_magic_formula.py:51 | Pacejka Tire Model initialized successfully.
2025-04-03 19:39:58,343 | INFO     | tire_tester.py:232 | --- Testing Components: 'Zero Slips' ---
2025-04-03 19:39:58,343 | INFO     | tire_tester.py:235 | Inputs: Fz=600.0, alpha=0.00deg, kappa=0.000, gamma=0.00deg
2025-04-03 19:39:58,343 | DEBUG    | tire_tester.py:251 | Clamped Inputs: Fz=600.0, alpha=0.0000, kappa=0.0000, gamma=0.0000
2025-04-03 19:39:58,343 | DEBUG    | tire_tester.py:259 | Calculated Pure Components & Forces. Fy_pure=946.41, Fx_pure=914.49
2025-04-03 19:39:58,343 | DEBUG    | tire_tester.py:268 | Calculated Combined Slip Factors. Gxa=1.0000, Gyk=1.0000
2025-04-03 19:39:58,344 | INFO     | tire_tester.py:277 | Component Calculation Successful. Final Fx=914.49, Fy=946.41
2025-04-03 19:39:58,344 | INFO     | tire_tester.py:232 | --- Testing Components: 'Pure Accel' ---
2025-04-03 19:39:58,344 | INFO     | tire_tester.py:235 | Inputs: Fz=700.0, alpha=0.00deg, kappa=0.100, gamma=0.00deg
2025-04-03 19:39:58,344 | DEBUG    | tire_tester.py:251 | Clamped Inputs: Fz=700.0, alpha=0.0000, kappa=0.1000, gamma=0.0000
2025-04-03 19:39:58,344 | DEBUG    | tire_tester.py:259 | Calculated Pure Components & Forces. Fy_pure=1262.12, Fx_pure=1236.78
2025-04-03 19:39:58,344 | DEBUG    | tire_tester.py:268 | Calculated Combined Slip Factors. Gxa=1.0000, Gyk=0.9975
2025-04-03 19:39:58,344 | INFO     | tire_tester.py:277 | Component Calculation Successful. Final Fx=1236.78, Fy=1258.98
2025-04-03 19:39:58,344 | INFO     | tire_tester.py:232 | --- Testing Components: 'Pure Brake' ---
2025-04-03 19:39:58,344 | INFO     | tire_tester.py:235 | Inputs: Fz=500.0, alpha=0.00deg, kappa=-0.080, gamma=0.00deg
2025-04-03 19:39:58,344 | DEBUG    | tire_tester.py:251 | Clamped Inputs: Fz=500.0, alpha=0.0000, kappa=-0.0800, gamma=0.0000
2025-04-03 19:39:58,344 | DEBUG    | tire_tester.py:259 | Calculated Pure Components & Forces. Fy_pure=670.50, Fx_pure=636.63
2025-04-03 19:39:58,344 | DEBUG    | tire_tester.py:268 | Calculated Combined Slip Factors. Gxa=1.0000, Gyk=0.9984
2025-04-03 19:39:58,344 | INFO     | tire_tester.py:277 | Component Calculation Successful. Final Fx=636.63, Fy=669.43
2025-04-03 19:39:58,344 | INFO     | tire_tester.py:232 | --- Testing Components: 'Pure Cornering' ---
2025-04-03 19:39:58,344 | INFO     | tire_tester.py:235 | Inputs: Fz=600.0, alpha=5.00deg, kappa=0.000, gamma=-2.00deg
2025-04-03 19:39:58,344 | DEBUG    | tire_tester.py:251 | Clamped Inputs: Fz=600.0, alpha=0.0873, kappa=0.0000, gamma=-0.0349
2025-04-03 19:39:58,344 | DEBUG    | tire_tester.py:259 | Calculated Pure Components & Forces. Fy_pure=928.12, Fx_pure=908.42
2025-04-03 19:39:58,344 | DEBUG    | tire_tester.py:268 | Calculated Combined Slip Factors. Gxa=0.9962, Gyk=1.0000
2025-04-03 19:39:58,344 | INFO     | tire_tester.py:277 | Component Calculation Successful. Final Fx=904.98, Fy=928.12
2025-04-03 19:39:58,344 | INFO     | tire_tester.py:232 | --- Testing Components: 'Cornering + Accel' ---
2025-04-03 19:39:58,344 | INFO     | tire_tester.py:235 | Inputs: Fz=700.0, alpha=4.00deg, kappa=0.050, gamma=-2.00deg
2025-04-03 19:39:58,345 | DEBUG    | tire_tester.py:251 | Clamped Inputs: Fz=700.0, alpha=0.0698, kappa=0.0500, gamma=-0.0349
2025-04-03 19:39:58,345 | DEBUG    | tire_tester.py:259 | Calculated Pure Components & Forces. Fy_pure=1230.45, Fx_pure=1219.88
2025-04-03 19:39:58,345 | DEBUG    | tire_tester.py:268 | Calculated Combined Slip Factors. Gxa=0.9976, Gyk=0.9993
2025-04-03 19:39:58,345 | INFO     | tire_tester.py:277 | Component Calculation Successful. Final Fx=1216.92, Fy=1229.62
2025-04-03 19:39:58,345 | INFO     | tire_tester.py:232 | --- Testing Components: 'Cornering + Brake' ---
2025-04-03 19:39:58,345 | INFO     | tire_tester.py:235 | Inputs: Fz=500.0, alpha=-3.00deg, kappa=-0.060, gamma=-1.00deg
2025-04-03 19:39:58,345 | DEBUG    | tire_tester.py:251 | Clamped Inputs: Fz=500.0, alpha=-0.0524, kappa=-0.0600, gamma=-0.0175
2025-04-03 19:39:58,345 | DEBUG    | tire_tester.py:259 | Calculated Pure Components & Forces. Fy_pure=646.13, Fx_pure=637.77
2025-04-03 19:39:58,345 | DEBUG    | tire_tester.py:268 | Calculated Combined Slip Factors. Gxa=0.9986, Gyk=0.9991
2025-04-03 19:39:58,345 | INFO     | tire_tester.py:277 | Component Calculation Successful. Final Fx=636.90, Fy=645.58
2025-04-03 19:39:58,345 | INFO     | tire_tester.py:232 | --- Testing Components: 'High Load Cornering' ---
2025-04-03 19:39:58,345 | INFO     | tire_tester.py:235 | Inputs: Fz=1000.0, alpha=6.00deg, kappa=0.010, gamma=-3.00deg
2025-04-03 19:39:58,345 | DEBUG    | tire_tester.py:251 | Clamped Inputs: Fz=1000.0, alpha=0.1047, kappa=0.0100, gamma=-0.0524
2025-04-03 19:39:58,345 | DEBUG    | tire_tester.py:259 | Calculated Pure Components & Forces. Fy_pure=2324.77, Fx_pure=2329.58
2025-04-03 19:39:58,345 | DEBUG    | tire_tester.py:268 | Calculated Combined Slip Factors. Gxa=0.9946, Gyk=1.0000
2025-04-03 19:39:58,345 | INFO     | tire_tester.py:277 | Component Calculation Successful. Final Fx=2316.91, Fy=2324.70
2025-04-03 19:39:58,345 | INFO     | tire_tester.py:232 | --- Testing Components: 'Low Load Braking' ---
2025-04-03 19:39:58,345 | INFO     | tire_tester.py:235 | Inputs: Fz=200.0, alpha=1.00deg, kappa=-0.150, gamma=0.00deg
2025-04-03 19:39:58,345 | DEBUG    | tire_tester.py:251 | Clamped Inputs: Fz=200.0, alpha=0.0175, kappa=-0.1500, gamma=0.0000
2025-04-03 19:39:58,345 | DEBUG    | tire_tester.py:259 | Calculated Pure Components & Forces. Fy_pure=113.77, Fx_pure=96.87
2025-04-03 19:39:58,345 | DEBUG    | tire_tester.py:268 | Calculated Combined Slip Factors. Gxa=0.9999, Gyk=0.9943
2025-04-03 19:39:58,345 | INFO     | tire_tester.py:277 | Component Calculation Successful. Final Fx=96.85, Fy=113.12
2025-04-03 19:39:58,345 | INFO     | tire_tester.py:232 | --- Testing Components: 'Clamping Fz High' ---
2025-04-03 19:39:58,345 | INFO     | tire_tester.py:235 | Inputs: Fz=1500.0, alpha=2.00deg, kappa=0.020, gamma=-1.00deg
2025-04-03 19:39:58,346 | WARNING  | v3_magic_formula.py:111 | Input(s) clamped: Fz. Original={'Fz': 1500, 'alpha': 0.03490658503988659, 'kappa': 0.02, 'gamma': -0.017453292519943295}, Clamped={'Fz': 1000.0, 'alpha': 0.03490658503988659, 'kappa': 0.02, 'gamma': -0.017453292519943295}
2025-04-03 19:39:58,346 | DEBUG    | tire_tester.py:251 | Clamped Inputs: Fz=1000.0, alpha=0.0349, kappa=0.0200, gamma=-0.0175
2025-04-03 19:39:58,346 | DEBUG    | tire_tester.py:259 | Calculated Pure Components & Forces. Fy_pure=2394.47, Fx_pure=2346.97
2025-04-03 19:39:58,346 | DEBUG    | tire_tester.py:268 | Calculated Combined Slip Factors. Gxa=0.9994, Gyk=0.9999
2025-04-03 19:39:58,346 | INFO     | tire_tester.py:277 | Component Calculation Successful. Final Fx=2345.54, Fy=2394.22
2025-04-03 19:39:58,346 | INFO     | tire_tester.py:232 | --- Testing Components: 'Clamping Alpha High' ---
2025-04-03 19:39:58,346 | INFO     | tire_tester.py:235 | Inputs: Fz=600.0, alpha=20.00deg, kappa=0.020, gamma=-1.00deg
2025-04-03 19:39:58,346 | WARNING  | v3_magic_formula.py:111 | Input(s) clamped: alpha. Original={'Fz': 600, 'alpha': 0.3490658503988659, 'kappa': 0.02, 'gamma': -0.017453292519943295}, Clamped={'Fz': 600, 'alpha': 0.3, 'kappa': 0.02, 'gamma': -0.017453292519943295}
2025-04-03 19:39:58,346 | DEBUG    | tire_tester.py:251 | Clamped Inputs: Fz=600.0, alpha=0.3000, kappa=0.0200, gamma=-0.0175
2025-04-03 19:39:58,346 | DEBUG    | tire_tester.py:259 | Calculated Pure Components & Forces. Fy_pure=988.03, Fx_pure=914.92
2025-04-03 19:39:58,346 | DEBUG    | tire_tester.py:268 | Calculated Combined Slip Factors. Gxa=0.9578, Gyk=0.9999
2025-04-03 19:39:58,346 | INFO     | tire_tester.py:277 | Component Calculation Successful. Final Fx=876.35, Fy=987.90
2025-04-03 19:39:58,346 | INFO     | tire_tester.py:232 | --- Testing Components: 'Clamping Kappa Low' ---
2025-04-03 19:39:58,346 | INFO     | tire_tester.py:235 | Inputs: Fz=600.0, alpha=2.00deg, kappa=-0.300, gamma=-1.00deg
2025-04-03 19:39:58,346 | DEBUG    | tire_tester.py:251 | Clamped Inputs: Fz=600.0, alpha=0.0349, kappa=-0.3000, gamma=-0.0175
2025-04-03 19:39:58,346 | DEBUG    | tire_tester.py:259 | Calculated Pure Components & Forces. Fy_pure=935.38, Fx_pure=847.45
2025-04-03 19:39:58,346 | DEBUG    | tire_tester.py:268 | Calculated Combined Slip Factors. Gxa=0.9994, Gyk=0.9775
2025-04-03 19:39:58,346 | INFO     | tire_tester.py:277 | Component Calculation Successful. Final Fx=846.97, Fy=914.32
2025-04-03 19:40:02,396 | INFO     | v3_magic_formula.py:33 | Initializing Pacejka Tire Model from hoosier_r20.par
2025-04-03 19:40:02,396 | INFO     | v3_magic_formula.py:55 | Loading parameters from: hoosier_r20.par
2025-04-03 19:40:02,396 | INFO     | v3_magic_formula.py:66 | Finished loading parameters from hoosier_r20.par
2025-04-03 19:40:02,396 | DEBUG    | v3_magic_formula.py:71 | Validating required parameters...
2025-04-03 19:40:02,396 | INFO     | v3_magic_formula.py:80 | All required parameters loaded successfully.
2025-04-03 19:40:02,401 | INFO     | v3_magic_formula.py:51 | Pacejka Tire Model initialized successfully.
2025-04-03 19:40:02,401 | INFO     | tire_tester.py:232 | --- Testing Components: 'Zero Slips' ---
2025-04-03 19:40:02,401 | INFO     | tire_tester.py:235 | Inputs: Fz=600.0, alpha=0.00deg, kappa=0.000, gamma=0.00deg
2025-04-03 19:40:02,402 | DEBUG    | tire_tester.py:251 | Clamped Inputs: Fz=600.0, alpha=0.0000, kappa=0.0000, gamma=0.0000
2025-04-03 19:40:02,402 | DEBUG    | tire_tester.py:259 | Calculated Pure Components & Forces. Fy_pure=946.41, Fx_pure=914.49
2025-04-03 19:40:02,402 | DEBUG    | tire_tester.py:268 | Calculated Combined Slip Factors. Gxa=1.0000, Gyk=1.0000
2025-04-03 19:40:02,402 | INFO     | tire_tester.py:277 | Component Calculation Successful. Final Fx=914.49, Fy=946.41
2025-04-03 19:40:02,402 | INFO     | tire_tester.py:232 | --- Testing Components: 'Pure Accel' ---
2025-04-03 19:40:02,402 | INFO     | tire_tester.py:235 | Inputs: Fz=700.0, alpha=0.00deg, kappa=0.100, gamma=0.00deg
2025-04-03 19:40:02,402 | DEBUG    | tire_tester.py:251 | Clamped Inputs: Fz=700.0, alpha=0.0000, kappa=0.1000, gamma=0.0000
2025-04-03 19:40:02,402 | DEBUG    | tire_tester.py:259 | Calculated Pure Components & Forces. Fy_pure=1262.12, Fx_pure=1236.78
2025-04-03 19:40:02,402 | DEBUG    | tire_tester.py:268 | Calculated Combined Slip Factors. Gxa=1.0000, Gyk=0.9975
2025-04-03 19:40:02,402 | INFO     | tire_tester.py:277 | Component Calculation Successful. Final Fx=1236.78, Fy=1258.98
2025-04-03 19:40:02,402 | INFO     | tire_tester.py:232 | --- Testing Components: 'Pure Brake' ---
2025-04-03 19:40:02,402 | INFO     | tire_tester.py:235 | Inputs: Fz=500.0, alpha=0.00deg, kappa=-0.080, gamma=0.00deg
2025-04-03 19:40:02,402 | DEBUG    | tire_tester.py:251 | Clamped Inputs: Fz=500.0, alpha=0.0000, kappa=-0.0800, gamma=0.0000
2025-04-03 19:40:02,402 | DEBUG    | tire_tester.py:259 | Calculated Pure Components & Forces. Fy_pure=670.50, Fx_pure=636.63
2025-04-03 19:40:02,402 | DEBUG    | tire_tester.py:268 | Calculated Combined Slip Factors. Gxa=1.0000, Gyk=0.9984
2025-04-03 19:40:02,402 | INFO     | tire_tester.py:277 | Component Calculation Successful. Final Fx=636.63, Fy=669.43
2025-04-03 19:40:02,402 | INFO     | tire_tester.py:232 | --- Testing Components: 'Pure Cornering' ---
2025-04-03 19:40:02,402 | INFO     | tire_tester.py:235 | Inputs: Fz=600.0, alpha=5.00deg, kappa=0.000, gamma=-2.00deg
2025-04-03 19:40:02,402 | DEBUG    | tire_tester.py:251 | Clamped Inputs: Fz=600.0, alpha=0.0873, kappa=0.0000, gamma=-0.0349
2025-04-03 19:40:02,402 | DEBUG    | tire_tester.py:259 | Calculated Pure Components & Forces. Fy_pure=928.12, Fx_pure=908.42
2025-04-03 19:40:02,402 | DEBUG    | tire_tester.py:268 | Calculated Combined Slip Factors. Gxa=0.9962, Gyk=1.0000
2025-04-03 19:40:02,403 | INFO     | tire_tester.py:277 | Component Calculation Successful. Final Fx=904.98, Fy=928.12
2025-04-03 19:40:02,403 | INFO     | tire_tester.py:232 | --- Testing Components: 'Cornering + Accel' ---
2025-04-03 19:40:02,403 | INFO     | tire_tester.py:235 | Inputs: Fz=700.0, alpha=4.00deg, kappa=0.050, gamma=-2.00deg
2025-04-03 19:40:02,403 | DEBUG    | tire_tester.py:251 | Clamped Inputs: Fz=700.0, alpha=0.0698, kappa=0.0500, gamma=-0.0349
2025-04-03 19:40:02,403 | DEBUG    | tire_tester.py:259 | Calculated Pure Components & Forces. Fy_pure=1230.45, Fx_pure=1219.88
2025-04-03 19:40:02,403 | DEBUG    | tire_tester.py:268 | Calculated Combined Slip Factors. Gxa=0.9976, Gyk=0.9993
2025-04-03 19:40:02,403 | INFO     | tire_tester.py:277 | Component Calculation Successful. Final Fx=1216.92, Fy=1229.62
2025-04-03 19:40:02,403 | INFO     | tire_tester.py:232 | --- Testing Components: 'Cornering + Brake' ---
2025-04-03 19:40:02,403 | INFO     | tire_tester.py:235 | Inputs: Fz=500.0, alpha=-3.00deg, kappa=-0.060, gamma=-1.00deg
2025-04-03 19:40:02,403 | DEBUG    | tire_tester.py:251 | Clamped Inputs: Fz=500.0, alpha=-0.0524, kappa=-0.0600, gamma=-0.0175
2025-04-03 19:40:02,403 | DEBUG    | tire_tester.py:259 | Calculated Pure Components & Forces. Fy_pure=646.13, Fx_pure=637.77
2025-04-03 19:40:02,403 | DEBUG    | tire_tester.py:268 | Calculated Combined Slip Factors. Gxa=0.9986, Gyk=0.9991
2025-04-03 19:40:02,403 | INFO     | tire_tester.py:277 | Component Calculation Successful. Final Fx=636.90, Fy=645.58
2025-04-03 19:40:02,403 | INFO     | tire_tester.py:232 | --- Testing Components: 'High Load Cornering' ---
2025-04-03 19:40:02,403 | INFO     | tire_tester.py:235 | Inputs: Fz=1000.0, alpha=6.00deg, kappa=0.010, gamma=-3.00deg
2025-04-03 19:40:02,403 | DEBUG    | tire_tester.py:251 | Clamped Inputs: Fz=1000.0, alpha=0.1047, kappa=0.0100, gamma=-0.0524
2025-04-03 19:40:02,403 | DEBUG    | tire_tester.py:259 | Calculated Pure Components & Forces. Fy_pure=2324.77, Fx_pure=2329.58
2025-04-03 19:40:02,403 | DEBUG    | tire_tester.py:268 | Calculated Combined Slip Factors. Gxa=0.9946, Gyk=1.0000
2025-04-03 19:40:02,403 | INFO     | tire_tester.py:277 | Component Calculation Successful. Final Fx=2316.91, Fy=2324.70
2025-04-03 19:40:02,403 | INFO     | tire_tester.py:232 | --- Testing Components: 'Low Load Braking' ---
2025-04-03 19:40:02,403 | INFO     | tire_tester.py:235 | Inputs: Fz=200.0, alpha=1.00deg, kappa=-0.150, gamma=0.00deg
2025-04-03 19:40:02,403 | DEBUG    | tire_tester.py:251 | Clamped Inputs: Fz=200.0, alpha=0.0175, kappa=-0.1500, gamma=0.0000
2025-04-03 19:40:02,403 | DEBUG    | tire_tester.py:259 | Calculated Pure Components & Forces. Fy_pure=113.77, Fx_pure=96.87
2025-04-03 19:40:02,404 | DEBUG    | tire_tester.py:268 | Calculated Combined Slip Factors. Gxa=0.9999, Gyk=0.9943
2025-04-03 19:40:02,404 | INFO     | tire_tester.py:277 | Component Calculation Successful. Final Fx=96.85, Fy=113.12
2025-04-03 19:40:02,404 | INFO     | tire_tester.py:232 | --- Testing Components: 'Clamping Fz High' ---
2025-04-03 19:40:02,404 | INFO     | tire_tester.py:235 | Inputs: Fz=1500.0, alpha=2.00deg, kappa=0.020, gamma=-1.00deg
2025-04-03 19:40:02,404 | WARNING  | v3_magic_formula.py:111 | Input(s) clamped: Fz. Original={'Fz': 1500, 'alpha': 0.03490658503988659, 'kappa': 0.02, 'gamma': -0.017453292519943295}, Clamped={'Fz': 1000.0, 'alpha': 0.03490658503988659, 'kappa': 0.02, 'gamma': -0.017453292519943295}
2025-04-03 19:40:02,404 | DEBUG    | tire_tester.py:251 | Clamped Inputs: Fz=1000.0, alpha=0.0349, kappa=0.0200, gamma=-0.0175
2025-04-03 19:40:02,404 | DEBUG    | tire_tester.py:259 | Calculated Pure Components & Forces. Fy_pure=2394.47, Fx_pure=2346.97
2025-04-03 19:40:02,404 | DEBUG    | tire_tester.py:268 | Calculated Combined Slip Factors. Gxa=0.9994, Gyk=0.9999
2025-04-03 19:40:02,404 | INFO     | tire_tester.py:277 | Component Calculation Successful. Final Fx=2345.54, Fy=2394.22
2025-04-03 19:40:02,404 | INFO     | tire_tester.py:232 | --- Testing Components: 'Clamping Alpha High' ---
2025-04-03 19:40:02,404 | INFO     | tire_tester.py:235 | Inputs: Fz=600.0, alpha=20.00deg, kappa=0.020, gamma=-1.00deg
2025-04-03 19:40:02,404 | WARNING  | v3_magic_formula.py:111 | Input(s) clamped: alpha. Original={'Fz': 600, 'alpha': 0.3490658503988659, 'kappa': 0.02, 'gamma': -0.017453292519943295}, Clamped={'Fz': 600, 'alpha': 0.3, 'kappa': 0.02, 'gamma': -0.017453292519943295}
2025-04-03 19:40:02,404 | DEBUG    | tire_tester.py:251 | Clamped Inputs: Fz=600.0, alpha=0.3000, kappa=0.0200, gamma=-0.0175
2025-04-03 19:40:02,404 | DEBUG    | tire_tester.py:259 | Calculated Pure Components & Forces. Fy_pure=988.03, Fx_pure=914.92
2025-04-03 19:40:02,404 | DEBUG    | tire_tester.py:268 | Calculated Combined Slip Factors. Gxa=0.9578, Gyk=0.9999
2025-04-03 19:40:02,404 | INFO     | tire_tester.py:277 | Component Calculation Successful. Final Fx=876.35, Fy=987.90
2025-04-03 19:40:02,404 | INFO     | tire_tester.py:232 | --- Testing Components: 'Clamping Kappa Low' ---
2025-04-03 19:40:02,404 | INFO     | tire_tester.py:235 | Inputs: Fz=600.0, alpha=2.00deg, kappa=-0.300, gamma=-1.00deg
2025-04-03 19:40:02,404 | DEBUG    | tire_tester.py:251 | Clamped Inputs: Fz=600.0, alpha=0.0349, kappa=-0.3000, gamma=-0.0175
2025-04-03 19:40:02,404 | DEBUG    | tire_tester.py:259 | Calculated Pure Components & Forces. Fy_pure=935.38, Fx_pure=847.45
2025-04-03 19:40:02,404 | DEBUG    | tire_tester.py:268 | Calculated Combined Slip Factors. Gxa=0.9994, Gyk=0.9775
2025-04-03 19:40:02,404 | INFO     | tire_tester.py:277 | Component Calculation Successful. Final Fx=846.97, Fy=914.32
2025-04-03 19:40:06,860 | INFO     | v3_magic_formula.py:33 | Initializing Pacejka Tire Model from hoosier_r20.par
2025-04-03 19:40:06,861 | INFO     | v3_magic_formula.py:55 | Loading parameters from: hoosier_r20.par
2025-04-03 19:40:06,861 | INFO     | v3_magic_formula.py:66 | Finished loading parameters from hoosier_r20.par
2025-04-03 19:40:06,861 | DEBUG    | v3_magic_formula.py:71 | Validating required parameters...
2025-04-03 19:40:06,861 | INFO     | v3_magic_formula.py:80 | All required parameters loaded successfully.
2025-04-03 19:40:06,866 | INFO     | v3_magic_formula.py:51 | Pacejka Tire Model initialized successfully.
2025-04-03 19:40:06,866 | INFO     | tire_tester.py:232 | --- Testing Components: 'Zero Slips' ---
2025-04-03 19:40:06,866 | INFO     | tire_tester.py:235 | Inputs: Fz=600.0, alpha=0.00deg, kappa=0.000, gamma=0.00deg
2025-04-03 19:40:06,866 | DEBUG    | tire_tester.py:251 | Clamped Inputs: Fz=600.0, alpha=0.0000, kappa=0.0000, gamma=0.0000
2025-04-03 19:40:06,866 | DEBUG    | tire_tester.py:259 | Calculated Pure Components & Forces. Fy_pure=946.41, Fx_pure=914.49
2025-04-03 19:40:06,866 | DEBUG    | tire_tester.py:268 | Calculated Combined Slip Factors. Gxa=1.0000, Gyk=1.0000
2025-04-03 19:40:06,866 | INFO     | tire_tester.py:277 | Component Calculation Successful. Final Fx=914.49, Fy=946.41
2025-04-03 19:40:06,866 | INFO     | tire_tester.py:232 | --- Testing Components: 'Pure Accel' ---
2025-04-03 19:40:06,866 | INFO     | tire_tester.py:235 | Inputs: Fz=700.0, alpha=0.00deg, kappa=0.100, gamma=0.00deg
2025-04-03 19:40:06,866 | DEBUG    | tire_tester.py:251 | Clamped Inputs: Fz=700.0, alpha=0.0000, kappa=0.1000, gamma=0.0000
2025-04-03 19:40:06,866 | DEBUG    | tire_tester.py:259 | Calculated Pure Components & Forces. Fy_pure=1262.12, Fx_pure=1236.78
2025-04-03 19:40:06,866 | DEBUG    | tire_tester.py:268 | Calculated Combined Slip Factors. Gxa=1.0000, Gyk=0.9975
2025-04-03 19:40:06,866 | INFO     | tire_tester.py:277 | Component Calculation Successful. Final Fx=1236.78, Fy=1258.98
2025-04-03 19:40:06,867 | INFO     | tire_tester.py:232 | --- Testing Components: 'Pure Brake' ---
2025-04-03 19:40:06,867 | INFO     | tire_tester.py:235 | Inputs: Fz=500.0, alpha=0.00deg, kappa=-0.080, gamma=0.00deg
2025-04-03 19:40:06,867 | DEBUG    | tire_tester.py:251 | Clamped Inputs: Fz=500.0, alpha=0.0000, kappa=-0.0800, gamma=0.0000
2025-04-03 19:40:06,867 | DEBUG    | tire_tester.py:259 | Calculated Pure Components & Forces. Fy_pure=670.50, Fx_pure=636.63
2025-04-03 19:40:06,867 | DEBUG    | tire_tester.py:268 | Calculated Combined Slip Factors. Gxa=1.0000, Gyk=0.9984
2025-04-03 19:40:06,867 | INFO     | tire_tester.py:277 | Component Calculation Successful. Final Fx=636.63, Fy=669.43
2025-04-03 19:40:06,867 | INFO     | tire_tester.py:232 | --- Testing Components: 'Pure Cornering' ---
2025-04-03 19:40:06,867 | INFO     | tire_tester.py:235 | Inputs: Fz=600.0, alpha=5.00deg, kappa=0.000, gamma=-2.00deg
2025-04-03 19:40:06,867 | DEBUG    | tire_tester.py:251 | Clamped Inputs: Fz=600.0, alpha=0.0873, kappa=0.0000, gamma=-0.0349
2025-04-03 19:40:06,867 | DEBUG    | tire_tester.py:259 | Calculated Pure Components & Forces. Fy_pure=928.12, Fx_pure=908.42
2025-04-03 19:40:06,867 | DEBUG    | tire_tester.py:268 | Calculated Combined Slip Factors. Gxa=0.9962, Gyk=1.0000
2025-04-03 19:40:06,867 | INFO     | tire_tester.py:277 | Component Calculation Successful. Final Fx=904.98, Fy=928.12
2025-04-03 19:40:06,867 | INFO     | tire_tester.py:232 | --- Testing Components: 'Cornering + Accel' ---
2025-04-03 19:40:06,867 | INFO     | tire_tester.py:235 | Inputs: Fz=700.0, alpha=4.00deg, kappa=0.050, gamma=-2.00deg
2025-04-03 19:40:06,867 | DEBUG    | tire_tester.py:251 | Clamped Inputs: Fz=700.0, alpha=0.0698, kappa=0.0500, gamma=-0.0349
2025-04-03 19:40:06,867 | DEBUG    | tire_tester.py:259 | Calculated Pure Components & Forces. Fy_pure=1230.45, Fx_pure=1219.88
2025-04-03 19:40:06,867 | DEBUG    | tire_tester.py:268 | Calculated Combined Slip Factors. Gxa=0.9976, Gyk=0.9993
2025-04-03 19:40:06,867 | INFO     | tire_tester.py:277 | Component Calculation Successful. Final Fx=1216.92, Fy=1229.62
2025-04-03 19:40:06,867 | INFO     | tire_tester.py:232 | --- Testing Components: 'Cornering + Brake' ---
2025-04-03 19:40:06,867 | INFO     | tire_tester.py:235 | Inputs: Fz=500.0, alpha=-3.00deg, kappa=-0.060, gamma=-1.00deg
2025-04-03 19:40:06,867 | DEBUG    | tire_tester.py:251 | Clamped Inputs: Fz=500.0, alpha=-0.0524, kappa=-0.0600, gamma=-0.0175
2025-04-03 19:40:06,868 | DEBUG    | tire_tester.py:259 | Calculated Pure Components & Forces. Fy_pure=646.13, Fx_pure=637.77
2025-04-03 19:40:06,868 | DEBUG    | tire_tester.py:268 | Calculated Combined Slip Factors. Gxa=0.9986, Gyk=0.9991
2025-04-03 19:40:06,868 | INFO     | tire_tester.py:277 | Component Calculation Successful. Final Fx=636.90, Fy=645.58
2025-04-03 19:40:06,868 | INFO     | tire_tester.py:232 | --- Testing Components: 'High Load Cornering' ---
2025-04-03 19:40:06,868 | INFO     | tire_tester.py:235 | Inputs: Fz=1000.0, alpha=6.00deg, kappa=0.010, gamma=-3.00deg
2025-04-03 19:40:06,868 | DEBUG    | tire_tester.py:251 | Clamped Inputs: Fz=1000.0, alpha=0.1047, kappa=0.0100, gamma=-0.0524
2025-04-03 19:40:06,868 | DEBUG    | tire_tester.py:259 | Calculated Pure Components & Forces. Fy_pure=2324.77, Fx_pure=2329.58
2025-04-03 19:40:06,868 | DEBUG    | tire_tester.py:268 | Calculated Combined Slip Factors. Gxa=0.9946, Gyk=1.0000
2025-04-03 19:40:06,868 | INFO     | tire_tester.py:277 | Component Calculation Successful. Final Fx=2316.91, Fy=2324.70
2025-04-03 19:40:06,868 | INFO     | tire_tester.py:232 | --- Testing Components: 'Low Load Braking' ---
2025-04-03 19:40:06,868 | INFO     | tire_tester.py:235 | Inputs: Fz=200.0, alpha=1.00deg, kappa=-0.150, gamma=0.00deg
2025-04-03 19:40:06,868 | DEBUG    | tire_tester.py:251 | Clamped Inputs: Fz=200.0, alpha=0.0175, kappa=-0.1500, gamma=0.0000
2025-04-03 19:40:06,868 | DEBUG    | tire_tester.py:259 | Calculated Pure Components & Forces. Fy_pure=113.77, Fx_pure=96.87
2025-04-03 19:40:06,868 | DEBUG    | tire_tester.py:268 | Calculated Combined Slip Factors. Gxa=0.9999, Gyk=0.9943
2025-04-03 19:40:06,868 | INFO     | tire_tester.py:277 | Component Calculation Successful. Final Fx=96.85, Fy=113.12
2025-04-03 19:40:06,868 | INFO     | tire_tester.py:232 | --- Testing Components: 'Clamping Fz High' ---
2025-04-03 19:40:06,868 | INFO     | tire_tester.py:235 | Inputs: Fz=1500.0, alpha=2.00deg, kappa=0.020, gamma=-1.00deg
2025-04-03 19:40:06,868 | WARNING  | v3_magic_formula.py:111 | Input(s) clamped: Fz. Original={'Fz': 1500, 'alpha': 0.03490658503988659, 'kappa': 0.02, 'gamma': -0.017453292519943295}, Clamped={'Fz': 1000.0, 'alpha': 0.03490658503988659, 'kappa': 0.02, 'gamma': -0.017453292519943295}
2025-04-03 19:40:06,868 | DEBUG    | tire_tester.py:251 | Clamped Inputs: Fz=1000.0, alpha=0.0349, kappa=0.0200, gamma=-0.0175
2025-04-03 19:40:06,868 | DEBUG    | tire_tester.py:259 | Calculated Pure Components & Forces. Fy_pure=2394.47, Fx_pure=2346.97
2025-04-03 19:40:06,869 | DEBUG    | tire_tester.py:268 | Calculated Combined Slip Factors. Gxa=0.9994, Gyk=0.9999
2025-04-03 19:40:06,869 | INFO     | tire_tester.py:277 | Component Calculation Successful. Final Fx=2345.54, Fy=2394.22
2025-04-03 19:40:06,869 | INFO     | tire_tester.py:232 | --- Testing Components: 'Clamping Alpha High' ---
2025-04-03 19:40:06,869 | INFO     | tire_tester.py:235 | Inputs: Fz=600.0, alpha=20.00deg, kappa=0.020, gamma=-1.00deg
2025-04-03 19:40:06,869 | WARNING  | v3_magic_formula.py:111 | Input(s) clamped: alpha. Original={'Fz': 600, 'alpha': 0.3490658503988659, 'kappa': 0.02, 'gamma': -0.017453292519943295}, Clamped={'Fz': 600, 'alpha': 0.3, 'kappa': 0.02, 'gamma': -0.017453292519943295}
2025-04-03 19:40:06,869 | DEBUG    | tire_tester.py:251 | Clamped Inputs: Fz=600.0, alpha=0.3000, kappa=0.0200, gamma=-0.0175
2025-04-03 19:40:06,869 | DEBUG    | tire_tester.py:259 | Calculated Pure Components & Forces. Fy_pure=988.03, Fx_pure=914.92
2025-04-03 19:40:06,869 | DEBUG    | tire_tester.py:268 | Calculated Combined Slip Factors. Gxa=0.9578, Gyk=0.9999
2025-04-03 19:40:06,869 | INFO     | tire_tester.py:277 | Component Calculation Successful. Final Fx=876.35, Fy=987.90
2025-04-03 19:40:06,869 | INFO     | tire_tester.py:232 | --- Testing Components: 'Clamping Kappa Low' ---
2025-04-03 19:40:06,869 | INFO     | tire_tester.py:235 | Inputs: Fz=600.0, alpha=2.00deg, kappa=-0.300, gamma=-1.00deg
2025-04-03 19:40:06,869 | DEBUG    | tire_tester.py:251 | Clamped Inputs: Fz=600.0, alpha=0.0349, kappa=-0.3000, gamma=-0.0175
2025-04-03 19:40:06,869 | DEBUG    | tire_tester.py:259 | Calculated Pure Components & Forces. Fy_pure=935.38, Fx_pure=847.45
2025-04-03 19:40:06,869 | DEBUG    | tire_tester.py:268 | Calculated Combined Slip Factors. Gxa=0.9994, Gyk=0.9775
2025-04-03 19:40:06,869 | INFO     | tire_tester.py:277 | Component Calculation Successful. Final Fx=846.97, Fy=914.32
2025-04-03 19:47:52,632 | INFO     | v3_magic_formula.py:33 | Initializing Pacejka Tire Model from hoosier_r20.par
2025-04-03 19:47:52,632 | INFO     | v3_magic_formula.py:55 | Loading parameters from: hoosier_r20.par
2025-04-03 19:47:52,633 | INFO     | v3_magic_formula.py:66 | Finished loading parameters from hoosier_r20.par
2025-04-03 19:47:52,633 | DEBUG    | v3_magic_formula.py:71 | Validating required parameters...
2025-04-03 19:47:52,633 | INFO     | v3_magic_formula.py:93 | All required parameters loaded successfully.
2025-04-03 19:47:52,638 | INFO     | v3_magic_formula.py:51 | Pacejka Tire Model initialized successfully.
2025-04-03 19:47:52,638 | INFO     | tire_tester.py:232 | --- Testing Components: 'Zero Slips' ---
2025-04-03 19:47:52,638 | INFO     | tire_tester.py:235 | Inputs: Fz=600.0, alpha=0.00deg, kappa=0.000, gamma=0.00deg
2025-04-03 19:47:52,638 | DEBUG    | tire_tester.py:251 | Clamped Inputs: Fz=600.0, alpha=0.0000, kappa=0.0000, gamma=0.0000
2025-04-03 19:47:52,638 | DEBUG    | tire_tester.py:259 | Calculated Pure Components & Forces. Fy_pure=15.75, Fx_pure=-93.00
2025-04-03 19:47:52,638 | DEBUG    | tire_tester.py:268 | Calculated Combined Slip Factors. Gxa=1.0000, Gyk=1.0000
2025-04-03 19:47:52,638 | INFO     | tire_tester.py:277 | Component Calculation Successful. Final Fx=-93.00, Fy=15.75
2025-04-03 19:47:52,638 | INFO     | tire_tester.py:232 | --- Testing Components: 'Pure Accel' ---
2025-04-03 19:47:52,638 | INFO     | tire_tester.py:235 | Inputs: Fz=700.0, alpha=0.00deg, kappa=0.100, gamma=0.00deg
2025-04-03 19:47:52,638 | DEBUG    | tire_tester.py:251 | Clamped Inputs: Fz=700.0, alpha=0.0000, kappa=0.1000, gamma=0.0000
2025-04-03 19:47:52,638 | DEBUG    | tire_tester.py:259 | Calculated Pure Components & Forces. Fy_pure=8.43, Fx_pure=1848.61
2025-04-03 19:47:52,638 | DEBUG    | tire_tester.py:268 | Calculated Combined Slip Factors. Gxa=1.0000, Gyk=0.7071
2025-04-03 19:47:52,638 | INFO     | tire_tester.py:277 | Component Calculation Successful. Final Fx=1848.61, Fy=5.96
2025-04-03 19:47:52,638 | INFO     | tire_tester.py:232 | --- Testing Components: 'Pure Brake' ---
2025-04-03 19:47:52,638 | INFO     | tire_tester.py:235 | Inputs: Fz=500.0, alpha=0.00deg, kappa=-0.080, gamma=0.00deg
2025-04-03 19:47:52,638 | DEBUG    | tire_tester.py:251 | Clamped Inputs: Fz=500.0, alpha=0.0000, kappa=-0.0800, gamma=0.0000
2025-04-03 19:47:52,638 | DEBUG    | tire_tester.py:259 | Calculated Pure Components & Forces. Fy_pure=22.22, Fx_pure=-1353.00
2025-04-03 19:47:52,638 | DEBUG    | tire_tester.py:268 | Calculated Combined Slip Factors. Gxa=1.0000, Gyk=0.7809
2025-04-03 19:47:52,639 | INFO     | tire_tester.py:277 | Component Calculation Successful. Final Fx=-1353.00, Fy=17.35
2025-04-03 19:47:52,639 | INFO     | tire_tester.py:232 | --- Testing Components: 'Pure Cornering' ---
2025-04-03 19:47:52,639 | INFO     | tire_tester.py:235 | Inputs: Fz=600.0, alpha=5.00deg, kappa=0.000, gamma=-2.00deg
2025-04-03 19:47:52,639 | DEBUG    | tire_tester.py:251 | Clamped Inputs: Fz=600.0, alpha=0.0873, kappa=0.0000, gamma=-0.0349
2025-04-03 19:47:52,639 | DEBUG    | tire_tester.py:259 | Calculated Pure Components & Forces. Fy_pure=-1419.82, Fx_pure=-92.20
2025-04-03 19:47:52,639 | DEBUG    | tire_tester.py:268 | Calculated Combined Slip Factors. Gxa=0.6906, Gyk=1.0000
2025-04-03 19:47:52,639 | INFO     | tire_tester.py:277 | Component Calculation Successful. Final Fx=-63.67, Fy=-1419.82
2025-04-03 19:47:52,639 | INFO     | tire_tester.py:232 | --- Testing Components: 'Cornering + Accel' ---
2025-04-03 19:47:52,639 | INFO     | tire_tester.py:235 | Inputs: Fz=700.0, alpha=4.00deg, kappa=0.050, gamma=-2.00deg
2025-04-03 19:47:52,639 | DEBUG    | tire_tester.py:251 | Clamped Inputs: Fz=700.0, alpha=0.0698, kappa=0.0500, gamma=-0.0349
2025-04-03 19:47:52,639 | DEBUG    | tire_tester.py:259 | Calculated Pure Components & Forces. Fy_pure=-1426.15, Fx_pure=1587.04
2025-04-03 19:47:52,639 | DEBUG    | tire_tester.py:268 | Calculated Combined Slip Factors. Gxa=0.7799, Gyk=0.9081
2025-04-03 19:47:52,639 | INFO     | tire_tester.py:277 | Component Calculation Successful. Final Fx=1237.80, Fy=-1295.07
2025-04-03 19:47:52,639 | INFO     | tire_tester.py:232 | --- Testing Components: 'Cornering + Brake' ---
2025-04-03 19:47:52,639 | INFO     | tire_tester.py:235 | Inputs: Fz=500.0, alpha=-3.00deg, kappa=-0.060, gamma=-1.00deg
2025-04-03 19:47:52,639 | DEBUG    | tire_tester.py:251 | Clamped Inputs: Fz=500.0, alpha=-0.0524, kappa=-0.0600, gamma=-0.0175
2025-04-03 19:47:52,639 | DEBUG    | tire_tester.py:259 | Calculated Pure Components & Forces. Fy_pure=1013.86, Fx_pure=-1301.68
2025-04-03 19:47:52,639 | DEBUG    | tire_tester.py:268 | Calculated Combined Slip Factors. Gxa=0.8608, Gyk=0.8679
2025-04-03 19:47:52,639 | INFO     | tire_tester.py:277 | Component Calculation Successful. Final Fx=-1120.52, Fy=879.90
2025-04-03 19:47:52,639 | INFO     | tire_tester.py:232 | --- Testing Components: 'High Load Cornering' ---
2025-04-03 19:47:52,639 | INFO     | tire_tester.py:235 | Inputs: Fz=1000.0, alpha=6.00deg, kappa=0.010, gamma=-3.00deg
2025-04-03 19:47:52,639 | DEBUG    | tire_tester.py:251 | Clamped Inputs: Fz=1000.0, alpha=0.1047, kappa=0.0100, gamma=-0.0524
2025-04-03 19:47:52,639 | DEBUG    | tire_tester.py:259 | Calculated Pure Components & Forces. Fy_pure=-2114.75, Fx_pure=594.70
2025-04-03 19:47:52,640 | DEBUG    | tire_tester.py:268 | Calculated Combined Slip Factors. Gxa=0.6234, Gyk=0.9964
2025-04-03 19:47:52,640 | INFO     | tire_tester.py:277 | Component Calculation Successful. Final Fx=370.71, Fy=-2107.21
2025-04-03 19:47:52,640 | INFO     | tire_tester.py:232 | --- Testing Components: 'Low Load Braking' ---
2025-04-03 19:47:52,640 | INFO     | tire_tester.py:235 | Inputs: Fz=200.0, alpha=1.00deg, kappa=-0.150, gamma=0.00deg
2025-04-03 19:47:52,640 | DEBUG    | tire_tester.py:251 | Clamped Inputs: Fz=200.0, alpha=0.0175, kappa=-0.1500, gamma=0.0000
2025-04-03 19:47:52,640 | DEBUG    | tire_tester.py:259 | Calculated Pure Components & Forces. Fy_pure=-191.58, Fx_pure=-554.20
2025-04-03 19:47:52,640 | DEBUG    | tire_tester.py:268 | Calculated Combined Slip Factors. Gxa=0.9881, Gyk=0.5568
2025-04-03 19:47:52,640 | INFO     | tire_tester.py:277 | Component Calculation Successful. Final Fx=-547.61, Fy=-106.67
2025-04-03 19:47:52,640 | INFO     | tire_tester.py:232 | --- Testing Components: 'Clamping Fz High' ---
2025-04-03 19:47:52,640 | INFO     | tire_tester.py:235 | Inputs: Fz=1500.0, alpha=2.00deg, kappa=0.020, gamma=-1.00deg
2025-04-03 19:47:52,640 | WARNING  | v3_magic_formula.py:124 | Input(s) clamped: Fz. Original={'Fz': 1500, 'alpha': 0.03490658503988659, 'kappa': 0.02, 'gamma': -0.017453292519943295}, Clamped={'Fz': 1110.0, 'alpha': 0.03490658503988659, 'kappa': 0.02, 'gamma': -0.017453292519943295}
2025-04-03 19:47:52,640 | DEBUG    | tire_tester.py:251 | Clamped Inputs: Fz=1110.0, alpha=0.0349, kappa=0.0200, gamma=-0.0175
2025-04-03 19:47:52,640 | DEBUG    | tire_tester.py:259 | Calculated Pure Components & Forces. Fy_pure=-962.81, Fx_pure=1173.71
2025-04-03 19:47:52,640 | DEBUG    | tire_tester.py:268 | Calculated Combined Slip Factors. Gxa=0.9233, Gyk=0.9814
2025-04-03 19:47:52,640 | INFO     | tire_tester.py:277 | Component Calculation Successful. Final Fx=1083.72, Fy=-944.88
2025-04-03 19:47:52,640 | INFO     | tire_tester.py:232 | --- Testing Components: 'Clamping Alpha High' ---
2025-04-03 19:47:52,640 | INFO     | tire_tester.py:235 | Inputs: Fz=600.0, alpha=20.00deg, kappa=0.020, gamma=-1.00deg
2025-04-03 19:47:52,640 | WARNING  | v3_magic_formula.py:124 | Input(s) clamped: alpha. Original={'Fz': 600, 'alpha': 0.3490658503988659, 'kappa': 0.02, 'gamma': -0.017453292519943295}, Clamped={'Fz': 600, 'alpha': 0.261799, 'kappa': 0.02, 'gamma': -0.017453292519943295}
2025-04-03 19:47:52,640 | DEBUG    | tire_tester.py:251 | Clamped Inputs: Fz=600.0, alpha=0.2618, kappa=0.0200, gamma=-0.0175
2025-04-03 19:47:52,640 | DEBUG    | tire_tester.py:259 | Calculated Pure Components & Forces. Fy_pure=-1507.88, Fx_pure=839.73
2025-04-03 19:47:52,640 | DEBUG    | tire_tester.py:268 | Calculated Combined Slip Factors. Gxa=0.3053, Gyk=0.9943
2025-04-03 19:47:52,640 | INFO     | tire_tester.py:277 | Component Calculation Successful. Final Fx=256.36, Fy=-1499.25
2025-04-03 19:47:52,640 | INFO     | tire_tester.py:232 | --- Testing Components: 'Clamping Kappa Low' ---
2025-04-03 19:47:52,641 | INFO     | tire_tester.py:235 | Inputs: Fz=600.0, alpha=2.00deg, kappa=-0.300, gamma=-1.00deg
2025-04-03 19:47:52,641 | WARNING  | v3_magic_formula.py:124 | Input(s) clamped: kappa. Original={'Fz': 600, 'alpha': 0.03490658503988659, 'kappa': -0.3, 'gamma': -0.017453292519943295}, Clamped={'Fz': 600, 'alpha': 0.03490658503988659, 'kappa': -0.25, 'gamma': -0.017453292519943295}
2025-04-03 19:47:52,641 | DEBUG    | tire_tester.py:251 | Clamped Inputs: Fz=600.0, alpha=0.0349, kappa=-0.2500, gamma=-0.0175
2025-04-03 19:47:52,641 | DEBUG    | tire_tester.py:259 | Calculated Pure Components & Forces. Fy_pure=-798.55, Fx_pure=-1668.35
2025-04-03 19:47:52,641 | DEBUG    | tire_tester.py:268 | Calculated Combined Slip Factors. Gxa=0.9741, Gyk=0.3783
2025-04-03 19:47:52,641 | INFO     | tire_tester.py:277 | Component Calculation Successful. Final Fx=-1625.06, Fy=-302.10
2025-04-03 19:47:56,582 | INFO     | v3_magic_formula.py:33 | Initializing Pacejka Tire Model from hoosier_r20.par
2025-04-03 19:47:56,582 | INFO     | v3_magic_formula.py:55 | Loading parameters from: hoosier_r20.par
2025-04-03 19:47:56,582 | INFO     | v3_magic_formula.py:66 | Finished loading parameters from hoosier_r20.par
2025-04-03 19:47:56,582 | DEBUG    | v3_magic_formula.py:71 | Validating required parameters...
2025-04-03 19:47:56,582 | INFO     | v3_magic_formula.py:93 | All required parameters loaded successfully.
2025-04-03 19:47:56,587 | INFO     | v3_magic_formula.py:51 | Pacejka Tire Model initialized successfully.
2025-04-03 19:47:56,587 | INFO     | tire_tester.py:232 | --- Testing Components: 'Zero Slips' ---
2025-04-03 19:47:56,587 | INFO     | tire_tester.py:235 | Inputs: Fz=600.0, alpha=0.00deg, kappa=0.000, gamma=0.00deg
2025-04-03 19:47:56,587 | DEBUG    | tire_tester.py:251 | Clamped Inputs: Fz=600.0, alpha=0.0000, kappa=0.0000, gamma=0.0000
2025-04-03 19:47:56,587 | DEBUG    | tire_tester.py:259 | Calculated Pure Components & Forces. Fy_pure=15.75, Fx_pure=-93.00
2025-04-03 19:47:56,588 | DEBUG    | tire_tester.py:268 | Calculated Combined Slip Factors. Gxa=1.0000, Gyk=1.0000
2025-04-03 19:47:56,588 | INFO     | tire_tester.py:277 | Component Calculation Successful. Final Fx=-93.00, Fy=15.75
2025-04-03 19:47:56,588 | INFO     | tire_tester.py:232 | --- Testing Components: 'Pure Accel' ---
2025-04-03 19:47:56,588 | INFO     | tire_tester.py:235 | Inputs: Fz=700.0, alpha=0.00deg, kappa=0.100, gamma=0.00deg
2025-04-03 19:47:56,588 | DEBUG    | tire_tester.py:251 | Clamped Inputs: Fz=700.0, alpha=0.0000, kappa=0.1000, gamma=0.0000
2025-04-03 19:47:56,588 | DEBUG    | tire_tester.py:259 | Calculated Pure Components & Forces. Fy_pure=8.43, Fx_pure=1848.61
2025-04-03 19:47:56,588 | DEBUG    | tire_tester.py:268 | Calculated Combined Slip Factors. Gxa=1.0000, Gyk=0.7071
2025-04-03 19:47:56,588 | INFO     | tire_tester.py:277 | Component Calculation Successful. Final Fx=1848.61, Fy=5.96
2025-04-03 19:47:56,588 | INFO     | tire_tester.py:232 | --- Testing Components: 'Pure Brake' ---
2025-04-03 19:47:56,588 | INFO     | tire_tester.py:235 | Inputs: Fz=500.0, alpha=0.00deg, kappa=-0.080, gamma=0.00deg
2025-04-03 19:47:56,588 | DEBUG    | tire_tester.py:251 | Clamped Inputs: Fz=500.0, alpha=0.0000, kappa=-0.0800, gamma=0.0000
2025-04-03 19:47:56,588 | DEBUG    | tire_tester.py:259 | Calculated Pure Components & Forces. Fy_pure=22.22, Fx_pure=-1353.00
2025-04-03 19:47:56,588 | DEBUG    | tire_tester.py:268 | Calculated Combined Slip Factors. Gxa=1.0000, Gyk=0.7809
2025-04-03 19:47:56,588 | INFO     | tire_tester.py:277 | Component Calculation Successful. Final Fx=-1353.00, Fy=17.35
2025-04-03 19:47:56,588 | INFO     | tire_tester.py:232 | --- Testing Components: 'Pure Cornering' ---
2025-04-03 19:47:56,588 | INFO     | tire_tester.py:235 | Inputs: Fz=600.0, alpha=5.00deg, kappa=0.000, gamma=-2.00deg
2025-04-03 19:47:56,588 | DEBUG    | tire_tester.py:251 | Clamped Inputs: Fz=600.0, alpha=0.0873, kappa=0.0000, gamma=-0.0349
2025-04-03 19:47:56,588 | DEBUG    | tire_tester.py:259 | Calculated Pure Components & Forces. Fy_pure=-1419.82, Fx_pure=-92.20
2025-04-03 19:47:56,588 | DEBUG    | tire_tester.py:268 | Calculated Combined Slip Factors. Gxa=0.6906, Gyk=1.0000
2025-04-03 19:47:56,588 | INFO     | tire_tester.py:277 | Component Calculation Successful. Final Fx=-63.67, Fy=-1419.82
2025-04-03 19:47:56,589 | INFO     | tire_tester.py:232 | --- Testing Components: 'Cornering + Accel' ---
2025-04-03 19:47:56,589 | INFO     | tire_tester.py:235 | Inputs: Fz=700.0, alpha=4.00deg, kappa=0.050, gamma=-2.00deg
2025-04-03 19:47:56,589 | DEBUG    | tire_tester.py:251 | Clamped Inputs: Fz=700.0, alpha=0.0698, kappa=0.0500, gamma=-0.0349
2025-04-03 19:47:56,589 | DEBUG    | tire_tester.py:259 | Calculated Pure Components & Forces. Fy_pure=-1426.15, Fx_pure=1587.04
2025-04-03 19:47:56,589 | DEBUG    | tire_tester.py:268 | Calculated Combined Slip Factors. Gxa=0.7799, Gyk=0.9081
2025-04-03 19:47:56,589 | INFO     | tire_tester.py:277 | Component Calculation Successful. Final Fx=1237.80, Fy=-1295.07
2025-04-03 19:47:56,589 | INFO     | tire_tester.py:232 | --- Testing Components: 'Cornering + Brake' ---
2025-04-03 19:47:56,589 | INFO     | tire_tester.py:235 | Inputs: Fz=500.0, alpha=-3.00deg, kappa=-0.060, gamma=-1.00deg
2025-04-03 19:47:56,589 | DEBUG    | tire_tester.py:251 | Clamped Inputs: Fz=500.0, alpha=-0.0524, kappa=-0.0600, gamma=-0.0175
2025-04-03 19:47:56,589 | DEBUG    | tire_tester.py:259 | Calculated Pure Components & Forces. Fy_pure=1013.86, Fx_pure=-1301.68
2025-04-03 19:47:56,589 | DEBUG    | tire_tester.py:268 | Calculated Combined Slip Factors. Gxa=0.8608, Gyk=0.8679
2025-04-03 19:47:56,589 | INFO     | tire_tester.py:277 | Component Calculation Successful. Final Fx=-1120.52, Fy=879.90
2025-04-03 19:47:56,589 | INFO     | tire_tester.py:232 | --- Testing Components: 'High Load Cornering' ---
2025-04-03 19:47:56,589 | INFO     | tire_tester.py:235 | Inputs: Fz=1000.0, alpha=6.00deg, kappa=0.010, gamma=-3.00deg
2025-04-03 19:47:56,589 | DEBUG    | tire_tester.py:251 | Clamped Inputs: Fz=1000.0, alpha=0.1047, kappa=0.0100, gamma=-0.0524
2025-04-03 19:47:56,589 | DEBUG    | tire_tester.py:259 | Calculated Pure Components & Forces. Fy_pure=-2114.75, Fx_pure=594.70
2025-04-03 19:47:56,589 | DEBUG    | tire_tester.py:268 | Calculated Combined Slip Factors. Gxa=0.6234, Gyk=0.9964
2025-04-03 19:47:56,589 | INFO     | tire_tester.py:277 | Component Calculation Successful. Final Fx=370.71, Fy=-2107.21
2025-04-03 19:47:56,589 | INFO     | tire_tester.py:232 | --- Testing Components: 'Low Load Braking' ---
2025-04-03 19:47:56,589 | INFO     | tire_tester.py:235 | Inputs: Fz=200.0, alpha=1.00deg, kappa=-0.150, gamma=0.00deg
2025-04-03 19:47:56,589 | DEBUG    | tire_tester.py:251 | Clamped Inputs: Fz=200.0, alpha=0.0175, kappa=-0.1500, gamma=0.0000
2025-04-03 19:47:56,589 | DEBUG    | tire_tester.py:259 | Calculated Pure Components & Forces. Fy_pure=-191.58, Fx_pure=-554.20
2025-04-03 19:47:56,589 | DEBUG    | tire_tester.py:268 | Calculated Combined Slip Factors. Gxa=0.9881, Gyk=0.5568
2025-04-03 19:47:56,590 | INFO     | tire_tester.py:277 | Component Calculation Successful. Final Fx=-547.61, Fy=-106.67
2025-04-03 19:47:56,590 | INFO     | tire_tester.py:232 | --- Testing Components: 'Clamping Fz High' ---
2025-04-03 19:47:56,590 | INFO     | tire_tester.py:235 | Inputs: Fz=1500.0, alpha=2.00deg, kappa=0.020, gamma=-1.00deg
2025-04-03 19:47:56,590 | WARNING  | v3_magic_formula.py:124 | Input(s) clamped: Fz. Original={'Fz': 1500, 'alpha': 0.03490658503988659, 'kappa': 0.02, 'gamma': -0.017453292519943295}, Clamped={'Fz': 1110.0, 'alpha': 0.03490658503988659, 'kappa': 0.02, 'gamma': -0.017453292519943295}
2025-04-03 19:47:56,590 | DEBUG    | tire_tester.py:251 | Clamped Inputs: Fz=1110.0, alpha=0.0349, kappa=0.0200, gamma=-0.0175
2025-04-03 19:47:56,590 | DEBUG    | tire_tester.py:259 | Calculated Pure Components & Forces. Fy_pure=-962.81, Fx_pure=1173.71
2025-04-03 19:47:56,590 | DEBUG    | tire_tester.py:268 | Calculated Combined Slip Factors. Gxa=0.9233, Gyk=0.9814
2025-04-03 19:47:56,590 | INFO     | tire_tester.py:277 | Component Calculation Successful. Final Fx=1083.72, Fy=-944.88
2025-04-03 19:47:56,590 | INFO     | tire_tester.py:232 | --- Testing Components: 'Clamping Alpha High' ---
2025-04-03 19:47:56,590 | INFO     | tire_tester.py:235 | Inputs: Fz=600.0, alpha=20.00deg, kappa=0.020, gamma=-1.00deg
2025-04-03 19:47:56,590 | WARNING  | v3_magic_formula.py:124 | Input(s) clamped: alpha. Original={'Fz': 600, 'alpha': 0.3490658503988659, 'kappa': 0.02, 'gamma': -0.017453292519943295}, Clamped={'Fz': 600, 'alpha': 0.261799, 'kappa': 0.02, 'gamma': -0.017453292519943295}
2025-04-03 19:47:56,590 | DEBUG    | tire_tester.py:251 | Clamped Inputs: Fz=600.0, alpha=0.2618, kappa=0.0200, gamma=-0.0175
2025-04-03 19:47:56,590 | DEBUG    | tire_tester.py:259 | Calculated Pure Components & Forces. Fy_pure=-1507.88, Fx_pure=839.73
2025-04-03 19:47:56,590 | DEBUG    | tire_tester.py:268 | Calculated Combined Slip Factors. Gxa=0.3053, Gyk=0.9943
2025-04-03 19:47:56,590 | INFO     | tire_tester.py:277 | Component Calculation Successful. Final Fx=256.36, Fy=-1499.25
2025-04-03 19:47:56,590 | INFO     | tire_tester.py:232 | --- Testing Components: 'Clamping Kappa Low' ---
2025-04-03 19:47:56,590 | INFO     | tire_tester.py:235 | Inputs: Fz=600.0, alpha=2.00deg, kappa=-0.300, gamma=-1.00deg
2025-04-03 19:47:56,590 | WARNING  | v3_magic_formula.py:124 | Input(s) clamped: kappa. Original={'Fz': 600, 'alpha': 0.03490658503988659, 'kappa': -0.3, 'gamma': -0.017453292519943295}, Clamped={'Fz': 600, 'alpha': 0.03490658503988659, 'kappa': -0.25, 'gamma': -0.017453292519943295}
2025-04-03 19:47:56,590 | DEBUG    | tire_tester.py:251 | Clamped Inputs: Fz=600.0, alpha=0.0349, kappa=-0.2500, gamma=-0.0175
2025-04-03 19:47:56,590 | DEBUG    | tire_tester.py:259 | Calculated Pure Components & Forces. Fy_pure=-798.55, Fx_pure=-1668.35
2025-04-03 19:47:56,590 | DEBUG    | tire_tester.py:268 | Calculated Combined Slip Factors. Gxa=0.9741, Gyk=0.3783
2025-04-03 19:47:56,590 | INFO     | tire_tester.py:277 | Component Calculation Successful. Final Fx=-1625.06, Fy=-302.10
2025-04-03 19:48:03,038 | INFO     | v3_magic_formula.py:33 | Initializing Pacejka Tire Model from hoosier_r20.par
2025-04-03 19:48:03,038 | INFO     | v3_magic_formula.py:55 | Loading parameters from: hoosier_r20.par
2025-04-03 19:48:03,038 | INFO     | v3_magic_formula.py:66 | Finished loading parameters from hoosier_r20.par
2025-04-03 19:48:03,038 | DEBUG    | v3_magic_formula.py:71 | Validating required parameters...
2025-04-03 19:48:03,038 | INFO     | v3_magic_formula.py:93 | All required parameters loaded successfully.
2025-04-03 19:48:03,044 | INFO     | v3_magic_formula.py:51 | Pacejka Tire Model initialized successfully.
2025-04-03 19:48:03,044 | INFO     | tire_tester.py:232 | --- Testing Components: 'Zero Slips' ---
2025-04-03 19:48:03,044 | INFO     | tire_tester.py:235 | Inputs: Fz=600.0, alpha=0.00deg, kappa=0.000, gamma=0.00deg
2025-04-03 19:48:03,044 | DEBUG    | tire_tester.py:251 | Clamped Inputs: Fz=600.0, alpha=0.0000, kappa=0.0000, gamma=0.0000
2025-04-03 19:48:03,044 | DEBUG    | tire_tester.py:259 | Calculated Pure Components & Forces. Fy_pure=15.75, Fx_pure=-93.00
2025-04-03 19:48:03,044 | DEBUG    | tire_tester.py:268 | Calculated Combined Slip Factors. Gxa=1.0000, Gyk=1.0000
2025-04-03 19:48:03,044 | INFO     | tire_tester.py:277 | Component Calculation Successful. Final Fx=-93.00, Fy=15.75
2025-04-03 19:48:03,044 | INFO     | tire_tester.py:232 | --- Testing Components: 'Pure Accel' ---
2025-04-03 19:48:03,044 | INFO     | tire_tester.py:235 | Inputs: Fz=700.0, alpha=0.00deg, kappa=0.100, gamma=0.00deg
2025-04-03 19:48:03,044 | DEBUG    | tire_tester.py:251 | Clamped Inputs: Fz=700.0, alpha=0.0000, kappa=0.1000, gamma=0.0000
2025-04-03 19:48:03,044 | DEBUG    | tire_tester.py:259 | Calculated Pure Components & Forces. Fy_pure=8.43, Fx_pure=1848.61
2025-04-03 19:48:03,044 | DEBUG    | tire_tester.py:268 | Calculated Combined Slip Factors. Gxa=1.0000, Gyk=0.7071
2025-04-03 19:48:03,044 | INFO     | tire_tester.py:277 | Component Calculation Successful. Final Fx=1848.61, Fy=5.96
2025-04-03 19:48:03,044 | INFO     | tire_tester.py:232 | --- Testing Components: 'Pure Brake' ---
2025-04-03 19:48:03,044 | INFO     | tire_tester.py:235 | Inputs: Fz=500.0, alpha=0.00deg, kappa=-0.080, gamma=0.00deg
2025-04-03 19:48:03,044 | DEBUG    | tire_tester.py:251 | Clamped Inputs: Fz=500.0, alpha=0.0000, kappa=-0.0800, gamma=0.0000
2025-04-03 19:48:03,044 | DEBUG    | tire_tester.py:259 | Calculated Pure Components & Forces. Fy_pure=22.22, Fx_pure=-1353.00
2025-04-03 19:48:03,044 | DEBUG    | tire_tester.py:268 | Calculated Combined Slip Factors. Gxa=1.0000, Gyk=0.7809
2025-04-03 19:48:03,044 | INFO     | tire_tester.py:277 | Component Calculation Successful. Final Fx=-1353.00, Fy=17.35
2025-04-03 19:48:03,045 | INFO     | tire_tester.py:232 | --- Testing Components: 'Pure Cornering' ---
2025-04-03 19:48:03,045 | INFO     | tire_tester.py:235 | Inputs: Fz=600.0, alpha=5.00deg, kappa=0.000, gamma=-2.00deg
2025-04-03 19:48:03,045 | DEBUG    | tire_tester.py:251 | Clamped Inputs: Fz=600.0, alpha=0.0873, kappa=0.0000, gamma=-0.0349
2025-04-03 19:48:03,045 | DEBUG    | tire_tester.py:259 | Calculated Pure Components & Forces. Fy_pure=-1419.82, Fx_pure=-92.20
2025-04-03 19:48:03,045 | DEBUG    | tire_tester.py:268 | Calculated Combined Slip Factors. Gxa=0.6906, Gyk=1.0000
2025-04-03 19:48:03,045 | INFO     | tire_tester.py:277 | Component Calculation Successful. Final Fx=-63.67, Fy=-1419.82
2025-04-03 19:48:03,045 | INFO     | tire_tester.py:232 | --- Testing Components: 'Cornering + Accel' ---
2025-04-03 19:48:03,045 | INFO     | tire_tester.py:235 | Inputs: Fz=700.0, alpha=4.00deg, kappa=0.050, gamma=-2.00deg
2025-04-03 19:48:03,045 | DEBUG    | tire_tester.py:251 | Clamped Inputs: Fz=700.0, alpha=0.0698, kappa=0.0500, gamma=-0.0349
2025-04-03 19:48:03,045 | DEBUG    | tire_tester.py:259 | Calculated Pure Components & Forces. Fy_pure=-1426.15, Fx_pure=1587.04
2025-04-03 19:48:03,045 | DEBUG    | tire_tester.py:268 | Calculated Combined Slip Factors. Gxa=0.7799, Gyk=0.9081
2025-04-03 19:48:03,045 | INFO     | tire_tester.py:277 | Component Calculation Successful. Final Fx=1237.80, Fy=-1295.07
2025-04-03 19:48:03,045 | INFO     | tire_tester.py:232 | --- Testing Components: 'Cornering + Brake' ---
2025-04-03 19:48:03,045 | INFO     | tire_tester.py:235 | Inputs: Fz=500.0, alpha=-3.00deg, kappa=-0.060, gamma=-1.00deg
2025-04-03 19:48:03,045 | DEBUG    | tire_tester.py:251 | Clamped Inputs: Fz=500.0, alpha=-0.0524, kappa=-0.0600, gamma=-0.0175
2025-04-03 19:48:03,045 | DEBUG    | tire_tester.py:259 | Calculated Pure Components & Forces. Fy_pure=1013.86, Fx_pure=-1301.68
2025-04-03 19:48:03,045 | DEBUG    | tire_tester.py:268 | Calculated Combined Slip Factors. Gxa=0.8608, Gyk=0.8679
2025-04-03 19:48:03,045 | INFO     | tire_tester.py:277 | Component Calculation Successful. Final Fx=-1120.52, Fy=879.90
2025-04-03 19:48:03,045 | INFO     | tire_tester.py:232 | --- Testing Components: 'High Load Cornering' ---
2025-04-03 19:48:03,045 | INFO     | tire_tester.py:235 | Inputs: Fz=1000.0, alpha=6.00deg, kappa=0.010, gamma=-3.00deg
2025-04-03 19:48:03,045 | DEBUG    | tire_tester.py:251 | Clamped Inputs: Fz=1000.0, alpha=0.1047, kappa=0.0100, gamma=-0.0524
2025-04-03 19:48:03,045 | DEBUG    | tire_tester.py:259 | Calculated Pure Components & Forces. Fy_pure=-2114.75, Fx_pure=594.70
2025-04-03 19:48:03,045 | DEBUG    | tire_tester.py:268 | Calculated Combined Slip Factors. Gxa=0.6234, Gyk=0.9964
2025-04-03 19:48:03,045 | INFO     | tire_tester.py:277 | Component Calculation Successful. Final Fx=370.71, Fy=-2107.21
2025-04-03 19:48:03,046 | INFO     | tire_tester.py:232 | --- Testing Components: 'Low Load Braking' ---
2025-04-03 19:48:03,046 | INFO     | tire_tester.py:235 | Inputs: Fz=200.0, alpha=1.00deg, kappa=-0.150, gamma=0.00deg
2025-04-03 19:48:03,046 | DEBUG    | tire_tester.py:251 | Clamped Inputs: Fz=200.0, alpha=0.0175, kappa=-0.1500, gamma=0.0000
2025-04-03 19:48:03,046 | DEBUG    | tire_tester.py:259 | Calculated Pure Components & Forces. Fy_pure=-191.58, Fx_pure=-554.20
2025-04-03 19:48:03,046 | DEBUG    | tire_tester.py:268 | Calculated Combined Slip Factors. Gxa=0.9881, Gyk=0.5568
2025-04-03 19:48:03,046 | INFO     | tire_tester.py:277 | Component Calculation Successful. Final Fx=-547.61, Fy=-106.67
2025-04-03 19:48:03,046 | INFO     | tire_tester.py:232 | --- Testing Components: 'Clamping Fz High' ---
2025-04-03 19:48:03,046 | INFO     | tire_tester.py:235 | Inputs: Fz=1500.0, alpha=2.00deg, kappa=0.020, gamma=-1.00deg
2025-04-03 19:48:03,046 | WARNING  | v3_magic_formula.py:124 | Input(s) clamped: Fz. Original={'Fz': 1500, 'alpha': 0.03490658503988659, 'kappa': 0.02, 'gamma': -0.017453292519943295}, Clamped={'Fz': 1110.0, 'alpha': 0.03490658503988659, 'kappa': 0.02, 'gamma': -0.017453292519943295}
2025-04-03 19:48:03,046 | DEBUG    | tire_tester.py:251 | Clamped Inputs: Fz=1110.0, alpha=0.0349, kappa=0.0200, gamma=-0.0175
2025-04-03 19:48:03,046 | DEBUG    | tire_tester.py:259 | Calculated Pure Components & Forces. Fy_pure=-962.81, Fx_pure=1173.71
2025-04-03 19:48:03,046 | DEBUG    | tire_tester.py:268 | Calculated Combined Slip Factors. Gxa=0.9233, Gyk=0.9814
2025-04-03 19:48:03,046 | INFO     | tire_tester.py:277 | Component Calculation Successful. Final Fx=1083.72, Fy=-944.88
2025-04-03 19:48:03,046 | INFO     | tire_tester.py:232 | --- Testing Components: 'Clamping Alpha High' ---
2025-04-03 19:48:03,046 | INFO     | tire_tester.py:235 | Inputs: Fz=600.0, alpha=20.00deg, kappa=0.020, gamma=-1.00deg
2025-04-03 19:48:03,046 | WARNING  | v3_magic_formula.py:124 | Input(s) clamped: alpha. Original={'Fz': 600, 'alpha': 0.3490658503988659, 'kappa': 0.02, 'gamma': -0.017453292519943295}, Clamped={'Fz': 600, 'alpha': 0.261799, 'kappa': 0.02, 'gamma': -0.017453292519943295}
2025-04-03 19:48:03,046 | DEBUG    | tire_tester.py:251 | Clamped Inputs: Fz=600.0, alpha=0.2618, kappa=0.0200, gamma=-0.0175
2025-04-03 19:48:03,046 | DEBUG    | tire_tester.py:259 | Calculated Pure Components & Forces. Fy_pure=-1507.88, Fx_pure=839.73
2025-04-03 19:48:03,046 | DEBUG    | tire_tester.py:268 | Calculated Combined Slip Factors. Gxa=0.3053, Gyk=0.9943
2025-04-03 19:48:03,046 | INFO     | tire_tester.py:277 | Component Calculation Successful. Final Fx=256.36, Fy=-1499.25
2025-04-03 19:48:03,046 | INFO     | tire_tester.py:232 | --- Testing Components: 'Clamping Kappa Low' ---
2025-04-03 19:48:03,047 | INFO     | tire_tester.py:235 | Inputs: Fz=600.0, alpha=2.00deg, kappa=-0.300, gamma=-1.00deg
2025-04-03 19:48:03,047 | WARNING  | v3_magic_formula.py:124 | Input(s) clamped: kappa. Original={'Fz': 600, 'alpha': 0.03490658503988659, 'kappa': -0.3, 'gamma': -0.017453292519943295}, Clamped={'Fz': 600, 'alpha': 0.03490658503988659, 'kappa': -0.25, 'gamma': -0.017453292519943295}
2025-04-03 19:48:03,047 | DEBUG    | tire_tester.py:251 | Clamped Inputs: Fz=600.0, alpha=0.0349, kappa=-0.2500, gamma=-0.0175
2025-04-03 19:48:03,047 | DEBUG    | tire_tester.py:259 | Calculated Pure Components & Forces. Fy_pure=-798.55, Fx_pure=-1668.35
2025-04-03 19:48:03,047 | DEBUG    | tire_tester.py:268 | Calculated Combined Slip Factors. Gxa=0.9741, Gyk=0.3783
2025-04-03 19:48:03,047 | INFO     | tire_tester.py:277 | Component Calculation Successful. Final Fx=-1625.06, Fy=-302.10
2025-04-03 20:18:24,893 | INFO     | v3_magic_formula.py:33 | Initializing Pacejka Tire Model from hoosier_r20.par
2025-04-03 20:18:24,894 | INFO     | v3_magic_formula.py:55 | Loading parameters from: hoosier_r20.par
2025-04-03 20:18:24,894 | INFO     | v3_magic_formula.py:66 | Finished loading parameters from hoosier_r20.par
2025-04-03 20:18:24,894 | DEBUG    | v3_magic_formula.py:71 | Validating required parameters...
2025-04-03 20:18:24,894 | INFO     | v3_magic_formula.py:93 | All required parameters loaded successfully.
2025-04-03 20:18:24,899 | INFO     | v3_magic_formula.py:51 | Pacejka Tire Model initialized successfully.
2025-04-03 20:18:24,899 | INFO     | tire_tester.py:43 | --- Starting Tire Test Suite (13 cases) ---
2025-04-03 20:18:24,899 | INFO     | tire_tester.py:54 | Running Test Case 1: 'Coast Straight'
2025-04-03 20:18:24,899 | INFO     | tire_tester.py:55 |   Inputs: Fz=600.0N, gamma=0.0deg, Target Fy=0.0N, Mode=coast, Intensity=0.00
2025-04-03 20:18:24,899 | INFO     | v3_magic_formula.py:567 | Finding slips for target Fy=0.00 N, Fz=600.0, gamma=0.00 deg, mode='coast', intensity=0.00
2025-04-03 20:18:24,899 | DEBUG    | v3_magic_formula.py:475 | Finding alpha for target Fy=0.00 N at Fz=600.0, gamma=0.00 deg
2025-04-03 20:18:24,899 | INFO     | v3_magic_formula.py:544 | Found alpha=0.033 deg for target Fy=0.00 (brentq).
2025-04-03 20:18:24,899 | DEBUG    | v3_magic_formula.py:573 | Step 1: Required alpha (approx) = 0.033 deg
2025-04-03 20:18:24,899 | DEBUG    | v3_magic_formula.py:336 | Calculating peak Fx potential for Fz=600, gamma=0.0
2025-04-03 20:18:24,899 | DEBUG    | v3_magic_formula.py:348 | Peak Fx potential: Dx=1652.79, SVx=-20.52, Peak=1632.27
2025-04-03 20:18:24,899 | DEBUG    | v3_magic_formula.py:354 | Calculating min Fx potential for Fz=600, gamma=0.0
2025-04-03 20:18:24,899 | DEBUG    | v3_magic_formula.py:366 | Min Fx potential: Dx=1652.79, SVx=-20.52, Min=-1673.31
2025-04-03 20:18:24,899 | DEBUG    | v3_magic_formula.py:586 | Step 2: Approx Gxa(alpha_req, k=0) = 1.0000
2025-04-03 20:18:24,899 | INFO     | v3_magic_formula.py:603 | Target longitudinal force is near zero. Setting kappa_req = 0.
2025-04-03 20:18:24,899 | INFO     | v3_magic_formula.py:609 | Result: alpha=0.033 deg, kappa=0.0000
2025-04-03 20:18:24,899 | DEBUG    | v3_magic_formula.py:284 | Calculating forces for time 0 ms. Inputs: Fz=600, alpha=0.0005834868827136856, kappa=0.0, gamma=0.0
2025-04-03 20:18:24,900 | DEBUG    | v3_magic_formula.py:326 | Force calculation complete for time 0. Fx=-93.00, Fy=0.01
2025-04-03 20:18:24,900 | INFO     | tire_tester.py:106 |   Success: Target Slips: alpha=0.033deg, kappa=0.0000
2025-04-03 20:18:24,900 | INFO     | tire_tester.py:107 |   Resulting Forces: Fx=-93.0N, Fy=0.0N (Error Fy=0.0N / inf%)
2025-04-03 20:18:24,900 | INFO     | tire_tester.py:54 | Running Test Case 2: 'Max Accel Straight'
2025-04-03 20:18:24,900 | INFO     | tire_tester.py:55 |   Inputs: Fz=700.0N, gamma=0.0deg, Target Fy=0.0N, Mode=accelerate, Intensity=1.00
2025-04-03 20:18:24,900 | INFO     | v3_magic_formula.py:567 | Finding slips for target Fy=0.00 N, Fz=700.0, gamma=0.00 deg, mode='accelerate', intensity=1.00
2025-04-03 20:18:24,900 | DEBUG    | v3_magic_formula.py:475 | Finding alpha for target Fy=0.00 N at Fz=700.0, gamma=0.00 deg
2025-04-03 20:18:24,900 | INFO     | v3_magic_formula.py:544 | Found alpha=0.018 deg for target Fy=0.00 (brentq).
2025-04-03 20:18:24,900 | DEBUG    | v3_magic_formula.py:573 | Step 1: Required alpha (approx) = 0.018 deg
2025-04-03 20:18:24,900 | DEBUG    | v3_magic_formula.py:336 | Calculating peak Fx potential for Fz=700, gamma=0.0
2025-04-03 20:18:24,900 | DEBUG    | v3_magic_formula.py:348 | Peak Fx potential: Dx=1934.81, SVx=-18.82, Peak=1915.99
2025-04-03 20:18:24,900 | DEBUG    | v3_magic_formula.py:354 | Calculating min Fx potential for Fz=700, gamma=0.0
2025-04-03 20:18:24,900 | DEBUG    | v3_magic_formula.py:366 | Min Fx potential: Dx=1934.81, SVx=-18.82, Min=-1953.63
2025-04-03 20:18:24,900 | DEBUG    | v3_magic_formula.py:586 | Step 2: Approx Gxa(alpha_req, k=0) = 1.0000
2025-04-03 20:18:24,900 | DEBUG    | v3_magic_formula.py:595 | Step 3: Target Accel Fx = 1915.97 N (AvailMax=1915.97)
2025-04-03 20:18:24,900 | DEBUG    | v3_magic_formula.py:373 | Finding kappa for target Fx=1915.97 N at Fz=700.0, gamma=0.00 deg
2025-04-03 20:18:24,900 | WARNING  | v3_magic_formula.py:452 | Kappa bracketing failed (errors: f(-0.275)=-3863.889, f(0.275)=-5.439). Target might be near peak or zero.
2025-04-03 20:18:24,900 | WARNING  | v3_magic_formula.py:463 | Ridder method also failed for kappa.
2025-04-03 20:18:24,900 | WARNING  | v3_magic_formula.py:606 | Could not find kappa for target Fx=1915.97. Setting kappa_req = 0.
2025-04-03 20:18:24,900 | INFO     | v3_magic_formula.py:609 | Result: alpha=0.018 deg, kappa=0.0000
2025-04-03 20:18:24,901 | DEBUG    | v3_magic_formula.py:284 | Calculating forces for time 100 ms. Inputs: Fz=700, alpha=0.00031880253508587966, kappa=0.0, gamma=0.0
2025-04-03 20:18:24,901 | DEBUG    | v3_magic_formula.py:326 | Force calculation complete for time 100. Fx=-73.29, Fy=-0.66
2025-04-03 20:18:24,901 | INFO     | tire_tester.py:106 |   Success: Target Slips: alpha=0.018deg, kappa=0.0000
2025-04-03 20:18:24,901 | INFO     | tire_tester.py:107 |   Resulting Forces: Fx=-73.3N, Fy=-0.7N (Error Fy=-0.7N / inf%)
2025-04-03 20:18:24,901 | INFO     | tire_tester.py:54 | Running Test Case 3: 'Max Brake Straight'
2025-04-03 20:18:24,901 | INFO     | tire_tester.py:55 |   Inputs: Fz=500.0N, gamma=0.0deg, Target Fy=0.0N, Mode=brake, Intensity=1.00
2025-04-03 20:18:24,901 | INFO     | v3_magic_formula.py:567 | Finding slips for target Fy=0.00 N, Fz=500.0, gamma=0.00 deg, mode='brake', intensity=1.00
2025-04-03 20:18:24,901 | DEBUG    | v3_magic_formula.py:475 | Finding alpha for target Fy=0.00 N at Fz=500.0, gamma=0.00 deg
2025-04-03 20:18:24,901 | INFO     | v3_magic_formula.py:544 | Found alpha=0.051 deg for target Fy=0.00 (brentq).
2025-04-03 20:18:24,901 | DEBUG    | v3_magic_formula.py:573 | Step 1: Required alpha (approx) = 0.051 deg
2025-04-03 20:18:24,901 | DEBUG    | v3_magic_formula.py:336 | Calculating peak Fx potential for Fz=500, gamma=0.0
2025-04-03 20:18:24,901 | DEBUG    | v3_magic_formula.py:348 | Peak Fx potential: Dx=1372.64, SVx=-20.75, Peak=1351.89
2025-04-03 20:18:24,901 | DEBUG    | v3_magic_formula.py:354 | Calculating min Fx potential for Fz=500, gamma=0.0
2025-04-03 20:18:24,901 | DEBUG    | v3_magic_formula.py:366 | Min Fx potential: Dx=1372.64, SVx=-20.75, Min=-1393.40
2025-04-03 20:18:24,901 | DEBUG    | v3_magic_formula.py:586 | Step 2: Approx Gxa(alpha_req, k=0) = 0.9999
2025-04-03 20:18:24,901 | DEBUG    | v3_magic_formula.py:598 | Step 3: Target Brake Fx = -1393.32 N (AvailMin=-1393.32)
2025-04-03 20:18:24,901 | DEBUG    | v3_magic_formula.py:373 | Finding kappa for target Fx=-1393.32 N at Fz=500.0, gamma=0.00 deg
2025-04-03 20:18:24,901 | WARNING  | v3_magic_formula.py:452 | Kappa bracketing failed (errors: f(-0.275)=13.985, f(0.275)=2731.680). Target might be near peak or zero.
2025-04-03 20:18:24,901 | WARNING  | v3_magic_formula.py:463 | Ridder method also failed for kappa.
2025-04-03 20:18:24,901 | WARNING  | v3_magic_formula.py:606 | Could not find kappa for target Fx=-1393.32. Setting kappa_req = 0.
2025-04-03 20:18:24,901 | INFO     | v3_magic_formula.py:609 | Result: alpha=0.051 deg, kappa=0.0000
2025-04-03 20:18:24,902 | DEBUG    | v3_magic_formula.py:284 | Calculating forces for time 200 ms. Inputs: Fz=500, alpha=0.0008942641857142886, kappa=0.0, gamma=0.0
2025-04-03 20:18:24,902 | DEBUG    | v3_magic_formula.py:326 | Force calculation complete for time 200. Fx=-106.56, Fy=0.03
2025-04-03 20:18:24,902 | INFO     | tire_tester.py:106 |   Success: Target Slips: alpha=0.051deg, kappa=0.0000
2025-04-03 20:18:24,902 | INFO     | tire_tester.py:107 |   Resulting Forces: Fx=-106.6N, Fy=0.0N (Error Fy=0.0N / inf%)
2025-04-03 20:18:24,902 | INFO     | tire_tester.py:54 | Running Test Case 4: 'Partial Accel Straight'
2025-04-03 20:18:24,902 | INFO     | tire_tester.py:55 |   Inputs: Fz=700.0N, gamma=0.0deg, Target Fy=0.0N, Mode=accelerate, Intensity=0.50
2025-04-03 20:18:24,902 | INFO     | v3_magic_formula.py:567 | Finding slips for target Fy=0.00 N, Fz=700.0, gamma=0.00 deg, mode='accelerate', intensity=0.50
2025-04-03 20:18:24,902 | DEBUG    | v3_magic_formula.py:475 | Finding alpha for target Fy=0.00 N at Fz=700.0, gamma=0.00 deg
2025-04-03 20:18:24,902 | INFO     | v3_magic_formula.py:544 | Found alpha=0.018 deg for target Fy=0.00 (brentq).
2025-04-03 20:18:24,902 | DEBUG    | v3_magic_formula.py:573 | Step 1: Required alpha (approx) = 0.018 deg
2025-04-03 20:18:24,902 | DEBUG    | v3_magic_formula.py:336 | Calculating peak Fx potential for Fz=700, gamma=0.0
2025-04-03 20:18:24,902 | DEBUG    | v3_magic_formula.py:348 | Peak Fx potential: Dx=1934.81, SVx=-18.82, Peak=1915.99
2025-04-03 20:18:24,902 | DEBUG    | v3_magic_formula.py:354 | Calculating min Fx potential for Fz=700, gamma=0.0
2025-04-03 20:18:24,902 | DEBUG    | v3_magic_formula.py:366 | Min Fx potential: Dx=1934.81, SVx=-18.82, Min=-1953.63
2025-04-03 20:18:24,902 | DEBUG    | v3_magic_formula.py:586 | Step 2: Approx Gxa(alpha_req, k=0) = 1.0000
2025-04-03 20:18:24,902 | DEBUG    | v3_magic_formula.py:595 | Step 3: Target Accel Fx = 957.99 N (AvailMax=1915.97)
2025-04-03 20:18:24,902 | DEBUG    | v3_magic_formula.py:373 | Finding kappa for target Fx=957.99 N at Fz=700.0, gamma=0.00 deg
2025-04-03 20:18:24,902 | INFO     | v3_magic_formula.py:442 | Found kappa=0.0207 for target Fx=957.99 (brentq).
2025-04-03 20:18:24,902 | DEBUG    | v3_magic_formula.py:607 | Step 4: Required kappa (approx) = 0.0207
2025-04-03 20:18:24,902 | INFO     | v3_magic_formula.py:609 | Result: alpha=0.018 deg, kappa=0.0207
2025-04-03 20:18:24,902 | DEBUG    | v3_magic_formula.py:284 | Calculating forces for time 300 ms. Inputs: Fz=700, alpha=0.00031880253508587966, kappa=0.020723479735152282, gamma=0.0
2025-04-03 20:18:24,902 | DEBUG    | v3_magic_formula.py:326 | Force calculation complete for time 300. Fx=957.53, Fy=-0.65
2025-04-03 20:18:24,902 | INFO     | tire_tester.py:106 |   Success: Target Slips: alpha=0.018deg, kappa=0.0207
2025-04-03 20:18:24,903 | INFO     | tire_tester.py:107 |   Resulting Forces: Fx=957.5N, Fy=-0.6N (Error Fy=-0.6N / inf%)
2025-04-03 20:18:24,903 | INFO     | tire_tester.py:54 | Running Test Case 5: 'Partial Brake Straight'
2025-04-03 20:18:24,903 | INFO     | tire_tester.py:55 |   Inputs: Fz=500.0N, gamma=0.0deg, Target Fy=0.0N, Mode=brake, Intensity=0.70
2025-04-03 20:18:24,903 | INFO     | v3_magic_formula.py:567 | Finding slips for target Fy=0.00 N, Fz=500.0, gamma=0.00 deg, mode='brake', intensity=0.70
2025-04-03 20:18:24,903 | DEBUG    | v3_magic_formula.py:475 | Finding alpha for target Fy=0.00 N at Fz=500.0, gamma=0.00 deg
2025-04-03 20:18:24,903 | INFO     | v3_magic_formula.py:544 | Found alpha=0.051 deg for target Fy=0.00 (brentq).
2025-04-03 20:18:24,903 | DEBUG    | v3_magic_formula.py:573 | Step 1: Required alpha (approx) = 0.051 deg
2025-04-03 20:18:24,903 | DEBUG    | v3_magic_formula.py:336 | Calculating peak Fx potential for Fz=500, gamma=0.0
2025-04-03 20:18:24,903 | DEBUG    | v3_magic_formula.py:348 | Peak Fx potential: Dx=1372.64, SVx=-20.75, Peak=1351.89
2025-04-03 20:18:24,903 | DEBUG    | v3_magic_formula.py:354 | Calculating min Fx potential for Fz=500, gamma=0.0
2025-04-03 20:18:24,903 | DEBUG    | v3_magic_formula.py:366 | Min Fx potential: Dx=1372.64, SVx=-20.75, Min=-1393.40
2025-04-03 20:18:24,903 | DEBUG    | v3_magic_formula.py:586 | Step 2: Approx Gxa(alpha_req, k=0) = 0.9999
2025-04-03 20:18:24,903 | DEBUG    | v3_magic_formula.py:598 | Step 3: Target Brake Fx = -975.32 N (AvailMin=-1393.32)
2025-04-03 20:18:24,903 | DEBUG    | v3_magic_formula.py:373 | Finding kappa for target Fx=-975.32 N at Fz=500.0, gamma=0.00 deg
2025-04-03 20:18:24,903 | INFO     | v3_magic_formula.py:442 | Found kappa=-0.0245 for target Fx=-975.32 (brentq).
2025-04-03 20:18:24,903 | DEBUG    | v3_magic_formula.py:607 | Step 4: Required kappa (approx) = -0.0245
2025-04-03 20:18:24,903 | INFO     | v3_magic_formula.py:609 | Result: alpha=0.051 deg, kappa=-0.0245
2025-04-03 20:18:24,903 | DEBUG    | v3_magic_formula.py:284 | Calculating forces for time 400 ms. Inputs: Fz=500, alpha=0.0008942641857142886, kappa=-0.024497520742223423, gamma=0.0
2025-04-03 20:18:24,903 | DEBUG    | v3_magic_formula.py:326 | Force calculation complete for time 400. Fx=-975.10, Fy=0.03
2025-04-03 20:18:24,903 | INFO     | tire_tester.py:106 |   Success: Target Slips: alpha=0.051deg, kappa=-0.0245
2025-04-03 20:18:24,903 | INFO     | tire_tester.py:107 |   Resulting Forces: Fx=-975.1N, Fy=0.0N (Error Fy=0.0N / inf%)
2025-04-03 20:18:24,903 | INFO     | tire_tester.py:54 | Running Test Case 6: 'Cornering Coast'
2025-04-03 20:18:24,904 | INFO     | tire_tester.py:55 |   Inputs: Fz=600.0N, gamma=-2.0deg, Target Fy=-1500.0N, Mode=coast, Intensity=0.00
2025-04-03 20:18:24,904 | INFO     | v3_magic_formula.py:567 | Finding slips for target Fy=-1500.00 N, Fz=600.0, gamma=-2.00 deg, mode='coast', intensity=0.00
2025-04-03 20:18:24,904 | DEBUG    | v3_magic_formula.py:475 | Finding alpha for target Fy=-1500.00 N at Fz=600.0, gamma=-2.00 deg
2025-04-03 20:18:24,904 | INFO     | v3_magic_formula.py:544 | Found alpha=6.361 deg for target Fy=-1500.00 (brentq).
2025-04-03 20:18:24,904 | DEBUG    | v3_magic_formula.py:573 | Step 1: Required alpha (approx) = 6.361 deg
2025-04-03 20:18:24,904 | DEBUG    | v3_magic_formula.py:336 | Calculating peak Fx potential for Fz=600, gamma=-0.03490658503988659
2025-04-03 20:18:24,904 | DEBUG    | v3_magic_formula.py:348 | Peak Fx potential: Dx=1657.85, SVx=-20.52, Peak=1637.33
2025-04-03 20:18:24,904 | DEBUG    | v3_magic_formula.py:354 | Calculating min Fx potential for Fz=600, gamma=-0.03490658503988659
2025-04-03 20:18:24,904 | DEBUG    | v3_magic_formula.py:366 | Min Fx potential: Dx=1657.85, SVx=-20.52, Min=-1678.37
2025-04-03 20:18:24,904 | DEBUG    | v3_magic_formula.py:586 | Step 2: Approx Gxa(alpha_req, k=0) = 0.6003
2025-04-03 20:18:24,904 | INFO     | v3_magic_formula.py:603 | Target longitudinal force is near zero. Setting kappa_req = 0.
2025-04-03 20:18:24,904 | INFO     | v3_magic_formula.py:609 | Result: alpha=6.361 deg, kappa=0.0000
2025-04-03 20:18:24,904 | DEBUG    | v3_magic_formula.py:284 | Calculating forces for time 500 ms. Inputs: Fz=600, alpha=0.11102370887737106, kappa=0.0, gamma=-0.03490658503988659
2025-04-03 20:18:24,904 | DEBUG    | v3_magic_formula.py:326 | Force calculation complete for time 500. Fx=-55.35, Fy=-1500.05
2025-04-03 20:18:24,904 | INFO     | tire_tester.py:106 |   Success: Target Slips: alpha=6.361deg, kappa=0.0000
2025-04-03 20:18:24,904 | INFO     | tire_tester.py:107 |   Resulting Forces: Fx=-55.3N, Fy=-1500.0N (Error Fy=-0.0N / 0.00%)
2025-04-03 20:18:24,904 | INFO     | tire_tester.py:54 | Running Test Case 7: 'Cornering Max Accel'
2025-04-03 20:18:24,904 | INFO     | tire_tester.py:55 |   Inputs: Fz=700.0N, gamma=-2.0deg, Target Fy=-1500.0N, Mode=accelerate, Intensity=1.00
2025-04-03 20:18:24,904 | INFO     | v3_magic_formula.py:567 | Finding slips for target Fy=-1500.00 N, Fz=700.0, gamma=-2.00 deg, mode='accelerate', intensity=1.00
2025-04-03 20:18:24,904 | DEBUG    | v3_magic_formula.py:475 | Finding alpha for target Fy=-1500.00 N at Fz=700.0, gamma=-2.00 deg
2025-04-03 20:18:24,904 | INFO     | v3_magic_formula.py:544 | Found alpha=4.391 deg for target Fy=-1500.00 (brentq).
2025-04-03 20:18:24,905 | DEBUG    | v3_magic_formula.py:573 | Step 1: Required alpha (approx) = 4.391 deg
2025-04-03 20:18:24,905 | DEBUG    | v3_magic_formula.py:336 | Calculating peak Fx potential for Fz=700, gamma=-0.03490658503988659
2025-04-03 20:18:24,905 | DEBUG    | v3_magic_formula.py:348 | Peak Fx potential: Dx=1940.73, SVx=-18.82, Peak=1921.91
2025-04-03 20:18:24,905 | DEBUG    | v3_magic_formula.py:354 | Calculating min Fx potential for Fz=700, gamma=-0.03490658503988659
2025-04-03 20:18:24,905 | DEBUG    | v3_magic_formula.py:366 | Min Fx potential: Dx=1940.73, SVx=-18.82, Min=-1959.55
2025-04-03 20:18:24,905 | DEBUG    | v3_magic_formula.py:586 | Step 2: Approx Gxa(alpha_req, k=0) = 0.7361
2025-04-03 20:18:24,905 | DEBUG    | v3_magic_formula.py:595 | Step 3: Target Accel Fx = 1414.63 N (AvailMax=1414.63)
2025-04-03 20:18:24,905 | DEBUG    | v3_magic_formula.py:373 | Finding kappa for target Fx=1414.63 N at Fz=700.0, gamma=-2.00 deg
2025-04-03 20:18:24,905 | INFO     | v3_magic_formula.py:442 | Found kappa=0.0381 for target Fx=1414.63 (brentq).
2025-04-03 20:18:24,905 | DEBUG    | v3_magic_formula.py:607 | Step 4: Required kappa (approx) = 0.0381
2025-04-03 20:18:24,905 | INFO     | v3_magic_formula.py:609 | Result: alpha=4.391 deg, kappa=0.0381
2025-04-03 20:18:24,905 | DEBUG    | v3_magic_formula.py:284 | Calculating forces for time 600 ms. Inputs: Fz=700, alpha=0.0766392653482444, kappa=0.03807530625797634, gamma=-0.03490658503988659
2025-04-03 20:18:24,905 | DEBUG    | v3_magic_formula.py:326 | Force calculation complete for time 600. Fx=1053.27, Fy=-1417.69
2025-04-03 20:18:24,905 | INFO     | tire_tester.py:106 |   Success: Target Slips: alpha=4.391deg, kappa=0.0381
2025-04-03 20:18:24,905 | INFO     | tire_tester.py:107 |   Resulting Forces: Fx=1053.3N, Fy=-1417.7N (Error Fy=82.3N / -5.49%)
2025-04-03 20:18:24,905 | INFO     | tire_tester.py:54 | Running Test Case 8: 'Cornering Max Brake'
2025-04-03 20:18:24,905 | INFO     | tire_tester.py:55 |   Inputs: Fz=500.0N, gamma=-2.0deg, Target Fy=-1500.0N, Mode=brake, Intensity=1.00
2025-04-03 20:18:24,905 | INFO     | v3_magic_formula.py:567 | Finding slips for target Fy=-1500.00 N, Fz=500.0, gamma=-2.00 deg, mode='brake', intensity=1.00
2025-04-03 20:18:24,905 | DEBUG    | v3_magic_formula.py:475 | Finding alpha for target Fy=-1500.00 N at Fz=500.0, gamma=-2.00 deg
2025-04-03 20:18:24,905 | WARNING  | v3_magic_formula.py:501 | Target Fy=-1500.00 outside approx range [-1291.30, 1263.99]
2025-04-03 20:18:24,905 | WARNING  | v3_magic_formula.py:572 | Target Fy=-1500.00 N unachievable.
2025-04-03 20:18:24,905 | WARNING  | tire_tester.py:111 |   Failed: Could not find valid slips for target Fy=-1500.0N.
2025-04-03 20:18:24,905 | INFO     | tire_tester.py:54 | Running Test Case 9: 'Cornering Partial Accel'
2025-04-03 20:18:24,906 | INFO     | tire_tester.py:55 |   Inputs: Fz=700.0N, gamma=-2.0deg, Target Fy=-1500.0N, Mode=accelerate, Intensity=0.40
2025-04-03 20:18:24,906 | INFO     | v3_magic_formula.py:567 | Finding slips for target Fy=-1500.00 N, Fz=700.0, gamma=-2.00 deg, mode='accelerate', intensity=0.40
2025-04-03 20:18:24,906 | DEBUG    | v3_magic_formula.py:475 | Finding alpha for target Fy=-1500.00 N at Fz=700.0, gamma=-2.00 deg
2025-04-03 20:18:24,906 | INFO     | v3_magic_formula.py:544 | Found alpha=4.391 deg for target Fy=-1500.00 (brentq).
2025-04-03 20:18:24,906 | DEBUG    | v3_magic_formula.py:573 | Step 1: Required alpha (approx) = 4.391 deg
2025-04-03 20:18:24,906 | DEBUG    | v3_magic_formula.py:336 | Calculating peak Fx potential for Fz=700, gamma=-0.03490658503988659
2025-04-03 20:18:24,906 | DEBUG    | v3_magic_formula.py:348 | Peak Fx potential: Dx=1940.73, SVx=-18.82, Peak=1921.91
2025-04-03 20:18:24,906 | DEBUG    | v3_magic_formula.py:354 | Calculating min Fx potential for Fz=700, gamma=-0.03490658503988659
2025-04-03 20:18:24,906 | DEBUG    | v3_magic_formula.py:366 | Min Fx potential: Dx=1940.73, SVx=-18.82, Min=-1959.55
2025-04-03 20:18:24,906 | DEBUG    | v3_magic_formula.py:586 | Step 2: Approx Gxa(alpha_req, k=0) = 0.7361
2025-04-03 20:18:24,906 | DEBUG    | v3_magic_formula.py:595 | Step 3: Target Accel Fx = 565.85 N (AvailMax=1414.63)
2025-04-03 20:18:24,906 | DEBUG    | v3_magic_formula.py:373 | Finding kappa for target Fx=565.85 N at Fz=700.0, gamma=-2.00 deg
2025-04-03 20:18:24,906 | INFO     | v3_magic_formula.py:442 | Found kappa=0.0118 for target Fx=565.85 (brentq).
2025-04-03 20:18:24,906 | DEBUG    | v3_magic_formula.py:607 | Step 4: Required kappa (approx) = 0.0118
2025-04-03 20:18:24,906 | INFO     | v3_magic_formula.py:609 | Result: alpha=4.391 deg, kappa=0.0118
2025-04-03 20:18:24,906 | DEBUG    | v3_magic_formula.py:284 | Calculating forces for time 800 ms. Inputs: Fz=700, alpha=0.0766392653482444, kappa=0.011826774186331745, gamma=-0.03490658503988659
2025-04-03 20:18:24,906 | DEBUG    | v3_magic_formula.py:326 | Force calculation complete for time 800. Fx=417.11, Fy=-1491.54
2025-04-03 20:18:24,906 | INFO     | tire_tester.py:106 |   Success: Target Slips: alpha=4.391deg, kappa=0.0118
2025-04-03 20:18:24,906 | INFO     | tire_tester.py:107 |   Resulting Forces: Fx=417.1N, Fy=-1491.5N (Error Fy=8.5N / -0.56%)
2025-04-03 20:18:24,906 | INFO     | tire_tester.py:54 | Running Test Case 10: 'Cornering Partial Brake'
2025-04-03 20:18:24,906 | INFO     | tire_tester.py:55 |   Inputs: Fz=500.0N, gamma=-2.0deg, Target Fy=-1500.0N, Mode=brake, Intensity=0.60
2025-04-03 20:18:24,906 | INFO     | v3_magic_formula.py:567 | Finding slips for target Fy=-1500.00 N, Fz=500.0, gamma=-2.00 deg, mode='brake', intensity=0.60
2025-04-03 20:18:24,907 | DEBUG    | v3_magic_formula.py:475 | Finding alpha for target Fy=-1500.00 N at Fz=500.0, gamma=-2.00 deg
2025-04-03 20:18:24,907 | WARNING  | v3_magic_formula.py:501 | Target Fy=-1500.00 outside approx range [-1291.30, 1263.99]
2025-04-03 20:18:24,907 | WARNING  | v3_magic_formula.py:572 | Target Fy=-1500.00 N unachievable.
2025-04-03 20:18:24,907 | WARNING  | tire_tester.py:111 |   Failed: Could not find valid slips for target Fy=-1500.0N.
2025-04-03 20:18:24,907 | INFO     | tire_tester.py:54 | Running Test Case 11: 'High Cornering Coast'
2025-04-03 20:18:24,907 | INFO     | tire_tester.py:55 |   Inputs: Fz=800.0N, gamma=-3.0deg, Target Fy=-3500.0N, Mode=coast, Intensity=0.00
2025-04-03 20:18:24,907 | INFO     | v3_magic_formula.py:567 | Finding slips for target Fy=-3500.00 N, Fz=800.0, gamma=-3.00 deg, mode='coast', intensity=0.00
2025-04-03 20:18:24,907 | DEBUG    | v3_magic_formula.py:475 | Finding alpha for target Fy=-3500.00 N at Fz=800.0, gamma=-3.00 deg
2025-04-03 20:18:24,907 | WARNING  | v3_magic_formula.py:501 | Target Fy=-3500.00 outside approx range [-2026.43, 2056.18]
2025-04-03 20:18:24,907 | WARNING  | v3_magic_formula.py:572 | Target Fy=-3500.00 N unachievable.
2025-04-03 20:18:24,907 | WARNING  | tire_tester.py:111 |   Failed: Could not find valid slips for target Fy=-3500.0N.
2025-04-03 20:18:24,907 | INFO     | tire_tester.py:54 | Running Test Case 12: 'High Cornering Max Accel'
2025-04-03 20:18:24,907 | INFO     | tire_tester.py:55 |   Inputs: Fz=800.0N, gamma=-3.0deg, Target Fy=-3500.0N, Mode=accelerate, Intensity=1.00
2025-04-03 20:18:24,907 | INFO     | v3_magic_formula.py:567 | Finding slips for target Fy=-3500.00 N, Fz=800.0, gamma=-3.00 deg, mode='accelerate', intensity=1.00
2025-04-03 20:18:24,907 | DEBUG    | v3_magic_formula.py:475 | Finding alpha for target Fy=-3500.00 N at Fz=800.0, gamma=-3.00 deg
2025-04-03 20:18:24,907 | WARNING  | v3_magic_formula.py:501 | Target Fy=-3500.00 outside approx range [-2026.43, 2056.18]
2025-04-03 20:18:24,907 | WARNING  | v3_magic_formula.py:572 | Target Fy=-3500.00 N unachievable.
2025-04-03 20:18:24,907 | WARNING  | tire_tester.py:111 |   Failed: Could not find valid slips for target Fy=-3500.0N.
2025-04-03 20:18:24,907 | INFO     | tire_tester.py:54 | Running Test Case 13: 'Impossible Fy Target'
2025-04-03 20:18:24,907 | INFO     | tire_tester.py:55 |   Inputs: Fz=400.0N, gamma=0.0deg, Target Fy=-5000.0N, Mode=coast, Intensity=0.00
2025-04-03 20:18:24,907 | INFO     | v3_magic_formula.py:567 | Finding slips for target Fy=-5000.00 N, Fz=400.0, gamma=0.00 deg, mode='coast', intensity=0.00
2025-04-03 20:18:24,907 | DEBUG    | v3_magic_formula.py:475 | Finding alpha for target Fy=-5000.00 N at Fz=400.0, gamma=0.00 deg
2025-04-03 20:18:24,908 | WARNING  | v3_magic_formula.py:501 | Target Fy=-5000.00 outside approx range [-1036.00, 996.94]
2025-04-03 20:18:24,908 | WARNING  | v3_magic_formula.py:572 | Target Fy=-5000.00 N unachievable.
2025-04-03 20:18:24,908 | WARNING  | tire_tester.py:111 |   Failed: Could not find valid slips for target Fy=-5000.0N.
2025-04-03 20:18:24,908 | INFO     | tire_tester.py:116 | --- Tire Test Suite Finished ---
2025-04-03 20:19:58,665 | INFO     | v3_magic_formula.py:33 | Initializing Pacejka Tire Model from hoosier_r20.par
2025-04-03 20:19:58,665 | INFO     | v3_magic_formula.py:55 | Loading parameters from: hoosier_r20.par
2025-04-03 20:19:58,665 | INFO     | v3_magic_formula.py:66 | Finished loading parameters from hoosier_r20.par
2025-04-03 20:19:58,665 | DEBUG    | v3_magic_formula.py:71 | Validating required parameters...
2025-04-03 20:19:58,665 | INFO     | v3_magic_formula.py:93 | All required parameters loaded successfully.
2025-04-03 20:19:58,670 | INFO     | v3_magic_formula.py:51 | Pacejka Tire Model initialized successfully.
2025-04-03 20:19:58,670 | INFO     | tire_tester.py:43 | --- Starting Tire Test Suite (13 cases) ---
2025-04-03 20:19:58,670 | INFO     | tire_tester.py:54 | Running Test Case 1: 'Coast Straight'
2025-04-03 20:19:58,670 | INFO     | tire_tester.py:55 |   Inputs: Fz=600.0N, gamma=0.0deg, Target Fy=0.0N, Mode=coast, Intensity=0.00
2025-04-03 20:19:58,670 | INFO     | v3_magic_formula.py:567 | Finding slips for target Fy=0.00 N, Fz=600.0, gamma=0.00 deg, mode='coast', intensity=0.00
2025-04-03 20:19:58,670 | DEBUG    | v3_magic_formula.py:475 | Finding alpha for target Fy=0.00 N at Fz=600.0, gamma=0.00 deg
2025-04-03 20:19:58,670 | INFO     | v3_magic_formula.py:544 | Found alpha=0.033 deg for target Fy=0.00 (brentq).
2025-04-03 20:19:58,671 | DEBUG    | v3_magic_formula.py:573 | Step 1: Required alpha (approx) = 0.033 deg
2025-04-03 20:19:58,671 | DEBUG    | v3_magic_formula.py:336 | Calculating peak Fx potential for Fz=600, gamma=0.0
2025-04-03 20:19:58,671 | DEBUG    | v3_magic_formula.py:348 | Peak Fx potential: Dx=1652.79, SVx=-20.52, Peak=1632.27
2025-04-03 20:19:58,671 | DEBUG    | v3_magic_formula.py:354 | Calculating min Fx potential for Fz=600, gamma=0.0
2025-04-03 20:19:58,671 | DEBUG    | v3_magic_formula.py:366 | Min Fx potential: Dx=1652.79, SVx=-20.52, Min=-1673.31
2025-04-03 20:19:58,671 | DEBUG    | v3_magic_formula.py:586 | Step 2: Approx Gxa(alpha_req, k=0) = 1.0000
2025-04-03 20:19:58,671 | INFO     | v3_magic_formula.py:603 | Target longitudinal force is near zero. Setting kappa_req = 0.
2025-04-03 20:19:58,671 | INFO     | v3_magic_formula.py:609 | Result: alpha=0.033 deg, kappa=0.0000
2025-04-03 20:19:58,671 | DEBUG    | v3_magic_formula.py:284 | Calculating forces for time 0 ms. Inputs: Fz=600, alpha=0.0005834868827136856, kappa=0.0, gamma=0.0
2025-04-03 20:19:58,671 | DEBUG    | v3_magic_formula.py:326 | Force calculation complete for time 0. Fx=-93.00, Fy=0.01
2025-04-03 20:19:58,671 | INFO     | tire_tester.py:106 |   Success: Target Slips: alpha=0.033deg, kappa=0.0000
2025-04-03 20:19:58,671 | INFO     | tire_tester.py:107 |   Resulting Forces: Fx=-93.0N, Fy=0.0N (Error Fy=0.0N / inf%)
2025-04-03 20:19:58,671 | INFO     | tire_tester.py:54 | Running Test Case 2: 'Max Accel Straight'
2025-04-03 20:19:58,671 | INFO     | tire_tester.py:55 |   Inputs: Fz=700.0N, gamma=0.0deg, Target Fy=0.0N, Mode=accelerate, Intensity=1.00
2025-04-03 20:19:58,671 | INFO     | v3_magic_formula.py:567 | Finding slips for target Fy=0.00 N, Fz=700.0, gamma=0.00 deg, mode='accelerate', intensity=1.00
2025-04-03 20:19:58,671 | DEBUG    | v3_magic_formula.py:475 | Finding alpha for target Fy=0.00 N at Fz=700.0, gamma=0.00 deg
2025-04-03 20:19:58,671 | INFO     | v3_magic_formula.py:544 | Found alpha=0.018 deg for target Fy=0.00 (brentq).
2025-04-03 20:19:58,671 | DEBUG    | v3_magic_formula.py:573 | Step 1: Required alpha (approx) = 0.018 deg
2025-04-03 20:19:58,671 | DEBUG    | v3_magic_formula.py:336 | Calculating peak Fx potential for Fz=700, gamma=0.0
2025-04-03 20:19:58,672 | DEBUG    | v3_magic_formula.py:348 | Peak Fx potential: Dx=1934.81, SVx=-18.82, Peak=1915.99
2025-04-03 20:19:58,672 | DEBUG    | v3_magic_formula.py:354 | Calculating min Fx potential for Fz=700, gamma=0.0
2025-04-03 20:19:58,672 | DEBUG    | v3_magic_formula.py:366 | Min Fx potential: Dx=1934.81, SVx=-18.82, Min=-1953.63
2025-04-03 20:19:58,672 | DEBUG    | v3_magic_formula.py:586 | Step 2: Approx Gxa(alpha_req, k=0) = 1.0000
2025-04-03 20:19:58,672 | DEBUG    | v3_magic_formula.py:595 | Step 3: Target Accel Fx = 1915.97 N (AvailMax=1915.97)
2025-04-03 20:19:58,672 | DEBUG    | v3_magic_formula.py:373 | Finding kappa for target Fx=1915.97 N at Fz=700.0, gamma=0.00 deg
2025-04-03 20:19:58,672 | WARNING  | v3_magic_formula.py:452 | Kappa bracketing failed (errors: f(-0.275)=-3863.889, f(0.275)=-5.439). Target might be near peak or zero.
2025-04-03 20:19:58,672 | WARNING  | v3_magic_formula.py:463 | Ridder method also failed for kappa.
2025-04-03 20:19:58,672 | WARNING  | v3_magic_formula.py:606 | Could not find kappa for target Fx=1915.97. Setting kappa_req = 0.
2025-04-03 20:19:58,672 | INFO     | v3_magic_formula.py:609 | Result: alpha=0.018 deg, kappa=0.0000
2025-04-03 20:19:58,672 | DEBUG    | v3_magic_formula.py:284 | Calculating forces for time 100 ms. Inputs: Fz=700, alpha=0.00031880253508587966, kappa=0.0, gamma=0.0
2025-04-03 20:19:58,672 | DEBUG    | v3_magic_formula.py:326 | Force calculation complete for time 100. Fx=-73.29, Fy=-0.66
2025-04-03 20:19:58,672 | INFO     | tire_tester.py:106 |   Success: Target Slips: alpha=0.018deg, kappa=0.0000
2025-04-03 20:19:58,672 | INFO     | tire_tester.py:107 |   Resulting Forces: Fx=-73.3N, Fy=-0.7N (Error Fy=-0.7N / inf%)
2025-04-03 20:19:58,672 | INFO     | tire_tester.py:54 | Running Test Case 3: 'Max Brake Straight'
2025-04-03 20:19:58,672 | INFO     | tire_tester.py:55 |   Inputs: Fz=500.0N, gamma=0.0deg, Target Fy=0.0N, Mode=brake, Intensity=1.00
2025-04-03 20:19:58,672 | INFO     | v3_magic_formula.py:567 | Finding slips for target Fy=0.00 N, Fz=500.0, gamma=0.00 deg, mode='brake', intensity=1.00
2025-04-03 20:19:58,672 | DEBUG    | v3_magic_formula.py:475 | Finding alpha for target Fy=0.00 N at Fz=500.0, gamma=0.00 deg
2025-04-03 20:19:58,672 | INFO     | v3_magic_formula.py:544 | Found alpha=0.051 deg for target Fy=0.00 (brentq).
2025-04-03 20:19:58,673 | DEBUG    | v3_magic_formula.py:573 | Step 1: Required alpha (approx) = 0.051 deg
2025-04-03 20:19:58,673 | DEBUG    | v3_magic_formula.py:336 | Calculating peak Fx potential for Fz=500, gamma=0.0
2025-04-03 20:19:58,673 | DEBUG    | v3_magic_formula.py:348 | Peak Fx potential: Dx=1372.64, SVx=-20.75, Peak=1351.89
2025-04-03 20:19:58,673 | DEBUG    | v3_magic_formula.py:354 | Calculating min Fx potential for Fz=500, gamma=0.0
2025-04-03 20:19:58,673 | DEBUG    | v3_magic_formula.py:366 | Min Fx potential: Dx=1372.64, SVx=-20.75, Min=-1393.40
2025-04-03 20:19:58,673 | DEBUG    | v3_magic_formula.py:586 | Step 2: Approx Gxa(alpha_req, k=0) = 0.9999
2025-04-03 20:19:58,673 | DEBUG    | v3_magic_formula.py:598 | Step 3: Target Brake Fx = -1393.32 N (AvailMin=-1393.32)
2025-04-03 20:19:58,673 | DEBUG    | v3_magic_formula.py:373 | Finding kappa for target Fx=-1393.32 N at Fz=500.0, gamma=0.00 deg
2025-04-03 20:19:58,673 | WARNING  | v3_magic_formula.py:452 | Kappa bracketing failed (errors: f(-0.275)=13.985, f(0.275)=2731.680). Target might be near peak or zero.
2025-04-03 20:19:58,673 | WARNING  | v3_magic_formula.py:463 | Ridder method also failed for kappa.
2025-04-03 20:19:58,673 | WARNING  | v3_magic_formula.py:606 | Could not find kappa for target Fx=-1393.32. Setting kappa_req = 0.
2025-04-03 20:19:58,673 | INFO     | v3_magic_formula.py:609 | Result: alpha=0.051 deg, kappa=0.0000
2025-04-03 20:19:58,673 | DEBUG    | v3_magic_formula.py:284 | Calculating forces for time 200 ms. Inputs: Fz=500, alpha=0.0008942641857142886, kappa=0.0, gamma=0.0
2025-04-03 20:19:58,673 | DEBUG    | v3_magic_formula.py:326 | Force calculation complete for time 200. Fx=-106.56, Fy=0.03
2025-04-03 20:19:58,673 | INFO     | tire_tester.py:106 |   Success: Target Slips: alpha=0.051deg, kappa=0.0000
2025-04-03 20:19:58,673 | INFO     | tire_tester.py:107 |   Resulting Forces: Fx=-106.6N, Fy=0.0N (Error Fy=0.0N / inf%)
2025-04-03 20:19:58,673 | INFO     | tire_tester.py:54 | Running Test Case 4: 'Partial Accel Straight'
2025-04-03 20:19:58,673 | INFO     | tire_tester.py:55 |   Inputs: Fz=700.0N, gamma=0.0deg, Target Fy=0.0N, Mode=accelerate, Intensity=0.50
2025-04-03 20:19:58,673 | INFO     | v3_magic_formula.py:567 | Finding slips for target Fy=0.00 N, Fz=700.0, gamma=0.00 deg, mode='accelerate', intensity=0.50
2025-04-03 20:19:58,673 | DEBUG    | v3_magic_formula.py:475 | Finding alpha for target Fy=0.00 N at Fz=700.0, gamma=0.00 deg
2025-04-03 20:19:58,673 | INFO     | v3_magic_formula.py:544 | Found alpha=0.018 deg for target Fy=0.00 (brentq).
2025-04-03 20:19:58,674 | DEBUG    | v3_magic_formula.py:573 | Step 1: Required alpha (approx) = 0.018 deg
2025-04-03 20:19:58,674 | DEBUG    | v3_magic_formula.py:336 | Calculating peak Fx potential for Fz=700, gamma=0.0
2025-04-03 20:19:58,674 | DEBUG    | v3_magic_formula.py:348 | Peak Fx potential: Dx=1934.81, SVx=-18.82, Peak=1915.99
2025-04-03 20:19:58,674 | DEBUG    | v3_magic_formula.py:354 | Calculating min Fx potential for Fz=700, gamma=0.0
2025-04-03 20:19:58,674 | DEBUG    | v3_magic_formula.py:366 | Min Fx potential: Dx=1934.81, SVx=-18.82, Min=-1953.63
2025-04-03 20:19:58,674 | DEBUG    | v3_magic_formula.py:586 | Step 2: Approx Gxa(alpha_req, k=0) = 1.0000
2025-04-03 20:19:58,674 | DEBUG    | v3_magic_formula.py:595 | Step 3: Target Accel Fx = 957.99 N (AvailMax=1915.97)
2025-04-03 20:19:58,674 | DEBUG    | v3_magic_formula.py:373 | Finding kappa for target Fx=957.99 N at Fz=700.0, gamma=0.00 deg
2025-04-03 20:19:58,674 | INFO     | v3_magic_formula.py:442 | Found kappa=0.0207 for target Fx=957.99 (brentq).
2025-04-03 20:19:58,674 | DEBUG    | v3_magic_formula.py:607 | Step 4: Required kappa (approx) = 0.0207
2025-04-03 20:19:58,674 | INFO     | v3_magic_formula.py:609 | Result: alpha=0.018 deg, kappa=0.0207
2025-04-03 20:19:58,674 | DEBUG    | v3_magic_formula.py:284 | Calculating forces for time 300 ms. Inputs: Fz=700, alpha=0.00031880253508587966, kappa=0.020723479735152282, gamma=0.0
2025-04-03 20:19:58,674 | DEBUG    | v3_magic_formula.py:326 | Force calculation complete for time 300. Fx=957.53, Fy=-0.65
2025-04-03 20:19:58,674 | INFO     | tire_tester.py:106 |   Success: Target Slips: alpha=0.018deg, kappa=0.0207
2025-04-03 20:19:58,674 | INFO     | tire_tester.py:107 |   Resulting Forces: Fx=957.5N, Fy=-0.6N (Error Fy=-0.6N / inf%)
2025-04-03 20:19:58,674 | INFO     | tire_tester.py:54 | Running Test Case 5: 'Partial Brake Straight'
2025-04-03 20:19:58,674 | INFO     | tire_tester.py:55 |   Inputs: Fz=500.0N, gamma=0.0deg, Target Fy=0.0N, Mode=brake, Intensity=0.70
2025-04-03 20:19:58,674 | INFO     | v3_magic_formula.py:567 | Finding slips for target Fy=0.00 N, Fz=500.0, gamma=0.00 deg, mode='brake', intensity=0.70
2025-04-03 20:19:58,674 | DEBUG    | v3_magic_formula.py:475 | Finding alpha for target Fy=0.00 N at Fz=500.0, gamma=0.00 deg
2025-04-03 20:19:58,674 | INFO     | v3_magic_formula.py:544 | Found alpha=0.051 deg for target Fy=0.00 (brentq).
2025-04-03 20:19:58,674 | DEBUG    | v3_magic_formula.py:573 | Step 1: Required alpha (approx) = 0.051 deg
2025-04-03 20:19:58,675 | DEBUG    | v3_magic_formula.py:336 | Calculating peak Fx potential for Fz=500, gamma=0.0
2025-04-03 20:19:58,675 | DEBUG    | v3_magic_formula.py:348 | Peak Fx potential: Dx=1372.64, SVx=-20.75, Peak=1351.89
2025-04-03 20:19:58,675 | DEBUG    | v3_magic_formula.py:354 | Calculating min Fx potential for Fz=500, gamma=0.0
2025-04-03 20:19:58,675 | DEBUG    | v3_magic_formula.py:366 | Min Fx potential: Dx=1372.64, SVx=-20.75, Min=-1393.40
2025-04-03 20:19:58,675 | DEBUG    | v3_magic_formula.py:586 | Step 2: Approx Gxa(alpha_req, k=0) = 0.9999
2025-04-03 20:19:58,675 | DEBUG    | v3_magic_formula.py:598 | Step 3: Target Brake Fx = -975.32 N (AvailMin=-1393.32)
2025-04-03 20:19:58,675 | DEBUG    | v3_magic_formula.py:373 | Finding kappa for target Fx=-975.32 N at Fz=500.0, gamma=0.00 deg
2025-04-03 20:19:58,675 | INFO     | v3_magic_formula.py:442 | Found kappa=-0.0245 for target Fx=-975.32 (brentq).
2025-04-03 20:19:58,675 | DEBUG    | v3_magic_formula.py:607 | Step 4: Required kappa (approx) = -0.0245
2025-04-03 20:19:58,675 | INFO     | v3_magic_formula.py:609 | Result: alpha=0.051 deg, kappa=-0.0245
2025-04-03 20:19:58,675 | DEBUG    | v3_magic_formula.py:284 | Calculating forces for time 400 ms. Inputs: Fz=500, alpha=0.0008942641857142886, kappa=-0.024497520742223423, gamma=0.0
2025-04-03 20:19:58,675 | DEBUG    | v3_magic_formula.py:326 | Force calculation complete for time 400. Fx=-975.10, Fy=0.03
2025-04-03 20:19:58,675 | INFO     | tire_tester.py:106 |   Success: Target Slips: alpha=0.051deg, kappa=-0.0245
2025-04-03 20:19:58,675 | INFO     | tire_tester.py:107 |   Resulting Forces: Fx=-975.1N, Fy=0.0N (Error Fy=0.0N / inf%)
2025-04-03 20:19:58,675 | INFO     | tire_tester.py:54 | Running Test Case 6: 'Cornering Coast'
2025-04-03 20:19:58,675 | INFO     | tire_tester.py:55 |   Inputs: Fz=600.0N, gamma=-2.0deg, Target Fy=-1500.0N, Mode=coast, Intensity=0.00
2025-04-03 20:19:58,675 | INFO     | v3_magic_formula.py:567 | Finding slips for target Fy=-1500.00 N, Fz=600.0, gamma=-2.00 deg, mode='coast', intensity=0.00
2025-04-03 20:19:58,675 | DEBUG    | v3_magic_formula.py:475 | Finding alpha for target Fy=-1500.00 N at Fz=600.0, gamma=-2.00 deg
2025-04-03 20:19:58,675 | INFO     | v3_magic_formula.py:544 | Found alpha=6.361 deg for target Fy=-1500.00 (brentq).
2025-04-03 20:19:58,675 | DEBUG    | v3_magic_formula.py:573 | Step 1: Required alpha (approx) = 6.361 deg
2025-04-03 20:19:58,676 | DEBUG    | v3_magic_formula.py:336 | Calculating peak Fx potential for Fz=600, gamma=-0.03490658503988659
2025-04-03 20:19:58,676 | DEBUG    | v3_magic_formula.py:348 | Peak Fx potential: Dx=1657.85, SVx=-20.52, Peak=1637.33
2025-04-03 20:19:58,676 | DEBUG    | v3_magic_formula.py:354 | Calculating min Fx potential for Fz=600, gamma=-0.03490658503988659
2025-04-03 20:19:58,676 | DEBUG    | v3_magic_formula.py:366 | Min Fx potential: Dx=1657.85, SVx=-20.52, Min=-1678.37
2025-04-03 20:19:58,676 | DEBUG    | v3_magic_formula.py:586 | Step 2: Approx Gxa(alpha_req, k=0) = 0.6003
2025-04-03 20:19:58,676 | INFO     | v3_magic_formula.py:603 | Target longitudinal force is near zero. Setting kappa_req = 0.
2025-04-03 20:19:58,676 | INFO     | v3_magic_formula.py:609 | Result: alpha=6.361 deg, kappa=0.0000
2025-04-03 20:19:58,676 | DEBUG    | v3_magic_formula.py:284 | Calculating forces for time 500 ms. Inputs: Fz=600, alpha=0.11102370887737106, kappa=0.0, gamma=-0.03490658503988659
2025-04-03 20:19:58,676 | DEBUG    | v3_magic_formula.py:326 | Force calculation complete for time 500. Fx=-55.35, Fy=-1500.05
2025-04-03 20:19:58,676 | INFO     | tire_tester.py:106 |   Success: Target Slips: alpha=6.361deg, kappa=0.0000
2025-04-03 20:19:58,676 | INFO     | tire_tester.py:107 |   Resulting Forces: Fx=-55.3N, Fy=-1500.0N (Error Fy=-0.0N / 0.00%)
2025-04-03 20:19:58,676 | INFO     | tire_tester.py:54 | Running Test Case 7: 'Cornering Max Accel'
2025-04-03 20:19:58,676 | INFO     | tire_tester.py:55 |   Inputs: Fz=700.0N, gamma=-2.0deg, Target Fy=-1500.0N, Mode=accelerate, Intensity=1.00
2025-04-03 20:19:58,676 | INFO     | v3_magic_formula.py:567 | Finding slips for target Fy=-1500.00 N, Fz=700.0, gamma=-2.00 deg, mode='accelerate', intensity=1.00
2025-04-03 20:19:58,676 | DEBUG    | v3_magic_formula.py:475 | Finding alpha for target Fy=-1500.00 N at Fz=700.0, gamma=-2.00 deg
2025-04-03 20:19:58,676 | INFO     | v3_magic_formula.py:544 | Found alpha=4.391 deg for target Fy=-1500.00 (brentq).
2025-04-03 20:19:58,676 | DEBUG    | v3_magic_formula.py:573 | Step 1: Required alpha (approx) = 4.391 deg
2025-04-03 20:19:58,676 | DEBUG    | v3_magic_formula.py:336 | Calculating peak Fx potential for Fz=700, gamma=-0.03490658503988659
2025-04-03 20:19:58,676 | DEBUG    | v3_magic_formula.py:348 | Peak Fx potential: Dx=1940.73, SVx=-18.82, Peak=1921.91
2025-04-03 20:19:58,676 | DEBUG    | v3_magic_formula.py:354 | Calculating min Fx potential for Fz=700, gamma=-0.03490658503988659
2025-04-03 20:19:58,676 | DEBUG    | v3_magic_formula.py:366 | Min Fx potential: Dx=1940.73, SVx=-18.82, Min=-1959.55
2025-04-03 20:19:58,676 | DEBUG    | v3_magic_formula.py:586 | Step 2: Approx Gxa(alpha_req, k=0) = 0.7361
2025-04-03 20:19:58,677 | DEBUG    | v3_magic_formula.py:595 | Step 3: Target Accel Fx = 1414.63 N (AvailMax=1414.63)
2025-04-03 20:19:58,677 | DEBUG    | v3_magic_formula.py:373 | Finding kappa for target Fx=1414.63 N at Fz=700.0, gamma=-2.00 deg
2025-04-03 20:19:58,677 | INFO     | v3_magic_formula.py:442 | Found kappa=0.0381 for target Fx=1414.63 (brentq).
2025-04-03 20:19:58,677 | DEBUG    | v3_magic_formula.py:607 | Step 4: Required kappa (approx) = 0.0381
2025-04-03 20:19:58,677 | INFO     | v3_magic_formula.py:609 | Result: alpha=4.391 deg, kappa=0.0381
2025-04-03 20:19:58,677 | DEBUG    | v3_magic_formula.py:284 | Calculating forces for time 600 ms. Inputs: Fz=700, alpha=0.0766392653482444, kappa=0.03807530625797634, gamma=-0.03490658503988659
2025-04-03 20:19:58,677 | DEBUG    | v3_magic_formula.py:326 | Force calculation complete for time 600. Fx=1053.27, Fy=-1417.69
2025-04-03 20:19:58,677 | INFO     | tire_tester.py:106 |   Success: Target Slips: alpha=4.391deg, kappa=0.0381
2025-04-03 20:19:58,677 | INFO     | tire_tester.py:107 |   Resulting Forces: Fx=1053.3N, Fy=-1417.7N (Error Fy=82.3N / -5.49%)
2025-04-03 20:19:58,677 | INFO     | tire_tester.py:54 | Running Test Case 8: 'Cornering Max Brake'
2025-04-03 20:19:58,677 | INFO     | tire_tester.py:55 |   Inputs: Fz=500.0N, gamma=-2.0deg, Target Fy=-1500.0N, Mode=brake, Intensity=1.00
2025-04-03 20:19:58,677 | INFO     | v3_magic_formula.py:567 | Finding slips for target Fy=-1500.00 N, Fz=500.0, gamma=-2.00 deg, mode='brake', intensity=1.00
2025-04-03 20:19:58,677 | DEBUG    | v3_magic_formula.py:475 | Finding alpha for target Fy=-1500.00 N at Fz=500.0, gamma=-2.00 deg
2025-04-03 20:19:58,677 | WARNING  | v3_magic_formula.py:501 | Target Fy=-1500.00 outside approx range [-1291.30, 1263.99]
2025-04-03 20:19:58,677 | WARNING  | v3_magic_formula.py:572 | Target Fy=-1500.00 N unachievable.
2025-04-03 20:19:58,677 | WARNING  | tire_tester.py:111 |   Failed: Could not find valid slips for target Fy=-1500.0N.
2025-04-03 20:19:58,677 | INFO     | tire_tester.py:54 | Running Test Case 9: 'Cornering Partial Accel'
2025-04-03 20:19:58,677 | INFO     | tire_tester.py:55 |   Inputs: Fz=700.0N, gamma=-2.0deg, Target Fy=-1500.0N, Mode=accelerate, Intensity=0.40
2025-04-03 20:19:58,677 | INFO     | v3_magic_formula.py:567 | Finding slips for target Fy=-1500.00 N, Fz=700.0, gamma=-2.00 deg, mode='accelerate', intensity=0.40
2025-04-03 20:19:58,677 | DEBUG    | v3_magic_formula.py:475 | Finding alpha for target Fy=-1500.00 N at Fz=700.0, gamma=-2.00 deg
2025-04-03 20:19:58,678 | INFO     | v3_magic_formula.py:544 | Found alpha=4.391 deg for target Fy=-1500.00 (brentq).
2025-04-03 20:19:58,678 | DEBUG    | v3_magic_formula.py:573 | Step 1: Required alpha (approx) = 4.391 deg
2025-04-03 20:19:58,678 | DEBUG    | v3_magic_formula.py:336 | Calculating peak Fx potential for Fz=700, gamma=-0.03490658503988659
2025-04-03 20:19:58,678 | DEBUG    | v3_magic_formula.py:348 | Peak Fx potential: Dx=1940.73, SVx=-18.82, Peak=1921.91
2025-04-03 20:19:58,678 | DEBUG    | v3_magic_formula.py:354 | Calculating min Fx potential for Fz=700, gamma=-0.03490658503988659
2025-04-03 20:19:58,678 | DEBUG    | v3_magic_formula.py:366 | Min Fx potential: Dx=1940.73, SVx=-18.82, Min=-1959.55
2025-04-03 20:19:58,678 | DEBUG    | v3_magic_formula.py:586 | Step 2: Approx Gxa(alpha_req, k=0) = 0.7361
2025-04-03 20:19:58,678 | DEBUG    | v3_magic_formula.py:595 | Step 3: Target Accel Fx = 565.85 N (AvailMax=1414.63)
2025-04-03 20:19:58,678 | DEBUG    | v3_magic_formula.py:373 | Finding kappa for target Fx=565.85 N at Fz=700.0, gamma=-2.00 deg
2025-04-03 20:19:58,678 | INFO     | v3_magic_formula.py:442 | Found kappa=0.0118 for target Fx=565.85 (brentq).
2025-04-03 20:19:58,678 | DEBUG    | v3_magic_formula.py:607 | Step 4: Required kappa (approx) = 0.0118
2025-04-03 20:19:58,678 | INFO     | v3_magic_formula.py:609 | Result: alpha=4.391 deg, kappa=0.0118
2025-04-03 20:19:58,678 | DEBUG    | v3_magic_formula.py:284 | Calculating forces for time 800 ms. Inputs: Fz=700, alpha=0.0766392653482444, kappa=0.011826774186331745, gamma=-0.03490658503988659
2025-04-03 20:19:58,678 | DEBUG    | v3_magic_formula.py:326 | Force calculation complete for time 800. Fx=417.11, Fy=-1491.54
2025-04-03 20:19:58,678 | INFO     | tire_tester.py:106 |   Success: Target Slips: alpha=4.391deg, kappa=0.0118
2025-04-03 20:19:58,678 | INFO     | tire_tester.py:107 |   Resulting Forces: Fx=417.1N, Fy=-1491.5N (Error Fy=8.5N / -0.56%)
2025-04-03 20:19:58,678 | INFO     | tire_tester.py:54 | Running Test Case 10: 'Cornering Partial Brake'
2025-04-03 20:19:58,678 | INFO     | tire_tester.py:55 |   Inputs: Fz=500.0N, gamma=-2.0deg, Target Fy=-1500.0N, Mode=brake, Intensity=0.60
2025-04-03 20:19:58,678 | INFO     | v3_magic_formula.py:567 | Finding slips for target Fy=-1500.00 N, Fz=500.0, gamma=-2.00 deg, mode='brake', intensity=0.60
2025-04-03 20:19:58,678 | DEBUG    | v3_magic_formula.py:475 | Finding alpha for target Fy=-1500.00 N at Fz=500.0, gamma=-2.00 deg
2025-04-03 20:19:58,678 | WARNING  | v3_magic_formula.py:501 | Target Fy=-1500.00 outside approx range [-1291.30, 1263.99]
2025-04-03 20:19:58,678 | WARNING  | v3_magic_formula.py:572 | Target Fy=-1500.00 N unachievable.
2025-04-03 20:19:58,679 | WARNING  | tire_tester.py:111 |   Failed: Could not find valid slips for target Fy=-1500.0N.
2025-04-03 20:19:58,679 | INFO     | tire_tester.py:54 | Running Test Case 11: 'High Cornering Coast'
2025-04-03 20:19:58,679 | INFO     | tire_tester.py:55 |   Inputs: Fz=800.0N, gamma=-3.0deg, Target Fy=-3500.0N, Mode=coast, Intensity=0.00
2025-04-03 20:19:58,679 | INFO     | v3_magic_formula.py:567 | Finding slips for target Fy=-3500.00 N, Fz=800.0, gamma=-3.00 deg, mode='coast', intensity=0.00
2025-04-03 20:19:58,679 | DEBUG    | v3_magic_formula.py:475 | Finding alpha for target Fy=-3500.00 N at Fz=800.0, gamma=-3.00 deg
2025-04-03 20:19:58,679 | WARNING  | v3_magic_formula.py:501 | Target Fy=-3500.00 outside approx range [-2026.43, 2056.18]
2025-04-03 20:19:58,679 | WARNING  | v3_magic_formula.py:572 | Target Fy=-3500.00 N unachievable.
2025-04-03 20:19:58,679 | WARNING  | tire_tester.py:111 |   Failed: Could not find valid slips for target Fy=-3500.0N.
2025-04-03 20:19:58,679 | INFO     | tire_tester.py:54 | Running Test Case 12: 'High Cornering Max Accel'
2025-04-03 20:19:58,679 | INFO     | tire_tester.py:55 |   Inputs: Fz=800.0N, gamma=-3.0deg, Target Fy=-3500.0N, Mode=accelerate, Intensity=1.00
2025-04-03 20:19:58,679 | INFO     | v3_magic_formula.py:567 | Finding slips for target Fy=-3500.00 N, Fz=800.0, gamma=-3.00 deg, mode='accelerate', intensity=1.00
2025-04-03 20:19:58,679 | DEBUG    | v3_magic_formula.py:475 | Finding alpha for target Fy=-3500.00 N at Fz=800.0, gamma=-3.00 deg
2025-04-03 20:19:58,679 | WARNING  | v3_magic_formula.py:501 | Target Fy=-3500.00 outside approx range [-2026.43, 2056.18]
2025-04-03 20:19:58,679 | WARNING  | v3_magic_formula.py:572 | Target Fy=-3500.00 N unachievable.
2025-04-03 20:19:58,679 | WARNING  | tire_tester.py:111 |   Failed: Could not find valid slips for target Fy=-3500.0N.
2025-04-03 20:19:58,679 | INFO     | tire_tester.py:54 | Running Test Case 13: 'Impossible Fy Target'
2025-04-03 20:19:58,679 | INFO     | tire_tester.py:55 |   Inputs: Fz=400.0N, gamma=0.0deg, Target Fy=-5000.0N, Mode=coast, Intensity=0.00
2025-04-03 20:19:58,679 | INFO     | v3_magic_formula.py:567 | Finding slips for target Fy=-5000.00 N, Fz=400.0, gamma=0.00 deg, mode='coast', intensity=0.00
2025-04-03 20:19:58,679 | DEBUG    | v3_magic_formula.py:475 | Finding alpha for target Fy=-5000.00 N at Fz=400.0, gamma=0.00 deg
2025-04-03 20:19:58,679 | WARNING  | v3_magic_formula.py:501 | Target Fy=-5000.00 outside approx range [-1036.00, 996.94]
2025-04-03 20:19:58,680 | WARNING  | v3_magic_formula.py:572 | Target Fy=-5000.00 N unachievable.
2025-04-03 20:19:58,680 | WARNING  | tire_tester.py:111 |   Failed: Could not find valid slips for target Fy=-5000.0N.
2025-04-03 20:19:58,680 | INFO     | tire_tester.py:116 | --- Tire Test Suite Finished ---
2025-04-03 20:32:17,740 | INFO     | v3_magic_formula.py:33 | Initializing Pacejka Tire Model from hoosier_r20.par
2025-04-03 20:32:17,740 | INFO     | v3_magic_formula.py:55 | Loading parameters from: hoosier_r20.par
2025-04-03 20:32:17,740 | INFO     | v3_magic_formula.py:66 | Finished loading parameters from hoosier_r20.par
2025-04-03 20:32:17,740 | DEBUG    | v3_magic_formula.py:71 | Validating required parameters...
2025-04-03 20:32:17,740 | INFO     | v3_magic_formula.py:93 | All required parameters loaded successfully.
2025-04-03 20:32:17,746 | INFO     | v3_magic_formula.py:51 | Pacejka Tire Model initialized successfully.
2025-04-03 20:32:17,746 | INFO     | tire_tester.py:27 | --- Starting Fy Priority Test Suite (7 cases) ---
2025-04-03 20:32:17,746 | INFO     | tire_tester.py:32 | Running Fy Priority Test 1: 'Coast Straight'
2025-04-03 20:32:17,746 | DEBUG    | tire_tester.py:33 |   Inputs: Fz=600.0N, gamma=0.0deg, Target Fy=0.0N, Mode=coast, Intensity=0.00
2025-04-03 20:32:17,746 | INFO     | v3_magic_formula.py:567 | Finding slips for target Fy=0.00 N, Fz=600.0, gamma=0.00 deg, mode='coast', intensity=0.00
2025-04-03 20:32:17,746 | DEBUG    | v3_magic_formula.py:475 | Finding alpha for target Fy=0.00 N at Fz=600.0, gamma=0.00 deg
2025-04-03 20:32:17,746 | INFO     | v3_magic_formula.py:544 | Found alpha=0.033 deg for target Fy=0.00 (brentq).
2025-04-03 20:32:17,746 | DEBUG    | v3_magic_formula.py:573 | Step 1: Required alpha (approx) = 0.033 deg
2025-04-03 20:32:17,746 | DEBUG    | v3_magic_formula.py:336 | Calculating peak Fx potential for Fz=600, gamma=0.0
2025-04-03 20:32:17,746 | DEBUG    | v3_magic_formula.py:348 | Peak Fx potential: Dx=1652.79, SVx=-20.52, Peak=1632.27
2025-04-03 20:32:17,746 | DEBUG    | v3_magic_formula.py:354 | Calculating min Fx potential for Fz=600, gamma=0.0
2025-04-03 20:32:17,746 | DEBUG    | v3_magic_formula.py:366 | Min Fx potential: Dx=1652.79, SVx=-20.52, Min=-1673.31
2025-04-03 20:32:17,746 | DEBUG    | v3_magic_formula.py:586 | Step 2: Approx Gxa(alpha_req, k=0) = 1.0000
2025-04-03 20:32:17,747 | INFO     | v3_magic_formula.py:603 | Target longitudinal force is near zero. Setting kappa_req = 0.
2025-04-03 20:32:17,747 | INFO     | v3_magic_formula.py:609 | Result: alpha=0.033 deg, kappa=0.0000
2025-04-03 20:32:17,747 | DEBUG    | v3_magic_formula.py:284 | Calculating forces for time 0 ms. Inputs: Fz=600, alpha=0.0005834868827136856, kappa=0.0, gamma=0.0
2025-04-03 20:32:17,747 | DEBUG    | v3_magic_formula.py:326 | Force calculation complete for time 0. Fx=-93.00, Fy=0.01
2025-04-03 20:32:17,747 | DEBUG    | tire_tester.py:48 |   Success: Target Slips: alpha=0.033deg, kappa=0.0000
2025-04-03 20:32:17,747 | DEBUG    | tire_tester.py:49 |   Resulting Forces: Fx=-93.0N, Fy=0.0N (Error Fy=0.0N / inf%)
2025-04-03 20:32:17,747 | INFO     | tire_tester.py:32 | Running Fy Priority Test 2: 'Max Accel Straight'
2025-04-03 20:32:17,747 | DEBUG    | tire_tester.py:33 |   Inputs: Fz=700.0N, gamma=0.0deg, Target Fy=0.0N, Mode=accelerate, Intensity=1.00
2025-04-03 20:32:17,747 | INFO     | v3_magic_formula.py:567 | Finding slips for target Fy=0.00 N, Fz=700.0, gamma=0.00 deg, mode='accelerate', intensity=1.00
2025-04-03 20:32:17,747 | DEBUG    | v3_magic_formula.py:475 | Finding alpha for target Fy=0.00 N at Fz=700.0, gamma=0.00 deg
2025-04-03 20:32:17,747 | INFO     | v3_magic_formula.py:544 | Found alpha=0.018 deg for target Fy=0.00 (brentq).
2025-04-03 20:32:17,747 | DEBUG    | v3_magic_formula.py:573 | Step 1: Required alpha (approx) = 0.018 deg
2025-04-03 20:32:17,747 | DEBUG    | v3_magic_formula.py:336 | Calculating peak Fx potential for Fz=700, gamma=0.0
2025-04-03 20:32:17,747 | DEBUG    | v3_magic_formula.py:348 | Peak Fx potential: Dx=1934.81, SVx=-18.82, Peak=1915.99
2025-04-03 20:32:17,747 | DEBUG    | v3_magic_formula.py:354 | Calculating min Fx potential for Fz=700, gamma=0.0
2025-04-03 20:32:17,747 | DEBUG    | v3_magic_formula.py:366 | Min Fx potential: Dx=1934.81, SVx=-18.82, Min=-1953.63
2025-04-03 20:32:17,747 | DEBUG    | v3_magic_formula.py:586 | Step 2: Approx Gxa(alpha_req, k=0) = 1.0000
2025-04-03 20:32:17,747 | DEBUG    | v3_magic_formula.py:595 | Step 3: Target Accel Fx = 1915.97 N (AvailMax=1915.97)
2025-04-03 20:32:17,747 | DEBUG    | v3_magic_formula.py:373 | Finding kappa for target Fx=1915.97 N at Fz=700.0, gamma=0.00 deg
2025-04-03 20:32:17,747 | WARNING  | v3_magic_formula.py:452 | Kappa bracketing failed (errors: f(-0.275)=-3863.889, f(0.275)=-5.439). Target might be near peak or zero.
2025-04-03 20:32:17,748 | WARNING  | v3_magic_formula.py:463 | Ridder method also failed for kappa.
2025-04-03 20:32:17,748 | WARNING  | v3_magic_formula.py:606 | Could not find kappa for target Fx=1915.97. Setting kappa_req = 0.
2025-04-03 20:32:17,748 | INFO     | v3_magic_formula.py:609 | Result: alpha=0.018 deg, kappa=0.0000
2025-04-03 20:32:17,748 | DEBUG    | v3_magic_formula.py:284 | Calculating forces for time 100 ms. Inputs: Fz=700, alpha=0.00031880253508587966, kappa=0.0, gamma=0.0
2025-04-03 20:32:17,748 | DEBUG    | v3_magic_formula.py:326 | Force calculation complete for time 100. Fx=-73.29, Fy=-0.66
2025-04-03 20:32:17,748 | DEBUG    | tire_tester.py:48 |   Success: Target Slips: alpha=0.018deg, kappa=0.0000
2025-04-03 20:32:17,748 | DEBUG    | tire_tester.py:49 |   Resulting Forces: Fx=-73.3N, Fy=-0.7N (Error Fy=-0.7N / inf%)
2025-04-03 20:32:17,748 | INFO     | tire_tester.py:32 | Running Fy Priority Test 3: 'Max Brake Straight'
2025-04-03 20:32:17,748 | DEBUG    | tire_tester.py:33 |   Inputs: Fz=500.0N, gamma=0.0deg, Target Fy=0.0N, Mode=brake, Intensity=1.00
2025-04-03 20:32:17,748 | INFO     | v3_magic_formula.py:567 | Finding slips for target Fy=0.00 N, Fz=500.0, gamma=0.00 deg, mode='brake', intensity=1.00
2025-04-03 20:32:17,748 | DEBUG    | v3_magic_formula.py:475 | Finding alpha for target Fy=0.00 N at Fz=500.0, gamma=0.00 deg
2025-04-03 20:32:17,748 | INFO     | v3_magic_formula.py:544 | Found alpha=0.051 deg for target Fy=0.00 (brentq).
2025-04-03 20:32:17,748 | DEBUG    | v3_magic_formula.py:573 | Step 1: Required alpha (approx) = 0.051 deg
2025-04-03 20:32:17,748 | DEBUG    | v3_magic_formula.py:336 | Calculating peak Fx potential for Fz=500, gamma=0.0
2025-04-03 20:32:17,748 | DEBUG    | v3_magic_formula.py:348 | Peak Fx potential: Dx=1372.64, SVx=-20.75, Peak=1351.89
2025-04-03 20:32:17,748 | DEBUG    | v3_magic_formula.py:354 | Calculating min Fx potential for Fz=500, gamma=0.0
2025-04-03 20:32:17,748 | DEBUG    | v3_magic_formula.py:366 | Min Fx potential: Dx=1372.64, SVx=-20.75, Min=-1393.40
2025-04-03 20:32:17,748 | DEBUG    | v3_magic_formula.py:586 | Step 2: Approx Gxa(alpha_req, k=0) = 0.9999
2025-04-03 20:32:17,748 | DEBUG    | v3_magic_formula.py:598 | Step 3: Target Brake Fx = -1393.32 N (AvailMin=-1393.32)
2025-04-03 20:32:17,748 | DEBUG    | v3_magic_formula.py:373 | Finding kappa for target Fx=-1393.32 N at Fz=500.0, gamma=0.00 deg
2025-04-03 20:32:17,749 | WARNING  | v3_magic_formula.py:452 | Kappa bracketing failed (errors: f(-0.275)=13.985, f(0.275)=2731.680). Target might be near peak or zero.
2025-04-03 20:32:17,749 | WARNING  | v3_magic_formula.py:463 | Ridder method also failed for kappa.
2025-04-03 20:32:17,749 | WARNING  | v3_magic_formula.py:606 | Could not find kappa for target Fx=-1393.32. Setting kappa_req = 0.
2025-04-03 20:32:17,749 | INFO     | v3_magic_formula.py:609 | Result: alpha=0.051 deg, kappa=0.0000
2025-04-03 20:32:17,749 | DEBUG    | v3_magic_formula.py:284 | Calculating forces for time 200 ms. Inputs: Fz=500, alpha=0.0008942641857142886, kappa=0.0, gamma=0.0
2025-04-03 20:32:17,749 | DEBUG    | v3_magic_formula.py:326 | Force calculation complete for time 200. Fx=-106.56, Fy=0.03
2025-04-03 20:32:17,749 | DEBUG    | tire_tester.py:48 |   Success: Target Slips: alpha=0.051deg, kappa=0.0000
2025-04-03 20:32:17,749 | DEBUG    | tire_tester.py:49 |   Resulting Forces: Fx=-106.6N, Fy=0.0N (Error Fy=0.0N / inf%)
2025-04-03 20:32:17,749 | INFO     | tire_tester.py:32 | Running Fy Priority Test 4: 'Cornering Coast'
2025-04-03 20:32:17,749 | DEBUG    | tire_tester.py:33 |   Inputs: Fz=600.0N, gamma=-2.0deg, Target Fy=-1500.0N, Mode=coast, Intensity=0.00
2025-04-03 20:32:17,749 | INFO     | v3_magic_formula.py:567 | Finding slips for target Fy=-1500.00 N, Fz=600.0, gamma=-2.00 deg, mode='coast', intensity=0.00
2025-04-03 20:32:17,749 | DEBUG    | v3_magic_formula.py:475 | Finding alpha for target Fy=-1500.00 N at Fz=600.0, gamma=-2.00 deg
2025-04-03 20:32:17,749 | INFO     | v3_magic_formula.py:544 | Found alpha=6.361 deg for target Fy=-1500.00 (brentq).
2025-04-03 20:32:17,749 | DEBUG    | v3_magic_formula.py:573 | Step 1: Required alpha (approx) = 6.361 deg
2025-04-03 20:32:17,750 | DEBUG    | v3_magic_formula.py:336 | Calculating peak Fx potential for Fz=600, gamma=-0.03490658503988659
2025-04-03 20:32:17,750 | DEBUG    | v3_magic_formula.py:348 | Peak Fx potential: Dx=1657.85, SVx=-20.52, Peak=1637.33
2025-04-03 20:32:17,750 | DEBUG    | v3_magic_formula.py:354 | Calculating min Fx potential for Fz=600, gamma=-0.03490658503988659
2025-04-03 20:32:17,750 | DEBUG    | v3_magic_formula.py:366 | Min Fx potential: Dx=1657.85, SVx=-20.52, Min=-1678.37
2025-04-03 20:32:17,750 | DEBUG    | v3_magic_formula.py:586 | Step 2: Approx Gxa(alpha_req, k=0) = 0.6003
2025-04-03 20:32:17,750 | INFO     | v3_magic_formula.py:603 | Target longitudinal force is near zero. Setting kappa_req = 0.
2025-04-03 20:32:17,750 | INFO     | v3_magic_formula.py:609 | Result: alpha=6.361 deg, kappa=0.0000
2025-04-03 20:32:17,750 | DEBUG    | v3_magic_formula.py:284 | Calculating forces for time 300 ms. Inputs: Fz=600, alpha=0.11102370887737106, kappa=0.0, gamma=-0.03490658503988659
2025-04-03 20:32:17,750 | DEBUG    | v3_magic_formula.py:326 | Force calculation complete for time 300. Fx=-55.35, Fy=-1500.05
2025-04-03 20:32:17,750 | DEBUG    | tire_tester.py:48 |   Success: Target Slips: alpha=6.361deg, kappa=0.0000
2025-04-03 20:32:17,750 | DEBUG    | tire_tester.py:49 |   Resulting Forces: Fx=-55.3N, Fy=-1500.0N (Error Fy=-0.0N / 0.00%)
2025-04-03 20:32:17,750 | INFO     | tire_tester.py:32 | Running Fy Priority Test 5: 'Cornering Med Fy Accel'
2025-04-03 20:32:17,750 | DEBUG    | tire_tester.py:33 |   Inputs: Fz=700.0N, gamma=-2.0deg, Target Fy=-1000.0N, Mode=accelerate, Intensity=0.50
2025-04-03 20:32:17,750 | INFO     | v3_magic_formula.py:567 | Finding slips for target Fy=-1000.00 N, Fz=700.0, gamma=-2.00 deg, mode='accelerate', intensity=0.50
2025-04-03 20:32:17,750 | DEBUG    | v3_magic_formula.py:475 | Finding alpha for target Fy=-1000.00 N at Fz=700.0, gamma=-2.00 deg
2025-04-03 20:32:17,750 | INFO     | v3_magic_formula.py:544 | Found alpha=2.512 deg for target Fy=-1000.00 (brentq).
2025-04-03 20:32:17,750 | DEBUG    | v3_magic_formula.py:573 | Step 1: Required alpha (approx) = 2.512 deg
2025-04-03 20:32:17,750 | DEBUG    | v3_magic_formula.py:336 | Calculating peak Fx potential for Fz=700, gamma=-0.03490658503988659
2025-04-03 20:32:17,750 | DEBUG    | v3_magic_formula.py:348 | Peak Fx potential: Dx=1940.73, SVx=-18.82, Peak=1921.91
2025-04-03 20:32:17,751 | DEBUG    | v3_magic_formula.py:354 | Calculating min Fx potential for Fz=700, gamma=-0.03490658503988659
2025-04-03 20:32:17,751 | DEBUG    | v3_magic_formula.py:366 | Min Fx potential: Dx=1940.73, SVx=-18.82, Min=-1959.55
2025-04-03 20:32:17,751 | DEBUG    | v3_magic_formula.py:586 | Step 2: Approx Gxa(alpha_req, k=0) = 0.8850
2025-04-03 20:32:17,751 | DEBUG    | v3_magic_formula.py:595 | Step 3: Target Accel Fx = 850.41 N (AvailMax=1700.82)
2025-04-03 20:32:17,751 | DEBUG    | v3_magic_formula.py:373 | Finding kappa for target Fx=850.41 N at Fz=700.0, gamma=-2.00 deg
2025-04-03 20:32:17,751 | INFO     | v3_magic_formula.py:442 | Found kappa=0.0182 for target Fx=850.41 (brentq).
2025-04-03 20:32:17,751 | DEBUG    | v3_magic_formula.py:607 | Step 4: Required kappa (approx) = 0.0182
2025-04-03 20:32:17,751 | INFO     | v3_magic_formula.py:609 | Result: alpha=2.512 deg, kappa=0.0182
2025-04-03 20:32:17,751 | DEBUG    | v3_magic_formula.py:284 | Calculating forces for time 400 ms. Inputs: Fz=700, alpha=0.04384950900639849, kappa=0.018182038894777233, gamma=-0.03490658503988659
2025-04-03 20:32:17,751 | DEBUG    | v3_magic_formula.py:326 | Force calculation complete for time 400. Fx=754.38, Fy=-984.93
2025-04-03 20:32:17,751 | DEBUG    | tire_tester.py:48 |   Success: Target Slips: alpha=2.512deg, kappa=0.0182
2025-04-03 20:32:17,751 | DEBUG    | tire_tester.py:49 |   Resulting Forces: Fx=754.4N, Fy=-984.9N (Error Fy=15.1N / -1.51%)
2025-04-03 20:32:17,751 | INFO     | tire_tester.py:32 | Running Fy Priority Test 6: 'Cornering Med Fy Brake'
2025-04-03 20:32:17,751 | DEBUG    | tire_tester.py:33 |   Inputs: Fz=500.0N, gamma=-2.0deg, Target Fy=-800.0N, Mode=brake, Intensity=0.80
2025-04-03 20:32:17,751 | INFO     | v3_magic_formula.py:567 | Finding slips for target Fy=-800.00 N, Fz=500.0, gamma=-2.00 deg, mode='brake', intensity=0.80
2025-04-03 20:32:17,751 | DEBUG    | v3_magic_formula.py:475 | Finding alpha for target Fy=-800.00 N at Fz=500.0, gamma=-2.00 deg
2025-04-03 20:32:17,751 | INFO     | v3_magic_formula.py:544 | Found alpha=2.384 deg for target Fy=-800.00 (brentq).
2025-04-03 20:32:17,751 | DEBUG    | v3_magic_formula.py:573 | Step 1: Required alpha (approx) = 2.384 deg
2025-04-03 20:32:17,751 | DEBUG    | v3_magic_formula.py:336 | Calculating peak Fx potential for Fz=500, gamma=-0.03490658503988659
2025-04-03 20:32:17,751 | DEBUG    | v3_magic_formula.py:348 | Peak Fx potential: Dx=1376.84, SVx=-20.75, Peak=1356.09
2025-04-03 20:32:17,751 | DEBUG    | v3_magic_formula.py:354 | Calculating min Fx potential for Fz=500, gamma=-0.03490658503988659
2025-04-03 20:32:17,752 | DEBUG    | v3_magic_formula.py:366 | Min Fx potential: Dx=1376.84, SVx=-20.75, Min=-1397.60
2025-04-03 20:32:17,752 | DEBUG    | v3_magic_formula.py:586 | Step 2: Approx Gxa(alpha_req, k=0) = 0.8947
2025-04-03 20:32:17,752 | DEBUG    | v3_magic_formula.py:598 | Step 3: Target Brake Fx = -1000.29 N (AvailMin=-1250.37)
2025-04-03 20:32:17,752 | DEBUG    | v3_magic_formula.py:373 | Finding kappa for target Fx=-1000.29 N at Fz=500.0, gamma=-2.00 deg
2025-04-03 20:32:17,752 | INFO     | v3_magic_formula.py:442 | Found kappa=-0.0260 for target Fx=-1000.29 (brentq).
2025-04-03 20:32:17,752 | DEBUG    | v3_magic_formula.py:607 | Step 4: Required kappa (approx) = -0.0260
2025-04-03 20:32:17,752 | INFO     | v3_magic_formula.py:609 | Result: alpha=2.384 deg, kappa=-0.0260
2025-04-03 20:32:17,752 | DEBUG    | v3_magic_formula.py:284 | Calculating forces for time 500 ms. Inputs: Fz=500, alpha=0.04161390042198508, kappa=-0.026046776856600177, gamma=-0.03490658503988659
2025-04-03 20:32:17,752 | DEBUG    | v3_magic_formula.py:326 | Force calculation complete for time 500. Fx=-896.94, Fy=-775.64
2025-04-03 20:32:17,752 | DEBUG    | tire_tester.py:48 |   Success: Target Slips: alpha=2.384deg, kappa=-0.0260
2025-04-03 20:32:17,752 | DEBUG    | tire_tester.py:49 |   Resulting Forces: Fx=-896.9N, Fy=-775.6N (Error Fy=24.4N / -3.05%)
2025-04-03 20:32:17,752 | INFO     | tire_tester.py:32 | Running Fy Priority Test 7: 'Impossible Fy Target'
2025-04-03 20:32:17,752 | DEBUG    | tire_tester.py:33 |   Inputs: Fz=400.0N, gamma=0.0deg, Target Fy=-5000.0N, Mode=coast, Intensity=0.00
2025-04-03 20:32:17,752 | INFO     | v3_magic_formula.py:567 | Finding slips for target Fy=-5000.00 N, Fz=400.0, gamma=0.00 deg, mode='coast', intensity=0.00
2025-04-03 20:32:17,752 | DEBUG    | v3_magic_formula.py:475 | Finding alpha for target Fy=-5000.00 N at Fz=400.0, gamma=0.00 deg
2025-04-03 20:32:17,752 | WARNING  | v3_magic_formula.py:501 | Target Fy=-5000.00 outside approx range [-1036.00, 996.94]
2025-04-03 20:32:17,752 | WARNING  | v3_magic_formula.py:572 | Target Fy=-5000.00 N unachievable.
2025-04-03 20:32:17,752 | WARNING  | tire_tester.py:50 |   Failed: Could not find valid slips for target Fy=-5000.0N.
2025-04-03 20:32:17,752 | INFO     | tire_tester.py:52 | --- Fy Priority Test Suite Finished ---
2025-04-03 20:32:17,753 | INFO     | tire_tester.py:60 | --- Starting Pure Fx Inverse Test Suite (8 cases) ---
2025-04-03 20:32:17,753 | INFO     | tire_tester.py:65 | Running Pure Fx Inverse Test 1: 'Zero Fx Target'
2025-04-03 20:32:17,753 | DEBUG    | tire_tester.py:66 |   Inputs: Fz=600.0N, gamma=0.0deg, Target Fx=0.0N
2025-04-03 20:32:17,753 | DEBUG    | v3_magic_formula.py:373 | Finding kappa for target Fx=0.00 N at Fz=600.0, gamma=0.00 deg
2025-04-03 20:32:17,754 | INFO     | v3_magic_formula.py:442 | Found kappa=0.0017 for target Fx=0.00 (brentq).
2025-04-03 20:32:17,754 | DEBUG    | v3_magic_formula.py:284 | Calculating forces for time 0 ms. Inputs: Fz=600, alpha=0.0, kappa=0.0017242539035154454, gamma=0.0
2025-04-03 20:32:17,754 | DEBUG    | v3_magic_formula.py:326 | Force calculation complete for time 0. Fx=0.01, Fy=15.75
2025-04-03 20:32:17,754 | DEBUG    | tire_tester.py:81 |   Success: Target Kappa: 0.0017
2025-04-03 20:32:17,754 | DEBUG    | tire_tester.py:82 |   Resulting Forces: Fx=0.0N, Fy=15.8N (Error Fx=0.0N / inf%)
2025-04-03 20:32:17,754 | INFO     | tire_tester.py:65 | Running Pure Fx Inverse Test 2: 'Moderate Accel'
2025-04-03 20:32:17,754 | DEBUG    | tire_tester.py:66 |   Inputs: Fz=700.0N, gamma=0.0deg, Target Fx=1000.0N
2025-04-03 20:32:17,754 | DEBUG    | v3_magic_formula.py:373 | Finding kappa for target Fx=1000.00 N at Fz=700.0, gamma=0.00 deg
2025-04-03 20:32:17,754 | INFO     | v3_magic_formula.py:442 | Found kappa=0.0219 for target Fx=1000.00 (brentq).
2025-04-03 20:32:17,754 | DEBUG    | v3_magic_formula.py:284 | Calculating forces for time 100 ms. Inputs: Fz=700, alpha=0.0, kappa=0.021890522490922517, gamma=0.0
2025-04-03 20:32:17,754 | DEBUG    | v3_magic_formula.py:326 | Force calculation complete for time 100. Fx=999.91, Fy=8.23
2025-04-03 20:32:17,754 | DEBUG    | tire_tester.py:81 |   Success: Target Kappa: 0.0219
2025-04-03 20:32:17,754 | DEBUG    | tire_tester.py:82 |   Resulting Forces: Fx=999.9N, Fy=8.2N (Error Fx=-0.1N / -0.01%)
2025-04-03 20:32:17,754 | INFO     | tire_tester.py:65 | Running Pure Fx Inverse Test 3: 'High Accel'
2025-04-03 20:32:17,754 | DEBUG    | tire_tester.py:66 |   Inputs: Fz=700.0N, gamma=0.0deg, Target Fx=1800.0N
2025-04-03 20:32:17,754 | DEBUG    | v3_magic_formula.py:373 | Finding kappa for target Fx=1800.00 N at Fz=700.0, gamma=0.00 deg
2025-04-03 20:32:17,755 | INFO     | v3_magic_formula.py:442 | Found kappa=0.0824 for target Fx=1800.00 (brentq).
2025-04-03 20:32:17,755 | DEBUG    | v3_magic_formula.py:284 | Calculating forces for time 200 ms. Inputs: Fz=700, alpha=0.0, kappa=0.0823752195499786, gamma=0.0
2025-04-03 20:32:17,755 | DEBUG    | v3_magic_formula.py:326 | Force calculation complete for time 200. Fx=1800.00, Fy=6.50
2025-04-03 20:32:17,755 | DEBUG    | tire_tester.py:81 |   Success: Target Kappa: 0.0824
2025-04-03 20:32:17,755 | DEBUG    | tire_tester.py:82 |   Resulting Forces: Fx=1800.0N, Fy=6.5N (Error Fx=-0.0N / -0.00%)
2025-04-03 20:32:17,755 | INFO     | tire_tester.py:65 | Running Pure Fx Inverse Test 4: 'Moderate Brake'
2025-04-03 20:32:17,755 | DEBUG    | tire_tester.py:66 |   Inputs: Fz=500.0N, gamma=0.0deg, Target Fx=-800.0N
2025-04-03 20:32:17,755 | DEBUG    | v3_magic_formula.py:373 | Finding kappa for target Fx=-800.00 N at Fz=500.0, gamma=0.00 deg
2025-04-03 20:32:17,755 | INFO     | v3_magic_formula.py:442 | Found kappa=-0.0171 for target Fx=-800.00 (brentq).
2025-04-03 20:32:17,755 | DEBUG    | v3_magic_formula.py:284 | Calculating forces for time 300 ms. Inputs: Fz=500, alpha=0.0, kappa=-0.017139339830176754, gamma=0.0
2025-04-03 20:32:17,755 | DEBUG    | v3_magic_formula.py:326 | Force calculation complete for time 300. Fx=-799.53, Fy=21.90
2025-04-03 20:32:17,755 | DEBUG    | tire_tester.py:81 |   Success: Target Kappa: -0.0171
2025-04-03 20:32:17,755 | DEBUG    | tire_tester.py:82 |   Resulting Forces: Fx=-799.5N, Fy=21.9N (Error Fx=0.5N / -0.06%)
2025-04-03 20:32:17,755 | INFO     | tire_tester.py:65 | Running Pure Fx Inverse Test 5: 'High Brake'
2025-04-03 20:32:17,755 | DEBUG    | tire_tester.py:66 |   Inputs: Fz=500.0N, gamma=0.0deg, Target Fx=-1300.0N
2025-04-03 20:32:17,755 | DEBUG    | v3_magic_formula.py:373 | Finding kappa for target Fx=-1300.00 N at Fz=500.0, gamma=0.00 deg
2025-04-03 20:32:17,755 | INFO     | v3_magic_formula.py:442 | Found kappa=-0.0594 for target Fx=-1300.00 (brentq).
2025-04-03 20:32:17,755 | DEBUG    | v3_magic_formula.py:284 | Calculating forces for time 400 ms. Inputs: Fz=500, alpha=0.0, kappa=-0.059412495669793564, gamma=0.0
2025-04-03 20:32:17,755 | DEBUG    | v3_magic_formula.py:326 | Force calculation complete for time 400. Fx=-1299.96, Fy=19.10
2025-04-03 20:32:17,755 | DEBUG    | tire_tester.py:81 |   Success: Target Kappa: -0.0594
2025-04-03 20:32:17,756 | DEBUG    | tire_tester.py:82 |   Resulting Forces: Fx=-1300.0N, Fy=19.1N (Error Fx=0.0N / -0.00%)
2025-04-03 20:32:17,756 | INFO     | tire_tester.py:65 | Running Pure Fx Inverse Test 6: 'Accel w/ Camber'
2025-04-03 20:32:17,756 | DEBUG    | tire_tester.py:66 |   Inputs: Fz=700.0N, gamma=-2.0deg, Target Fx=1500.0N
2025-04-03 20:32:17,756 | DEBUG    | v3_magic_formula.py:373 | Finding kappa for target Fx=1500.00 N at Fz=700.0, gamma=-2.00 deg
2025-04-03 20:32:17,756 | INFO     | v3_magic_formula.py:442 | Found kappa=0.0433 for target Fx=1500.00 (brentq).
2025-04-03 20:32:17,756 | DEBUG    | v3_magic_formula.py:284 | Calculating forces for time 500 ms. Inputs: Fz=700, alpha=0.0, kappa=0.043264558561810953, gamma=-0.03490658503988659
2025-04-03 20:32:17,756 | DEBUG    | v3_magic_formula.py:326 | Force calculation complete for time 500. Fx=1499.99, Fy=121.40
2025-04-03 20:32:17,756 | DEBUG    | tire_tester.py:81 |   Success: Target Kappa: 0.0433
2025-04-03 20:32:17,756 | DEBUG    | tire_tester.py:82 |   Resulting Forces: Fx=1500.0N, Fy=121.4N (Error Fx=-0.0N / -0.00%)
2025-04-03 20:32:17,756 | INFO     | tire_tester.py:65 | Running Pure Fx Inverse Test 7: 'Impossible Accel'
2025-04-03 20:32:17,756 | DEBUG    | tire_tester.py:66 |   Inputs: Fz=400.0N, gamma=0.0deg, Target Fx=3000.0N
2025-04-03 20:32:17,756 | DEBUG    | v3_magic_formula.py:373 | Finding kappa for target Fx=3000.00 N at Fz=400.0, gamma=0.00 deg
2025-04-03 20:32:17,756 | WARNING  | v3_magic_formula.py:394 | Target Fx=3000.00 is outside achievable range [-1113.90, 1074.84] N.
2025-04-03 20:32:17,756 | WARNING  | tire_tester.py:83 |   Failed: Could not find valid kappa for target Fx=3000.0N.
2025-04-03 20:32:17,756 | INFO     | tire_tester.py:65 | Running Pure Fx Inverse Test 8: 'Impossible Brake'
2025-04-03 20:32:17,756 | DEBUG    | tire_tester.py:66 |   Inputs: Fz=400.0N, gamma=0.0deg, Target Fx=-3000.0N
2025-04-03 20:32:17,756 | DEBUG    | v3_magic_formula.py:373 | Finding kappa for target Fx=-3000.00 N at Fz=400.0, gamma=0.00 deg
2025-04-03 20:32:17,756 | WARNING  | v3_magic_formula.py:394 | Target Fx=-3000.00 is outside achievable range [-1113.90, 1074.84] N.
2025-04-03 20:32:17,756 | WARNING  | tire_tester.py:83 |   Failed: Could not find valid kappa for target Fx=-3000.0N.
2025-04-03 20:32:17,756 | INFO     | tire_tester.py:85 | --- Pure Fx Inverse Test Suite Finished ---
2025-04-03 20:32:17,757 | INFO     | tire_tester.py:93 | --- Starting Pure Fy Inverse Test Suite (8 cases) ---
2025-04-03 20:32:17,758 | INFO     | tire_tester.py:98 | Running Pure Fy Inverse Test 1: 'Zero Fy Target'
2025-04-03 20:32:17,758 | DEBUG    | tire_tester.py:99 |   Inputs: Fz=600.0N, gamma=0.0deg, Target Fy=0.0N
2025-04-03 20:32:17,758 | DEBUG    | v3_magic_formula.py:475 | Finding alpha for target Fy=0.00 N at Fz=600.0, gamma=0.00 deg
2025-04-03 20:32:17,758 | INFO     | v3_magic_formula.py:544 | Found alpha=0.033 deg for target Fy=0.00 (brentq).
2025-04-03 20:32:17,758 | DEBUG    | v3_magic_formula.py:284 | Calculating forces for time 0 ms. Inputs: Fz=600, alpha=0.0005834868827136856, kappa=0.0, gamma=0.0
2025-04-03 20:32:17,758 | DEBUG    | v3_magic_formula.py:326 | Force calculation complete for time 0. Fx=-93.00, Fy=0.01
2025-04-03 20:32:17,758 | DEBUG    | tire_tester.py:114 |   Success: Target Alpha: 0.033deg
2025-04-03 20:32:17,758 | DEBUG    | tire_tester.py:115 |   Resulting Forces: Fx=-93.0N, Fy=0.0N (Error Fy=0.0N / inf%)
2025-04-03 20:32:17,758 | INFO     | tire_tester.py:98 | Running Pure Fy Inverse Test 2: 'Moderate Corner L'
2025-04-03 20:32:17,758 | DEBUG    | tire_tester.py:99 |   Inputs: Fz=600.0N, gamma=0.0deg, Target Fy=-1000.0N
2025-04-03 20:32:17,758 | DEBUG    | v3_magic_formula.py:475 | Finding alpha for target Fy=-1000.00 N at Fz=600.0, gamma=0.00 deg
2025-04-03 20:32:17,758 | INFO     | v3_magic_formula.py:544 | Found alpha=2.469 deg for target Fy=-1000.00 (brentq).
2025-04-03 20:32:17,758 | DEBUG    | v3_magic_formula.py:284 | Calculating forces for time 100 ms. Inputs: Fz=600, alpha=0.04309147209304109, kappa=0.0, gamma=0.0
2025-04-03 20:32:17,758 | DEBUG    | v3_magic_formula.py:326 | Force calculation complete for time 100. Fx=-82.61, Fy=-999.98
2025-04-03 20:32:17,758 | DEBUG    | tire_tester.py:114 |   Success: Target Alpha: 2.469deg
2025-04-03 20:32:17,759 | DEBUG    | tire_tester.py:115 |   Resulting Forces: Fx=-82.6N, Fy=-1000.0N (Error Fy=0.0N / -0.00%)
2025-04-03 20:32:17,759 | INFO     | tire_tester.py:98 | Running Pure Fy Inverse Test 3: 'High Corner L'
2025-04-03 20:32:17,759 | DEBUG    | tire_tester.py:99 |   Inputs: Fz=600.0N, gamma=0.0deg, Target Fy=-1400.0N
2025-04-03 20:32:17,759 | DEBUG    | v3_magic_formula.py:475 | Finding alpha for target Fy=-1400.00 N at Fz=600.0, gamma=0.00 deg
2025-04-03 20:32:17,759 | INFO     | v3_magic_formula.py:544 | Found alpha=4.629 deg for target Fy=-1400.00 (brentq).
2025-04-03 20:32:17,759 | DEBUG    | v3_magic_formula.py:284 | Calculating forces for time 200 ms. Inputs: Fz=600, alpha=0.08078979224193358, kappa=0.0, gamma=0.0
2025-04-03 20:32:17,759 | DEBUG    | v3_magic_formula.py:326 | Force calculation complete for time 200. Fx=-66.77, Fy=-1400.12
2025-04-03 20:32:17,759 | DEBUG    | tire_tester.py:114 |   Success: Target Alpha: 4.629deg
2025-04-03 20:32:17,759 | DEBUG    | tire_tester.py:115 |   Resulting Forces: Fx=-66.8N, Fy=-1400.1N (Error Fy=-0.1N / 0.01%)
2025-04-03 20:32:17,759 | INFO     | tire_tester.py:98 | Running Pure Fy Inverse Test 4: 'Moderate Corner R'
2025-04-03 20:32:17,759 | DEBUG    | tire_tester.py:99 |   Inputs: Fz=700.0N, gamma=0.0deg, Target Fy=800.0N
2025-04-03 20:32:17,759 | DEBUG    | v3_magic_formula.py:475 | Finding alpha for target Fy=800.00 N at Fz=700.0, gamma=0.00 deg
2025-04-03 20:32:17,759 | INFO     | v3_magic_formula.py:544 | Found alpha=-1.700 deg for target Fy=800.00 (brentq).
2025-04-03 20:32:17,759 | DEBUG    | v3_magic_formula.py:284 | Calculating forces for time 300 ms. Inputs: Fz=700, alpha=-0.029664024662642122, kappa=0.0, gamma=0.0
2025-04-03 20:32:17,759 | DEBUG    | v3_magic_formula.py:326 | Force calculation complete for time 300. Fx=-69.05, Fy=800.08
2025-04-03 20:32:17,759 | DEBUG    | tire_tester.py:114 |   Success: Target Alpha: -1.700deg
2025-04-03 20:32:17,759 | DEBUG    | tire_tester.py:115 |   Resulting Forces: Fx=-69.0N, Fy=800.1N (Error Fy=0.1N / 0.01%)
2025-04-03 20:32:17,759 | INFO     | tire_tester.py:98 | Running Pure Fy Inverse Test 5: 'Corner w/ Camber L'
2025-04-03 20:32:17,759 | DEBUG    | tire_tester.py:99 |   Inputs: Fz=600.0N, gamma=-2.0deg, Target Fy=-1200.0N
2025-04-03 20:32:17,759 | DEBUG    | v3_magic_formula.py:475 | Finding alpha for target Fy=-1200.00 N at Fz=600.0, gamma=-2.00 deg
2025-04-03 20:32:17,760 | INFO     | v3_magic_formula.py:544 | Found alpha=3.504 deg for target Fy=-1200.00 (brentq).
2025-04-03 20:32:17,760 | DEBUG    | v3_magic_formula.py:284 | Calculating forces for time 400 ms. Inputs: Fz=600, alpha=0.06115594885109465, kappa=0.0, gamma=-0.03490658503988659
2025-04-03 20:32:17,760 | DEBUG    | v3_magic_formula.py:326 | Force calculation complete for time 400. Fx=-74.33, Fy=-1200.08
2025-04-03 20:32:17,760 | DEBUG    | tire_tester.py:114 |   Success: Target Alpha: 3.504deg
2025-04-03 20:32:17,760 | DEBUG    | tire_tester.py:115 |   Resulting Forces: Fx=-74.3N, Fy=-1200.1N (Error Fy=-0.1N / 0.01%)
2025-04-03 20:32:17,760 | INFO     | tire_tester.py:98 | Running Pure Fy Inverse Test 6: 'Corner w/ Camber R'
2025-04-03 20:32:17,760 | DEBUG    | tire_tester.py:99 |   Inputs: Fz=600.0N, gamma=-2.0deg, Target Fy=1000.0N
2025-04-03 20:32:17,760 | DEBUG    | v3_magic_formula.py:475 | Finding alpha for target Fy=1000.00 N at Fz=600.0, gamma=-2.00 deg
2025-04-03 20:32:17,760 | INFO     | v3_magic_formula.py:544 | Found alpha=-2.292 deg for target Fy=1000.00 (brentq).
2025-04-03 20:32:17,760 | DEBUG    | v3_magic_formula.py:284 | Calculating forces for time 500 ms. Inputs: Fz=600, alpha=-0.0400084855099659, kappa=0.0, gamma=-0.03490658503988659
2025-04-03 20:32:17,760 | DEBUG    | v3_magic_formula.py:326 | Force calculation complete for time 500. Fx=-83.11, Fy=1000.30
2025-04-03 20:32:17,760 | DEBUG    | tire_tester.py:114 |   Success: Target Alpha: -2.292deg
2025-04-03 20:32:17,760 | DEBUG    | tire_tester.py:115 |   Resulting Forces: Fx=-83.1N, Fy=1000.3N (Error Fy=0.3N / 0.03%)
2025-04-03 20:32:17,760 | INFO     | tire_tester.py:98 | Running Pure Fy Inverse Test 7: 'Impossible Corner L'
2025-04-03 20:32:17,760 | DEBUG    | tire_tester.py:99 |   Inputs: Fz=400.0N, gamma=0.0deg, Target Fy=-2000.0N
2025-04-03 20:32:17,760 | DEBUG    | v3_magic_formula.py:475 | Finding alpha for target Fy=-2000.00 N at Fz=400.0, gamma=0.00 deg
2025-04-03 20:32:17,760 | WARNING  | v3_magic_formula.py:501 | Target Fy=-2000.00 outside approx range [-1036.00, 996.94]
2025-04-03 20:32:17,760 | WARNING  | tire_tester.py:116 |   Failed: Could not find valid alpha for target Fy=-2000.0N.
2025-04-03 20:32:17,760 | INFO     | tire_tester.py:98 | Running Pure Fy Inverse Test 8: 'Impossible Corner R'
2025-04-03 20:32:17,760 | DEBUG    | tire_tester.py:99 |   Inputs: Fz=400.0N, gamma=0.0deg, Target Fy=2000.0N
2025-04-03 20:32:17,760 | DEBUG    | v3_magic_formula.py:475 | Finding alpha for target Fy=2000.00 N at Fz=400.0, gamma=0.00 deg
2025-04-03 20:32:17,760 | WARNING  | v3_magic_formula.py:501 | Target Fy=2000.00 outside approx range [-1036.00, 996.94]
2025-04-03 20:32:17,760 | WARNING  | tire_tester.py:116 |   Failed: Could not find valid alpha for target Fy=2000.0N.
2025-04-03 20:32:17,760 | INFO     | tire_tester.py:118 | --- Pure Fy Inverse Test Suite Finished ---
2025-04-03 20:32:17,761 | INFO     | tire_tester.py:125 | --- Testing Components: 'Zero Slips' ---
2025-04-03 20:32:17,761 | DEBUG    | tire_tester.py:127 | Inputs: Fz=600.0, alpha=0.00deg, kappa=0.000, gamma=0.00deg
2025-04-03 20:32:17,761 | DEBUG    | tire_tester.py:139 | Component Calculation Successful. Final Fx=-93.00, Fy=15.75
2025-04-03 20:32:17,761 | INFO     | tire_tester.py:125 | --- Testing Components: 'Pure Accel' ---
2025-04-03 20:32:17,762 | DEBUG    | tire_tester.py:127 | Inputs: Fz=700.0, alpha=0.00deg, kappa=0.100, gamma=0.00deg
2025-04-03 20:32:17,762 | DEBUG    | tire_tester.py:139 | Component Calculation Successful. Final Fx=1848.61, Fy=5.96
2025-04-03 20:32:17,762 | INFO     | tire_tester.py:125 | --- Testing Components: 'Pure Brake' ---
2025-04-03 20:32:17,762 | DEBUG    | tire_tester.py:127 | Inputs: Fz=500.0, alpha=0.00deg, kappa=-0.080, gamma=0.00deg
2025-04-03 20:32:17,762 | DEBUG    | tire_tester.py:139 | Component Calculation Successful. Final Fx=-1353.00, Fy=17.35
2025-04-03 20:32:17,762 | INFO     | tire_tester.py:125 | --- Testing Components: 'Pure Cornering' ---
2025-04-03 20:32:17,762 | DEBUG    | tire_tester.py:127 | Inputs: Fz=600.0, alpha=5.00deg, kappa=0.000, gamma=-2.00deg
2025-04-03 20:32:17,762 | DEBUG    | tire_tester.py:139 | Component Calculation Successful. Final Fx=-63.67, Fy=-1419.82
2025-04-03 20:32:17,762 | INFO     | tire_tester.py:125 | --- Testing Components: 'Cornering + Accel' ---
2025-04-03 20:32:17,762 | DEBUG    | tire_tester.py:127 | Inputs: Fz=700.0, alpha=4.00deg, kappa=0.050, gamma=-2.00deg
2025-04-03 20:32:17,762 | DEBUG    | tire_tester.py:139 | Component Calculation Successful. Final Fx=1237.80, Fy=-1295.07
2025-04-03 20:32:17,762 | INFO     | tire_tester.py:125 | --- Testing Components: 'Cornering + Brake' ---
2025-04-03 20:32:17,762 | DEBUG    | tire_tester.py:127 | Inputs: Fz=500.0, alpha=-3.00deg, kappa=-0.060, gamma=-1.00deg
2025-04-03 20:32:17,762 | DEBUG    | tire_tester.py:139 | Component Calculation Successful. Final Fx=-1120.52, Fy=879.90
2025-04-03 20:32:23,608 | INFO     | v3_magic_formula.py:33 | Initializing Pacejka Tire Model from hoosier_r20.par
2025-04-03 20:32:23,608 | INFO     | v3_magic_formula.py:55 | Loading parameters from: hoosier_r20.par
2025-04-03 20:32:23,608 | INFO     | v3_magic_formula.py:66 | Finished loading parameters from hoosier_r20.par
2025-04-03 20:32:23,608 | DEBUG    | v3_magic_formula.py:71 | Validating required parameters...
2025-04-03 20:32:23,608 | INFO     | v3_magic_formula.py:93 | All required parameters loaded successfully.
2025-04-03 20:32:23,614 | INFO     | v3_magic_formula.py:51 | Pacejka Tire Model initialized successfully.
2025-04-03 20:32:23,614 | INFO     | tire_tester.py:27 | --- Starting Fy Priority Test Suite (7 cases) ---
2025-04-03 20:32:23,614 | INFO     | tire_tester.py:32 | Running Fy Priority Test 1: 'Coast Straight'
2025-04-03 20:32:23,614 | DEBUG    | tire_tester.py:33 |   Inputs: Fz=600.0N, gamma=0.0deg, Target Fy=0.0N, Mode=coast, Intensity=0.00
2025-04-03 20:32:23,614 | INFO     | v3_magic_formula.py:567 | Finding slips for target Fy=0.00 N, Fz=600.0, gamma=0.00 deg, mode='coast', intensity=0.00
2025-04-03 20:32:23,614 | DEBUG    | v3_magic_formula.py:475 | Finding alpha for target Fy=0.00 N at Fz=600.0, gamma=0.00 deg
2025-04-03 20:32:23,614 | INFO     | v3_magic_formula.py:544 | Found alpha=0.033 deg for target Fy=0.00 (brentq).
2025-04-03 20:32:23,614 | DEBUG    | v3_magic_formula.py:573 | Step 1: Required alpha (approx) = 0.033 deg
2025-04-03 20:32:23,614 | DEBUG    | v3_magic_formula.py:336 | Calculating peak Fx potential for Fz=600, gamma=0.0
2025-04-03 20:32:23,614 | DEBUG    | v3_magic_formula.py:348 | Peak Fx potential: Dx=1652.79, SVx=-20.52, Peak=1632.27
2025-04-03 20:32:23,614 | DEBUG    | v3_magic_formula.py:354 | Calculating min Fx potential for Fz=600, gamma=0.0
2025-04-03 20:32:23,614 | DEBUG    | v3_magic_formula.py:366 | Min Fx potential: Dx=1652.79, SVx=-20.52, Min=-1673.31
2025-04-03 20:32:23,614 | DEBUG    | v3_magic_formula.py:586 | Step 2: Approx Gxa(alpha_req, k=0) = 1.0000
2025-04-03 20:32:23,614 | INFO     | v3_magic_formula.py:603 | Target longitudinal force is near zero. Setting kappa_req = 0.
2025-04-03 20:32:23,614 | INFO     | v3_magic_formula.py:609 | Result: alpha=0.033 deg, kappa=0.0000
2025-04-03 20:32:23,614 | DEBUG    | v3_magic_formula.py:284 | Calculating forces for time 0 ms. Inputs: Fz=600, alpha=0.0005834868827136856, kappa=0.0, gamma=0.0
2025-04-03 20:32:23,615 | DEBUG    | v3_magic_formula.py:326 | Force calculation complete for time 0. Fx=-93.00, Fy=0.01
2025-04-03 20:32:23,615 | DEBUG    | tire_tester.py:48 |   Success: Target Slips: alpha=0.033deg, kappa=0.0000
2025-04-03 20:32:23,615 | DEBUG    | tire_tester.py:49 |   Resulting Forces: Fx=-93.0N, Fy=0.0N (Error Fy=0.0N / inf%)
2025-04-03 20:32:23,615 | INFO     | tire_tester.py:32 | Running Fy Priority Test 2: 'Max Accel Straight'
2025-04-03 20:32:23,615 | DEBUG    | tire_tester.py:33 |   Inputs: Fz=700.0N, gamma=0.0deg, Target Fy=0.0N, Mode=accelerate, Intensity=1.00
2025-04-03 20:32:23,615 | INFO     | v3_magic_formula.py:567 | Finding slips for target Fy=0.00 N, Fz=700.0, gamma=0.00 deg, mode='accelerate', intensity=1.00
2025-04-03 20:32:23,615 | DEBUG    | v3_magic_formula.py:475 | Finding alpha for target Fy=0.00 N at Fz=700.0, gamma=0.00 deg
2025-04-03 20:32:23,615 | INFO     | v3_magic_formula.py:544 | Found alpha=0.018 deg for target Fy=0.00 (brentq).
2025-04-03 20:32:23,615 | DEBUG    | v3_magic_formula.py:573 | Step 1: Required alpha (approx) = 0.018 deg
2025-04-03 20:32:23,615 | DEBUG    | v3_magic_formula.py:336 | Calculating peak Fx potential for Fz=700, gamma=0.0
2025-04-03 20:32:23,615 | DEBUG    | v3_magic_formula.py:348 | Peak Fx potential: Dx=1934.81, SVx=-18.82, Peak=1915.99
2025-04-03 20:32:23,615 | DEBUG    | v3_magic_formula.py:354 | Calculating min Fx potential for Fz=700, gamma=0.0
2025-04-03 20:32:23,615 | DEBUG    | v3_magic_formula.py:366 | Min Fx potential: Dx=1934.81, SVx=-18.82, Min=-1953.63
2025-04-03 20:32:23,615 | DEBUG    | v3_magic_formula.py:586 | Step 2: Approx Gxa(alpha_req, k=0) = 1.0000
2025-04-03 20:32:23,615 | DEBUG    | v3_magic_formula.py:595 | Step 3: Target Accel Fx = 1915.97 N (AvailMax=1915.97)
2025-04-03 20:32:23,615 | DEBUG    | v3_magic_formula.py:373 | Finding kappa for target Fx=1915.97 N at Fz=700.0, gamma=0.00 deg
2025-04-03 20:32:23,615 | WARNING  | v3_magic_formula.py:452 | Kappa bracketing failed (errors: f(-0.275)=-3863.889, f(0.275)=-5.439). Target might be near peak or zero.
2025-04-03 20:32:23,615 | WARNING  | v3_magic_formula.py:463 | Ridder method also failed for kappa.
2025-04-03 20:32:23,615 | WARNING  | v3_magic_formula.py:606 | Could not find kappa for target Fx=1915.97. Setting kappa_req = 0.
2025-04-03 20:32:23,615 | INFO     | v3_magic_formula.py:609 | Result: alpha=0.018 deg, kappa=0.0000
2025-04-03 20:32:23,616 | DEBUG    | v3_magic_formula.py:284 | Calculating forces for time 100 ms. Inputs: Fz=700, alpha=0.00031880253508587966, kappa=0.0, gamma=0.0
2025-04-03 20:32:23,616 | DEBUG    | v3_magic_formula.py:326 | Force calculation complete for time 100. Fx=-73.29, Fy=-0.66
2025-04-03 20:32:23,616 | DEBUG    | tire_tester.py:48 |   Success: Target Slips: alpha=0.018deg, kappa=0.0000
2025-04-03 20:32:23,616 | DEBUG    | tire_tester.py:49 |   Resulting Forces: Fx=-73.3N, Fy=-0.7N (Error Fy=-0.7N / inf%)
2025-04-03 20:32:23,616 | INFO     | tire_tester.py:32 | Running Fy Priority Test 3: 'Max Brake Straight'
2025-04-03 20:32:23,616 | DEBUG    | tire_tester.py:33 |   Inputs: Fz=500.0N, gamma=0.0deg, Target Fy=0.0N, Mode=brake, Intensity=1.00
2025-04-03 20:32:23,616 | INFO     | v3_magic_formula.py:567 | Finding slips for target Fy=0.00 N, Fz=500.0, gamma=0.00 deg, mode='brake', intensity=1.00
2025-04-03 20:32:23,616 | DEBUG    | v3_magic_formula.py:475 | Finding alpha for target Fy=0.00 N at Fz=500.0, gamma=0.00 deg
2025-04-03 20:32:23,616 | INFO     | v3_magic_formula.py:544 | Found alpha=0.051 deg for target Fy=0.00 (brentq).
2025-04-03 20:32:23,616 | DEBUG    | v3_magic_formula.py:573 | Step 1: Required alpha (approx) = 0.051 deg
2025-04-03 20:32:23,616 | DEBUG    | v3_magic_formula.py:336 | Calculating peak Fx potential for Fz=500, gamma=0.0
2025-04-03 20:32:23,616 | DEBUG    | v3_magic_formula.py:348 | Peak Fx potential: Dx=1372.64, SVx=-20.75, Peak=1351.89
2025-04-03 20:32:23,616 | DEBUG    | v3_magic_formula.py:354 | Calculating min Fx potential for Fz=500, gamma=0.0
2025-04-03 20:32:23,616 | DEBUG    | v3_magic_formula.py:366 | Min Fx potential: Dx=1372.64, SVx=-20.75, Min=-1393.40
2025-04-03 20:32:23,616 | DEBUG    | v3_magic_formula.py:586 | Step 2: Approx Gxa(alpha_req, k=0) = 0.9999
2025-04-03 20:32:23,616 | DEBUG    | v3_magic_formula.py:598 | Step 3: Target Brake Fx = -1393.32 N (AvailMin=-1393.32)
2025-04-03 20:32:23,616 | DEBUG    | v3_magic_formula.py:373 | Finding kappa for target Fx=-1393.32 N at Fz=500.0, gamma=0.00 deg
2025-04-03 20:32:23,616 | WARNING  | v3_magic_formula.py:452 | Kappa bracketing failed (errors: f(-0.275)=13.985, f(0.275)=2731.680). Target might be near peak or zero.
2025-04-03 20:32:23,616 | WARNING  | v3_magic_formula.py:463 | Ridder method also failed for kappa.
2025-04-03 20:32:23,616 | WARNING  | v3_magic_formula.py:606 | Could not find kappa for target Fx=-1393.32. Setting kappa_req = 0.
2025-04-03 20:32:23,616 | INFO     | v3_magic_formula.py:609 | Result: alpha=0.051 deg, kappa=0.0000
2025-04-03 20:32:23,617 | DEBUG    | v3_magic_formula.py:284 | Calculating forces for time 200 ms. Inputs: Fz=500, alpha=0.0008942641857142886, kappa=0.0, gamma=0.0
2025-04-03 20:32:23,617 | DEBUG    | v3_magic_formula.py:326 | Force calculation complete for time 200. Fx=-106.56, Fy=0.03
2025-04-03 20:32:23,617 | DEBUG    | tire_tester.py:48 |   Success: Target Slips: alpha=0.051deg, kappa=0.0000
2025-04-03 20:32:23,617 | DEBUG    | tire_tester.py:49 |   Resulting Forces: Fx=-106.6N, Fy=0.0N (Error Fy=0.0N / inf%)
2025-04-03 20:32:23,617 | INFO     | tire_tester.py:32 | Running Fy Priority Test 4: 'Cornering Coast'
2025-04-03 20:32:23,617 | DEBUG    | tire_tester.py:33 |   Inputs: Fz=600.0N, gamma=-2.0deg, Target Fy=-1500.0N, Mode=coast, Intensity=0.00
2025-04-03 20:32:23,617 | INFO     | v3_magic_formula.py:567 | Finding slips for target Fy=-1500.00 N, Fz=600.0, gamma=-2.00 deg, mode='coast', intensity=0.00
2025-04-03 20:32:23,617 | DEBUG    | v3_magic_formula.py:475 | Finding alpha for target Fy=-1500.00 N at Fz=600.0, gamma=-2.00 deg
2025-04-03 20:32:23,617 | INFO     | v3_magic_formula.py:544 | Found alpha=6.361 deg for target Fy=-1500.00 (brentq).
2025-04-03 20:32:23,617 | DEBUG    | v3_magic_formula.py:573 | Step 1: Required alpha (approx) = 6.361 deg
2025-04-03 20:32:23,617 | DEBUG    | v3_magic_formula.py:336 | Calculating peak Fx potential for Fz=600, gamma=-0.03490658503988659
2025-04-03 20:32:23,617 | DEBUG    | v3_magic_formula.py:348 | Peak Fx potential: Dx=1657.85, SVx=-20.52, Peak=1637.33
2025-04-03 20:32:23,617 | DEBUG    | v3_magic_formula.py:354 | Calculating min Fx potential for Fz=600, gamma=-0.03490658503988659
2025-04-03 20:32:23,617 | DEBUG    | v3_magic_formula.py:366 | Min Fx potential: Dx=1657.85, SVx=-20.52, Min=-1678.37
2025-04-03 20:32:23,617 | DEBUG    | v3_magic_formula.py:586 | Step 2: Approx Gxa(alpha_req, k=0) = 0.6003
2025-04-03 20:32:23,617 | INFO     | v3_magic_formula.py:603 | Target longitudinal force is near zero. Setting kappa_req = 0.
2025-04-03 20:32:23,617 | INFO     | v3_magic_formula.py:609 | Result: alpha=6.361 deg, kappa=0.0000
2025-04-03 20:32:23,617 | DEBUG    | v3_magic_formula.py:284 | Calculating forces for time 300 ms. Inputs: Fz=600, alpha=0.11102370887737106, kappa=0.0, gamma=-0.03490658503988659
2025-04-03 20:32:23,617 | DEBUG    | v3_magic_formula.py:326 | Force calculation complete for time 300. Fx=-55.35, Fy=-1500.05
2025-04-03 20:32:23,617 | DEBUG    | tire_tester.py:48 |   Success: Target Slips: alpha=6.361deg, kappa=0.0000
2025-04-03 20:32:23,617 | DEBUG    | tire_tester.py:49 |   Resulting Forces: Fx=-55.3N, Fy=-1500.0N (Error Fy=-0.0N / 0.00%)
2025-04-03 20:32:23,617 | INFO     | tire_tester.py:32 | Running Fy Priority Test 5: 'Cornering Med Fy Accel'
2025-04-03 20:32:23,618 | DEBUG    | tire_tester.py:33 |   Inputs: Fz=700.0N, gamma=-2.0deg, Target Fy=-1000.0N, Mode=accelerate, Intensity=0.50
2025-04-03 20:32:23,618 | INFO     | v3_magic_formula.py:567 | Finding slips for target Fy=-1000.00 N, Fz=700.0, gamma=-2.00 deg, mode='accelerate', intensity=0.50
2025-04-03 20:32:23,618 | DEBUG    | v3_magic_formula.py:475 | Finding alpha for target Fy=-1000.00 N at Fz=700.0, gamma=-2.00 deg
2025-04-03 20:32:23,618 | INFO     | v3_magic_formula.py:544 | Found alpha=2.512 deg for target Fy=-1000.00 (brentq).
2025-04-03 20:32:23,618 | DEBUG    | v3_magic_formula.py:573 | Step 1: Required alpha (approx) = 2.512 deg
2025-04-03 20:32:23,618 | DEBUG    | v3_magic_formula.py:336 | Calculating peak Fx potential for Fz=700, gamma=-0.03490658503988659
2025-04-03 20:32:23,618 | DEBUG    | v3_magic_formula.py:348 | Peak Fx potential: Dx=1940.73, SVx=-18.82, Peak=1921.91
2025-04-03 20:32:23,618 | DEBUG    | v3_magic_formula.py:354 | Calculating min Fx potential for Fz=700, gamma=-0.03490658503988659
2025-04-03 20:32:23,618 | DEBUG    | v3_magic_formula.py:366 | Min Fx potential: Dx=1940.73, SVx=-18.82, Min=-1959.55
2025-04-03 20:32:23,618 | DEBUG    | v3_magic_formula.py:586 | Step 2: Approx Gxa(alpha_req, k=0) = 0.8850
2025-04-03 20:32:23,618 | DEBUG    | v3_magic_formula.py:595 | Step 3: Target Accel Fx = 850.41 N (AvailMax=1700.82)
2025-04-03 20:32:23,618 | DEBUG    | v3_magic_formula.py:373 | Finding kappa for target Fx=850.41 N at Fz=700.0, gamma=-2.00 deg
2025-04-03 20:32:23,618 | INFO     | v3_magic_formula.py:442 | Found kappa=0.0182 for target Fx=850.41 (brentq).
2025-04-03 20:32:23,618 | DEBUG    | v3_magic_formula.py:607 | Step 4: Required kappa (approx) = 0.0182
2025-04-03 20:32:23,618 | INFO     | v3_magic_formula.py:609 | Result: alpha=2.512 deg, kappa=0.0182
2025-04-03 20:32:23,618 | DEBUG    | v3_magic_formula.py:284 | Calculating forces for time 400 ms. Inputs: Fz=700, alpha=0.04384950900639849, kappa=0.018182038894777233, gamma=-0.03490658503988659
2025-04-03 20:32:23,618 | DEBUG    | v3_magic_formula.py:326 | Force calculation complete for time 400. Fx=754.38, Fy=-984.93
2025-04-03 20:32:23,618 | DEBUG    | tire_tester.py:48 |   Success: Target Slips: alpha=2.512deg, kappa=0.0182
2025-04-03 20:32:23,618 | DEBUG    | tire_tester.py:49 |   Resulting Forces: Fx=754.4N, Fy=-984.9N (Error Fy=15.1N / -1.51%)
2025-04-03 20:32:23,618 | INFO     | tire_tester.py:32 | Running Fy Priority Test 6: 'Cornering Med Fy Brake'
2025-04-03 20:32:23,618 | DEBUG    | tire_tester.py:33 |   Inputs: Fz=500.0N, gamma=-2.0deg, Target Fy=-800.0N, Mode=brake, Intensity=0.80
2025-04-03 20:32:23,619 | INFO     | v3_magic_formula.py:567 | Finding slips for target Fy=-800.00 N, Fz=500.0, gamma=-2.00 deg, mode='brake', intensity=0.80
2025-04-03 20:32:23,619 | DEBUG    | v3_magic_formula.py:475 | Finding alpha for target Fy=-800.00 N at Fz=500.0, gamma=-2.00 deg
2025-04-03 20:32:23,619 | INFO     | v3_magic_formula.py:544 | Found alpha=2.384 deg for target Fy=-800.00 (brentq).
2025-04-03 20:32:23,619 | DEBUG    | v3_magic_formula.py:573 | Step 1: Required alpha (approx) = 2.384 deg
2025-04-03 20:32:23,619 | DEBUG    | v3_magic_formula.py:336 | Calculating peak Fx potential for Fz=500, gamma=-0.03490658503988659
2025-04-03 20:32:23,619 | DEBUG    | v3_magic_formula.py:348 | Peak Fx potential: Dx=1376.84, SVx=-20.75, Peak=1356.09
2025-04-03 20:32:23,619 | DEBUG    | v3_magic_formula.py:354 | Calculating min Fx potential for Fz=500, gamma=-0.03490658503988659
2025-04-03 20:32:23,619 | DEBUG    | v3_magic_formula.py:366 | Min Fx potential: Dx=1376.84, SVx=-20.75, Min=-1397.60
2025-04-03 20:32:23,619 | DEBUG    | v3_magic_formula.py:586 | Step 2: Approx Gxa(alpha_req, k=0) = 0.8947
2025-04-03 20:32:23,619 | DEBUG    | v3_magic_formula.py:598 | Step 3: Target Brake Fx = -1000.29 N (AvailMin=-1250.37)
2025-04-03 20:32:23,619 | DEBUG    | v3_magic_formula.py:373 | Finding kappa for target Fx=-1000.29 N at Fz=500.0, gamma=-2.00 deg
2025-04-03 20:32:23,619 | INFO     | v3_magic_formula.py:442 | Found kappa=-0.0260 for target Fx=-1000.29 (brentq).
2025-04-03 20:32:23,619 | DEBUG    | v3_magic_formula.py:607 | Step 4: Required kappa (approx) = -0.0260
2025-04-03 20:32:23,619 | INFO     | v3_magic_formula.py:609 | Result: alpha=2.384 deg, kappa=-0.0260
2025-04-03 20:32:23,619 | DEBUG    | v3_magic_formula.py:284 | Calculating forces for time 500 ms. Inputs: Fz=500, alpha=0.04161390042198508, kappa=-0.026046776856600177, gamma=-0.03490658503988659
2025-04-03 20:32:23,619 | DEBUG    | v3_magic_formula.py:326 | Force calculation complete for time 500. Fx=-896.94, Fy=-775.64
2025-04-03 20:32:23,619 | DEBUG    | tire_tester.py:48 |   Success: Target Slips: alpha=2.384deg, kappa=-0.0260
2025-04-03 20:32:23,619 | DEBUG    | tire_tester.py:49 |   Resulting Forces: Fx=-896.9N, Fy=-775.6N (Error Fy=24.4N / -3.05%)
2025-04-03 20:32:23,619 | INFO     | tire_tester.py:32 | Running Fy Priority Test 7: 'Impossible Fy Target'
2025-04-03 20:32:23,619 | DEBUG    | tire_tester.py:33 |   Inputs: Fz=400.0N, gamma=0.0deg, Target Fy=-5000.0N, Mode=coast, Intensity=0.00
2025-04-03 20:32:23,619 | INFO     | v3_magic_formula.py:567 | Finding slips for target Fy=-5000.00 N, Fz=400.0, gamma=0.00 deg, mode='coast', intensity=0.00
2025-04-03 20:32:23,619 | DEBUG    | v3_magic_formula.py:475 | Finding alpha for target Fy=-5000.00 N at Fz=400.0, gamma=0.00 deg
2025-04-03 20:32:23,620 | WARNING  | v3_magic_formula.py:501 | Target Fy=-5000.00 outside approx range [-1036.00, 996.94]
2025-04-03 20:32:23,620 | WARNING  | v3_magic_formula.py:572 | Target Fy=-5000.00 N unachievable.
2025-04-03 20:32:23,620 | WARNING  | tire_tester.py:50 |   Failed: Could not find valid slips for target Fy=-5000.0N.
2025-04-03 20:32:23,620 | INFO     | tire_tester.py:52 | --- Fy Priority Test Suite Finished ---
2025-04-03 20:32:23,620 | INFO     | tire_tester.py:60 | --- Starting Pure Fx Inverse Test Suite (8 cases) ---
2025-04-03 20:32:23,621 | INFO     | tire_tester.py:65 | Running Pure Fx Inverse Test 1: 'Zero Fx Target'
2025-04-03 20:32:23,621 | DEBUG    | tire_tester.py:66 |   Inputs: Fz=600.0N, gamma=0.0deg, Target Fx=0.0N
2025-04-03 20:32:23,621 | DEBUG    | v3_magic_formula.py:373 | Finding kappa for target Fx=0.00 N at Fz=600.0, gamma=0.00 deg
2025-04-03 20:32:23,621 | INFO     | v3_magic_formula.py:442 | Found kappa=0.0017 for target Fx=0.00 (brentq).
2025-04-03 20:32:23,621 | DEBUG    | v3_magic_formula.py:284 | Calculating forces for time 0 ms. Inputs: Fz=600, alpha=0.0, kappa=0.0017242539035154454, gamma=0.0
2025-04-03 20:32:23,621 | DEBUG    | v3_magic_formula.py:326 | Force calculation complete for time 0. Fx=0.01, Fy=15.75
2025-04-03 20:32:23,621 | DEBUG    | tire_tester.py:81 |   Success: Target Kappa: 0.0017
2025-04-03 20:32:23,621 | DEBUG    | tire_tester.py:82 |   Resulting Forces: Fx=0.0N, Fy=15.8N (Error Fx=0.0N / inf%)
2025-04-03 20:32:23,621 | INFO     | tire_tester.py:65 | Running Pure Fx Inverse Test 2: 'Moderate Accel'
2025-04-03 20:32:23,621 | DEBUG    | tire_tester.py:66 |   Inputs: Fz=700.0N, gamma=0.0deg, Target Fx=1000.0N
2025-04-03 20:32:23,621 | DEBUG    | v3_magic_formula.py:373 | Finding kappa for target Fx=1000.00 N at Fz=700.0, gamma=0.00 deg
2025-04-03 20:32:23,621 | INFO     | v3_magic_formula.py:442 | Found kappa=0.0219 for target Fx=1000.00 (brentq).
2025-04-03 20:32:23,621 | DEBUG    | v3_magic_formula.py:284 | Calculating forces for time 100 ms. Inputs: Fz=700, alpha=0.0, kappa=0.021890522490922517, gamma=0.0
2025-04-03 20:32:23,621 | DEBUG    | v3_magic_formula.py:326 | Force calculation complete for time 100. Fx=999.91, Fy=8.23
2025-04-03 20:32:23,621 | DEBUG    | tire_tester.py:81 |   Success: Target Kappa: 0.0219
2025-04-03 20:32:23,621 | DEBUG    | tire_tester.py:82 |   Resulting Forces: Fx=999.9N, Fy=8.2N (Error Fx=-0.1N / -0.01%)
2025-04-03 20:32:23,621 | INFO     | tire_tester.py:65 | Running Pure Fx Inverse Test 3: 'High Accel'
2025-04-03 20:32:23,621 | DEBUG    | tire_tester.py:66 |   Inputs: Fz=700.0N, gamma=0.0deg, Target Fx=1800.0N
2025-04-03 20:32:23,621 | DEBUG    | v3_magic_formula.py:373 | Finding kappa for target Fx=1800.00 N at Fz=700.0, gamma=0.00 deg
2025-04-03 20:32:23,622 | INFO     | v3_magic_formula.py:442 | Found kappa=0.0824 for target Fx=1800.00 (brentq).
2025-04-03 20:32:23,622 | DEBUG    | v3_magic_formula.py:284 | Calculating forces for time 200 ms. Inputs: Fz=700, alpha=0.0, kappa=0.0823752195499786, gamma=0.0
2025-04-03 20:32:23,622 | DEBUG    | v3_magic_formula.py:326 | Force calculation complete for time 200. Fx=1800.00, Fy=6.50
2025-04-03 20:32:23,622 | DEBUG    | tire_tester.py:81 |   Success: Target Kappa: 0.0824
2025-04-03 20:32:23,622 | DEBUG    | tire_tester.py:82 |   Resulting Forces: Fx=1800.0N, Fy=6.5N (Error Fx=-0.0N / -0.00%)
2025-04-03 20:32:23,622 | INFO     | tire_tester.py:65 | Running Pure Fx Inverse Test 4: 'Moderate Brake'
2025-04-03 20:32:23,622 | DEBUG    | tire_tester.py:66 |   Inputs: Fz=500.0N, gamma=0.0deg, Target Fx=-800.0N
2025-04-03 20:32:23,622 | DEBUG    | v3_magic_formula.py:373 | Finding kappa for target Fx=-800.00 N at Fz=500.0, gamma=0.00 deg
2025-04-03 20:32:23,622 | INFO     | v3_magic_formula.py:442 | Found kappa=-0.0171 for target Fx=-800.00 (brentq).
2025-04-03 20:32:23,622 | DEBUG    | v3_magic_formula.py:284 | Calculating forces for time 300 ms. Inputs: Fz=500, alpha=0.0, kappa=-0.017139339830176754, gamma=0.0
2025-04-03 20:32:23,622 | DEBUG    | v3_magic_formula.py:326 | Force calculation complete for time 300. Fx=-799.53, Fy=21.90
2025-04-03 20:32:23,622 | DEBUG    | tire_tester.py:81 |   Success: Target Kappa: -0.0171
2025-04-03 20:32:23,622 | DEBUG    | tire_tester.py:82 |   Resulting Forces: Fx=-799.5N, Fy=21.9N (Error Fx=0.5N / -0.06%)
2025-04-03 20:32:23,622 | INFO     | tire_tester.py:65 | Running Pure Fx Inverse Test 5: 'High Brake'
2025-04-03 20:32:23,622 | DEBUG    | tire_tester.py:66 |   Inputs: Fz=500.0N, gamma=0.0deg, Target Fx=-1300.0N
2025-04-03 20:32:23,622 | DEBUG    | v3_magic_formula.py:373 | Finding kappa for target Fx=-1300.00 N at Fz=500.0, gamma=0.00 deg
2025-04-03 20:32:23,622 | INFO     | v3_magic_formula.py:442 | Found kappa=-0.0594 for target Fx=-1300.00 (brentq).
2025-04-03 20:32:23,622 | DEBUG    | v3_magic_formula.py:284 | Calculating forces for time 400 ms. Inputs: Fz=500, alpha=0.0, kappa=-0.059412495669793564, gamma=0.0
2025-04-03 20:32:23,622 | DEBUG    | v3_magic_formula.py:326 | Force calculation complete for time 400. Fx=-1299.96, Fy=19.10
2025-04-03 20:32:23,623 | DEBUG    | tire_tester.py:81 |   Success: Target Kappa: -0.0594
2025-04-03 20:32:23,623 | DEBUG    | tire_tester.py:82 |   Resulting Forces: Fx=-1300.0N, Fy=19.1N (Error Fx=0.0N / -0.00%)
2025-04-03 20:32:23,623 | INFO     | tire_tester.py:65 | Running Pure Fx Inverse Test 6: 'Accel w/ Camber'
2025-04-03 20:32:23,623 | DEBUG    | tire_tester.py:66 |   Inputs: Fz=700.0N, gamma=-2.0deg, Target Fx=1500.0N
2025-04-03 20:32:23,623 | DEBUG    | v3_magic_formula.py:373 | Finding kappa for target Fx=1500.00 N at Fz=700.0, gamma=-2.00 deg
2025-04-03 20:32:23,623 | INFO     | v3_magic_formula.py:442 | Found kappa=0.0433 for target Fx=1500.00 (brentq).
2025-04-03 20:32:23,623 | DEBUG    | v3_magic_formula.py:284 | Calculating forces for time 500 ms. Inputs: Fz=700, alpha=0.0, kappa=0.043264558561810953, gamma=-0.03490658503988659
2025-04-03 20:32:23,623 | DEBUG    | v3_magic_formula.py:326 | Force calculation complete for time 500. Fx=1499.99, Fy=121.40
2025-04-03 20:32:23,623 | DEBUG    | tire_tester.py:81 |   Success: Target Kappa: 0.0433
2025-04-03 20:32:23,623 | DEBUG    | tire_tester.py:82 |   Resulting Forces: Fx=1500.0N, Fy=121.4N (Error Fx=-0.0N / -0.00%)
2025-04-03 20:32:23,623 | INFO     | tire_tester.py:65 | Running Pure Fx Inverse Test 7: 'Impossible Accel'
2025-04-03 20:32:23,623 | DEBUG    | tire_tester.py:66 |   Inputs: Fz=400.0N, gamma=0.0deg, Target Fx=3000.0N
2025-04-03 20:32:23,623 | DEBUG    | v3_magic_formula.py:373 | Finding kappa for target Fx=3000.00 N at Fz=400.0, gamma=0.00 deg
2025-04-03 20:32:23,623 | WARNING  | v3_magic_formula.py:394 | Target Fx=3000.00 is outside achievable range [-1113.90, 1074.84] N.
2025-04-03 20:32:23,623 | WARNING  | tire_tester.py:83 |   Failed: Could not find valid kappa for target Fx=3000.0N.
2025-04-03 20:32:23,623 | INFO     | tire_tester.py:65 | Running Pure Fx Inverse Test 8: 'Impossible Brake'
2025-04-03 20:32:23,623 | DEBUG    | tire_tester.py:66 |   Inputs: Fz=400.0N, gamma=0.0deg, Target Fx=-3000.0N
2025-04-03 20:32:23,623 | DEBUG    | v3_magic_formula.py:373 | Finding kappa for target Fx=-3000.00 N at Fz=400.0, gamma=0.00 deg
2025-04-03 20:32:23,623 | WARNING  | v3_magic_formula.py:394 | Target Fx=-3000.00 is outside achievable range [-1113.90, 1074.84] N.
2025-04-03 20:32:23,623 | WARNING  | tire_tester.py:83 |   Failed: Could not find valid kappa for target Fx=-3000.0N.
2025-04-03 20:32:23,623 | INFO     | tire_tester.py:85 | --- Pure Fx Inverse Test Suite Finished ---
2025-04-03 20:32:23,624 | INFO     | tire_tester.py:93 | --- Starting Pure Fy Inverse Test Suite (8 cases) ---
2025-04-03 20:32:23,624 | INFO     | tire_tester.py:98 | Running Pure Fy Inverse Test 1: 'Zero Fy Target'
2025-04-03 20:32:23,624 | DEBUG    | tire_tester.py:99 |   Inputs: Fz=600.0N, gamma=0.0deg, Target Fy=0.0N
2025-04-03 20:32:23,624 | DEBUG    | v3_magic_formula.py:475 | Finding alpha for target Fy=0.00 N at Fz=600.0, gamma=0.00 deg
2025-04-03 20:32:23,624 | INFO     | v3_magic_formula.py:544 | Found alpha=0.033 deg for target Fy=0.00 (brentq).
2025-04-03 20:32:23,624 | DEBUG    | v3_magic_formula.py:284 | Calculating forces for time 0 ms. Inputs: Fz=600, alpha=0.0005834868827136856, kappa=0.0, gamma=0.0
2025-04-03 20:32:23,625 | DEBUG    | v3_magic_formula.py:326 | Force calculation complete for time 0. Fx=-93.00, Fy=0.01
2025-04-03 20:32:23,625 | DEBUG    | tire_tester.py:114 |   Success: Target Alpha: 0.033deg
2025-04-03 20:32:23,625 | DEBUG    | tire_tester.py:115 |   Resulting Forces: Fx=-93.0N, Fy=0.0N (Error Fy=0.0N / inf%)
2025-04-03 20:32:23,625 | INFO     | tire_tester.py:98 | Running Pure Fy Inverse Test 2: 'Moderate Corner L'
2025-04-03 20:32:23,625 | DEBUG    | tire_tester.py:99 |   Inputs: Fz=600.0N, gamma=0.0deg, Target Fy=-1000.0N
2025-04-03 20:32:23,625 | DEBUG    | v3_magic_formula.py:475 | Finding alpha for target Fy=-1000.00 N at Fz=600.0, gamma=0.00 deg
2025-04-03 20:32:23,625 | INFO     | v3_magic_formula.py:544 | Found alpha=2.469 deg for target Fy=-1000.00 (brentq).
2025-04-03 20:32:23,625 | DEBUG    | v3_magic_formula.py:284 | Calculating forces for time 100 ms. Inputs: Fz=600, alpha=0.04309147209304109, kappa=0.0, gamma=0.0
2025-04-03 20:32:23,625 | DEBUG    | v3_magic_formula.py:326 | Force calculation complete for time 100. Fx=-82.61, Fy=-999.98
2025-04-03 20:32:23,625 | DEBUG    | tire_tester.py:114 |   Success: Target Alpha: 2.469deg
2025-04-03 20:32:23,625 | DEBUG    | tire_tester.py:115 |   Resulting Forces: Fx=-82.6N, Fy=-1000.0N (Error Fy=0.0N / -0.00%)
2025-04-03 20:32:23,625 | INFO     | tire_tester.py:98 | Running Pure Fy Inverse Test 3: 'High Corner L'
2025-04-03 20:32:23,625 | DEBUG    | tire_tester.py:99 |   Inputs: Fz=600.0N, gamma=0.0deg, Target Fy=-1400.0N
2025-04-03 20:32:23,625 | DEBUG    | v3_magic_formula.py:475 | Finding alpha for target Fy=-1400.00 N at Fz=600.0, gamma=0.00 deg
2025-04-03 20:32:23,625 | INFO     | v3_magic_formula.py:544 | Found alpha=4.629 deg for target Fy=-1400.00 (brentq).
2025-04-03 20:32:23,625 | DEBUG    | v3_magic_formula.py:284 | Calculating forces for time 200 ms. Inputs: Fz=600, alpha=0.08078979224193358, kappa=0.0, gamma=0.0
2025-04-03 20:32:23,625 | DEBUG    | v3_magic_formula.py:326 | Force calculation complete for time 200. Fx=-66.77, Fy=-1400.12
2025-04-03 20:32:23,626 | DEBUG    | tire_tester.py:114 |   Success: Target Alpha: 4.629deg
2025-04-03 20:32:23,626 | DEBUG    | tire_tester.py:115 |   Resulting Forces: Fx=-66.8N, Fy=-1400.1N (Error Fy=-0.1N / 0.01%)
2025-04-03 20:32:23,626 | INFO     | tire_tester.py:98 | Running Pure Fy Inverse Test 4: 'Moderate Corner R'
2025-04-03 20:32:23,626 | DEBUG    | tire_tester.py:99 |   Inputs: Fz=700.0N, gamma=0.0deg, Target Fy=800.0N
2025-04-03 20:32:23,626 | DEBUG    | v3_magic_formula.py:475 | Finding alpha for target Fy=800.00 N at Fz=700.0, gamma=0.00 deg
2025-04-03 20:32:23,626 | INFO     | v3_magic_formula.py:544 | Found alpha=-1.700 deg for target Fy=800.00 (brentq).
2025-04-03 20:32:23,626 | DEBUG    | v3_magic_formula.py:284 | Calculating forces for time 300 ms. Inputs: Fz=700, alpha=-0.029664024662642122, kappa=0.0, gamma=0.0
2025-04-03 20:32:23,626 | DEBUG    | v3_magic_formula.py:326 | Force calculation complete for time 300. Fx=-69.05, Fy=800.08
2025-04-03 20:32:23,626 | DEBUG    | tire_tester.py:114 |   Success: Target Alpha: -1.700deg
2025-04-03 20:32:23,626 | DEBUG    | tire_tester.py:115 |   Resulting Forces: Fx=-69.0N, Fy=800.1N (Error Fy=0.1N / 0.01%)
2025-04-03 20:32:23,626 | INFO     | tire_tester.py:98 | Running Pure Fy Inverse Test 5: 'Corner w/ Camber L'
2025-04-03 20:32:23,626 | DEBUG    | tire_tester.py:99 |   Inputs: Fz=600.0N, gamma=-2.0deg, Target Fy=-1200.0N
2025-04-03 20:32:23,626 | DEBUG    | v3_magic_formula.py:475 | Finding alpha for target Fy=-1200.00 N at Fz=600.0, gamma=-2.00 deg
2025-04-03 20:32:23,626 | INFO     | v3_magic_formula.py:544 | Found alpha=3.504 deg for target Fy=-1200.00 (brentq).
2025-04-03 20:32:23,626 | DEBUG    | v3_magic_formula.py:284 | Calculating forces for time 400 ms. Inputs: Fz=600, alpha=0.06115594885109465, kappa=0.0, gamma=-0.03490658503988659
2025-04-03 20:32:23,626 | DEBUG    | v3_magic_formula.py:326 | Force calculation complete for time 400. Fx=-74.33, Fy=-1200.08
2025-04-03 20:32:23,626 | DEBUG    | tire_tester.py:114 |   Success: Target Alpha: 3.504deg
2025-04-03 20:32:23,626 | DEBUG    | tire_tester.py:115 |   Resulting Forces: Fx=-74.3N, Fy=-1200.1N (Error Fy=-0.1N / 0.01%)
2025-04-03 20:32:23,627 | INFO     | tire_tester.py:98 | Running Pure Fy Inverse Test 6: 'Corner w/ Camber R'
2025-04-03 20:32:23,627 | DEBUG    | tire_tester.py:99 |   Inputs: Fz=600.0N, gamma=-2.0deg, Target Fy=1000.0N
2025-04-03 20:32:23,627 | DEBUG    | v3_magic_formula.py:475 | Finding alpha for target Fy=1000.00 N at Fz=600.0, gamma=-2.00 deg
2025-04-03 20:32:23,627 | INFO     | v3_magic_formula.py:544 | Found alpha=-2.292 deg for target Fy=1000.00 (brentq).
2025-04-03 20:32:23,627 | DEBUG    | v3_magic_formula.py:284 | Calculating forces for time 500 ms. Inputs: Fz=600, alpha=-0.0400084855099659, kappa=0.0, gamma=-0.03490658503988659
2025-04-03 20:32:23,627 | DEBUG    | v3_magic_formula.py:326 | Force calculation complete for time 500. Fx=-83.11, Fy=1000.30
2025-04-03 20:32:23,627 | DEBUG    | tire_tester.py:114 |   Success: Target Alpha: -2.292deg
2025-04-03 20:32:23,627 | DEBUG    | tire_tester.py:115 |   Resulting Forces: Fx=-83.1N, Fy=1000.3N (Error Fy=0.3N / 0.03%)
2025-04-03 20:32:23,627 | INFO     | tire_tester.py:98 | Running Pure Fy Inverse Test 7: 'Impossible Corner L'
2025-04-03 20:32:23,627 | DEBUG    | tire_tester.py:99 |   Inputs: Fz=400.0N, gamma=0.0deg, Target Fy=-2000.0N
2025-04-03 20:32:23,627 | DEBUG    | v3_magic_formula.py:475 | Finding alpha for target Fy=-2000.00 N at Fz=400.0, gamma=0.00 deg
2025-04-03 20:32:23,627 | WARNING  | v3_magic_formula.py:501 | Target Fy=-2000.00 outside approx range [-1036.00, 996.94]
2025-04-03 20:32:23,627 | WARNING  | tire_tester.py:116 |   Failed: Could not find valid alpha for target Fy=-2000.0N.
2025-04-03 20:32:23,627 | INFO     | tire_tester.py:98 | Running Pure Fy Inverse Test 8: 'Impossible Corner R'
2025-04-03 20:32:23,627 | DEBUG    | tire_tester.py:99 |   Inputs: Fz=400.0N, gamma=0.0deg, Target Fy=2000.0N
2025-04-03 20:32:23,627 | DEBUG    | v3_magic_formula.py:475 | Finding alpha for target Fy=2000.00 N at Fz=400.0, gamma=0.00 deg
2025-04-03 20:32:23,627 | WARNING  | v3_magic_formula.py:501 | Target Fy=2000.00 outside approx range [-1036.00, 996.94]
2025-04-03 20:32:23,627 | WARNING  | tire_tester.py:116 |   Failed: Could not find valid alpha for target Fy=2000.0N.
2025-04-03 20:32:23,628 | INFO     | tire_tester.py:118 | --- Pure Fy Inverse Test Suite Finished ---
2025-04-03 20:32:23,628 | INFO     | tire_tester.py:125 | --- Testing Components: 'Zero Slips' ---
2025-04-03 20:32:23,629 | DEBUG    | tire_tester.py:127 | Inputs: Fz=600.0, alpha=0.00deg, kappa=0.000, gamma=0.00deg
2025-04-03 20:32:23,629 | DEBUG    | tire_tester.py:139 | Component Calculation Successful. Final Fx=-93.00, Fy=15.75
2025-04-03 20:32:23,629 | INFO     | tire_tester.py:125 | --- Testing Components: 'Pure Accel' ---
2025-04-03 20:32:23,629 | DEBUG    | tire_tester.py:127 | Inputs: Fz=700.0, alpha=0.00deg, kappa=0.100, gamma=0.00deg
2025-04-03 20:32:23,629 | DEBUG    | tire_tester.py:139 | Component Calculation Successful. Final Fx=1848.61, Fy=5.96
2025-04-03 20:32:23,629 | INFO     | tire_tester.py:125 | --- Testing Components: 'Pure Brake' ---
2025-04-03 20:32:23,629 | DEBUG    | tire_tester.py:127 | Inputs: Fz=500.0, alpha=0.00deg, kappa=-0.080, gamma=0.00deg
2025-04-03 20:32:23,629 | DEBUG    | tire_tester.py:139 | Component Calculation Successful. Final Fx=-1353.00, Fy=17.35
2025-04-03 20:32:23,629 | INFO     | tire_tester.py:125 | --- Testing Components: 'Pure Cornering' ---
2025-04-03 20:32:23,629 | DEBUG    | tire_tester.py:127 | Inputs: Fz=600.0, alpha=5.00deg, kappa=0.000, gamma=-2.00deg
2025-04-03 20:32:23,629 | DEBUG    | tire_tester.py:139 | Component Calculation Successful. Final Fx=-63.67, Fy=-1419.82
2025-04-03 20:32:23,629 | INFO     | tire_tester.py:125 | --- Testing Components: 'Cornering + Accel' ---
2025-04-03 20:32:23,629 | DEBUG    | tire_tester.py:127 | Inputs: Fz=700.0, alpha=4.00deg, kappa=0.050, gamma=-2.00deg
2025-04-03 20:32:23,629 | DEBUG    | tire_tester.py:139 | Component Calculation Successful. Final Fx=1237.80, Fy=-1295.07
2025-04-03 20:32:23,629 | INFO     | tire_tester.py:125 | --- Testing Components: 'Cornering + Brake' ---
2025-04-03 20:32:23,629 | DEBUG    | tire_tester.py:127 | Inputs: Fz=500.0, alpha=-3.00deg, kappa=-0.060, gamma=-1.00deg
2025-04-03 20:32:23,629 | DEBUG    | tire_tester.py:139 | Component Calculation Successful. Final Fx=-1120.52, Fy=879.90
2025-04-03 20:32:29,493 | INFO     | v3_magic_formula.py:33 | Initializing Pacejka Tire Model from hoosier_r20.par
2025-04-03 20:32:29,493 | INFO     | v3_magic_formula.py:55 | Loading parameters from: hoosier_r20.par
2025-04-03 20:32:29,493 | INFO     | v3_magic_formula.py:66 | Finished loading parameters from hoosier_r20.par
2025-04-03 20:32:29,493 | DEBUG    | v3_magic_formula.py:71 | Validating required parameters...
2025-04-03 20:32:29,493 | INFO     | v3_magic_formula.py:93 | All required parameters loaded successfully.
2025-04-03 20:32:29,498 | INFO     | v3_magic_formula.py:51 | Pacejka Tire Model initialized successfully.
2025-04-03 20:32:29,498 | INFO     | tire_tester.py:27 | --- Starting Fy Priority Test Suite (7 cases) ---
2025-04-03 20:32:29,498 | INFO     | tire_tester.py:32 | Running Fy Priority Test 1: 'Coast Straight'
2025-04-03 20:32:29,499 | DEBUG    | tire_tester.py:33 |   Inputs: Fz=600.0N, gamma=0.0deg, Target Fy=0.0N, Mode=coast, Intensity=0.00
2025-04-03 20:32:29,499 | INFO     | v3_magic_formula.py:567 | Finding slips for target Fy=0.00 N, Fz=600.0, gamma=0.00 deg, mode='coast', intensity=0.00
2025-04-03 20:32:29,499 | DEBUG    | v3_magic_formula.py:475 | Finding alpha for target Fy=0.00 N at Fz=600.0, gamma=0.00 deg
2025-04-03 20:32:29,499 | INFO     | v3_magic_formula.py:544 | Found alpha=0.033 deg for target Fy=0.00 (brentq).
2025-04-03 20:32:29,499 | DEBUG    | v3_magic_formula.py:573 | Step 1: Required alpha (approx) = 0.033 deg
2025-04-03 20:32:29,499 | DEBUG    | v3_magic_formula.py:336 | Calculating peak Fx potential for Fz=600, gamma=0.0
2025-04-03 20:32:29,499 | DEBUG    | v3_magic_formula.py:348 | Peak Fx potential: Dx=1652.79, SVx=-20.52, Peak=1632.27
2025-04-03 20:32:29,499 | DEBUG    | v3_magic_formula.py:354 | Calculating min Fx potential for Fz=600, gamma=0.0
2025-04-03 20:32:29,499 | DEBUG    | v3_magic_formula.py:366 | Min Fx potential: Dx=1652.79, SVx=-20.52, Min=-1673.31
2025-04-03 20:32:29,499 | DEBUG    | v3_magic_formula.py:586 | Step 2: Approx Gxa(alpha_req, k=0) = 1.0000
2025-04-03 20:32:29,499 | INFO     | v3_magic_formula.py:603 | Target longitudinal force is near zero. Setting kappa_req = 0.
2025-04-03 20:32:29,499 | INFO     | v3_magic_formula.py:609 | Result: alpha=0.033 deg, kappa=0.0000
2025-04-03 20:32:29,499 | DEBUG    | v3_magic_formula.py:284 | Calculating forces for time 0 ms. Inputs: Fz=600, alpha=0.0005834868827136856, kappa=0.0, gamma=0.0
2025-04-03 20:32:29,499 | DEBUG    | v3_magic_formula.py:326 | Force calculation complete for time 0. Fx=-93.00, Fy=0.01
2025-04-03 20:32:29,499 | DEBUG    | tire_tester.py:48 |   Success: Target Slips: alpha=0.033deg, kappa=0.0000
2025-04-03 20:32:29,499 | DEBUG    | tire_tester.py:49 |   Resulting Forces: Fx=-93.0N, Fy=0.0N (Error Fy=0.0N / inf%)
2025-04-03 20:32:29,499 | INFO     | tire_tester.py:32 | Running Fy Priority Test 2: 'Max Accel Straight'
2025-04-03 20:32:29,499 | DEBUG    | tire_tester.py:33 |   Inputs: Fz=700.0N, gamma=0.0deg, Target Fy=0.0N, Mode=accelerate, Intensity=1.00
2025-04-03 20:32:29,499 | INFO     | v3_magic_formula.py:567 | Finding slips for target Fy=0.00 N, Fz=700.0, gamma=0.00 deg, mode='accelerate', intensity=1.00
2025-04-03 20:32:29,499 | DEBUG    | v3_magic_formula.py:475 | Finding alpha for target Fy=0.00 N at Fz=700.0, gamma=0.00 deg
2025-04-03 20:32:29,500 | INFO     | v3_magic_formula.py:544 | Found alpha=0.018 deg for target Fy=0.00 (brentq).
2025-04-03 20:32:29,500 | DEBUG    | v3_magic_formula.py:573 | Step 1: Required alpha (approx) = 0.018 deg
2025-04-03 20:32:29,500 | DEBUG    | v3_magic_formula.py:336 | Calculating peak Fx potential for Fz=700, gamma=0.0
2025-04-03 20:32:29,500 | DEBUG    | v3_magic_formula.py:348 | Peak Fx potential: Dx=1934.81, SVx=-18.82, Peak=1915.99
2025-04-03 20:32:29,500 | DEBUG    | v3_magic_formula.py:354 | Calculating min Fx potential for Fz=700, gamma=0.0
2025-04-03 20:32:29,500 | DEBUG    | v3_magic_formula.py:366 | Min Fx potential: Dx=1934.81, SVx=-18.82, Min=-1953.63
2025-04-03 20:32:29,500 | DEBUG    | v3_magic_formula.py:586 | Step 2: Approx Gxa(alpha_req, k=0) = 1.0000
2025-04-03 20:32:29,500 | DEBUG    | v3_magic_formula.py:595 | Step 3: Target Accel Fx = 1915.97 N (AvailMax=1915.97)
2025-04-03 20:32:29,500 | DEBUG    | v3_magic_formula.py:373 | Finding kappa for target Fx=1915.97 N at Fz=700.0, gamma=0.00 deg
2025-04-03 20:32:29,500 | WARNING  | v3_magic_formula.py:452 | Kappa bracketing failed (errors: f(-0.275)=-3863.889, f(0.275)=-5.439). Target might be near peak or zero.
2025-04-03 20:32:29,500 | WARNING  | v3_magic_formula.py:463 | Ridder method also failed for kappa.
2025-04-03 20:32:29,500 | WARNING  | v3_magic_formula.py:606 | Could not find kappa for target Fx=1915.97. Setting kappa_req = 0.
2025-04-03 20:32:29,500 | INFO     | v3_magic_formula.py:609 | Result: alpha=0.018 deg, kappa=0.0000
2025-04-03 20:32:29,500 | DEBUG    | v3_magic_formula.py:284 | Calculating forces for time 100 ms. Inputs: Fz=700, alpha=0.00031880253508587966, kappa=0.0, gamma=0.0
2025-04-03 20:32:29,500 | DEBUG    | v3_magic_formula.py:326 | Force calculation complete for time 100. Fx=-73.29, Fy=-0.66
2025-04-03 20:32:29,500 | DEBUG    | tire_tester.py:48 |   Success: Target Slips: alpha=0.018deg, kappa=0.0000
2025-04-03 20:32:29,500 | DEBUG    | tire_tester.py:49 |   Resulting Forces: Fx=-73.3N, Fy=-0.7N (Error Fy=-0.7N / inf%)
2025-04-03 20:32:29,500 | INFO     | tire_tester.py:32 | Running Fy Priority Test 3: 'Max Brake Straight'
2025-04-03 20:32:29,500 | DEBUG    | tire_tester.py:33 |   Inputs: Fz=500.0N, gamma=0.0deg, Target Fy=0.0N, Mode=brake, Intensity=1.00
2025-04-03 20:32:29,500 | INFO     | v3_magic_formula.py:567 | Finding slips for target Fy=0.00 N, Fz=500.0, gamma=0.00 deg, mode='brake', intensity=1.00
2025-04-03 20:32:29,500 | DEBUG    | v3_magic_formula.py:475 | Finding alpha for target Fy=0.00 N at Fz=500.0, gamma=0.00 deg
2025-04-03 20:32:29,501 | INFO     | v3_magic_formula.py:544 | Found alpha=0.051 deg for target Fy=0.00 (brentq).
2025-04-03 20:32:29,501 | DEBUG    | v3_magic_formula.py:573 | Step 1: Required alpha (approx) = 0.051 deg
2025-04-03 20:32:29,501 | DEBUG    | v3_magic_formula.py:336 | Calculating peak Fx potential for Fz=500, gamma=0.0
2025-04-03 20:32:29,501 | DEBUG    | v3_magic_formula.py:348 | Peak Fx potential: Dx=1372.64, SVx=-20.75, Peak=1351.89
2025-04-03 20:32:29,501 | DEBUG    | v3_magic_formula.py:354 | Calculating min Fx potential for Fz=500, gamma=0.0
2025-04-03 20:32:29,501 | DEBUG    | v3_magic_formula.py:366 | Min Fx potential: Dx=1372.64, SVx=-20.75, Min=-1393.40
2025-04-03 20:32:29,501 | DEBUG    | v3_magic_formula.py:586 | Step 2: Approx Gxa(alpha_req, k=0) = 0.9999
2025-04-03 20:32:29,501 | DEBUG    | v3_magic_formula.py:598 | Step 3: Target Brake Fx = -1393.32 N (AvailMin=-1393.32)
2025-04-03 20:32:29,501 | DEBUG    | v3_magic_formula.py:373 | Finding kappa for target Fx=-1393.32 N at Fz=500.0, gamma=0.00 deg
2025-04-03 20:32:29,501 | WARNING  | v3_magic_formula.py:452 | Kappa bracketing failed (errors: f(-0.275)=13.985, f(0.275)=2731.680). Target might be near peak or zero.
2025-04-03 20:32:29,501 | WARNING  | v3_magic_formula.py:463 | Ridder method also failed for kappa.
2025-04-03 20:32:29,501 | WARNING  | v3_magic_formula.py:606 | Could not find kappa for target Fx=-1393.32. Setting kappa_req = 0.
2025-04-03 20:32:29,501 | INFO     | v3_magic_formula.py:609 | Result: alpha=0.051 deg, kappa=0.0000
2025-04-03 20:32:29,501 | DEBUG    | v3_magic_formula.py:284 | Calculating forces for time 200 ms. Inputs: Fz=500, alpha=0.0008942641857142886, kappa=0.0, gamma=0.0
2025-04-03 20:32:29,501 | DEBUG    | v3_magic_formula.py:326 | Force calculation complete for time 200. Fx=-106.56, Fy=0.03
2025-04-03 20:32:29,501 | DEBUG    | tire_tester.py:48 |   Success: Target Slips: alpha=0.051deg, kappa=0.0000
2025-04-03 20:32:29,501 | DEBUG    | tire_tester.py:49 |   Resulting Forces: Fx=-106.6N, Fy=0.0N (Error Fy=0.0N / inf%)
2025-04-03 20:32:29,501 | INFO     | tire_tester.py:32 | Running Fy Priority Test 4: 'Cornering Coast'
2025-04-03 20:32:29,501 | DEBUG    | tire_tester.py:33 |   Inputs: Fz=600.0N, gamma=-2.0deg, Target Fy=-1500.0N, Mode=coast, Intensity=0.00
2025-04-03 20:32:29,501 | INFO     | v3_magic_formula.py:567 | Finding slips for target Fy=-1500.00 N, Fz=600.0, gamma=-2.00 deg, mode='coast', intensity=0.00
2025-04-03 20:32:29,501 | DEBUG    | v3_magic_formula.py:475 | Finding alpha for target Fy=-1500.00 N at Fz=600.0, gamma=-2.00 deg
2025-04-03 20:32:29,502 | INFO     | v3_magic_formula.py:544 | Found alpha=6.361 deg for target Fy=-1500.00 (brentq).
2025-04-03 20:32:29,502 | DEBUG    | v3_magic_formula.py:573 | Step 1: Required alpha (approx) = 6.361 deg
2025-04-03 20:32:29,502 | DEBUG    | v3_magic_formula.py:336 | Calculating peak Fx potential for Fz=600, gamma=-0.03490658503988659
2025-04-03 20:32:29,502 | DEBUG    | v3_magic_formula.py:348 | Peak Fx potential: Dx=1657.85, SVx=-20.52, Peak=1637.33
2025-04-03 20:32:29,502 | DEBUG    | v3_magic_formula.py:354 | Calculating min Fx potential for Fz=600, gamma=-0.03490658503988659
2025-04-03 20:32:29,502 | DEBUG    | v3_magic_formula.py:366 | Min Fx potential: Dx=1657.85, SVx=-20.52, Min=-1678.37
2025-04-03 20:32:29,502 | DEBUG    | v3_magic_formula.py:586 | Step 2: Approx Gxa(alpha_req, k=0) = 0.6003
2025-04-03 20:32:29,502 | INFO     | v3_magic_formula.py:603 | Target longitudinal force is near zero. Setting kappa_req = 0.
2025-04-03 20:32:29,502 | INFO     | v3_magic_formula.py:609 | Result: alpha=6.361 deg, kappa=0.0000
2025-04-03 20:32:29,502 | DEBUG    | v3_magic_formula.py:284 | Calculating forces for time 300 ms. Inputs: Fz=600, alpha=0.11102370887737106, kappa=0.0, gamma=-0.03490658503988659
2025-04-03 20:32:29,502 | DEBUG    | v3_magic_formula.py:326 | Force calculation complete for time 300. Fx=-55.35, Fy=-1500.05
2025-04-03 20:32:29,502 | DEBUG    | tire_tester.py:48 |   Success: Target Slips: alpha=6.361deg, kappa=0.0000
2025-04-03 20:32:29,502 | DEBUG    | tire_tester.py:49 |   Resulting Forces: Fx=-55.3N, Fy=-1500.0N (Error Fy=-0.0N / 0.00%)
2025-04-03 20:32:29,502 | INFO     | tire_tester.py:32 | Running Fy Priority Test 5: 'Cornering Med Fy Accel'
2025-04-03 20:32:29,502 | DEBUG    | tire_tester.py:33 |   Inputs: Fz=700.0N, gamma=-2.0deg, Target Fy=-1000.0N, Mode=accelerate, Intensity=0.50
2025-04-03 20:32:29,502 | INFO     | v3_magic_formula.py:567 | Finding slips for target Fy=-1000.00 N, Fz=700.0, gamma=-2.00 deg, mode='accelerate', intensity=0.50
2025-04-03 20:32:29,502 | DEBUG    | v3_magic_formula.py:475 | Finding alpha for target Fy=-1000.00 N at Fz=700.0, gamma=-2.00 deg
2025-04-03 20:32:29,502 | INFO     | v3_magic_formula.py:544 | Found alpha=2.512 deg for target Fy=-1000.00 (brentq).
2025-04-03 20:32:29,502 | DEBUG    | v3_magic_formula.py:573 | Step 1: Required alpha (approx) = 2.512 deg
2025-04-03 20:32:29,502 | DEBUG    | v3_magic_formula.py:336 | Calculating peak Fx potential for Fz=700, gamma=-0.03490658503988659
2025-04-03 20:32:29,502 | DEBUG    | v3_magic_formula.py:348 | Peak Fx potential: Dx=1940.73, SVx=-18.82, Peak=1921.91
2025-04-03 20:32:29,502 | DEBUG    | v3_magic_formula.py:354 | Calculating min Fx potential for Fz=700, gamma=-0.03490658503988659
2025-04-03 20:32:29,502 | DEBUG    | v3_magic_formula.py:366 | Min Fx potential: Dx=1940.73, SVx=-18.82, Min=-1959.55
2025-04-03 20:32:29,503 | DEBUG    | v3_magic_formula.py:586 | Step 2: Approx Gxa(alpha_req, k=0) = 0.8850
2025-04-03 20:32:29,503 | DEBUG    | v3_magic_formula.py:595 | Step 3: Target Accel Fx = 850.41 N (AvailMax=1700.82)
2025-04-03 20:32:29,503 | DEBUG    | v3_magic_formula.py:373 | Finding kappa for target Fx=850.41 N at Fz=700.0, gamma=-2.00 deg
2025-04-03 20:32:29,503 | INFO     | v3_magic_formula.py:442 | Found kappa=0.0182 for target Fx=850.41 (brentq).
2025-04-03 20:32:29,503 | DEBUG    | v3_magic_formula.py:607 | Step 4: Required kappa (approx) = 0.0182
2025-04-03 20:32:29,503 | INFO     | v3_magic_formula.py:609 | Result: alpha=2.512 deg, kappa=0.0182
2025-04-03 20:32:29,503 | DEBUG    | v3_magic_formula.py:284 | Calculating forces for time 400 ms. Inputs: Fz=700, alpha=0.04384950900639849, kappa=0.018182038894777233, gamma=-0.03490658503988659
2025-04-03 20:32:29,503 | DEBUG    | v3_magic_formula.py:326 | Force calculation complete for time 400. Fx=754.38, Fy=-984.93
2025-04-03 20:32:29,503 | DEBUG    | tire_tester.py:48 |   Success: Target Slips: alpha=2.512deg, kappa=0.0182
2025-04-03 20:32:29,503 | DEBUG    | tire_tester.py:49 |   Resulting Forces: Fx=754.4N, Fy=-984.9N (Error Fy=15.1N / -1.51%)
2025-04-03 20:32:29,503 | INFO     | tire_tester.py:32 | Running Fy Priority Test 6: 'Cornering Med Fy Brake'
2025-04-03 20:32:29,503 | DEBUG    | tire_tester.py:33 |   Inputs: Fz=500.0N, gamma=-2.0deg, Target Fy=-800.0N, Mode=brake, Intensity=0.80
2025-04-03 20:32:29,503 | INFO     | v3_magic_formula.py:567 | Finding slips for target Fy=-800.00 N, Fz=500.0, gamma=-2.00 deg, mode='brake', intensity=0.80
2025-04-03 20:32:29,503 | DEBUG    | v3_magic_formula.py:475 | Finding alpha for target Fy=-800.00 N at Fz=500.0, gamma=-2.00 deg
2025-04-03 20:32:29,503 | INFO     | v3_magic_formula.py:544 | Found alpha=2.384 deg for target Fy=-800.00 (brentq).
2025-04-03 20:32:29,503 | DEBUG    | v3_magic_formula.py:573 | Step 1: Required alpha (approx) = 2.384 deg
2025-04-03 20:32:29,503 | DEBUG    | v3_magic_formula.py:336 | Calculating peak Fx potential for Fz=500, gamma=-0.03490658503988659
2025-04-03 20:32:29,503 | DEBUG    | v3_magic_formula.py:348 | Peak Fx potential: Dx=1376.84, SVx=-20.75, Peak=1356.09
2025-04-03 20:32:29,503 | DEBUG    | v3_magic_formula.py:354 | Calculating min Fx potential for Fz=500, gamma=-0.03490658503988659
2025-04-03 20:32:29,503 | DEBUG    | v3_magic_formula.py:366 | Min Fx potential: Dx=1376.84, SVx=-20.75, Min=-1397.60
2025-04-03 20:32:29,503 | DEBUG    | v3_magic_formula.py:586 | Step 2: Approx Gxa(alpha_req, k=0) = 0.8947
2025-04-03 20:32:29,503 | DEBUG    | v3_magic_formula.py:598 | Step 3: Target Brake Fx = -1000.29 N (AvailMin=-1250.37)
2025-04-03 20:32:29,503 | DEBUG    | v3_magic_formula.py:373 | Finding kappa for target Fx=-1000.29 N at Fz=500.0, gamma=-2.00 deg
2025-04-03 20:32:29,504 | INFO     | v3_magic_formula.py:442 | Found kappa=-0.0260 for target Fx=-1000.29 (brentq).
2025-04-03 20:32:29,504 | DEBUG    | v3_magic_formula.py:607 | Step 4: Required kappa (approx) = -0.0260
2025-04-03 20:32:29,504 | INFO     | v3_magic_formula.py:609 | Result: alpha=2.384 deg, kappa=-0.0260
2025-04-03 20:32:29,504 | DEBUG    | v3_magic_formula.py:284 | Calculating forces for time 500 ms. Inputs: Fz=500, alpha=0.04161390042198508, kappa=-0.026046776856600177, gamma=-0.03490658503988659
2025-04-03 20:32:29,504 | DEBUG    | v3_magic_formula.py:326 | Force calculation complete for time 500. Fx=-896.94, Fy=-775.64
2025-04-03 20:32:29,504 | DEBUG    | tire_tester.py:48 |   Success: Target Slips: alpha=2.384deg, kappa=-0.0260
2025-04-03 20:32:29,504 | DEBUG    | tire_tester.py:49 |   Resulting Forces: Fx=-896.9N, Fy=-775.6N (Error Fy=24.4N / -3.05%)
2025-04-03 20:32:29,504 | INFO     | tire_tester.py:32 | Running Fy Priority Test 7: 'Impossible Fy Target'
2025-04-03 20:32:29,504 | DEBUG    | tire_tester.py:33 |   Inputs: Fz=400.0N, gamma=0.0deg, Target Fy=-5000.0N, Mode=coast, Intensity=0.00
2025-04-03 20:32:29,504 | INFO     | v3_magic_formula.py:567 | Finding slips for target Fy=-5000.00 N, Fz=400.0, gamma=0.00 deg, mode='coast', intensity=0.00
2025-04-03 20:32:29,504 | DEBUG    | v3_magic_formula.py:475 | Finding alpha for target Fy=-5000.00 N at Fz=400.0, gamma=0.00 deg
2025-04-03 20:32:29,504 | WARNING  | v3_magic_formula.py:501 | Target Fy=-5000.00 outside approx range [-1036.00, 996.94]
2025-04-03 20:32:29,504 | WARNING  | v3_magic_formula.py:572 | Target Fy=-5000.00 N unachievable.
2025-04-03 20:32:29,504 | WARNING  | tire_tester.py:50 |   Failed: Could not find valid slips for target Fy=-5000.0N.
2025-04-03 20:32:29,504 | INFO     | tire_tester.py:52 | --- Fy Priority Test Suite Finished ---
2025-04-03 20:32:29,505 | INFO     | tire_tester.py:60 | --- Starting Pure Fx Inverse Test Suite (8 cases) ---
2025-04-03 20:32:29,505 | INFO     | tire_tester.py:65 | Running Pure Fx Inverse Test 1: 'Zero Fx Target'
2025-04-03 20:32:29,505 | DEBUG    | tire_tester.py:66 |   Inputs: Fz=600.0N, gamma=0.0deg, Target Fx=0.0N
2025-04-03 20:32:29,505 | DEBUG    | v3_magic_formula.py:373 | Finding kappa for target Fx=0.00 N at Fz=600.0, gamma=0.00 deg
2025-04-03 20:32:29,505 | INFO     | v3_magic_formula.py:442 | Found kappa=0.0017 for target Fx=0.00 (brentq).
2025-04-03 20:32:29,505 | DEBUG    | v3_magic_formula.py:284 | Calculating forces for time 0 ms. Inputs: Fz=600, alpha=0.0, kappa=0.0017242539035154454, gamma=0.0
2025-04-03 20:32:29,505 | DEBUG    | v3_magic_formula.py:326 | Force calculation complete for time 0. Fx=0.01, Fy=15.75
2025-04-03 20:32:29,505 | DEBUG    | tire_tester.py:81 |   Success: Target Kappa: 0.0017
2025-04-03 20:32:29,505 | DEBUG    | tire_tester.py:82 |   Resulting Forces: Fx=0.0N, Fy=15.8N (Error Fx=0.0N / inf%)
2025-04-03 20:32:29,505 | INFO     | tire_tester.py:65 | Running Pure Fx Inverse Test 2: 'Moderate Accel'
2025-04-03 20:32:29,505 | DEBUG    | tire_tester.py:66 |   Inputs: Fz=700.0N, gamma=0.0deg, Target Fx=1000.0N
2025-04-03 20:32:29,505 | DEBUG    | v3_magic_formula.py:373 | Finding kappa for target Fx=1000.00 N at Fz=700.0, gamma=0.00 deg
2025-04-03 20:32:29,505 | INFO     | v3_magic_formula.py:442 | Found kappa=0.0219 for target Fx=1000.00 (brentq).
2025-04-03 20:32:29,506 | DEBUG    | v3_magic_formula.py:284 | Calculating forces for time 100 ms. Inputs: Fz=700, alpha=0.0, kappa=0.021890522490922517, gamma=0.0
2025-04-03 20:32:29,506 | DEBUG    | v3_magic_formula.py:326 | Force calculation complete for time 100. Fx=999.91, Fy=8.23
2025-04-03 20:32:29,506 | DEBUG    | tire_tester.py:81 |   Success: Target Kappa: 0.0219
2025-04-03 20:32:29,506 | DEBUG    | tire_tester.py:82 |   Resulting Forces: Fx=999.9N, Fy=8.2N (Error Fx=-0.1N / -0.01%)
2025-04-03 20:32:29,506 | INFO     | tire_tester.py:65 | Running Pure Fx Inverse Test 3: 'High Accel'
2025-04-03 20:32:29,506 | DEBUG    | tire_tester.py:66 |   Inputs: Fz=700.0N, gamma=0.0deg, Target Fx=1800.0N
2025-04-03 20:32:29,506 | DEBUG    | v3_magic_formula.py:373 | Finding kappa for target Fx=1800.00 N at Fz=700.0, gamma=0.00 deg
2025-04-03 20:32:29,506 | INFO     | v3_magic_formula.py:442 | Found kappa=0.0824 for target Fx=1800.00 (brentq).
2025-04-03 20:32:29,506 | DEBUG    | v3_magic_formula.py:284 | Calculating forces for time 200 ms. Inputs: Fz=700, alpha=0.0, kappa=0.0823752195499786, gamma=0.0
2025-04-03 20:32:29,506 | DEBUG    | v3_magic_formula.py:326 | Force calculation complete for time 200. Fx=1800.00, Fy=6.50
2025-04-03 20:32:29,506 | DEBUG    | tire_tester.py:81 |   Success: Target Kappa: 0.0824
2025-04-03 20:32:29,506 | DEBUG    | tire_tester.py:82 |   Resulting Forces: Fx=1800.0N, Fy=6.5N (Error Fx=-0.0N / -0.00%)
2025-04-03 20:32:29,506 | INFO     | tire_tester.py:65 | Running Pure Fx Inverse Test 4: 'Moderate Brake'
2025-04-03 20:32:29,506 | DEBUG    | tire_tester.py:66 |   Inputs: Fz=500.0N, gamma=0.0deg, Target Fx=-800.0N
2025-04-03 20:32:29,506 | DEBUG    | v3_magic_formula.py:373 | Finding kappa for target Fx=-800.00 N at Fz=500.0, gamma=0.00 deg
2025-04-03 20:32:29,506 | INFO     | v3_magic_formula.py:442 | Found kappa=-0.0171 for target Fx=-800.00 (brentq).
2025-04-03 20:32:29,506 | DEBUG    | v3_magic_formula.py:284 | Calculating forces for time 300 ms. Inputs: Fz=500, alpha=0.0, kappa=-0.017139339830176754, gamma=0.0
2025-04-03 20:32:29,506 | DEBUG    | v3_magic_formula.py:326 | Force calculation complete for time 300. Fx=-799.53, Fy=21.90
2025-04-03 20:32:29,506 | DEBUG    | tire_tester.py:81 |   Success: Target Kappa: -0.0171
2025-04-03 20:32:29,506 | DEBUG    | tire_tester.py:82 |   Resulting Forces: Fx=-799.5N, Fy=21.9N (Error Fx=0.5N / -0.06%)
2025-04-03 20:32:29,506 | INFO     | tire_tester.py:65 | Running Pure Fx Inverse Test 5: 'High Brake'
2025-04-03 20:32:29,506 | DEBUG    | tire_tester.py:66 |   Inputs: Fz=500.0N, gamma=0.0deg, Target Fx=-1300.0N
2025-04-03 20:32:29,506 | DEBUG    | v3_magic_formula.py:373 | Finding kappa for target Fx=-1300.00 N at Fz=500.0, gamma=0.00 deg
2025-04-03 20:32:29,507 | INFO     | v3_magic_formula.py:442 | Found kappa=-0.0594 for target Fx=-1300.00 (brentq).
2025-04-03 20:32:29,507 | DEBUG    | v3_magic_formula.py:284 | Calculating forces for time 400 ms. Inputs: Fz=500, alpha=0.0, kappa=-0.059412495669793564, gamma=0.0
2025-04-03 20:32:29,507 | DEBUG    | v3_magic_formula.py:326 | Force calculation complete for time 400. Fx=-1299.96, Fy=19.10
2025-04-03 20:32:29,507 | DEBUG    | tire_tester.py:81 |   Success: Target Kappa: -0.0594
2025-04-03 20:32:29,507 | DEBUG    | tire_tester.py:82 |   Resulting Forces: Fx=-1300.0N, Fy=19.1N (Error Fx=0.0N / -0.00%)
2025-04-03 20:32:29,507 | INFO     | tire_tester.py:65 | Running Pure Fx Inverse Test 6: 'Accel w/ Camber'
2025-04-03 20:32:29,507 | DEBUG    | tire_tester.py:66 |   Inputs: Fz=700.0N, gamma=-2.0deg, Target Fx=1500.0N
2025-04-03 20:32:29,507 | DEBUG    | v3_magic_formula.py:373 | Finding kappa for target Fx=1500.00 N at Fz=700.0, gamma=-2.00 deg
2025-04-03 20:32:29,507 | INFO     | v3_magic_formula.py:442 | Found kappa=0.0433 for target Fx=1500.00 (brentq).
2025-04-03 20:32:29,507 | DEBUG    | v3_magic_formula.py:284 | Calculating forces for time 500 ms. Inputs: Fz=700, alpha=0.0, kappa=0.043264558561810953, gamma=-0.03490658503988659
2025-04-03 20:32:29,507 | DEBUG    | v3_magic_formula.py:326 | Force calculation complete for time 500. Fx=1499.99, Fy=121.40
2025-04-03 20:32:29,507 | DEBUG    | tire_tester.py:81 |   Success: Target Kappa: 0.0433
2025-04-03 20:32:29,507 | DEBUG    | tire_tester.py:82 |   Resulting Forces: Fx=1500.0N, Fy=121.4N (Error Fx=-0.0N / -0.00%)
2025-04-03 20:32:29,507 | INFO     | tire_tester.py:65 | Running Pure Fx Inverse Test 7: 'Impossible Accel'
2025-04-03 20:32:29,507 | DEBUG    | tire_tester.py:66 |   Inputs: Fz=400.0N, gamma=0.0deg, Target Fx=3000.0N
2025-04-03 20:32:29,507 | DEBUG    | v3_magic_formula.py:373 | Finding kappa for target Fx=3000.00 N at Fz=400.0, gamma=0.00 deg
2025-04-03 20:32:29,507 | WARNING  | v3_magic_formula.py:394 | Target Fx=3000.00 is outside achievable range [-1113.90, 1074.84] N.
2025-04-03 20:32:29,507 | WARNING  | tire_tester.py:83 |   Failed: Could not find valid kappa for target Fx=3000.0N.
2025-04-03 20:32:29,507 | INFO     | tire_tester.py:65 | Running Pure Fx Inverse Test 8: 'Impossible Brake'
2025-04-03 20:32:29,507 | DEBUG    | tire_tester.py:66 |   Inputs: Fz=400.0N, gamma=0.0deg, Target Fx=-3000.0N
2025-04-03 20:32:29,507 | DEBUG    | v3_magic_formula.py:373 | Finding kappa for target Fx=-3000.00 N at Fz=400.0, gamma=0.00 deg
2025-04-03 20:32:29,507 | WARNING  | v3_magic_formula.py:394 | Target Fx=-3000.00 is outside achievable range [-1113.90, 1074.84] N.
2025-04-03 20:32:29,508 | WARNING  | tire_tester.py:83 |   Failed: Could not find valid kappa for target Fx=-3000.0N.
2025-04-03 20:32:29,508 | INFO     | tire_tester.py:85 | --- Pure Fx Inverse Test Suite Finished ---
2025-04-03 20:32:29,508 | INFO     | tire_tester.py:93 | --- Starting Pure Fy Inverse Test Suite (8 cases) ---
2025-04-03 20:32:29,508 | INFO     | tire_tester.py:98 | Running Pure Fy Inverse Test 1: 'Zero Fy Target'
2025-04-03 20:32:29,508 | DEBUG    | tire_tester.py:99 |   Inputs: Fz=600.0N, gamma=0.0deg, Target Fy=0.0N
2025-04-03 20:32:29,508 | DEBUG    | v3_magic_formula.py:475 | Finding alpha for target Fy=0.00 N at Fz=600.0, gamma=0.00 deg
2025-04-03 20:32:29,508 | INFO     | v3_magic_formula.py:544 | Found alpha=0.033 deg for target Fy=0.00 (brentq).
2025-04-03 20:32:29,508 | DEBUG    | v3_magic_formula.py:284 | Calculating forces for time 0 ms. Inputs: Fz=600, alpha=0.0005834868827136856, kappa=0.0, gamma=0.0
2025-04-03 20:32:29,508 | DEBUG    | v3_magic_formula.py:326 | Force calculation complete for time 0. Fx=-93.00, Fy=0.01
2025-04-03 20:32:29,508 | DEBUG    | tire_tester.py:114 |   Success: Target Alpha: 0.033deg
2025-04-03 20:32:29,508 | DEBUG    | tire_tester.py:115 |   Resulting Forces: Fx=-93.0N, Fy=0.0N (Error Fy=0.0N / inf%)
2025-04-03 20:32:29,509 | INFO     | tire_tester.py:98 | Running Pure Fy Inverse Test 2: 'Moderate Corner L'
2025-04-03 20:32:29,509 | DEBUG    | tire_tester.py:99 |   Inputs: Fz=600.0N, gamma=0.0deg, Target Fy=-1000.0N
2025-04-03 20:32:29,509 | DEBUG    | v3_magic_formula.py:475 | Finding alpha for target Fy=-1000.00 N at Fz=600.0, gamma=0.00 deg
2025-04-03 20:32:29,509 | INFO     | v3_magic_formula.py:544 | Found alpha=2.469 deg for target Fy=-1000.00 (brentq).
2025-04-03 20:32:29,509 | DEBUG    | v3_magic_formula.py:284 | Calculating forces for time 100 ms. Inputs: Fz=600, alpha=0.04309147209304109, kappa=0.0, gamma=0.0
2025-04-03 20:32:29,509 | DEBUG    | v3_magic_formula.py:326 | Force calculation complete for time 100. Fx=-82.61, Fy=-999.98
2025-04-03 20:32:29,509 | DEBUG    | tire_tester.py:114 |   Success: Target Alpha: 2.469deg
2025-04-03 20:32:29,509 | DEBUG    | tire_tester.py:115 |   Resulting Forces: Fx=-82.6N, Fy=-1000.0N (Error Fy=0.0N / -0.00%)
2025-04-03 20:32:29,509 | INFO     | tire_tester.py:98 | Running Pure Fy Inverse Test 3: 'High Corner L'
2025-04-03 20:32:29,509 | DEBUG    | tire_tester.py:99 |   Inputs: Fz=600.0N, gamma=0.0deg, Target Fy=-1400.0N
2025-04-03 20:32:29,509 | DEBUG    | v3_magic_formula.py:475 | Finding alpha for target Fy=-1400.00 N at Fz=600.0, gamma=0.00 deg
2025-04-03 20:32:29,509 | INFO     | v3_magic_formula.py:544 | Found alpha=4.629 deg for target Fy=-1400.00 (brentq).
2025-04-03 20:32:29,509 | DEBUG    | v3_magic_formula.py:284 | Calculating forces for time 200 ms. Inputs: Fz=600, alpha=0.08078979224193358, kappa=0.0, gamma=0.0
2025-04-03 20:32:29,509 | DEBUG    | v3_magic_formula.py:326 | Force calculation complete for time 200. Fx=-66.77, Fy=-1400.12
2025-04-03 20:32:29,509 | DEBUG    | tire_tester.py:114 |   Success: Target Alpha: 4.629deg
2025-04-03 20:32:29,509 | DEBUG    | tire_tester.py:115 |   Resulting Forces: Fx=-66.8N, Fy=-1400.1N (Error Fy=-0.1N / 0.01%)
2025-04-03 20:32:29,509 | INFO     | tire_tester.py:98 | Running Pure Fy Inverse Test 4: 'Moderate Corner R'
2025-04-03 20:32:29,509 | DEBUG    | tire_tester.py:99 |   Inputs: Fz=700.0N, gamma=0.0deg, Target Fy=800.0N
2025-04-03 20:32:29,509 | DEBUG    | v3_magic_formula.py:475 | Finding alpha for target Fy=800.00 N at Fz=700.0, gamma=0.00 deg
2025-04-03 20:32:29,509 | INFO     | v3_magic_formula.py:544 | Found alpha=-1.700 deg for target Fy=800.00 (brentq).
2025-04-03 20:32:29,510 | DEBUG    | v3_magic_formula.py:284 | Calculating forces for time 300 ms. Inputs: Fz=700, alpha=-0.029664024662642122, kappa=0.0, gamma=0.0
2025-04-03 20:32:29,510 | DEBUG    | v3_magic_formula.py:326 | Force calculation complete for time 300. Fx=-69.05, Fy=800.08
2025-04-03 20:32:29,510 | DEBUG    | tire_tester.py:114 |   Success: Target Alpha: -1.700deg
2025-04-03 20:32:29,510 | DEBUG    | tire_tester.py:115 |   Resulting Forces: Fx=-69.0N, Fy=800.1N (Error Fy=0.1N / 0.01%)
2025-04-03 20:32:29,510 | INFO     | tire_tester.py:98 | Running Pure Fy Inverse Test 5: 'Corner w/ Camber L'
2025-04-03 20:32:29,510 | DEBUG    | tire_tester.py:99 |   Inputs: Fz=600.0N, gamma=-2.0deg, Target Fy=-1200.0N
2025-04-03 20:32:29,510 | DEBUG    | v3_magic_formula.py:475 | Finding alpha for target Fy=-1200.00 N at Fz=600.0, gamma=-2.00 deg
2025-04-03 20:32:29,510 | INFO     | v3_magic_formula.py:544 | Found alpha=3.504 deg for target Fy=-1200.00 (brentq).
2025-04-03 20:32:29,510 | DEBUG    | v3_magic_formula.py:284 | Calculating forces for time 400 ms. Inputs: Fz=600, alpha=0.06115594885109465, kappa=0.0, gamma=-0.03490658503988659
2025-04-03 20:32:29,510 | DEBUG    | v3_magic_formula.py:326 | Force calculation complete for time 400. Fx=-74.33, Fy=-1200.08
2025-04-03 20:32:29,510 | DEBUG    | tire_tester.py:114 |   Success: Target Alpha: 3.504deg
2025-04-03 20:32:29,510 | DEBUG    | tire_tester.py:115 |   Resulting Forces: Fx=-74.3N, Fy=-1200.1N (Error Fy=-0.1N / 0.01%)
2025-04-03 20:32:29,510 | INFO     | tire_tester.py:98 | Running Pure Fy Inverse Test 6: 'Corner w/ Camber R'
2025-04-03 20:32:29,510 | DEBUG    | tire_tester.py:99 |   Inputs: Fz=600.0N, gamma=-2.0deg, Target Fy=1000.0N
2025-04-03 20:32:29,510 | DEBUG    | v3_magic_formula.py:475 | Finding alpha for target Fy=1000.00 N at Fz=600.0, gamma=-2.00 deg
2025-04-03 20:32:29,510 | INFO     | v3_magic_formula.py:544 | Found alpha=-2.292 deg for target Fy=1000.00 (brentq).
2025-04-03 20:32:29,510 | DEBUG    | v3_magic_formula.py:284 | Calculating forces for time 500 ms. Inputs: Fz=600, alpha=-0.0400084855099659, kappa=0.0, gamma=-0.03490658503988659
2025-04-03 20:32:29,510 | DEBUG    | v3_magic_formula.py:326 | Force calculation complete for time 500. Fx=-83.11, Fy=1000.30
2025-04-03 20:32:29,510 | DEBUG    | tire_tester.py:114 |   Success: Target Alpha: -2.292deg
2025-04-03 20:32:29,510 | DEBUG    | tire_tester.py:115 |   Resulting Forces: Fx=-83.1N, Fy=1000.3N (Error Fy=0.3N / 0.03%)
2025-04-03 20:32:29,510 | INFO     | tire_tester.py:98 | Running Pure Fy Inverse Test 7: 'Impossible Corner L'
2025-04-03 20:32:29,511 | DEBUG    | tire_tester.py:99 |   Inputs: Fz=400.0N, gamma=0.0deg, Target Fy=-2000.0N
2025-04-03 20:32:29,511 | DEBUG    | v3_magic_formula.py:475 | Finding alpha for target Fy=-2000.00 N at Fz=400.0, gamma=0.00 deg
2025-04-03 20:32:29,511 | WARNING  | v3_magic_formula.py:501 | Target Fy=-2000.00 outside approx range [-1036.00, 996.94]
2025-04-03 20:32:29,511 | WARNING  | tire_tester.py:116 |   Failed: Could not find valid alpha for target Fy=-2000.0N.
2025-04-03 20:32:29,511 | INFO     | tire_tester.py:98 | Running Pure Fy Inverse Test 8: 'Impossible Corner R'
2025-04-03 20:32:29,511 | DEBUG    | tire_tester.py:99 |   Inputs: Fz=400.0N, gamma=0.0deg, Target Fy=2000.0N
2025-04-03 20:32:29,511 | DEBUG    | v3_magic_formula.py:475 | Finding alpha for target Fy=2000.00 N at Fz=400.0, gamma=0.00 deg
2025-04-03 20:32:29,511 | WARNING  | v3_magic_formula.py:501 | Target Fy=2000.00 outside approx range [-1036.00, 996.94]
2025-04-03 20:32:29,511 | WARNING  | tire_tester.py:116 |   Failed: Could not find valid alpha for target Fy=2000.0N.
2025-04-03 20:32:29,511 | INFO     | tire_tester.py:118 | --- Pure Fy Inverse Test Suite Finished ---
2025-04-03 20:32:29,511 | INFO     | tire_tester.py:125 | --- Testing Components: 'Zero Slips' ---
2025-04-03 20:32:29,512 | DEBUG    | tire_tester.py:127 | Inputs: Fz=600.0, alpha=0.00deg, kappa=0.000, gamma=0.00deg
2025-04-03 20:32:29,512 | DEBUG    | tire_tester.py:139 | Component Calculation Successful. Final Fx=-93.00, Fy=15.75
2025-04-03 20:32:29,512 | INFO     | tire_tester.py:125 | --- Testing Components: 'Pure Accel' ---
2025-04-03 20:32:29,512 | DEBUG    | tire_tester.py:127 | Inputs: Fz=700.0, alpha=0.00deg, kappa=0.100, gamma=0.00deg
2025-04-03 20:32:29,512 | DEBUG    | tire_tester.py:139 | Component Calculation Successful. Final Fx=1848.61, Fy=5.96
2025-04-03 20:32:29,512 | INFO     | tire_tester.py:125 | --- Testing Components: 'Pure Brake' ---
2025-04-03 20:32:29,512 | DEBUG    | tire_tester.py:127 | Inputs: Fz=500.0, alpha=0.00deg, kappa=-0.080, gamma=0.00deg
2025-04-03 20:32:29,512 | DEBUG    | tire_tester.py:139 | Component Calculation Successful. Final Fx=-1353.00, Fy=17.35
2025-04-03 20:32:29,512 | INFO     | tire_tester.py:125 | --- Testing Components: 'Pure Cornering' ---
2025-04-03 20:32:29,512 | DEBUG    | tire_tester.py:127 | Inputs: Fz=600.0, alpha=5.00deg, kappa=0.000, gamma=-2.00deg
2025-04-03 20:32:29,512 | DEBUG    | tire_tester.py:139 | Component Calculation Successful. Final Fx=-63.67, Fy=-1419.82
2025-04-03 20:32:29,512 | INFO     | tire_tester.py:125 | --- Testing Components: 'Cornering + Accel' ---
2025-04-03 20:32:29,512 | DEBUG    | tire_tester.py:127 | Inputs: Fz=700.0, alpha=4.00deg, kappa=0.050, gamma=-2.00deg
2025-04-03 20:32:29,512 | DEBUG    | tire_tester.py:139 | Component Calculation Successful. Final Fx=1237.80, Fy=-1295.07
2025-04-03 20:32:29,512 | INFO     | tire_tester.py:125 | --- Testing Components: 'Cornering + Brake' ---
2025-04-03 20:32:29,512 | DEBUG    | tire_tester.py:127 | Inputs: Fz=500.0, alpha=-3.00deg, kappa=-0.060, gamma=-1.00deg
2025-04-03 20:32:29,512 | DEBUG    | tire_tester.py:139 | Component Calculation Successful. Final Fx=-1120.52, Fy=879.90
2025-04-03 20:48:27,289 | INFO     | v3_magic_formula.py:33 | Initializing Pacejka Tire Model from hoosier_r20.par
2025-04-03 20:48:27,289 | INFO     | v3_magic_formula.py:55 | Loading parameters from: hoosier_r20.par
2025-04-03 20:48:27,289 | INFO     | v3_magic_formula.py:66 | Finished loading parameters from hoosier_r20.par
2025-04-03 20:48:27,289 | DEBUG    | v3_magic_formula.py:71 | Validating required parameters...
2025-04-03 20:48:27,289 | INFO     | v3_magic_formula.py:93 | All required parameters loaded successfully.
2025-04-03 20:48:27,294 | INFO     | v3_magic_formula.py:51 | Pacejka Tire Model initialized successfully.
2025-04-03 20:48:27,294 | INFO     | tire_tester.py:27 | --- Starting Fy Priority Test Suite (7 cases) ---
2025-04-03 20:48:27,294 | INFO     | tire_tester.py:32 | Running Fy Priority Test 1: 'Coast Straight'
2025-04-03 20:48:27,294 | DEBUG    | tire_tester.py:33 |   Inputs: Fz=600.0N, gamma=0.0deg, Target Fy=0.0N, Mode=coast, Intensity=0.00
2025-04-03 20:48:27,294 | INFO     | v3_magic_formula.py:548 | Finding slips for target Fy=0.00 N, Fz=600.0, gamma=0.00 deg, mode='coast', intensity=0.00
2025-04-03 20:48:27,294 | DEBUG    | v3_magic_formula.py:456 | Finding alpha for target Fy=0.00 N at Fz=600.0, gamma=0.00 deg
2025-04-03 20:48:27,295 | INFO     | v3_magic_formula.py:531 | Found alpha=0.033 deg for target Fy=0.00 (brentq).
2025-04-03 20:48:27,295 | DEBUG    | v3_magic_formula.py:554 | Step 1: Required alpha (approx) = 0.033 deg
2025-04-03 20:48:27,295 | DEBUG    | v3_magic_formula.py:336 | Calculating peak Fx potential for Fz=600, gamma=0.0
2025-04-03 20:48:27,295 | DEBUG    | v3_magic_formula.py:348 | Peak Fx potential: Dx=1652.79, SVx=-20.52, Peak=1632.27
2025-04-03 20:48:27,295 | DEBUG    | v3_magic_formula.py:354 | Calculating min Fx potential for Fz=600, gamma=0.0
2025-04-03 20:48:27,295 | DEBUG    | v3_magic_formula.py:366 | Min Fx potential: Dx=1652.79, SVx=-20.52, Min=-1673.31
2025-04-03 20:48:27,295 | DEBUG    | v3_magic_formula.py:567 | Step 2: Approx Gxa(alpha_req, k=0) = 1.0000
2025-04-03 20:48:27,295 | INFO     | v3_magic_formula.py:584 | Target longitudinal force is near zero. Setting kappa_req = 0.
2025-04-03 20:48:27,295 | INFO     | v3_magic_formula.py:590 | Result: alpha=0.033 deg, kappa=0.0000
2025-04-03 20:48:27,295 | DEBUG    | v3_magic_formula.py:284 | Calculating forces for time 0 ms. Inputs: Fz=600, alpha=0.0005834868827136856, kappa=0.0, gamma=0.0
2025-04-03 20:48:27,295 | DEBUG    | v3_magic_formula.py:326 | Force calculation complete for time 0. Fx=-93.00, Fy=0.01
2025-04-03 20:48:27,295 | DEBUG    | tire_tester.py:48 |   Success: Target Slips: alpha=0.033deg, kappa=0.0000
2025-04-03 20:48:27,295 | DEBUG    | tire_tester.py:49 |   Resulting Forces: Fx=-93.0N, Fy=0.0N (Error Fy=0.0N / inf%)
2025-04-03 20:48:27,295 | INFO     | tire_tester.py:32 | Running Fy Priority Test 2: 'Max Accel Straight'
2025-04-03 20:48:27,295 | DEBUG    | tire_tester.py:33 |   Inputs: Fz=700.0N, gamma=0.0deg, Target Fy=0.0N, Mode=accelerate, Intensity=1.00
2025-04-03 20:48:27,295 | INFO     | v3_magic_formula.py:548 | Finding slips for target Fy=0.00 N, Fz=700.0, gamma=0.00 deg, mode='accelerate', intensity=1.00
2025-04-03 20:48:27,295 | DEBUG    | v3_magic_formula.py:456 | Finding alpha for target Fy=0.00 N at Fz=700.0, gamma=0.00 deg
2025-04-03 20:48:27,295 | INFO     | v3_magic_formula.py:531 | Found alpha=0.018 deg for target Fy=0.00 (brentq).
2025-04-03 20:48:27,295 | DEBUG    | v3_magic_formula.py:554 | Step 1: Required alpha (approx) = 0.018 deg
2025-04-03 20:48:27,296 | DEBUG    | v3_magic_formula.py:336 | Calculating peak Fx potential for Fz=700, gamma=0.0
2025-04-03 20:48:27,296 | DEBUG    | v3_magic_formula.py:348 | Peak Fx potential: Dx=1934.81, SVx=-18.82, Peak=1915.99
2025-04-03 20:48:27,296 | DEBUG    | v3_magic_formula.py:354 | Calculating min Fx potential for Fz=700, gamma=0.0
2025-04-03 20:48:27,296 | DEBUG    | v3_magic_formula.py:366 | Min Fx potential: Dx=1934.81, SVx=-18.82, Min=-1953.63
2025-04-03 20:48:27,296 | DEBUG    | v3_magic_formula.py:567 | Step 2: Approx Gxa(alpha_req, k=0) = 1.0000
2025-04-03 20:48:27,296 | DEBUG    | v3_magic_formula.py:576 | Step 3: Target Accel Fx = 1915.97 N (AvailMax=1915.97)
2025-04-03 20:48:27,296 | DEBUG    | v3_magic_formula.py:373 | Finding kappa for target Fx=1915.97 N at Fz=700.0, gamma=0.00 deg
2025-04-03 20:48:27,296 | WARNING  | v3_magic_formula.py:441 | Kappa bracketing failed (errors: f(-0.275)=-3863.889, f(0.275)=-5.439).
2025-04-03 20:48:27,296 | WARNING  | v3_magic_formula.py:447 | Ridder method also failed for kappa.
2025-04-03 20:48:27,296 | WARNING  | v3_magic_formula.py:587 | Could not find kappa for target Fx=1915.97. Setting kappa_req = 0.
2025-04-03 20:48:27,296 | INFO     | v3_magic_formula.py:590 | Result: alpha=0.018 deg, kappa=0.0000
2025-04-03 20:48:27,296 | DEBUG    | v3_magic_formula.py:284 | Calculating forces for time 100 ms. Inputs: Fz=700, alpha=0.00031880253508587966, kappa=0.0, gamma=0.0
2025-04-03 20:48:27,296 | DEBUG    | v3_magic_formula.py:326 | Force calculation complete for time 100. Fx=-73.29, Fy=-0.66
2025-04-03 20:48:27,296 | DEBUG    | tire_tester.py:48 |   Success: Target Slips: alpha=0.018deg, kappa=0.0000
2025-04-03 20:48:27,296 | DEBUG    | tire_tester.py:49 |   Resulting Forces: Fx=-73.3N, Fy=-0.7N (Error Fy=-0.7N / inf%)
2025-04-03 20:48:27,296 | INFO     | tire_tester.py:32 | Running Fy Priority Test 3: 'Max Brake Straight'
2025-04-03 20:48:27,296 | DEBUG    | tire_tester.py:33 |   Inputs: Fz=500.0N, gamma=0.0deg, Target Fy=0.0N, Mode=brake, Intensity=1.00
2025-04-03 20:48:27,296 | INFO     | v3_magic_formula.py:548 | Finding slips for target Fy=0.00 N, Fz=500.0, gamma=0.00 deg, mode='brake', intensity=1.00
2025-04-03 20:48:27,296 | DEBUG    | v3_magic_formula.py:456 | Finding alpha for target Fy=0.00 N at Fz=500.0, gamma=0.00 deg
2025-04-03 20:48:27,296 | INFO     | v3_magic_formula.py:531 | Found alpha=0.051 deg for target Fy=0.00 (brentq).
2025-04-03 20:48:27,296 | DEBUG    | v3_magic_formula.py:554 | Step 1: Required alpha (approx) = 0.051 deg
2025-04-03 20:48:27,297 | DEBUG    | v3_magic_formula.py:336 | Calculating peak Fx potential for Fz=500, gamma=0.0
2025-04-03 20:48:27,297 | DEBUG    | v3_magic_formula.py:348 | Peak Fx potential: Dx=1372.64, SVx=-20.75, Peak=1351.89
2025-04-03 20:48:27,297 | DEBUG    | v3_magic_formula.py:354 | Calculating min Fx potential for Fz=500, gamma=0.0
2025-04-03 20:48:27,297 | DEBUG    | v3_magic_formula.py:366 | Min Fx potential: Dx=1372.64, SVx=-20.75, Min=-1393.40
2025-04-03 20:48:27,297 | DEBUG    | v3_magic_formula.py:567 | Step 2: Approx Gxa(alpha_req, k=0) = 0.9999
2025-04-03 20:48:27,297 | DEBUG    | v3_magic_formula.py:579 | Step 3: Target Brake Fx = -1393.32 N (AvailMin=-1393.32)
2025-04-03 20:48:27,297 | DEBUG    | v3_magic_formula.py:373 | Finding kappa for target Fx=-1393.32 N at Fz=500.0, gamma=0.00 deg
2025-04-03 20:48:27,297 | WARNING  | v3_magic_formula.py:441 | Kappa bracketing failed (errors: f(-0.275)=13.985, f(0.275)=2731.680).
2025-04-03 20:48:27,297 | WARNING  | v3_magic_formula.py:447 | Ridder method also failed for kappa.
2025-04-03 20:48:27,297 | WARNING  | v3_magic_formula.py:587 | Could not find kappa for target Fx=-1393.32. Setting kappa_req = 0.
2025-04-03 20:48:27,297 | INFO     | v3_magic_formula.py:590 | Result: alpha=0.051 deg, kappa=0.0000
2025-04-03 20:48:27,297 | DEBUG    | v3_magic_formula.py:284 | Calculating forces for time 200 ms. Inputs: Fz=500, alpha=0.0008942641857142886, kappa=0.0, gamma=0.0
2025-04-03 20:48:27,297 | DEBUG    | v3_magic_formula.py:326 | Force calculation complete for time 200. Fx=-106.56, Fy=0.03
2025-04-03 20:48:27,297 | DEBUG    | tire_tester.py:48 |   Success: Target Slips: alpha=0.051deg, kappa=0.0000
2025-04-03 20:48:27,297 | DEBUG    | tire_tester.py:49 |   Resulting Forces: Fx=-106.6N, Fy=0.0N (Error Fy=0.0N / inf%)
2025-04-03 20:48:27,297 | INFO     | tire_tester.py:32 | Running Fy Priority Test 4: 'Cornering Coast'
2025-04-03 20:48:27,297 | DEBUG    | tire_tester.py:33 |   Inputs: Fz=600.0N, gamma=-2.0deg, Target Fy=-1500.0N, Mode=coast, Intensity=0.00
2025-04-03 20:48:27,297 | INFO     | v3_magic_formula.py:548 | Finding slips for target Fy=-1500.00 N, Fz=600.0, gamma=-2.00 deg, mode='coast', intensity=0.00
2025-04-03 20:48:27,297 | DEBUG    | v3_magic_formula.py:456 | Finding alpha for target Fy=-1500.00 N at Fz=600.0, gamma=-2.00 deg
2025-04-03 20:48:27,297 | INFO     | v3_magic_formula.py:531 | Found alpha=6.361 deg for target Fy=-1500.00 (brentq).
2025-04-03 20:48:27,297 | DEBUG    | v3_magic_formula.py:554 | Step 1: Required alpha (approx) = 6.361 deg
2025-04-03 20:48:27,297 | DEBUG    | v3_magic_formula.py:336 | Calculating peak Fx potential for Fz=600, gamma=-0.03490658503988659
2025-04-03 20:48:27,298 | DEBUG    | v3_magic_formula.py:348 | Peak Fx potential: Dx=1657.85, SVx=-20.52, Peak=1637.33
2025-04-03 20:48:27,298 | DEBUG    | v3_magic_formula.py:354 | Calculating min Fx potential for Fz=600, gamma=-0.03490658503988659
2025-04-03 20:48:27,298 | DEBUG    | v3_magic_formula.py:366 | Min Fx potential: Dx=1657.85, SVx=-20.52, Min=-1678.37
2025-04-03 20:48:27,298 | DEBUG    | v3_magic_formula.py:567 | Step 2: Approx Gxa(alpha_req, k=0) = 0.6003
2025-04-03 20:48:27,298 | INFO     | v3_magic_formula.py:584 | Target longitudinal force is near zero. Setting kappa_req = 0.
2025-04-03 20:48:27,298 | INFO     | v3_magic_formula.py:590 | Result: alpha=6.361 deg, kappa=0.0000
2025-04-03 20:48:27,298 | DEBUG    | v3_magic_formula.py:284 | Calculating forces for time 300 ms. Inputs: Fz=600, alpha=0.11102370887737106, kappa=0.0, gamma=-0.03490658503988659
2025-04-03 20:48:27,298 | DEBUG    | v3_magic_formula.py:326 | Force calculation complete for time 300. Fx=-55.35, Fy=-1500.05
2025-04-03 20:48:27,298 | DEBUG    | tire_tester.py:48 |   Success: Target Slips: alpha=6.361deg, kappa=0.0000
2025-04-03 20:48:27,298 | DEBUG    | tire_tester.py:49 |   Resulting Forces: Fx=-55.3N, Fy=-1500.0N (Error Fy=-0.0N / 0.00%)
2025-04-03 20:48:27,298 | INFO     | tire_tester.py:32 | Running Fy Priority Test 5: 'Cornering Med Fy Accel'
2025-04-03 20:48:27,298 | DEBUG    | tire_tester.py:33 |   Inputs: Fz=700.0N, gamma=-2.0deg, Target Fy=-1000.0N, Mode=accelerate, Intensity=0.50
2025-04-03 20:48:27,298 | INFO     | v3_magic_formula.py:548 | Finding slips for target Fy=-1000.00 N, Fz=700.0, gamma=-2.00 deg, mode='accelerate', intensity=0.50
2025-04-03 20:48:27,298 | DEBUG    | v3_magic_formula.py:456 | Finding alpha for target Fy=-1000.00 N at Fz=700.0, gamma=-2.00 deg
2025-04-03 20:48:27,298 | INFO     | v3_magic_formula.py:531 | Found alpha=2.512 deg for target Fy=-1000.00 (brentq).
2025-04-03 20:48:27,298 | DEBUG    | v3_magic_formula.py:554 | Step 1: Required alpha (approx) = 2.512 deg
2025-04-03 20:48:27,298 | DEBUG    | v3_magic_formula.py:336 | Calculating peak Fx potential for Fz=700, gamma=-0.03490658503988659
2025-04-03 20:48:27,298 | DEBUG    | v3_magic_formula.py:348 | Peak Fx potential: Dx=1940.73, SVx=-18.82, Peak=1921.91
2025-04-03 20:48:27,298 | DEBUG    | v3_magic_formula.py:354 | Calculating min Fx potential for Fz=700, gamma=-0.03490658503988659
2025-04-03 20:48:27,298 | DEBUG    | v3_magic_formula.py:366 | Min Fx potential: Dx=1940.73, SVx=-18.82, Min=-1959.55
2025-04-03 20:48:27,298 | DEBUG    | v3_magic_formula.py:567 | Step 2: Approx Gxa(alpha_req, k=0) = 0.8850
2025-04-03 20:48:27,298 | DEBUG    | v3_magic_formula.py:576 | Step 3: Target Accel Fx = 850.41 N (AvailMax=1700.82)
2025-04-03 20:48:27,298 | DEBUG    | v3_magic_formula.py:373 | Finding kappa for target Fx=850.41 N at Fz=700.0, gamma=-2.00 deg
2025-04-03 20:48:27,298 | INFO     | v3_magic_formula.py:438 | Found kappa=0.0182 for target Fx=850.41 (brentq).
2025-04-03 20:48:27,299 | DEBUG    | v3_magic_formula.py:588 | Step 4: Required kappa (approx) = 0.0182
2025-04-03 20:48:27,299 | INFO     | v3_magic_formula.py:590 | Result: alpha=2.512 deg, kappa=0.0182
2025-04-03 20:48:27,299 | DEBUG    | v3_magic_formula.py:284 | Calculating forces for time 400 ms. Inputs: Fz=700, alpha=0.04384950900639849, kappa=0.018182038894777233, gamma=-0.03490658503988659
2025-04-03 20:48:27,299 | DEBUG    | v3_magic_formula.py:326 | Force calculation complete for time 400. Fx=754.38, Fy=-984.93
2025-04-03 20:48:27,299 | DEBUG    | tire_tester.py:48 |   Success: Target Slips: alpha=2.512deg, kappa=0.0182
2025-04-03 20:48:27,299 | DEBUG    | tire_tester.py:49 |   Resulting Forces: Fx=754.4N, Fy=-984.9N (Error Fy=15.1N / -1.51%)
2025-04-03 20:48:27,299 | INFO     | tire_tester.py:32 | Running Fy Priority Test 6: 'Cornering Med Fy Brake'
2025-04-03 20:48:27,299 | DEBUG    | tire_tester.py:33 |   Inputs: Fz=500.0N, gamma=-2.0deg, Target Fy=-800.0N, Mode=brake, Intensity=0.80
2025-04-03 20:48:27,299 | INFO     | v3_magic_formula.py:548 | Finding slips for target Fy=-800.00 N, Fz=500.0, gamma=-2.00 deg, mode='brake', intensity=0.80
2025-04-03 20:48:27,299 | DEBUG    | v3_magic_formula.py:456 | Finding alpha for target Fy=-800.00 N at Fz=500.0, gamma=-2.00 deg
2025-04-03 20:48:27,299 | INFO     | v3_magic_formula.py:531 | Found alpha=2.384 deg for target Fy=-800.00 (brentq).
2025-04-03 20:48:27,299 | DEBUG    | v3_magic_formula.py:554 | Step 1: Required alpha (approx) = 2.384 deg
2025-04-03 20:48:27,299 | DEBUG    | v3_magic_formula.py:336 | Calculating peak Fx potential for Fz=500, gamma=-0.03490658503988659
2025-04-03 20:48:27,299 | DEBUG    | v3_magic_formula.py:348 | Peak Fx potential: Dx=1376.84, SVx=-20.75, Peak=1356.09
2025-04-03 20:48:27,299 | DEBUG    | v3_magic_formula.py:354 | Calculating min Fx potential for Fz=500, gamma=-0.03490658503988659
2025-04-03 20:48:27,299 | DEBUG    | v3_magic_formula.py:366 | Min Fx potential: Dx=1376.84, SVx=-20.75, Min=-1397.60
2025-04-03 20:48:27,299 | DEBUG    | v3_magic_formula.py:567 | Step 2: Approx Gxa(alpha_req, k=0) = 0.8947
2025-04-03 20:48:27,299 | DEBUG    | v3_magic_formula.py:579 | Step 3: Target Brake Fx = -1000.29 N (AvailMin=-1250.37)
2025-04-03 20:48:27,299 | DEBUG    | v3_magic_formula.py:373 | Finding kappa for target Fx=-1000.29 N at Fz=500.0, gamma=-2.00 deg
2025-04-03 20:48:27,299 | INFO     | v3_magic_formula.py:438 | Found kappa=-0.0260 for target Fx=-1000.29 (brentq).
2025-04-03 20:48:27,299 | DEBUG    | v3_magic_formula.py:588 | Step 4: Required kappa (approx) = -0.0260
2025-04-03 20:48:27,299 | INFO     | v3_magic_formula.py:590 | Result: alpha=2.384 deg, kappa=-0.0260
2025-04-03 20:48:27,300 | DEBUG    | v3_magic_formula.py:284 | Calculating forces for time 500 ms. Inputs: Fz=500, alpha=0.04161390042198508, kappa=-0.026046776856600177, gamma=-0.03490658503988659
2025-04-03 20:48:27,300 | DEBUG    | v3_magic_formula.py:326 | Force calculation complete for time 500. Fx=-896.94, Fy=-775.64
2025-04-03 20:48:27,300 | DEBUG    | tire_tester.py:48 |   Success: Target Slips: alpha=2.384deg, kappa=-0.0260
2025-04-03 20:48:27,300 | DEBUG    | tire_tester.py:49 |   Resulting Forces: Fx=-896.9N, Fy=-775.6N (Error Fy=24.4N / -3.05%)
2025-04-03 20:48:27,300 | INFO     | tire_tester.py:32 | Running Fy Priority Test 7: 'Impossible Fy Target'
2025-04-03 20:48:27,300 | DEBUG    | tire_tester.py:33 |   Inputs: Fz=400.0N, gamma=0.0deg, Target Fy=-5000.0N, Mode=coast, Intensity=0.00
2025-04-03 20:48:27,300 | INFO     | v3_magic_formula.py:548 | Finding slips for target Fy=-5000.00 N, Fz=400.0, gamma=0.00 deg, mode='coast', intensity=0.00
2025-04-03 20:48:27,300 | DEBUG    | v3_magic_formula.py:456 | Finding alpha for target Fy=-5000.00 N at Fz=400.0, gamma=0.00 deg
2025-04-03 20:48:27,300 | WARNING  | v3_magic_formula.py:493 | Target Fy=-5000.00 outside approx range [-1036.00, 996.94]
2025-04-03 20:48:27,300 | WARNING  | v3_magic_formula.py:553 | Target Fy=-5000.00 N unachievable.
2025-04-03 20:48:27,300 | WARNING  | tire_tester.py:50 |   Failed: Could not find valid slips for target Fy=-5000.0N.
2025-04-03 20:48:27,300 | INFO     | tire_tester.py:52 | --- Fy Priority Test Suite Finished ---
2025-04-03 20:48:27,301 | INFO     | tire_tester.py:60 | --- Starting Pure Fx Inverse Test Suite (8 cases) ---
2025-04-03 20:48:27,301 | INFO     | tire_tester.py:65 | Running Pure Fx Inverse Test 1: 'Zero Fx Target'
2025-04-03 20:48:27,301 | DEBUG    | tire_tester.py:66 |   Inputs: Fz=600.0N, gamma=0.0deg, Target Fx=0.0N
2025-04-03 20:48:27,301 | DEBUG    | v3_magic_formula.py:373 | Finding kappa for target Fx=0.00 N at Fz=600.0, gamma=0.00 deg
2025-04-03 20:48:27,301 | INFO     | v3_magic_formula.py:438 | Found kappa=0.0017 for target Fx=0.00 (brentq).
2025-04-03 20:48:27,301 | DEBUG    | v3_magic_formula.py:284 | Calculating forces for time 0 ms. Inputs: Fz=600, alpha=0.0, kappa=0.0017242539035154454, gamma=0.0
2025-04-03 20:48:27,301 | DEBUG    | v3_magic_formula.py:326 | Force calculation complete for time 0. Fx=0.01, Fy=15.75
2025-04-03 20:48:27,301 | DEBUG    | tire_tester.py:81 |   Success: Target Kappa: 0.0017
2025-04-03 20:48:27,301 | DEBUG    | tire_tester.py:82 |   Resulting Forces: Fx=0.0N, Fy=15.8N (Error Fx=0.0N / inf%)
2025-04-03 20:48:27,301 | INFO     | tire_tester.py:65 | Running Pure Fx Inverse Test 2: 'Moderate Accel'
2025-04-03 20:48:27,301 | DEBUG    | tire_tester.py:66 |   Inputs: Fz=700.0N, gamma=0.0deg, Target Fx=1000.0N
2025-04-03 20:48:27,301 | DEBUG    | v3_magic_formula.py:373 | Finding kappa for target Fx=1000.00 N at Fz=700.0, gamma=0.00 deg
2025-04-03 20:48:27,301 | INFO     | v3_magic_formula.py:438 | Found kappa=0.0219 for target Fx=1000.00 (brentq).
2025-04-03 20:48:27,301 | DEBUG    | v3_magic_formula.py:284 | Calculating forces for time 100 ms. Inputs: Fz=700, alpha=0.0, kappa=0.021890522490922517, gamma=0.0
2025-04-03 20:48:27,301 | DEBUG    | v3_magic_formula.py:326 | Force calculation complete for time 100. Fx=999.91, Fy=8.23
2025-04-03 20:48:27,301 | DEBUG    | tire_tester.py:81 |   Success: Target Kappa: 0.0219
2025-04-03 20:48:27,302 | DEBUG    | tire_tester.py:82 |   Resulting Forces: Fx=999.9N, Fy=8.2N (Error Fx=-0.1N / -0.01%)
2025-04-03 20:48:27,302 | INFO     | tire_tester.py:65 | Running Pure Fx Inverse Test 3: 'High Accel'
2025-04-03 20:48:27,302 | DEBUG    | tire_tester.py:66 |   Inputs: Fz=700.0N, gamma=0.0deg, Target Fx=1800.0N
2025-04-03 20:48:27,302 | DEBUG    | v3_magic_formula.py:373 | Finding kappa for target Fx=1800.00 N at Fz=700.0, gamma=0.00 deg
2025-04-03 20:48:27,302 | INFO     | v3_magic_formula.py:438 | Found kappa=0.0824 for target Fx=1800.00 (brentq).
2025-04-03 20:48:27,302 | DEBUG    | v3_magic_formula.py:284 | Calculating forces for time 200 ms. Inputs: Fz=700, alpha=0.0, kappa=0.0823752195499786, gamma=0.0
2025-04-03 20:48:27,302 | DEBUG    | v3_magic_formula.py:326 | Force calculation complete for time 200. Fx=1800.00, Fy=6.50
2025-04-03 20:48:27,302 | DEBUG    | tire_tester.py:81 |   Success: Target Kappa: 0.0824
2025-04-03 20:48:27,302 | DEBUG    | tire_tester.py:82 |   Resulting Forces: Fx=1800.0N, Fy=6.5N (Error Fx=-0.0N / -0.00%)
2025-04-03 20:48:27,302 | INFO     | tire_tester.py:65 | Running Pure Fx Inverse Test 4: 'Moderate Brake'
2025-04-03 20:48:27,302 | DEBUG    | tire_tester.py:66 |   Inputs: Fz=500.0N, gamma=0.0deg, Target Fx=-800.0N
2025-04-03 20:48:27,302 | DEBUG    | v3_magic_formula.py:373 | Finding kappa for target Fx=-800.00 N at Fz=500.0, gamma=0.00 deg
2025-04-03 20:48:27,302 | INFO     | v3_magic_formula.py:438 | Found kappa=-0.0171 for target Fx=-800.00 (brentq).
2025-04-03 20:48:27,302 | DEBUG    | v3_magic_formula.py:284 | Calculating forces for time 300 ms. Inputs: Fz=500, alpha=0.0, kappa=-0.017139339830176754, gamma=0.0
2025-04-03 20:48:27,302 | DEBUG    | v3_magic_formula.py:326 | Force calculation complete for time 300. Fx=-799.53, Fy=21.90
2025-04-03 20:48:27,302 | DEBUG    | tire_tester.py:81 |   Success: Target Kappa: -0.0171
2025-04-03 20:48:27,302 | DEBUG    | tire_tester.py:82 |   Resulting Forces: Fx=-799.5N, Fy=21.9N (Error Fx=0.5N / -0.06%)
2025-04-03 20:48:27,302 | INFO     | tire_tester.py:65 | Running Pure Fx Inverse Test 5: 'High Brake'
2025-04-03 20:48:27,302 | DEBUG    | tire_tester.py:66 |   Inputs: Fz=500.0N, gamma=0.0deg, Target Fx=-1300.0N
2025-04-03 20:48:27,302 | DEBUG    | v3_magic_formula.py:373 | Finding kappa for target Fx=-1300.00 N at Fz=500.0, gamma=0.00 deg
2025-04-03 20:48:27,302 | INFO     | v3_magic_formula.py:438 | Found kappa=-0.0594 for target Fx=-1300.00 (brentq).
2025-04-03 20:48:27,303 | DEBUG    | v3_magic_formula.py:284 | Calculating forces for time 400 ms. Inputs: Fz=500, alpha=0.0, kappa=-0.059412495669793564, gamma=0.0
2025-04-03 20:48:27,303 | DEBUG    | v3_magic_formula.py:326 | Force calculation complete for time 400. Fx=-1299.96, Fy=19.10
2025-04-03 20:48:27,303 | DEBUG    | tire_tester.py:81 |   Success: Target Kappa: -0.0594
2025-04-03 20:48:27,303 | DEBUG    | tire_tester.py:82 |   Resulting Forces: Fx=-1300.0N, Fy=19.1N (Error Fx=0.0N / -0.00%)
2025-04-03 20:48:27,303 | INFO     | tire_tester.py:65 | Running Pure Fx Inverse Test 6: 'Accel w/ Camber'
2025-04-03 20:48:27,303 | DEBUG    | tire_tester.py:66 |   Inputs: Fz=700.0N, gamma=-2.0deg, Target Fx=1500.0N
2025-04-03 20:48:27,303 | DEBUG    | v3_magic_formula.py:373 | Finding kappa for target Fx=1500.00 N at Fz=700.0, gamma=-2.00 deg
2025-04-03 20:48:27,303 | INFO     | v3_magic_formula.py:438 | Found kappa=0.0433 for target Fx=1500.00 (brentq).
2025-04-03 20:48:27,303 | DEBUG    | v3_magic_formula.py:284 | Calculating forces for time 500 ms. Inputs: Fz=700, alpha=0.0, kappa=0.043264558561810953, gamma=-0.03490658503988659
2025-04-03 20:48:27,303 | DEBUG    | v3_magic_formula.py:326 | Force calculation complete for time 500. Fx=1499.99, Fy=121.40
2025-04-03 20:48:27,303 | DEBUG    | tire_tester.py:81 |   Success: Target Kappa: 0.0433
2025-04-03 20:48:27,303 | DEBUG    | tire_tester.py:82 |   Resulting Forces: Fx=1500.0N, Fy=121.4N (Error Fx=-0.0N / -0.00%)
2025-04-03 20:48:27,303 | INFO     | tire_tester.py:65 | Running Pure Fx Inverse Test 7: 'Impossible Accel'
2025-04-03 20:48:27,303 | DEBUG    | tire_tester.py:66 |   Inputs: Fz=400.0N, gamma=0.0deg, Target Fx=3000.0N
2025-04-03 20:48:27,303 | DEBUG    | v3_magic_formula.py:373 | Finding kappa for target Fx=3000.00 N at Fz=400.0, gamma=0.00 deg
2025-04-03 20:48:27,303 | WARNING  | v3_magic_formula.py:400 | Target Fx=3000.00 is outside achievable range [-1113.90, 1074.84] N.
2025-04-03 20:48:27,303 | WARNING  | tire_tester.py:83 |   Failed: Could not find valid kappa for target Fx=3000.0N.
2025-04-03 20:48:27,303 | INFO     | tire_tester.py:65 | Running Pure Fx Inverse Test 8: 'Impossible Brake'
2025-04-03 20:48:27,303 | DEBUG    | tire_tester.py:66 |   Inputs: Fz=400.0N, gamma=0.0deg, Target Fx=-3000.0N
2025-04-03 20:48:27,303 | DEBUG    | v3_magic_formula.py:373 | Finding kappa for target Fx=-3000.00 N at Fz=400.0, gamma=0.00 deg
2025-04-03 20:48:27,303 | WARNING  | v3_magic_formula.py:400 | Target Fx=-3000.00 is outside achievable range [-1113.90, 1074.84] N.
2025-04-03 20:48:27,303 | WARNING  | tire_tester.py:83 |   Failed: Could not find valid kappa for target Fx=-3000.0N.
2025-04-03 20:48:27,303 | INFO     | tire_tester.py:85 | --- Pure Fx Inverse Test Suite Finished ---
2025-04-03 20:48:27,304 | INFO     | tire_tester.py:93 | --- Starting Pure Fy Inverse Test Suite (8 cases) ---
2025-04-03 20:48:27,304 | INFO     | tire_tester.py:98 | Running Pure Fy Inverse Test 1: 'Zero Fy Target'
2025-04-03 20:48:27,304 | DEBUG    | tire_tester.py:99 |   Inputs: Fz=600.0N, gamma=0.0deg, Target Fy=0.0N
2025-04-03 20:48:27,304 | DEBUG    | v3_magic_formula.py:456 | Finding alpha for target Fy=0.00 N at Fz=600.0, gamma=0.00 deg
2025-04-03 20:48:27,304 | INFO     | v3_magic_formula.py:531 | Found alpha=0.033 deg for target Fy=0.00 (brentq).
2025-04-03 20:48:27,304 | DEBUG    | v3_magic_formula.py:284 | Calculating forces for time 0 ms. Inputs: Fz=600, alpha=0.0005834868827136856, kappa=0.0, gamma=0.0
2025-04-03 20:48:27,304 | DEBUG    | v3_magic_formula.py:326 | Force calculation complete for time 0. Fx=-93.00, Fy=0.01
2025-04-03 20:48:27,304 | DEBUG    | tire_tester.py:114 |   Success: Target Alpha: 0.033deg
2025-04-03 20:48:27,304 | DEBUG    | tire_tester.py:115 |   Resulting Forces: Fx=-93.0N, Fy=0.0N (Error Fy=0.0N / inf%)
2025-04-03 20:48:27,305 | INFO     | tire_tester.py:98 | Running Pure Fy Inverse Test 2: 'Moderate Corner L'
2025-04-03 20:48:27,305 | DEBUG    | tire_tester.py:99 |   Inputs: Fz=600.0N, gamma=0.0deg, Target Fy=-1000.0N
2025-04-03 20:48:27,305 | DEBUG    | v3_magic_formula.py:456 | Finding alpha for target Fy=-1000.00 N at Fz=600.0, gamma=0.00 deg
2025-04-03 20:48:27,305 | INFO     | v3_magic_formula.py:531 | Found alpha=2.469 deg for target Fy=-1000.00 (brentq).
2025-04-03 20:48:27,305 | DEBUG    | v3_magic_formula.py:284 | Calculating forces for time 100 ms. Inputs: Fz=600, alpha=0.04309147209304109, kappa=0.0, gamma=0.0
2025-04-03 20:48:27,305 | DEBUG    | v3_magic_formula.py:326 | Force calculation complete for time 100. Fx=-82.61, Fy=-999.98
2025-04-03 20:48:27,305 | DEBUG    | tire_tester.py:114 |   Success: Target Alpha: 2.469deg
2025-04-03 20:48:27,305 | DEBUG    | tire_tester.py:115 |   Resulting Forces: Fx=-82.6N, Fy=-1000.0N (Error Fy=0.0N / -0.00%)
2025-04-03 20:48:27,305 | INFO     | tire_tester.py:98 | Running Pure Fy Inverse Test 3: 'High Corner L'
2025-04-03 20:48:27,305 | DEBUG    | tire_tester.py:99 |   Inputs: Fz=600.0N, gamma=0.0deg, Target Fy=-1400.0N
2025-04-03 20:48:27,305 | DEBUG    | v3_magic_formula.py:456 | Finding alpha for target Fy=-1400.00 N at Fz=600.0, gamma=0.00 deg
2025-04-03 20:48:27,305 | INFO     | v3_magic_formula.py:531 | Found alpha=4.629 deg for target Fy=-1400.00 (brentq).
2025-04-03 20:48:27,305 | DEBUG    | v3_magic_formula.py:284 | Calculating forces for time 200 ms. Inputs: Fz=600, alpha=0.08078979224193358, kappa=0.0, gamma=0.0
2025-04-03 20:48:27,305 | DEBUG    | v3_magic_formula.py:326 | Force calculation complete for time 200. Fx=-66.77, Fy=-1400.12
2025-04-03 20:48:27,305 | DEBUG    | tire_tester.py:114 |   Success: Target Alpha: 4.629deg
2025-04-03 20:48:27,305 | DEBUG    | tire_tester.py:115 |   Resulting Forces: Fx=-66.8N, Fy=-1400.1N (Error Fy=-0.1N / 0.01%)
2025-04-03 20:48:27,305 | INFO     | tire_tester.py:98 | Running Pure Fy Inverse Test 4: 'Moderate Corner R'
2025-04-03 20:48:27,305 | DEBUG    | tire_tester.py:99 |   Inputs: Fz=700.0N, gamma=0.0deg, Target Fy=800.0N
2025-04-03 20:48:27,305 | DEBUG    | v3_magic_formula.py:456 | Finding alpha for target Fy=800.00 N at Fz=700.0, gamma=0.00 deg
2025-04-03 20:48:27,305 | INFO     | v3_magic_formula.py:531 | Found alpha=-1.700 deg for target Fy=800.00 (brentq).
2025-04-03 20:48:27,305 | DEBUG    | v3_magic_formula.py:284 | Calculating forces for time 300 ms. Inputs: Fz=700, alpha=-0.029664024662642122, kappa=0.0, gamma=0.0
2025-04-03 20:48:27,306 | DEBUG    | v3_magic_formula.py:326 | Force calculation complete for time 300. Fx=-69.05, Fy=800.08
2025-04-03 20:48:27,306 | DEBUG    | tire_tester.py:114 |   Success: Target Alpha: -1.700deg
2025-04-03 20:48:27,306 | DEBUG    | tire_tester.py:115 |   Resulting Forces: Fx=-69.0N, Fy=800.1N (Error Fy=0.1N / 0.01%)
2025-04-03 20:48:27,306 | INFO     | tire_tester.py:98 | Running Pure Fy Inverse Test 5: 'Corner w/ Camber L'
2025-04-03 20:48:27,306 | DEBUG    | tire_tester.py:99 |   Inputs: Fz=600.0N, gamma=-2.0deg, Target Fy=-1200.0N
2025-04-03 20:48:27,306 | DEBUG    | v3_magic_formula.py:456 | Finding alpha for target Fy=-1200.00 N at Fz=600.0, gamma=-2.00 deg
2025-04-03 20:48:27,306 | INFO     | v3_magic_formula.py:531 | Found alpha=3.504 deg for target Fy=-1200.00 (brentq).
2025-04-03 20:48:27,306 | DEBUG    | v3_magic_formula.py:284 | Calculating forces for time 400 ms. Inputs: Fz=600, alpha=0.06115594885109465, kappa=0.0, gamma=-0.03490658503988659
2025-04-03 20:48:27,306 | DEBUG    | v3_magic_formula.py:326 | Force calculation complete for time 400. Fx=-74.33, Fy=-1200.08
2025-04-03 20:48:27,306 | DEBUG    | tire_tester.py:114 |   Success: Target Alpha: 3.504deg
2025-04-03 20:48:27,306 | DEBUG    | tire_tester.py:115 |   Resulting Forces: Fx=-74.3N, Fy=-1200.1N (Error Fy=-0.1N / 0.01%)
2025-04-03 20:48:27,306 | INFO     | tire_tester.py:98 | Running Pure Fy Inverse Test 6: 'Corner w/ Camber R'
2025-04-03 20:48:27,306 | DEBUG    | tire_tester.py:99 |   Inputs: Fz=600.0N, gamma=-2.0deg, Target Fy=1000.0N
2025-04-03 20:48:27,306 | DEBUG    | v3_magic_formula.py:456 | Finding alpha for target Fy=1000.00 N at Fz=600.0, gamma=-2.00 deg
2025-04-03 20:48:27,306 | INFO     | v3_magic_formula.py:531 | Found alpha=-2.292 deg for target Fy=1000.00 (brentq).
2025-04-03 20:48:27,306 | DEBUG    | v3_magic_formula.py:284 | Calculating forces for time 500 ms. Inputs: Fz=600, alpha=-0.0400084855099659, kappa=0.0, gamma=-0.03490658503988659
2025-04-03 20:48:27,306 | DEBUG    | v3_magic_formula.py:326 | Force calculation complete for time 500. Fx=-83.11, Fy=1000.30
2025-04-03 20:48:27,306 | DEBUG    | tire_tester.py:114 |   Success: Target Alpha: -2.292deg
2025-04-03 20:48:27,306 | DEBUG    | tire_tester.py:115 |   Resulting Forces: Fx=-83.1N, Fy=1000.3N (Error Fy=0.3N / 0.03%)
2025-04-03 20:48:27,306 | INFO     | tire_tester.py:98 | Running Pure Fy Inverse Test 7: 'Impossible Corner L'
2025-04-03 20:48:27,306 | DEBUG    | tire_tester.py:99 |   Inputs: Fz=400.0N, gamma=0.0deg, Target Fy=-2000.0N
2025-04-03 20:48:27,307 | DEBUG    | v3_magic_formula.py:456 | Finding alpha for target Fy=-2000.00 N at Fz=400.0, gamma=0.00 deg
2025-04-03 20:48:27,307 | WARNING  | v3_magic_formula.py:493 | Target Fy=-2000.00 outside approx range [-1036.00, 996.94]
2025-04-03 20:48:27,307 | WARNING  | tire_tester.py:116 |   Failed: Could not find valid alpha for target Fy=-2000.0N.
2025-04-03 20:48:27,307 | INFO     | tire_tester.py:98 | Running Pure Fy Inverse Test 8: 'Impossible Corner R'
2025-04-03 20:48:27,307 | DEBUG    | tire_tester.py:99 |   Inputs: Fz=400.0N, gamma=0.0deg, Target Fy=2000.0N
2025-04-03 20:48:27,307 | DEBUG    | v3_magic_formula.py:456 | Finding alpha for target Fy=2000.00 N at Fz=400.0, gamma=0.00 deg
2025-04-03 20:48:27,307 | WARNING  | v3_magic_formula.py:493 | Target Fy=2000.00 outside approx range [-1036.00, 996.94]
2025-04-03 20:48:27,307 | WARNING  | tire_tester.py:116 |   Failed: Could not find valid alpha for target Fy=2000.0N.
2025-04-03 20:48:27,307 | INFO     | tire_tester.py:118 | --- Pure Fy Inverse Test Suite Finished ---
2025-04-03 20:48:27,307 | INFO     | tire_tester.py:125 | --- Testing Components: 'Zero Slips' ---
2025-04-03 20:48:27,307 | DEBUG    | tire_tester.py:127 | Inputs: Fz=600.0, alpha=0.00deg, kappa=0.000, gamma=0.00deg
2025-04-03 20:48:27,307 | DEBUG    | tire_tester.py:139 | Component Calculation Successful. Final Fx=-93.00, Fy=15.75
2025-04-03 20:48:27,308 | INFO     | tire_tester.py:125 | --- Testing Components: 'Pure Accel' ---
2025-04-03 20:48:27,308 | DEBUG    | tire_tester.py:127 | Inputs: Fz=700.0, alpha=0.00deg, kappa=0.100, gamma=0.00deg
2025-04-03 20:48:27,308 | DEBUG    | tire_tester.py:139 | Component Calculation Successful. Final Fx=1848.61, Fy=5.96
2025-04-03 20:48:27,308 | INFO     | tire_tester.py:125 | --- Testing Components: 'Pure Brake' ---
2025-04-03 20:48:27,308 | DEBUG    | tire_tester.py:127 | Inputs: Fz=500.0, alpha=0.00deg, kappa=-0.080, gamma=0.00deg
2025-04-03 20:48:27,308 | DEBUG    | tire_tester.py:139 | Component Calculation Successful. Final Fx=-1353.00, Fy=17.35
2025-04-03 20:48:27,308 | INFO     | tire_tester.py:125 | --- Testing Components: 'Pure Cornering' ---
2025-04-03 20:48:27,308 | DEBUG    | tire_tester.py:127 | Inputs: Fz=600.0, alpha=5.00deg, kappa=0.000, gamma=-2.00deg
2025-04-03 20:48:27,308 | DEBUG    | tire_tester.py:139 | Component Calculation Successful. Final Fx=-63.67, Fy=-1419.82
2025-04-03 20:48:27,308 | INFO     | tire_tester.py:125 | --- Testing Components: 'Cornering + Accel' ---
2025-04-03 20:48:27,308 | DEBUG    | tire_tester.py:127 | Inputs: Fz=700.0, alpha=4.00deg, kappa=0.050, gamma=-2.00deg
2025-04-03 20:48:27,308 | DEBUG    | tire_tester.py:139 | Component Calculation Successful. Final Fx=1237.80, Fy=-1295.07
2025-04-03 20:48:27,308 | INFO     | tire_tester.py:125 | --- Testing Components: 'Cornering + Brake' ---
2025-04-03 20:48:27,308 | DEBUG    | tire_tester.py:127 | Inputs: Fz=500.0, alpha=-3.00deg, kappa=-0.060, gamma=-1.00deg
2025-04-03 20:48:27,308 | DEBUG    | tire_tester.py:139 | Component Calculation Successful. Final Fx=-1120.52, Fy=879.90
2025-04-03 20:48:36,067 | INFO     | v3_magic_formula.py:33 | Initializing Pacejka Tire Model from hoosier_r20.par
2025-04-03 20:48:36,068 | INFO     | v3_magic_formula.py:55 | Loading parameters from: hoosier_r20.par
2025-04-03 20:48:36,068 | INFO     | v3_magic_formula.py:66 | Finished loading parameters from hoosier_r20.par
2025-04-03 20:48:36,068 | DEBUG    | v3_magic_formula.py:71 | Validating required parameters...
2025-04-03 20:48:36,068 | INFO     | v3_magic_formula.py:93 | All required parameters loaded successfully.
2025-04-03 20:48:36,073 | INFO     | v3_magic_formula.py:51 | Pacejka Tire Model initialized successfully.
2025-04-03 20:48:36,073 | INFO     | tire_tester.py:27 | --- Starting Fy Priority Test Suite (7 cases) ---
2025-04-03 20:48:36,073 | INFO     | tire_tester.py:32 | Running Fy Priority Test 1: 'Coast Straight'
2025-04-03 20:48:36,073 | DEBUG    | tire_tester.py:33 |   Inputs: Fz=600.0N, gamma=0.0deg, Target Fy=0.0N, Mode=coast, Intensity=0.00
2025-04-03 20:48:36,073 | INFO     | v3_magic_formula.py:548 | Finding slips for target Fy=0.00 N, Fz=600.0, gamma=0.00 deg, mode='coast', intensity=0.00
2025-04-03 20:48:36,073 | DEBUG    | v3_magic_formula.py:456 | Finding alpha for target Fy=0.00 N at Fz=600.0, gamma=0.00 deg
2025-04-03 20:48:36,073 | INFO     | v3_magic_formula.py:531 | Found alpha=0.033 deg for target Fy=0.00 (brentq).
2025-04-03 20:48:36,073 | DEBUG    | v3_magic_formula.py:554 | Step 1: Required alpha (approx) = 0.033 deg
2025-04-03 20:48:36,073 | DEBUG    | v3_magic_formula.py:336 | Calculating peak Fx potential for Fz=600, gamma=0.0
2025-04-03 20:48:36,073 | DEBUG    | v3_magic_formula.py:348 | Peak Fx potential: Dx=1652.79, SVx=-20.52, Peak=1632.27
2025-04-03 20:48:36,073 | DEBUG    | v3_magic_formula.py:354 | Calculating min Fx potential for Fz=600, gamma=0.0
2025-04-03 20:48:36,074 | DEBUG    | v3_magic_formula.py:366 | Min Fx potential: Dx=1652.79, SVx=-20.52, Min=-1673.31
2025-04-03 20:48:36,074 | DEBUG    | v3_magic_formula.py:567 | Step 2: Approx Gxa(alpha_req, k=0) = 1.0000
2025-04-03 20:48:36,074 | INFO     | v3_magic_formula.py:584 | Target longitudinal force is near zero. Setting kappa_req = 0.
2025-04-03 20:48:36,074 | INFO     | v3_magic_formula.py:590 | Result: alpha=0.033 deg, kappa=0.0000
2025-04-03 20:48:36,074 | DEBUG    | v3_magic_formula.py:284 | Calculating forces for time 0 ms. Inputs: Fz=600, alpha=0.0005834868827136856, kappa=0.0, gamma=0.0
2025-04-03 20:48:36,074 | DEBUG    | v3_magic_formula.py:326 | Force calculation complete for time 0. Fx=-93.00, Fy=0.01
2025-04-03 20:48:36,074 | DEBUG    | tire_tester.py:48 |   Success: Target Slips: alpha=0.033deg, kappa=0.0000
2025-04-03 20:48:36,074 | DEBUG    | tire_tester.py:49 |   Resulting Forces: Fx=-93.0N, Fy=0.0N (Error Fy=0.0N / inf%)
2025-04-03 20:48:36,074 | INFO     | tire_tester.py:32 | Running Fy Priority Test 2: 'Max Accel Straight'
2025-04-03 20:48:36,074 | DEBUG    | tire_tester.py:33 |   Inputs: Fz=700.0N, gamma=0.0deg, Target Fy=0.0N, Mode=accelerate, Intensity=1.00
2025-04-03 20:48:36,074 | INFO     | v3_magic_formula.py:548 | Finding slips for target Fy=0.00 N, Fz=700.0, gamma=0.00 deg, mode='accelerate', intensity=1.00
2025-04-03 20:48:36,074 | DEBUG    | v3_magic_formula.py:456 | Finding alpha for target Fy=0.00 N at Fz=700.0, gamma=0.00 deg
2025-04-03 20:48:36,074 | INFO     | v3_magic_formula.py:531 | Found alpha=0.018 deg for target Fy=0.00 (brentq).
2025-04-03 20:48:36,074 | DEBUG    | v3_magic_formula.py:554 | Step 1: Required alpha (approx) = 0.018 deg
2025-04-03 20:48:36,074 | DEBUG    | v3_magic_formula.py:336 | Calculating peak Fx potential for Fz=700, gamma=0.0
2025-04-03 20:48:36,074 | DEBUG    | v3_magic_formula.py:348 | Peak Fx potential: Dx=1934.81, SVx=-18.82, Peak=1915.99
2025-04-03 20:48:36,074 | DEBUG    | v3_magic_formula.py:354 | Calculating min Fx potential for Fz=700, gamma=0.0
2025-04-03 20:48:36,074 | DEBUG    | v3_magic_formula.py:366 | Min Fx potential: Dx=1934.81, SVx=-18.82, Min=-1953.63
2025-04-03 20:48:36,074 | DEBUG    | v3_magic_formula.py:567 | Step 2: Approx Gxa(alpha_req, k=0) = 1.0000
2025-04-03 20:48:36,074 | DEBUG    | v3_magic_formula.py:576 | Step 3: Target Accel Fx = 1915.97 N (AvailMax=1915.97)
2025-04-03 20:48:36,074 | DEBUG    | v3_magic_formula.py:373 | Finding kappa for target Fx=1915.97 N at Fz=700.0, gamma=0.00 deg
2025-04-03 20:48:36,074 | WARNING  | v3_magic_formula.py:441 | Kappa bracketing failed (errors: f(-0.275)=-3863.889, f(0.275)=-5.439).
2025-04-03 20:48:36,075 | WARNING  | v3_magic_formula.py:447 | Ridder method also failed for kappa.
2025-04-03 20:48:36,075 | WARNING  | v3_magic_formula.py:587 | Could not find kappa for target Fx=1915.97. Setting kappa_req = 0.
2025-04-03 20:48:36,075 | INFO     | v3_magic_formula.py:590 | Result: alpha=0.018 deg, kappa=0.0000
2025-04-03 20:48:36,075 | DEBUG    | v3_magic_formula.py:284 | Calculating forces for time 100 ms. Inputs: Fz=700, alpha=0.00031880253508587966, kappa=0.0, gamma=0.0
2025-04-03 20:48:36,075 | DEBUG    | v3_magic_formula.py:326 | Force calculation complete for time 100. Fx=-73.29, Fy=-0.66
2025-04-03 20:48:36,075 | DEBUG    | tire_tester.py:48 |   Success: Target Slips: alpha=0.018deg, kappa=0.0000
2025-04-03 20:48:36,075 | DEBUG    | tire_tester.py:49 |   Resulting Forces: Fx=-73.3N, Fy=-0.7N (Error Fy=-0.7N / inf%)
2025-04-03 20:48:36,075 | INFO     | tire_tester.py:32 | Running Fy Priority Test 3: 'Max Brake Straight'
2025-04-03 20:48:36,075 | DEBUG    | tire_tester.py:33 |   Inputs: Fz=500.0N, gamma=0.0deg, Target Fy=0.0N, Mode=brake, Intensity=1.00
2025-04-03 20:48:36,075 | INFO     | v3_magic_formula.py:548 | Finding slips for target Fy=0.00 N, Fz=500.0, gamma=0.00 deg, mode='brake', intensity=1.00
2025-04-03 20:48:36,075 | DEBUG    | v3_magic_formula.py:456 | Finding alpha for target Fy=0.00 N at Fz=500.0, gamma=0.00 deg
2025-04-03 20:48:36,075 | INFO     | v3_magic_formula.py:531 | Found alpha=0.051 deg for target Fy=0.00 (brentq).
2025-04-03 20:48:36,075 | DEBUG    | v3_magic_formula.py:554 | Step 1: Required alpha (approx) = 0.051 deg
2025-04-03 20:48:36,075 | DEBUG    | v3_magic_formula.py:336 | Calculating peak Fx potential for Fz=500, gamma=0.0
2025-04-03 20:48:36,075 | DEBUG    | v3_magic_formula.py:348 | Peak Fx potential: Dx=1372.64, SVx=-20.75, Peak=1351.89
2025-04-03 20:48:36,075 | DEBUG    | v3_magic_formula.py:354 | Calculating min Fx potential for Fz=500, gamma=0.0
2025-04-03 20:48:36,075 | DEBUG    | v3_magic_formula.py:366 | Min Fx potential: Dx=1372.64, SVx=-20.75, Min=-1393.40
2025-04-03 20:48:36,075 | DEBUG    | v3_magic_formula.py:567 | Step 2: Approx Gxa(alpha_req, k=0) = 0.9999
2025-04-03 20:48:36,075 | DEBUG    | v3_magic_formula.py:579 | Step 3: Target Brake Fx = -1393.32 N (AvailMin=-1393.32)
2025-04-03 20:48:36,075 | DEBUG    | v3_magic_formula.py:373 | Finding kappa for target Fx=-1393.32 N at Fz=500.0, gamma=0.00 deg
2025-04-03 20:48:36,075 | WARNING  | v3_magic_formula.py:441 | Kappa bracketing failed (errors: f(-0.275)=13.985, f(0.275)=2731.680).
2025-04-03 20:48:36,076 | WARNING  | v3_magic_formula.py:447 | Ridder method also failed for kappa.
2025-04-03 20:48:36,076 | WARNING  | v3_magic_formula.py:587 | Could not find kappa for target Fx=-1393.32. Setting kappa_req = 0.
2025-04-03 20:48:36,076 | INFO     | v3_magic_formula.py:590 | Result: alpha=0.051 deg, kappa=0.0000
2025-04-03 20:48:36,076 | DEBUG    | v3_magic_formula.py:284 | Calculating forces for time 200 ms. Inputs: Fz=500, alpha=0.0008942641857142886, kappa=0.0, gamma=0.0
2025-04-03 20:48:36,076 | DEBUG    | v3_magic_formula.py:326 | Force calculation complete for time 200. Fx=-106.56, Fy=0.03
2025-04-03 20:48:36,076 | DEBUG    | tire_tester.py:48 |   Success: Target Slips: alpha=0.051deg, kappa=0.0000
2025-04-03 20:48:36,076 | DEBUG    | tire_tester.py:49 |   Resulting Forces: Fx=-106.6N, Fy=0.0N (Error Fy=0.0N / inf%)
2025-04-03 20:48:36,076 | INFO     | tire_tester.py:32 | Running Fy Priority Test 4: 'Cornering Coast'
2025-04-03 20:48:36,076 | DEBUG    | tire_tester.py:33 |   Inputs: Fz=600.0N, gamma=-2.0deg, Target Fy=-1500.0N, Mode=coast, Intensity=0.00
2025-04-03 20:48:36,076 | INFO     | v3_magic_formula.py:548 | Finding slips for target Fy=-1500.00 N, Fz=600.0, gamma=-2.00 deg, mode='coast', intensity=0.00
2025-04-03 20:48:36,076 | DEBUG    | v3_magic_formula.py:456 | Finding alpha for target Fy=-1500.00 N at Fz=600.0, gamma=-2.00 deg
2025-04-03 20:48:36,076 | INFO     | v3_magic_formula.py:531 | Found alpha=6.361 deg for target Fy=-1500.00 (brentq).
2025-04-03 20:48:36,076 | DEBUG    | v3_magic_formula.py:554 | Step 1: Required alpha (approx) = 6.361 deg
2025-04-03 20:48:36,076 | DEBUG    | v3_magic_formula.py:336 | Calculating peak Fx potential for Fz=600, gamma=-0.03490658503988659
2025-04-03 20:48:36,076 | DEBUG    | v3_magic_formula.py:348 | Peak Fx potential: Dx=1657.85, SVx=-20.52, Peak=1637.33
2025-04-03 20:48:36,076 | DEBUG    | v3_magic_formula.py:354 | Calculating min Fx potential for Fz=600, gamma=-0.03490658503988659
2025-04-03 20:48:36,076 | DEBUG    | v3_magic_formula.py:366 | Min Fx potential: Dx=1657.85, SVx=-20.52, Min=-1678.37
2025-04-03 20:48:36,076 | DEBUG    | v3_magic_formula.py:567 | Step 2: Approx Gxa(alpha_req, k=0) = 0.6003
2025-04-03 20:48:36,076 | INFO     | v3_magic_formula.py:584 | Target longitudinal force is near zero. Setting kappa_req = 0.
2025-04-03 20:48:36,076 | INFO     | v3_magic_formula.py:590 | Result: alpha=6.361 deg, kappa=0.0000
2025-04-03 20:48:36,076 | DEBUG    | v3_magic_formula.py:284 | Calculating forces for time 300 ms. Inputs: Fz=600, alpha=0.11102370887737106, kappa=0.0, gamma=-0.03490658503988659
2025-04-03 20:48:36,077 | DEBUG    | v3_magic_formula.py:326 | Force calculation complete for time 300. Fx=-55.35, Fy=-1500.05
2025-04-03 20:48:36,077 | DEBUG    | tire_tester.py:48 |   Success: Target Slips: alpha=6.361deg, kappa=0.0000
2025-04-03 20:48:36,077 | DEBUG    | tire_tester.py:49 |   Resulting Forces: Fx=-55.3N, Fy=-1500.0N (Error Fy=-0.0N / 0.00%)
2025-04-03 20:48:36,077 | INFO     | tire_tester.py:32 | Running Fy Priority Test 5: 'Cornering Med Fy Accel'
2025-04-03 20:48:36,077 | DEBUG    | tire_tester.py:33 |   Inputs: Fz=700.0N, gamma=-2.0deg, Target Fy=-1000.0N, Mode=accelerate, Intensity=0.50
2025-04-03 20:48:36,077 | INFO     | v3_magic_formula.py:548 | Finding slips for target Fy=-1000.00 N, Fz=700.0, gamma=-2.00 deg, mode='accelerate', intensity=0.50
2025-04-03 20:48:36,077 | DEBUG    | v3_magic_formula.py:456 | Finding alpha for target Fy=-1000.00 N at Fz=700.0, gamma=-2.00 deg
2025-04-03 20:48:36,077 | INFO     | v3_magic_formula.py:531 | Found alpha=2.512 deg for target Fy=-1000.00 (brentq).
2025-04-03 20:48:36,077 | DEBUG    | v3_magic_formula.py:554 | Step 1: Required alpha (approx) = 2.512 deg
2025-04-03 20:48:36,077 | DEBUG    | v3_magic_formula.py:336 | Calculating peak Fx potential for Fz=700, gamma=-0.03490658503988659
2025-04-03 20:48:36,077 | DEBUG    | v3_magic_formula.py:348 | Peak Fx potential: Dx=1940.73, SVx=-18.82, Peak=1921.91
2025-04-03 20:48:36,077 | DEBUG    | v3_magic_formula.py:354 | Calculating min Fx potential for Fz=700, gamma=-0.03490658503988659
2025-04-03 20:48:36,077 | DEBUG    | v3_magic_formula.py:366 | Min Fx potential: Dx=1940.73, SVx=-18.82, Min=-1959.55
2025-04-03 20:48:36,077 | DEBUG    | v3_magic_formula.py:567 | Step 2: Approx Gxa(alpha_req, k=0) = 0.8850
2025-04-03 20:48:36,077 | DEBUG    | v3_magic_formula.py:576 | Step 3: Target Accel Fx = 850.41 N (AvailMax=1700.82)
2025-04-03 20:48:36,077 | DEBUG    | v3_magic_formula.py:373 | Finding kappa for target Fx=850.41 N at Fz=700.0, gamma=-2.00 deg
2025-04-03 20:48:36,077 | INFO     | v3_magic_formula.py:438 | Found kappa=0.0182 for target Fx=850.41 (brentq).
2025-04-03 20:48:36,077 | DEBUG    | v3_magic_formula.py:588 | Step 4: Required kappa (approx) = 0.0182
2025-04-03 20:48:36,077 | INFO     | v3_magic_formula.py:590 | Result: alpha=2.512 deg, kappa=0.0182
2025-04-03 20:48:36,077 | DEBUG    | v3_magic_formula.py:284 | Calculating forces for time 400 ms. Inputs: Fz=700, alpha=0.04384950900639849, kappa=0.018182038894777233, gamma=-0.03490658503988659
2025-04-03 20:48:36,077 | DEBUG    | v3_magic_formula.py:326 | Force calculation complete for time 400. Fx=754.38, Fy=-984.93
2025-04-03 20:48:36,077 | DEBUG    | tire_tester.py:48 |   Success: Target Slips: alpha=2.512deg, kappa=0.0182
2025-04-03 20:48:36,078 | DEBUG    | tire_tester.py:49 |   Resulting Forces: Fx=754.4N, Fy=-984.9N (Error Fy=15.1N / -1.51%)
2025-04-03 20:48:36,078 | INFO     | tire_tester.py:32 | Running Fy Priority Test 6: 'Cornering Med Fy Brake'
2025-04-03 20:48:36,078 | DEBUG    | tire_tester.py:33 |   Inputs: Fz=500.0N, gamma=-2.0deg, Target Fy=-800.0N, Mode=brake, Intensity=0.80
2025-04-03 20:48:36,078 | INFO     | v3_magic_formula.py:548 | Finding slips for target Fy=-800.00 N, Fz=500.0, gamma=-2.00 deg, mode='brake', intensity=0.80
2025-04-03 20:48:36,078 | DEBUG    | v3_magic_formula.py:456 | Finding alpha for target Fy=-800.00 N at Fz=500.0, gamma=-2.00 deg
2025-04-03 20:48:36,078 | INFO     | v3_magic_formula.py:531 | Found alpha=2.384 deg for target Fy=-800.00 (brentq).
2025-04-03 20:48:36,078 | DEBUG    | v3_magic_formula.py:554 | Step 1: Required alpha (approx) = 2.384 deg
2025-04-03 20:48:36,078 | DEBUG    | v3_magic_formula.py:336 | Calculating peak Fx potential for Fz=500, gamma=-0.03490658503988659
2025-04-03 20:48:36,078 | DEBUG    | v3_magic_formula.py:348 | Peak Fx potential: Dx=1376.84, SVx=-20.75, Peak=1356.09
2025-04-03 20:48:36,078 | DEBUG    | v3_magic_formula.py:354 | Calculating min Fx potential for Fz=500, gamma=-0.03490658503988659
2025-04-03 20:48:36,078 | DEBUG    | v3_magic_formula.py:366 | Min Fx potential: Dx=1376.84, SVx=-20.75, Min=-1397.60
2025-04-03 20:48:36,078 | DEBUG    | v3_magic_formula.py:567 | Step 2: Approx Gxa(alpha_req, k=0) = 0.8947
2025-04-03 20:48:36,078 | DEBUG    | v3_magic_formula.py:579 | Step 3: Target Brake Fx = -1000.29 N (AvailMin=-1250.37)
2025-04-03 20:48:36,078 | DEBUG    | v3_magic_formula.py:373 | Finding kappa for target Fx=-1000.29 N at Fz=500.0, gamma=-2.00 deg
2025-04-03 20:48:36,078 | INFO     | v3_magic_formula.py:438 | Found kappa=-0.0260 for target Fx=-1000.29 (brentq).
2025-04-03 20:48:36,078 | DEBUG    | v3_magic_formula.py:588 | Step 4: Required kappa (approx) = -0.0260
2025-04-03 20:48:36,078 | INFO     | v3_magic_formula.py:590 | Result: alpha=2.384 deg, kappa=-0.0260
2025-04-03 20:48:36,078 | DEBUG    | v3_magic_formula.py:284 | Calculating forces for time 500 ms. Inputs: Fz=500, alpha=0.04161390042198508, kappa=-0.026046776856600177, gamma=-0.03490658503988659
2025-04-03 20:48:36,078 | DEBUG    | v3_magic_formula.py:326 | Force calculation complete for time 500. Fx=-896.94, Fy=-775.64
2025-04-03 20:48:36,078 | DEBUG    | tire_tester.py:48 |   Success: Target Slips: alpha=2.384deg, kappa=-0.0260
2025-04-03 20:48:36,078 | DEBUG    | tire_tester.py:49 |   Resulting Forces: Fx=-896.9N, Fy=-775.6N (Error Fy=24.4N / -3.05%)
2025-04-03 20:48:36,078 | INFO     | tire_tester.py:32 | Running Fy Priority Test 7: 'Impossible Fy Target'
2025-04-03 20:48:36,078 | DEBUG    | tire_tester.py:33 |   Inputs: Fz=400.0N, gamma=0.0deg, Target Fy=-5000.0N, Mode=coast, Intensity=0.00
2025-04-03 20:48:36,079 | INFO     | v3_magic_formula.py:548 | Finding slips for target Fy=-5000.00 N, Fz=400.0, gamma=0.00 deg, mode='coast', intensity=0.00
2025-04-03 20:48:36,079 | DEBUG    | v3_magic_formula.py:456 | Finding alpha for target Fy=-5000.00 N at Fz=400.0, gamma=0.00 deg
2025-04-03 20:48:36,079 | WARNING  | v3_magic_formula.py:493 | Target Fy=-5000.00 outside approx range [-1036.00, 996.94]
2025-04-03 20:48:36,079 | WARNING  | v3_magic_formula.py:553 | Target Fy=-5000.00 N unachievable.
2025-04-03 20:48:36,079 | WARNING  | tire_tester.py:50 |   Failed: Could not find valid slips for target Fy=-5000.0N.
2025-04-03 20:48:36,079 | INFO     | tire_tester.py:52 | --- Fy Priority Test Suite Finished ---
2025-04-03 20:48:36,079 | INFO     | tire_tester.py:60 | --- Starting Pure Fx Inverse Test Suite (8 cases) ---
2025-04-03 20:48:36,080 | INFO     | tire_tester.py:65 | Running Pure Fx Inverse Test 1: 'Zero Fx Target'
2025-04-03 20:48:36,080 | DEBUG    | tire_tester.py:66 |   Inputs: Fz=600.0N, gamma=0.0deg, Target Fx=0.0N
2025-04-03 20:48:36,080 | DEBUG    | v3_magic_formula.py:373 | Finding kappa for target Fx=0.00 N at Fz=600.0, gamma=0.00 deg
2025-04-03 20:48:36,080 | INFO     | v3_magic_formula.py:438 | Found kappa=0.0017 for target Fx=0.00 (brentq).
2025-04-03 20:48:36,080 | DEBUG    | v3_magic_formula.py:284 | Calculating forces for time 0 ms. Inputs: Fz=600, alpha=0.0, kappa=0.0017242539035154454, gamma=0.0
2025-04-03 20:48:36,080 | DEBUG    | v3_magic_formula.py:326 | Force calculation complete for time 0. Fx=0.01, Fy=15.75
2025-04-03 20:48:36,080 | DEBUG    | tire_tester.py:81 |   Success: Target Kappa: 0.0017
2025-04-03 20:48:36,080 | DEBUG    | tire_tester.py:82 |   Resulting Forces: Fx=0.0N, Fy=15.8N (Error Fx=0.0N / inf%)
2025-04-03 20:48:36,080 | INFO     | tire_tester.py:65 | Running Pure Fx Inverse Test 2: 'Moderate Accel'
2025-04-03 20:48:36,080 | DEBUG    | tire_tester.py:66 |   Inputs: Fz=700.0N, gamma=0.0deg, Target Fx=1000.0N
2025-04-03 20:48:36,080 | DEBUG    | v3_magic_formula.py:373 | Finding kappa for target Fx=1000.00 N at Fz=700.0, gamma=0.00 deg
2025-04-03 20:48:36,080 | INFO     | v3_magic_formula.py:438 | Found kappa=0.0219 for target Fx=1000.00 (brentq).
2025-04-03 20:48:36,080 | DEBUG    | v3_magic_formula.py:284 | Calculating forces for time 100 ms. Inputs: Fz=700, alpha=0.0, kappa=0.021890522490922517, gamma=0.0
2025-04-03 20:48:36,080 | DEBUG    | v3_magic_formula.py:326 | Force calculation complete for time 100. Fx=999.91, Fy=8.23
2025-04-03 20:48:36,080 | DEBUG    | tire_tester.py:81 |   Success: Target Kappa: 0.0219
2025-04-03 20:48:36,080 | DEBUG    | tire_tester.py:82 |   Resulting Forces: Fx=999.9N, Fy=8.2N (Error Fx=-0.1N / -0.01%)
2025-04-03 20:48:36,080 | INFO     | tire_tester.py:65 | Running Pure Fx Inverse Test 3: 'High Accel'
2025-04-03 20:48:36,081 | DEBUG    | tire_tester.py:66 |   Inputs: Fz=700.0N, gamma=0.0deg, Target Fx=1800.0N
2025-04-03 20:48:36,081 | DEBUG    | v3_magic_formula.py:373 | Finding kappa for target Fx=1800.00 N at Fz=700.0, gamma=0.00 deg
2025-04-03 20:48:36,081 | INFO     | v3_magic_formula.py:438 | Found kappa=0.0824 for target Fx=1800.00 (brentq).
2025-04-03 20:48:36,081 | DEBUG    | v3_magic_formula.py:284 | Calculating forces for time 200 ms. Inputs: Fz=700, alpha=0.0, kappa=0.0823752195499786, gamma=0.0
2025-04-03 20:48:36,081 | DEBUG    | v3_magic_formula.py:326 | Force calculation complete for time 200. Fx=1800.00, Fy=6.50
2025-04-03 20:48:36,081 | DEBUG    | tire_tester.py:81 |   Success: Target Kappa: 0.0824
2025-04-03 20:48:36,081 | DEBUG    | tire_tester.py:82 |   Resulting Forces: Fx=1800.0N, Fy=6.5N (Error Fx=-0.0N / -0.00%)
2025-04-03 20:48:36,081 | INFO     | tire_tester.py:65 | Running Pure Fx Inverse Test 4: 'Moderate Brake'
2025-04-03 20:48:36,081 | DEBUG    | tire_tester.py:66 |   Inputs: Fz=500.0N, gamma=0.0deg, Target Fx=-800.0N
2025-04-03 20:48:36,081 | DEBUG    | v3_magic_formula.py:373 | Finding kappa for target Fx=-800.00 N at Fz=500.0, gamma=0.00 deg
2025-04-03 20:48:36,081 | INFO     | v3_magic_formula.py:438 | Found kappa=-0.0171 for target Fx=-800.00 (brentq).
2025-04-03 20:48:36,081 | DEBUG    | v3_magic_formula.py:284 | Calculating forces for time 300 ms. Inputs: Fz=500, alpha=0.0, kappa=-0.017139339830176754, gamma=0.0
2025-04-03 20:48:36,081 | DEBUG    | v3_magic_formula.py:326 | Force calculation complete for time 300. Fx=-799.53, Fy=21.90
2025-04-03 20:48:36,081 | DEBUG    | tire_tester.py:81 |   Success: Target Kappa: -0.0171
2025-04-03 20:48:36,081 | DEBUG    | tire_tester.py:82 |   Resulting Forces: Fx=-799.5N, Fy=21.9N (Error Fx=0.5N / -0.06%)
2025-04-03 20:48:36,081 | INFO     | tire_tester.py:65 | Running Pure Fx Inverse Test 5: 'High Brake'
2025-04-03 20:48:36,081 | DEBUG    | tire_tester.py:66 |   Inputs: Fz=500.0N, gamma=0.0deg, Target Fx=-1300.0N
2025-04-03 20:48:36,081 | DEBUG    | v3_magic_formula.py:373 | Finding kappa for target Fx=-1300.00 N at Fz=500.0, gamma=0.00 deg
2025-04-03 20:48:36,081 | INFO     | v3_magic_formula.py:438 | Found kappa=-0.0594 for target Fx=-1300.00 (brentq).
2025-04-03 20:48:36,081 | DEBUG    | v3_magic_formula.py:284 | Calculating forces for time 400 ms. Inputs: Fz=500, alpha=0.0, kappa=-0.059412495669793564, gamma=0.0
2025-04-03 20:48:36,082 | DEBUG    | v3_magic_formula.py:326 | Force calculation complete for time 400. Fx=-1299.96, Fy=19.10
2025-04-03 20:48:36,082 | DEBUG    | tire_tester.py:81 |   Success: Target Kappa: -0.0594
2025-04-03 20:48:36,082 | DEBUG    | tire_tester.py:82 |   Resulting Forces: Fx=-1300.0N, Fy=19.1N (Error Fx=0.0N / -0.00%)
2025-04-03 20:48:36,082 | INFO     | tire_tester.py:65 | Running Pure Fx Inverse Test 6: 'Accel w/ Camber'
2025-04-03 20:48:36,082 | DEBUG    | tire_tester.py:66 |   Inputs: Fz=700.0N, gamma=-2.0deg, Target Fx=1500.0N
2025-04-03 20:48:36,082 | DEBUG    | v3_magic_formula.py:373 | Finding kappa for target Fx=1500.00 N at Fz=700.0, gamma=-2.00 deg
2025-04-03 20:48:36,082 | INFO     | v3_magic_formula.py:438 | Found kappa=0.0433 for target Fx=1500.00 (brentq).
2025-04-03 20:48:36,082 | DEBUG    | v3_magic_formula.py:284 | Calculating forces for time 500 ms. Inputs: Fz=700, alpha=0.0, kappa=0.043264558561810953, gamma=-0.03490658503988659
2025-04-03 20:48:36,082 | DEBUG    | v3_magic_formula.py:326 | Force calculation complete for time 500. Fx=1499.99, Fy=121.40
2025-04-03 20:48:36,082 | DEBUG    | tire_tester.py:81 |   Success: Target Kappa: 0.0433
2025-04-03 20:48:36,082 | DEBUG    | tire_tester.py:82 |   Resulting Forces: Fx=1500.0N, Fy=121.4N (Error Fx=-0.0N / -0.00%)
2025-04-03 20:48:36,082 | INFO     | tire_tester.py:65 | Running Pure Fx Inverse Test 7: 'Impossible Accel'
2025-04-03 20:48:36,082 | DEBUG    | tire_tester.py:66 |   Inputs: Fz=400.0N, gamma=0.0deg, Target Fx=3000.0N
2025-04-03 20:48:36,082 | DEBUG    | v3_magic_formula.py:373 | Finding kappa for target Fx=3000.00 N at Fz=400.0, gamma=0.00 deg
2025-04-03 20:48:36,082 | WARNING  | v3_magic_formula.py:400 | Target Fx=3000.00 is outside achievable range [-1113.90, 1074.84] N.
2025-04-03 20:48:36,082 | WARNING  | tire_tester.py:83 |   Failed: Could not find valid kappa for target Fx=3000.0N.
2025-04-03 20:48:36,082 | INFO     | tire_tester.py:65 | Running Pure Fx Inverse Test 8: 'Impossible Brake'
2025-04-03 20:48:36,082 | DEBUG    | tire_tester.py:66 |   Inputs: Fz=400.0N, gamma=0.0deg, Target Fx=-3000.0N
2025-04-03 20:48:36,082 | DEBUG    | v3_magic_formula.py:373 | Finding kappa for target Fx=-3000.00 N at Fz=400.0, gamma=0.00 deg
2025-04-03 20:48:36,082 | WARNING  | v3_magic_formula.py:400 | Target Fx=-3000.00 is outside achievable range [-1113.90, 1074.84] N.
2025-04-03 20:48:36,082 | WARNING  | tire_tester.py:83 |   Failed: Could not find valid kappa for target Fx=-3000.0N.
2025-04-03 20:48:36,082 | INFO     | tire_tester.py:85 | --- Pure Fx Inverse Test Suite Finished ---
2025-04-03 20:48:36,083 | INFO     | tire_tester.py:93 | --- Starting Pure Fy Inverse Test Suite (8 cases) ---
2025-04-03 20:48:36,083 | INFO     | tire_tester.py:98 | Running Pure Fy Inverse Test 1: 'Zero Fy Target'
2025-04-03 20:48:36,083 | DEBUG    | tire_tester.py:99 |   Inputs: Fz=600.0N, gamma=0.0deg, Target Fy=0.0N
2025-04-03 20:48:36,083 | DEBUG    | v3_magic_formula.py:456 | Finding alpha for target Fy=0.00 N at Fz=600.0, gamma=0.00 deg
2025-04-03 20:48:36,083 | INFO     | v3_magic_formula.py:531 | Found alpha=0.033 deg for target Fy=0.00 (brentq).
2025-04-03 20:48:36,084 | DEBUG    | v3_magic_formula.py:284 | Calculating forces for time 0 ms. Inputs: Fz=600, alpha=0.0005834868827136856, kappa=0.0, gamma=0.0
2025-04-03 20:48:36,084 | DEBUG    | v3_magic_formula.py:326 | Force calculation complete for time 0. Fx=-93.00, Fy=0.01
2025-04-03 20:48:36,084 | DEBUG    | tire_tester.py:114 |   Success: Target Alpha: 0.033deg
2025-04-03 20:48:36,084 | DEBUG    | tire_tester.py:115 |   Resulting Forces: Fx=-93.0N, Fy=0.0N (Error Fy=0.0N / inf%)
2025-04-03 20:48:36,084 | INFO     | tire_tester.py:98 | Running Pure Fy Inverse Test 2: 'Moderate Corner L'
2025-04-03 20:48:36,084 | DEBUG    | tire_tester.py:99 |   Inputs: Fz=600.0N, gamma=0.0deg, Target Fy=-1000.0N
2025-04-03 20:48:36,084 | DEBUG    | v3_magic_formula.py:456 | Finding alpha for target Fy=-1000.00 N at Fz=600.0, gamma=0.00 deg
2025-04-03 20:48:36,084 | INFO     | v3_magic_formula.py:531 | Found alpha=2.469 deg for target Fy=-1000.00 (brentq).
2025-04-03 20:48:36,084 | DEBUG    | v3_magic_formula.py:284 | Calculating forces for time 100 ms. Inputs: Fz=600, alpha=0.04309147209304109, kappa=0.0, gamma=0.0
2025-04-03 20:48:36,084 | DEBUG    | v3_magic_formula.py:326 | Force calculation complete for time 100. Fx=-82.61, Fy=-999.98
2025-04-03 20:48:36,084 | DEBUG    | tire_tester.py:114 |   Success: Target Alpha: 2.469deg
2025-04-03 20:48:36,084 | DEBUG    | tire_tester.py:115 |   Resulting Forces: Fx=-82.6N, Fy=-1000.0N (Error Fy=0.0N / -0.00%)
2025-04-03 20:48:36,084 | INFO     | tire_tester.py:98 | Running Pure Fy Inverse Test 3: 'High Corner L'
2025-04-03 20:48:36,084 | DEBUG    | tire_tester.py:99 |   Inputs: Fz=600.0N, gamma=0.0deg, Target Fy=-1400.0N
2025-04-03 20:48:36,084 | DEBUG    | v3_magic_formula.py:456 | Finding alpha for target Fy=-1400.00 N at Fz=600.0, gamma=0.00 deg
2025-04-03 20:48:36,084 | INFO     | v3_magic_formula.py:531 | Found alpha=4.629 deg for target Fy=-1400.00 (brentq).
2025-04-03 20:48:36,084 | DEBUG    | v3_magic_formula.py:284 | Calculating forces for time 200 ms. Inputs: Fz=600, alpha=0.08078979224193358, kappa=0.0, gamma=0.0
2025-04-03 20:48:36,084 | DEBUG    | v3_magic_formula.py:326 | Force calculation complete for time 200. Fx=-66.77, Fy=-1400.12
2025-04-03 20:48:36,085 | DEBUG    | tire_tester.py:114 |   Success: Target Alpha: 4.629deg
2025-04-03 20:48:36,085 | DEBUG    | tire_tester.py:115 |   Resulting Forces: Fx=-66.8N, Fy=-1400.1N (Error Fy=-0.1N / 0.01%)
2025-04-03 20:48:36,085 | INFO     | tire_tester.py:98 | Running Pure Fy Inverse Test 4: 'Moderate Corner R'
2025-04-03 20:48:36,085 | DEBUG    | tire_tester.py:99 |   Inputs: Fz=700.0N, gamma=0.0deg, Target Fy=800.0N
2025-04-03 20:48:36,085 | DEBUG    | v3_magic_formula.py:456 | Finding alpha for target Fy=800.00 N at Fz=700.0, gamma=0.00 deg
2025-04-03 20:48:36,085 | INFO     | v3_magic_formula.py:531 | Found alpha=-1.700 deg for target Fy=800.00 (brentq).
2025-04-03 20:48:36,085 | DEBUG    | v3_magic_formula.py:284 | Calculating forces for time 300 ms. Inputs: Fz=700, alpha=-0.029664024662642122, kappa=0.0, gamma=0.0
2025-04-03 20:48:36,085 | DEBUG    | v3_magic_formula.py:326 | Force calculation complete for time 300. Fx=-69.05, Fy=800.08
2025-04-03 20:48:36,085 | DEBUG    | tire_tester.py:114 |   Success: Target Alpha: -1.700deg
2025-04-03 20:48:36,085 | DEBUG    | tire_tester.py:115 |   Resulting Forces: Fx=-69.0N, Fy=800.1N (Error Fy=0.1N / 0.01%)
2025-04-03 20:48:36,085 | INFO     | tire_tester.py:98 | Running Pure Fy Inverse Test 5: 'Corner w/ Camber L'
2025-04-03 20:48:36,085 | DEBUG    | tire_tester.py:99 |   Inputs: Fz=600.0N, gamma=-2.0deg, Target Fy=-1200.0N
2025-04-03 20:48:36,085 | DEBUG    | v3_magic_formula.py:456 | Finding alpha for target Fy=-1200.00 N at Fz=600.0, gamma=-2.00 deg
2025-04-03 20:48:36,085 | INFO     | v3_magic_formula.py:531 | Found alpha=3.504 deg for target Fy=-1200.00 (brentq).
2025-04-03 20:48:36,085 | DEBUG    | v3_magic_formula.py:284 | Calculating forces for time 400 ms. Inputs: Fz=600, alpha=0.06115594885109465, kappa=0.0, gamma=-0.03490658503988659
2025-04-03 20:48:36,085 | DEBUG    | v3_magic_formula.py:326 | Force calculation complete for time 400. Fx=-74.33, Fy=-1200.08
2025-04-03 20:48:36,085 | DEBUG    | tire_tester.py:114 |   Success: Target Alpha: 3.504deg
2025-04-03 20:48:36,085 | DEBUG    | tire_tester.py:115 |   Resulting Forces: Fx=-74.3N, Fy=-1200.1N (Error Fy=-0.1N / 0.01%)
2025-04-03 20:48:36,085 | INFO     | tire_tester.py:98 | Running Pure Fy Inverse Test 6: 'Corner w/ Camber R'
2025-04-03 20:48:36,085 | DEBUG    | tire_tester.py:99 |   Inputs: Fz=600.0N, gamma=-2.0deg, Target Fy=1000.0N
2025-04-03 20:48:36,085 | DEBUG    | v3_magic_formula.py:456 | Finding alpha for target Fy=1000.00 N at Fz=600.0, gamma=-2.00 deg
2025-04-03 20:48:36,086 | INFO     | v3_magic_formula.py:531 | Found alpha=-2.292 deg for target Fy=1000.00 (brentq).
2025-04-03 20:48:36,086 | DEBUG    | v3_magic_formula.py:284 | Calculating forces for time 500 ms. Inputs: Fz=600, alpha=-0.0400084855099659, kappa=0.0, gamma=-0.03490658503988659
2025-04-03 20:48:36,086 | DEBUG    | v3_magic_formula.py:326 | Force calculation complete for time 500. Fx=-83.11, Fy=1000.30
2025-04-03 20:48:36,086 | DEBUG    | tire_tester.py:114 |   Success: Target Alpha: -2.292deg
2025-04-03 20:48:36,086 | DEBUG    | tire_tester.py:115 |   Resulting Forces: Fx=-83.1N, Fy=1000.3N (Error Fy=0.3N / 0.03%)
2025-04-03 20:48:36,086 | INFO     | tire_tester.py:98 | Running Pure Fy Inverse Test 7: 'Impossible Corner L'
2025-04-03 20:48:36,086 | DEBUG    | tire_tester.py:99 |   Inputs: Fz=400.0N, gamma=0.0deg, Target Fy=-2000.0N
2025-04-03 20:48:36,086 | DEBUG    | v3_magic_formula.py:456 | Finding alpha for target Fy=-2000.00 N at Fz=400.0, gamma=0.00 deg
2025-04-03 20:48:36,086 | WARNING  | v3_magic_formula.py:493 | Target Fy=-2000.00 outside approx range [-1036.00, 996.94]
2025-04-03 20:48:36,086 | WARNING  | tire_tester.py:116 |   Failed: Could not find valid alpha for target Fy=-2000.0N.
2025-04-03 20:48:36,086 | INFO     | tire_tester.py:98 | Running Pure Fy Inverse Test 8: 'Impossible Corner R'
2025-04-03 20:48:36,086 | DEBUG    | tire_tester.py:99 |   Inputs: Fz=400.0N, gamma=0.0deg, Target Fy=2000.0N
2025-04-03 20:48:36,086 | DEBUG    | v3_magic_formula.py:456 | Finding alpha for target Fy=2000.00 N at Fz=400.0, gamma=0.00 deg
2025-04-03 20:48:36,086 | WARNING  | v3_magic_formula.py:493 | Target Fy=2000.00 outside approx range [-1036.00, 996.94]
2025-04-03 20:48:36,086 | WARNING  | tire_tester.py:116 |   Failed: Could not find valid alpha for target Fy=2000.0N.
2025-04-03 20:48:36,086 | INFO     | tire_tester.py:118 | --- Pure Fy Inverse Test Suite Finished ---
2025-04-03 20:48:36,087 | INFO     | tire_tester.py:125 | --- Testing Components: 'Zero Slips' ---
2025-04-03 20:48:36,087 | DEBUG    | tire_tester.py:127 | Inputs: Fz=600.0, alpha=0.00deg, kappa=0.000, gamma=0.00deg
2025-04-03 20:48:36,087 | DEBUG    | tire_tester.py:139 | Component Calculation Successful. Final Fx=-93.00, Fy=15.75
2025-04-03 20:48:36,087 | INFO     | tire_tester.py:125 | --- Testing Components: 'Pure Accel' ---
2025-04-03 20:48:36,087 | DEBUG    | tire_tester.py:127 | Inputs: Fz=700.0, alpha=0.00deg, kappa=0.100, gamma=0.00deg
2025-04-03 20:48:36,087 | DEBUG    | tire_tester.py:139 | Component Calculation Successful. Final Fx=1848.61, Fy=5.96
2025-04-03 20:48:36,087 | INFO     | tire_tester.py:125 | --- Testing Components: 'Pure Brake' ---
2025-04-03 20:48:36,087 | DEBUG    | tire_tester.py:127 | Inputs: Fz=500.0, alpha=0.00deg, kappa=-0.080, gamma=0.00deg
2025-04-03 20:48:36,087 | DEBUG    | tire_tester.py:139 | Component Calculation Successful. Final Fx=-1353.00, Fy=17.35
2025-04-03 20:48:36,087 | INFO     | tire_tester.py:125 | --- Testing Components: 'Pure Cornering' ---
2025-04-03 20:48:36,087 | DEBUG    | tire_tester.py:127 | Inputs: Fz=600.0, alpha=5.00deg, kappa=0.000, gamma=-2.00deg
2025-04-03 20:48:36,087 | DEBUG    | tire_tester.py:139 | Component Calculation Successful. Final Fx=-63.67, Fy=-1419.82
2025-04-03 20:48:36,087 | INFO     | tire_tester.py:125 | --- Testing Components: 'Cornering + Accel' ---
2025-04-03 20:48:36,087 | DEBUG    | tire_tester.py:127 | Inputs: Fz=700.0, alpha=4.00deg, kappa=0.050, gamma=-2.00deg
2025-04-03 20:48:36,087 | DEBUG    | tire_tester.py:139 | Component Calculation Successful. Final Fx=1237.80, Fy=-1295.07
2025-04-03 20:48:36,087 | INFO     | tire_tester.py:125 | --- Testing Components: 'Cornering + Brake' ---
2025-04-03 20:48:36,087 | DEBUG    | tire_tester.py:127 | Inputs: Fz=500.0, alpha=-3.00deg, kappa=-0.060, gamma=-1.00deg
2025-04-03 20:48:36,087 | DEBUG    | tire_tester.py:139 | Component Calculation Successful. Final Fx=-1120.52, Fy=879.90
2025-04-03 20:53:43,436 | INFO     | v3_magic_formula.py:33 | Initializing Pacejka Tire Model from hoosier_r20.par
2025-04-03 20:53:43,436 | INFO     | v3_magic_formula.py:55 | Loading parameters from: hoosier_r20.par
2025-04-03 20:53:43,436 | INFO     | v3_magic_formula.py:66 | Finished loading parameters from hoosier_r20.par
2025-04-03 20:53:43,436 | DEBUG    | v3_magic_formula.py:71 | Validating required parameters...
2025-04-03 20:53:43,436 | INFO     | v3_magic_formula.py:93 | All required parameters loaded successfully.
2025-04-03 20:53:43,441 | INFO     | v3_magic_formula.py:51 | Pacejka Tire Model initialized successfully.
2025-04-03 20:53:43,442 | INFO     | tire_tester.py:27 | --- Starting Fy Priority Test Suite (7 cases) ---
2025-04-03 20:53:43,442 | INFO     | tire_tester.py:32 | Running Fy Priority Test 1: 'Coast Straight'
2025-04-03 20:53:43,442 | DEBUG    | tire_tester.py:33 |   Inputs: Fz=600.0N, gamma=0.0deg, Target Fy=0.0N, Mode=coast, Intensity=0.00
2025-04-03 20:53:43,442 | INFO     | v3_magic_formula.py:548 | Finding slips for target Fy=0.00 N, Fz=600.0, gamma=0.00 deg, mode='coast', intensity=0.00
2025-04-03 20:53:43,442 | DEBUG    | v3_magic_formula.py:456 | Finding alpha for target Fy=0.00 N at Fz=600.0, gamma=0.00 deg
2025-04-03 20:53:43,442 | INFO     | v3_magic_formula.py:531 | Found alpha=0.033 deg for target Fy=0.00 (brentq).
2025-04-03 20:53:43,442 | DEBUG    | v3_magic_formula.py:554 | Step 1: Required alpha (approx) = 0.033 deg
2025-04-03 20:53:43,442 | DEBUG    | v3_magic_formula.py:336 | Calculating peak Fx potential for Fz=600, gamma=0.0
2025-04-03 20:53:43,442 | DEBUG    | v3_magic_formula.py:348 | Peak Fx potential: Dx=1652.79, SVx=-20.52, Peak=1632.27
2025-04-03 20:53:43,442 | DEBUG    | v3_magic_formula.py:354 | Calculating min Fx potential for Fz=600, gamma=0.0
2025-04-03 20:53:43,442 | DEBUG    | v3_magic_formula.py:366 | Min Fx potential: Dx=1652.79, SVx=-20.52, Min=-1673.31
2025-04-03 20:53:43,442 | DEBUG    | v3_magic_formula.py:567 | Step 2: Approx Gxa(alpha_req, k=0) = 1.0000
2025-04-03 20:53:43,442 | INFO     | v3_magic_formula.py:584 | Target longitudinal force is near zero. Setting kappa_req = 0.
2025-04-03 20:53:43,442 | INFO     | v3_magic_formula.py:590 | Result: alpha=0.033 deg, kappa=0.0000
2025-04-03 20:53:43,442 | DEBUG    | v3_magic_formula.py:284 | Calculating forces for time 0 ms. Inputs: Fz=600, alpha=0.0005834868827136856, kappa=0.0, gamma=0.0
2025-04-03 20:53:43,442 | DEBUG    | v3_magic_formula.py:326 | Force calculation complete for time 0. Fx=-93.00, Fy=0.01
2025-04-03 20:53:43,442 | DEBUG    | tire_tester.py:48 |   Success: Target Slips: alpha=0.033deg, kappa=0.0000
2025-04-03 20:53:43,442 | DEBUG    | tire_tester.py:49 |   Resulting Forces: Fx=-93.0N, Fy=0.0N (Error Fy=0.0N / inf%)
2025-04-03 20:53:43,442 | INFO     | tire_tester.py:32 | Running Fy Priority Test 2: 'Max Accel Straight'
2025-04-03 20:53:43,443 | DEBUG    | tire_tester.py:33 |   Inputs: Fz=700.0N, gamma=0.0deg, Target Fy=0.0N, Mode=accelerate, Intensity=1.00
2025-04-03 20:53:43,443 | INFO     | v3_magic_formula.py:548 | Finding slips for target Fy=0.00 N, Fz=700.0, gamma=0.00 deg, mode='accelerate', intensity=1.00
2025-04-03 20:53:43,443 | DEBUG    | v3_magic_formula.py:456 | Finding alpha for target Fy=0.00 N at Fz=700.0, gamma=0.00 deg
2025-04-03 20:53:43,443 | INFO     | v3_magic_formula.py:531 | Found alpha=0.018 deg for target Fy=0.00 (brentq).
2025-04-03 20:53:43,443 | DEBUG    | v3_magic_formula.py:554 | Step 1: Required alpha (approx) = 0.018 deg
2025-04-03 20:53:43,443 | DEBUG    | v3_magic_formula.py:336 | Calculating peak Fx potential for Fz=700, gamma=0.0
2025-04-03 20:53:43,443 | DEBUG    | v3_magic_formula.py:348 | Peak Fx potential: Dx=1934.81, SVx=-18.82, Peak=1915.99
2025-04-03 20:53:43,443 | DEBUG    | v3_magic_formula.py:354 | Calculating min Fx potential for Fz=700, gamma=0.0
2025-04-03 20:53:43,443 | DEBUG    | v3_magic_formula.py:366 | Min Fx potential: Dx=1934.81, SVx=-18.82, Min=-1953.63
2025-04-03 20:53:43,443 | DEBUG    | v3_magic_formula.py:567 | Step 2: Approx Gxa(alpha_req, k=0) = 1.0000
2025-04-03 20:53:43,443 | DEBUG    | v3_magic_formula.py:576 | Step 3: Target Accel Fx = 1915.97 N (AvailMax=1915.97)
2025-04-03 20:53:43,443 | DEBUG    | v3_magic_formula.py:373 | Finding kappa for target Fx=1915.97 N at Fz=700.0, gamma=0.00 deg
2025-04-03 20:53:43,443 | WARNING  | v3_magic_formula.py:441 | Kappa bracketing failed (errors: f(-0.275)=-3863.889, f(0.275)=-5.439).
2025-04-03 20:53:43,443 | WARNING  | v3_magic_formula.py:447 | Ridder method also failed for kappa.
2025-04-03 20:53:43,443 | WARNING  | v3_magic_formula.py:587 | Could not find kappa for target Fx=1915.97. Setting kappa_req = 0.
2025-04-03 20:53:43,443 | INFO     | v3_magic_formula.py:590 | Result: alpha=0.018 deg, kappa=0.0000
2025-04-03 20:53:43,443 | DEBUG    | v3_magic_formula.py:284 | Calculating forces for time 100 ms. Inputs: Fz=700, alpha=0.00031880253508587966, kappa=0.0, gamma=0.0
2025-04-03 20:53:43,443 | DEBUG    | v3_magic_formula.py:326 | Force calculation complete for time 100. Fx=-73.29, Fy=-0.66
2025-04-03 20:53:43,443 | DEBUG    | tire_tester.py:48 |   Success: Target Slips: alpha=0.018deg, kappa=0.0000
2025-04-03 20:53:43,443 | DEBUG    | tire_tester.py:49 |   Resulting Forces: Fx=-73.3N, Fy=-0.7N (Error Fy=-0.7N / inf%)
2025-04-03 20:53:43,443 | INFO     | tire_tester.py:32 | Running Fy Priority Test 3: 'Max Brake Straight'
2025-04-03 20:53:43,444 | DEBUG    | tire_tester.py:33 |   Inputs: Fz=500.0N, gamma=0.0deg, Target Fy=0.0N, Mode=brake, Intensity=1.00
2025-04-03 20:53:43,444 | INFO     | v3_magic_formula.py:548 | Finding slips for target Fy=0.00 N, Fz=500.0, gamma=0.00 deg, mode='brake', intensity=1.00
2025-04-03 20:53:43,444 | DEBUG    | v3_magic_formula.py:456 | Finding alpha for target Fy=0.00 N at Fz=500.0, gamma=0.00 deg
2025-04-03 20:53:43,444 | INFO     | v3_magic_formula.py:531 | Found alpha=0.051 deg for target Fy=0.00 (brentq).
2025-04-03 20:53:43,444 | DEBUG    | v3_magic_formula.py:554 | Step 1: Required alpha (approx) = 0.051 deg
2025-04-03 20:53:43,444 | DEBUG    | v3_magic_formula.py:336 | Calculating peak Fx potential for Fz=500, gamma=0.0
2025-04-03 20:53:43,444 | DEBUG    | v3_magic_formula.py:348 | Peak Fx potential: Dx=1372.64, SVx=-20.75, Peak=1351.89
2025-04-03 20:53:43,444 | DEBUG    | v3_magic_formula.py:354 | Calculating min Fx potential for Fz=500, gamma=0.0
2025-04-03 20:53:43,444 | DEBUG    | v3_magic_formula.py:366 | Min Fx potential: Dx=1372.64, SVx=-20.75, Min=-1393.40
2025-04-03 20:53:43,444 | DEBUG    | v3_magic_formula.py:567 | Step 2: Approx Gxa(alpha_req, k=0) = 0.9999
2025-04-03 20:53:43,444 | DEBUG    | v3_magic_formula.py:579 | Step 3: Target Brake Fx = -1393.32 N (AvailMin=-1393.32)
2025-04-03 20:53:43,444 | DEBUG    | v3_magic_formula.py:373 | Finding kappa for target Fx=-1393.32 N at Fz=500.0, gamma=0.00 deg
2025-04-03 20:53:43,444 | WARNING  | v3_magic_formula.py:441 | Kappa bracketing failed (errors: f(-0.275)=13.985, f(0.275)=2731.680).
2025-04-03 20:53:43,444 | WARNING  | v3_magic_formula.py:447 | Ridder method also failed for kappa.
2025-04-03 20:53:43,444 | WARNING  | v3_magic_formula.py:587 | Could not find kappa for target Fx=-1393.32. Setting kappa_req = 0.
2025-04-03 20:53:43,444 | INFO     | v3_magic_formula.py:590 | Result: alpha=0.051 deg, kappa=0.0000
2025-04-03 20:53:43,444 | DEBUG    | v3_magic_formula.py:284 | Calculating forces for time 200 ms. Inputs: Fz=500, alpha=0.0008942641857142886, kappa=0.0, gamma=0.0
2025-04-03 20:53:43,444 | DEBUG    | v3_magic_formula.py:326 | Force calculation complete for time 200. Fx=-106.56, Fy=0.03
2025-04-03 20:53:43,444 | DEBUG    | tire_tester.py:48 |   Success: Target Slips: alpha=0.051deg, kappa=0.0000
2025-04-03 20:53:43,444 | DEBUG    | tire_tester.py:49 |   Resulting Forces: Fx=-106.6N, Fy=0.0N (Error Fy=0.0N / inf%)
2025-04-03 20:53:43,444 | INFO     | tire_tester.py:32 | Running Fy Priority Test 4: 'Cornering Coast'
2025-04-03 20:53:43,444 | DEBUG    | tire_tester.py:33 |   Inputs: Fz=600.0N, gamma=-2.0deg, Target Fy=-1500.0N, Mode=coast, Intensity=0.00
2025-04-03 20:53:43,445 | INFO     | v3_magic_formula.py:548 | Finding slips for target Fy=-1500.00 N, Fz=600.0, gamma=-2.00 deg, mode='coast', intensity=0.00
2025-04-03 20:53:43,445 | DEBUG    | v3_magic_formula.py:456 | Finding alpha for target Fy=-1500.00 N at Fz=600.0, gamma=-2.00 deg
2025-04-03 20:53:43,445 | INFO     | v3_magic_formula.py:531 | Found alpha=6.361 deg for target Fy=-1500.00 (brentq).
2025-04-03 20:53:43,445 | DEBUG    | v3_magic_formula.py:554 | Step 1: Required alpha (approx) = 6.361 deg
2025-04-03 20:53:43,445 | DEBUG    | v3_magic_formula.py:336 | Calculating peak Fx potential for Fz=600, gamma=-0.03490658503988659
2025-04-03 20:53:43,445 | DEBUG    | v3_magic_formula.py:348 | Peak Fx potential: Dx=1657.85, SVx=-20.52, Peak=1637.33
2025-04-03 20:53:43,445 | DEBUG    | v3_magic_formula.py:354 | Calculating min Fx potential for Fz=600, gamma=-0.03490658503988659
2025-04-03 20:53:43,445 | DEBUG    | v3_magic_formula.py:366 | Min Fx potential: Dx=1657.85, SVx=-20.52, Min=-1678.37
2025-04-03 20:53:43,445 | DEBUG    | v3_magic_formula.py:567 | Step 2: Approx Gxa(alpha_req, k=0) = 0.6003
2025-04-03 20:53:43,445 | INFO     | v3_magic_formula.py:584 | Target longitudinal force is near zero. Setting kappa_req = 0.
2025-04-03 20:53:43,445 | INFO     | v3_magic_formula.py:590 | Result: alpha=6.361 deg, kappa=0.0000
2025-04-03 20:53:43,445 | DEBUG    | v3_magic_formula.py:284 | Calculating forces for time 300 ms. Inputs: Fz=600, alpha=0.11102370887737106, kappa=0.0, gamma=-0.03490658503988659
2025-04-03 20:53:43,445 | DEBUG    | v3_magic_formula.py:326 | Force calculation complete for time 300. Fx=-55.35, Fy=-1500.05
2025-04-03 20:53:43,445 | DEBUG    | tire_tester.py:48 |   Success: Target Slips: alpha=6.361deg, kappa=0.0000
2025-04-03 20:53:43,445 | DEBUG    | tire_tester.py:49 |   Resulting Forces: Fx=-55.3N, Fy=-1500.0N (Error Fy=-0.0N / 0.00%)
2025-04-03 20:53:43,445 | INFO     | tire_tester.py:32 | Running Fy Priority Test 5: 'Cornering Med Fy Accel'
2025-04-03 20:53:43,445 | DEBUG    | tire_tester.py:33 |   Inputs: Fz=700.0N, gamma=-2.0deg, Target Fy=-1000.0N, Mode=accelerate, Intensity=0.50
2025-04-03 20:53:43,445 | INFO     | v3_magic_formula.py:548 | Finding slips for target Fy=-1000.00 N, Fz=700.0, gamma=-2.00 deg, mode='accelerate', intensity=0.50
2025-04-03 20:53:43,445 | DEBUG    | v3_magic_formula.py:456 | Finding alpha for target Fy=-1000.00 N at Fz=700.0, gamma=-2.00 deg
2025-04-03 20:53:43,445 | INFO     | v3_magic_formula.py:531 | Found alpha=2.512 deg for target Fy=-1000.00 (brentq).
2025-04-03 20:53:43,445 | DEBUG    | v3_magic_formula.py:554 | Step 1: Required alpha (approx) = 2.512 deg
2025-04-03 20:53:43,446 | DEBUG    | v3_magic_formula.py:336 | Calculating peak Fx potential for Fz=700, gamma=-0.03490658503988659
2025-04-03 20:53:43,446 | DEBUG    | v3_magic_formula.py:348 | Peak Fx potential: Dx=1940.73, SVx=-18.82, Peak=1921.91
2025-04-03 20:53:43,446 | DEBUG    | v3_magic_formula.py:354 | Calculating min Fx potential for Fz=700, gamma=-0.03490658503988659
2025-04-03 20:53:43,446 | DEBUG    | v3_magic_formula.py:366 | Min Fx potential: Dx=1940.73, SVx=-18.82, Min=-1959.55
2025-04-03 20:53:43,446 | DEBUG    | v3_magic_formula.py:567 | Step 2: Approx Gxa(alpha_req, k=0) = 0.8850
2025-04-03 20:53:43,446 | DEBUG    | v3_magic_formula.py:576 | Step 3: Target Accel Fx = 850.41 N (AvailMax=1700.82)
2025-04-03 20:53:43,446 | DEBUG    | v3_magic_formula.py:373 | Finding kappa for target Fx=850.41 N at Fz=700.0, gamma=-2.00 deg
2025-04-03 20:53:43,446 | INFO     | v3_magic_formula.py:438 | Found kappa=0.0182 for target Fx=850.41 (brentq).
2025-04-03 20:53:43,446 | DEBUG    | v3_magic_formula.py:588 | Step 4: Required kappa (approx) = 0.0182
2025-04-03 20:53:43,446 | INFO     | v3_magic_formula.py:590 | Result: alpha=2.512 deg, kappa=0.0182
2025-04-03 20:53:43,446 | DEBUG    | v3_magic_formula.py:284 | Calculating forces for time 400 ms. Inputs: Fz=700, alpha=0.04384950900639849, kappa=0.018182038894777233, gamma=-0.03490658503988659
2025-04-03 20:53:43,446 | DEBUG    | v3_magic_formula.py:326 | Force calculation complete for time 400. Fx=754.38, Fy=-984.93
2025-04-03 20:53:43,446 | DEBUG    | tire_tester.py:48 |   Success: Target Slips: alpha=2.512deg, kappa=0.0182
2025-04-03 20:53:43,446 | DEBUG    | tire_tester.py:49 |   Resulting Forces: Fx=754.4N, Fy=-984.9N (Error Fy=15.1N / -1.51%)
2025-04-03 20:53:43,446 | INFO     | tire_tester.py:32 | Running Fy Priority Test 6: 'Cornering Med Fy Brake'
2025-04-03 20:53:43,446 | DEBUG    | tire_tester.py:33 |   Inputs: Fz=500.0N, gamma=-2.0deg, Target Fy=-800.0N, Mode=brake, Intensity=0.80
2025-04-03 20:53:43,446 | INFO     | v3_magic_formula.py:548 | Finding slips for target Fy=-800.00 N, Fz=500.0, gamma=-2.00 deg, mode='brake', intensity=0.80
2025-04-03 20:53:43,446 | DEBUG    | v3_magic_formula.py:456 | Finding alpha for target Fy=-800.00 N at Fz=500.0, gamma=-2.00 deg
2025-04-03 20:53:43,446 | INFO     | v3_magic_formula.py:531 | Found alpha=2.384 deg for target Fy=-800.00 (brentq).
2025-04-03 20:53:43,446 | DEBUG    | v3_magic_formula.py:554 | Step 1: Required alpha (approx) = 2.384 deg
2025-04-03 20:53:43,446 | DEBUG    | v3_magic_formula.py:336 | Calculating peak Fx potential for Fz=500, gamma=-0.03490658503988659
2025-04-03 20:53:43,446 | DEBUG    | v3_magic_formula.py:348 | Peak Fx potential: Dx=1376.84, SVx=-20.75, Peak=1356.09
2025-04-03 20:53:43,447 | DEBUG    | v3_magic_formula.py:354 | Calculating min Fx potential for Fz=500, gamma=-0.03490658503988659
2025-04-03 20:53:43,447 | DEBUG    | v3_magic_formula.py:366 | Min Fx potential: Dx=1376.84, SVx=-20.75, Min=-1397.60
2025-04-03 20:53:43,447 | DEBUG    | v3_magic_formula.py:567 | Step 2: Approx Gxa(alpha_req, k=0) = 0.8947
2025-04-03 20:53:43,447 | DEBUG    | v3_magic_formula.py:579 | Step 3: Target Brake Fx = -1000.29 N (AvailMin=-1250.37)
2025-04-03 20:53:43,447 | DEBUG    | v3_magic_formula.py:373 | Finding kappa for target Fx=-1000.29 N at Fz=500.0, gamma=-2.00 deg
2025-04-03 20:53:43,447 | INFO     | v3_magic_formula.py:438 | Found kappa=-0.0260 for target Fx=-1000.29 (brentq).
2025-04-03 20:53:43,447 | DEBUG    | v3_magic_formula.py:588 | Step 4: Required kappa (approx) = -0.0260
2025-04-03 20:53:43,447 | INFO     | v3_magic_formula.py:590 | Result: alpha=2.384 deg, kappa=-0.0260
2025-04-03 20:53:43,447 | DEBUG    | v3_magic_formula.py:284 | Calculating forces for time 500 ms. Inputs: Fz=500, alpha=0.04161390042198508, kappa=-0.026046776856600177, gamma=-0.03490658503988659
2025-04-03 20:53:43,447 | DEBUG    | v3_magic_formula.py:326 | Force calculation complete for time 500. Fx=-896.94, Fy=-775.64
2025-04-03 20:53:43,447 | DEBUG    | tire_tester.py:48 |   Success: Target Slips: alpha=2.384deg, kappa=-0.0260
2025-04-03 20:53:43,447 | DEBUG    | tire_tester.py:49 |   Resulting Forces: Fx=-896.9N, Fy=-775.6N (Error Fy=24.4N / -3.05%)
2025-04-03 20:53:43,447 | INFO     | tire_tester.py:32 | Running Fy Priority Test 7: 'Impossible Fy Target'
2025-04-03 20:53:43,447 | DEBUG    | tire_tester.py:33 |   Inputs: Fz=400.0N, gamma=0.0deg, Target Fy=-5000.0N, Mode=coast, Intensity=0.00
2025-04-03 20:53:43,447 | INFO     | v3_magic_formula.py:548 | Finding slips for target Fy=-5000.00 N, Fz=400.0, gamma=0.00 deg, mode='coast', intensity=0.00
2025-04-03 20:53:43,447 | DEBUG    | v3_magic_formula.py:456 | Finding alpha for target Fy=-5000.00 N at Fz=400.0, gamma=0.00 deg
2025-04-03 20:53:43,447 | WARNING  | v3_magic_formula.py:493 | Target Fy=-5000.00 outside approx range [-1036.00, 996.94]
2025-04-03 20:53:43,447 | WARNING  | v3_magic_formula.py:553 | Target Fy=-5000.00 N unachievable.
2025-04-03 20:53:43,447 | WARNING  | tire_tester.py:50 |   Failed: Could not find valid slips for target Fy=-5000.0N.
2025-04-03 20:53:43,447 | INFO     | tire_tester.py:52 | --- Fy Priority Test Suite Finished ---
2025-04-03 20:53:43,448 | INFO     | tire_tester.py:60 | --- Starting Pure Fx Inverse Test Suite (8 cases) ---
2025-04-03 20:53:43,448 | INFO     | tire_tester.py:65 | Running Pure Fx Inverse Test 1: 'Zero Fx Target'
2025-04-03 20:53:43,448 | DEBUG    | tire_tester.py:66 |   Inputs: Fz=600.0N, gamma=0.0deg, Target Fx=0.0N
2025-04-03 20:53:43,448 | DEBUG    | v3_magic_formula.py:373 | Finding kappa for target Fx=0.00 N at Fz=600.0, gamma=0.00 deg
2025-04-03 20:53:43,448 | INFO     | v3_magic_formula.py:438 | Found kappa=0.0017 for target Fx=0.00 (brentq).
2025-04-03 20:53:43,448 | DEBUG    | v3_magic_formula.py:284 | Calculating forces for time 0 ms. Inputs: Fz=600, alpha=0.0, kappa=0.0017242539035154454, gamma=0.0
2025-04-03 20:53:43,448 | DEBUG    | v3_magic_formula.py:326 | Force calculation complete for time 0. Fx=0.01, Fy=15.75
2025-04-03 20:53:43,449 | DEBUG    | tire_tester.py:81 |   Success: Target Kappa: 0.0017
2025-04-03 20:53:43,449 | DEBUG    | tire_tester.py:82 |   Resulting Forces: Fx=0.0N, Fy=15.8N (Error Fx=0.0N / inf%)
2025-04-03 20:53:43,449 | INFO     | tire_tester.py:65 | Running Pure Fx Inverse Test 2: 'Moderate Accel'
2025-04-03 20:53:43,449 | DEBUG    | tire_tester.py:66 |   Inputs: Fz=700.0N, gamma=0.0deg, Target Fx=1000.0N
2025-04-03 20:53:43,449 | DEBUG    | v3_magic_formula.py:373 | Finding kappa for target Fx=1000.00 N at Fz=700.0, gamma=0.00 deg
2025-04-03 20:53:43,449 | INFO     | v3_magic_formula.py:438 | Found kappa=0.0219 for target Fx=1000.00 (brentq).
2025-04-03 20:53:43,449 | DEBUG    | v3_magic_formula.py:284 | Calculating forces for time 100 ms. Inputs: Fz=700, alpha=0.0, kappa=0.021890522490922517, gamma=0.0
2025-04-03 20:53:43,449 | DEBUG    | v3_magic_formula.py:326 | Force calculation complete for time 100. Fx=999.91, Fy=8.23
2025-04-03 20:53:43,449 | DEBUG    | tire_tester.py:81 |   Success: Target Kappa: 0.0219
2025-04-03 20:53:43,449 | DEBUG    | tire_tester.py:82 |   Resulting Forces: Fx=999.9N, Fy=8.2N (Error Fx=-0.1N / -0.01%)
2025-04-03 20:53:43,449 | INFO     | tire_tester.py:65 | Running Pure Fx Inverse Test 3: 'High Accel'
2025-04-03 20:53:43,449 | DEBUG    | tire_tester.py:66 |   Inputs: Fz=700.0N, gamma=0.0deg, Target Fx=1800.0N
2025-04-03 20:53:43,449 | DEBUG    | v3_magic_formula.py:373 | Finding kappa for target Fx=1800.00 N at Fz=700.0, gamma=0.00 deg
2025-04-03 20:53:43,449 | INFO     | v3_magic_formula.py:438 | Found kappa=0.0824 for target Fx=1800.00 (brentq).
2025-04-03 20:53:43,449 | DEBUG    | v3_magic_formula.py:284 | Calculating forces for time 200 ms. Inputs: Fz=700, alpha=0.0, kappa=0.0823752195499786, gamma=0.0
2025-04-03 20:53:43,449 | DEBUG    | v3_magic_formula.py:326 | Force calculation complete for time 200. Fx=1800.00, Fy=6.50
2025-04-03 20:53:43,449 | DEBUG    | tire_tester.py:81 |   Success: Target Kappa: 0.0824
2025-04-03 20:53:43,449 | DEBUG    | tire_tester.py:82 |   Resulting Forces: Fx=1800.0N, Fy=6.5N (Error Fx=-0.0N / -0.00%)
2025-04-03 20:53:43,449 | INFO     | tire_tester.py:65 | Running Pure Fx Inverse Test 4: 'Moderate Brake'
2025-04-03 20:53:43,449 | DEBUG    | tire_tester.py:66 |   Inputs: Fz=500.0N, gamma=0.0deg, Target Fx=-800.0N
2025-04-03 20:53:43,449 | DEBUG    | v3_magic_formula.py:373 | Finding kappa for target Fx=-800.00 N at Fz=500.0, gamma=0.00 deg
2025-04-03 20:53:43,450 | INFO     | v3_magic_formula.py:438 | Found kappa=-0.0171 for target Fx=-800.00 (brentq).
2025-04-03 20:53:43,450 | DEBUG    | v3_magic_formula.py:284 | Calculating forces for time 300 ms. Inputs: Fz=500, alpha=0.0, kappa=-0.017139339830176754, gamma=0.0
2025-04-03 20:53:43,450 | DEBUG    | v3_magic_formula.py:326 | Force calculation complete for time 300. Fx=-799.53, Fy=21.90
2025-04-03 20:53:43,450 | DEBUG    | tire_tester.py:81 |   Success: Target Kappa: -0.0171
2025-04-03 20:53:43,450 | DEBUG    | tire_tester.py:82 |   Resulting Forces: Fx=-799.5N, Fy=21.9N (Error Fx=0.5N / -0.06%)
2025-04-03 20:53:43,450 | INFO     | tire_tester.py:65 | Running Pure Fx Inverse Test 5: 'High Brake'
2025-04-03 20:53:43,450 | DEBUG    | tire_tester.py:66 |   Inputs: Fz=500.0N, gamma=0.0deg, Target Fx=-1300.0N
2025-04-03 20:53:43,450 | DEBUG    | v3_magic_formula.py:373 | Finding kappa for target Fx=-1300.00 N at Fz=500.0, gamma=0.00 deg
2025-04-03 20:53:43,450 | INFO     | v3_magic_formula.py:438 | Found kappa=-0.0594 for target Fx=-1300.00 (brentq).
2025-04-03 20:53:43,450 | DEBUG    | v3_magic_formula.py:284 | Calculating forces for time 400 ms. Inputs: Fz=500, alpha=0.0, kappa=-0.059412495669793564, gamma=0.0
2025-04-03 20:53:43,450 | DEBUG    | v3_magic_formula.py:326 | Force calculation complete for time 400. Fx=-1299.96, Fy=19.10
2025-04-03 20:53:43,450 | DEBUG    | tire_tester.py:81 |   Success: Target Kappa: -0.0594
2025-04-03 20:53:43,450 | DEBUG    | tire_tester.py:82 |   Resulting Forces: Fx=-1300.0N, Fy=19.1N (Error Fx=0.0N / -0.00%)
2025-04-03 20:53:43,450 | INFO     | tire_tester.py:65 | Running Pure Fx Inverse Test 6: 'Accel w/ Camber'
2025-04-03 20:53:43,450 | DEBUG    | tire_tester.py:66 |   Inputs: Fz=700.0N, gamma=-2.0deg, Target Fx=1500.0N
2025-04-03 20:53:43,450 | DEBUG    | v3_magic_formula.py:373 | Finding kappa for target Fx=1500.00 N at Fz=700.0, gamma=-2.00 deg
2025-04-03 20:53:43,450 | INFO     | v3_magic_formula.py:438 | Found kappa=0.0433 for target Fx=1500.00 (brentq).
2025-04-03 20:53:43,450 | DEBUG    | v3_magic_formula.py:284 | Calculating forces for time 500 ms. Inputs: Fz=700, alpha=0.0, kappa=0.043264558561810953, gamma=-0.03490658503988659
2025-04-03 20:53:43,450 | DEBUG    | v3_magic_formula.py:326 | Force calculation complete for time 500. Fx=1499.99, Fy=121.40
2025-04-03 20:53:43,450 | DEBUG    | tire_tester.py:81 |   Success: Target Kappa: 0.0433
2025-04-03 20:53:43,450 | DEBUG    | tire_tester.py:82 |   Resulting Forces: Fx=1500.0N, Fy=121.4N (Error Fx=-0.0N / -0.00%)
2025-04-03 20:53:43,451 | INFO     | tire_tester.py:65 | Running Pure Fx Inverse Test 7: 'Impossible Accel'
2025-04-03 20:53:43,451 | DEBUG    | tire_tester.py:66 |   Inputs: Fz=400.0N, gamma=0.0deg, Target Fx=3000.0N
2025-04-03 20:53:43,451 | DEBUG    | v3_magic_formula.py:373 | Finding kappa for target Fx=3000.00 N at Fz=400.0, gamma=0.00 deg
2025-04-03 20:53:43,451 | WARNING  | v3_magic_formula.py:400 | Target Fx=3000.00 is outside achievable range [-1113.90, 1074.84] N.
2025-04-03 20:53:43,451 | WARNING  | tire_tester.py:83 |   Failed: Could not find valid kappa for target Fx=3000.0N.
2025-04-03 20:53:43,451 | INFO     | tire_tester.py:65 | Running Pure Fx Inverse Test 8: 'Impossible Brake'
2025-04-03 20:53:43,451 | DEBUG    | tire_tester.py:66 |   Inputs: Fz=400.0N, gamma=0.0deg, Target Fx=-3000.0N
2025-04-03 20:53:43,451 | DEBUG    | v3_magic_formula.py:373 | Finding kappa for target Fx=-3000.00 N at Fz=400.0, gamma=0.00 deg
2025-04-03 20:53:43,451 | WARNING  | v3_magic_formula.py:400 | Target Fx=-3000.00 is outside achievable range [-1113.90, 1074.84] N.
2025-04-03 20:53:43,451 | WARNING  | tire_tester.py:83 |   Failed: Could not find valid kappa for target Fx=-3000.0N.
2025-04-03 20:53:43,451 | INFO     | tire_tester.py:85 | --- Pure Fx Inverse Test Suite Finished ---
2025-04-03 20:53:43,452 | INFO     | tire_tester.py:93 | --- Starting Pure Fy Inverse Test Suite (8 cases) ---
2025-04-03 20:53:43,452 | INFO     | tire_tester.py:98 | Running Pure Fy Inverse Test 1: 'Zero Fy Target'
2025-04-03 20:53:43,452 | DEBUG    | tire_tester.py:99 |   Inputs: Fz=600.0N, gamma=0.0deg, Target Fy=0.0N
2025-04-03 20:53:43,452 | DEBUG    | v3_magic_formula.py:456 | Finding alpha for target Fy=0.00 N at Fz=600.0, gamma=0.00 deg
2025-04-03 20:53:43,452 | INFO     | v3_magic_formula.py:531 | Found alpha=0.033 deg for target Fy=0.00 (brentq).
2025-04-03 20:53:43,452 | DEBUG    | v3_magic_formula.py:284 | Calculating forces for time 0 ms. Inputs: Fz=600, alpha=0.0005834868827136856, kappa=0.0, gamma=0.0
2025-04-03 20:53:43,452 | DEBUG    | v3_magic_formula.py:326 | Force calculation complete for time 0. Fx=-93.00, Fy=0.01
2025-04-03 20:53:43,452 | DEBUG    | tire_tester.py:114 |   Success: Target Alpha: 0.033deg
2025-04-03 20:53:43,452 | DEBUG    | tire_tester.py:115 |   Resulting Forces: Fx=-93.0N, Fy=0.0N (Error Fy=0.0N / inf%)
2025-04-03 20:53:43,452 | INFO     | tire_tester.py:98 | Running Pure Fy Inverse Test 2: 'Moderate Corner L'
2025-04-03 20:53:43,452 | DEBUG    | tire_tester.py:99 |   Inputs: Fz=600.0N, gamma=0.0deg, Target Fy=-1000.0N
2025-04-03 20:53:43,452 | DEBUG    | v3_magic_formula.py:456 | Finding alpha for target Fy=-1000.00 N at Fz=600.0, gamma=0.00 deg
2025-04-03 20:53:43,452 | INFO     | v3_magic_formula.py:531 | Found alpha=2.469 deg for target Fy=-1000.00 (brentq).
2025-04-03 20:53:43,452 | DEBUG    | v3_magic_formula.py:284 | Calculating forces for time 100 ms. Inputs: Fz=600, alpha=0.04309147209304109, kappa=0.0, gamma=0.0
2025-04-03 20:53:43,453 | DEBUG    | v3_magic_formula.py:326 | Force calculation complete for time 100. Fx=-82.61, Fy=-999.98
2025-04-03 20:53:43,453 | DEBUG    | tire_tester.py:114 |   Success: Target Alpha: 2.469deg
2025-04-03 20:53:43,453 | DEBUG    | tire_tester.py:115 |   Resulting Forces: Fx=-82.6N, Fy=-1000.0N (Error Fy=0.0N / -0.00%)
2025-04-03 20:53:43,453 | INFO     | tire_tester.py:98 | Running Pure Fy Inverse Test 3: 'High Corner L'
2025-04-03 20:53:43,453 | DEBUG    | tire_tester.py:99 |   Inputs: Fz=600.0N, gamma=0.0deg, Target Fy=-1400.0N
2025-04-03 20:53:43,453 | DEBUG    | v3_magic_formula.py:456 | Finding alpha for target Fy=-1400.00 N at Fz=600.0, gamma=0.00 deg
2025-04-03 20:53:43,453 | INFO     | v3_magic_formula.py:531 | Found alpha=4.629 deg for target Fy=-1400.00 (brentq).
2025-04-03 20:53:43,453 | DEBUG    | v3_magic_formula.py:284 | Calculating forces for time 200 ms. Inputs: Fz=600, alpha=0.08078979224193358, kappa=0.0, gamma=0.0
2025-04-03 20:53:43,453 | DEBUG    | v3_magic_formula.py:326 | Force calculation complete for time 200. Fx=-66.77, Fy=-1400.12
2025-04-03 20:53:43,453 | DEBUG    | tire_tester.py:114 |   Success: Target Alpha: 4.629deg
2025-04-03 20:53:43,453 | DEBUG    | tire_tester.py:115 |   Resulting Forces: Fx=-66.8N, Fy=-1400.1N (Error Fy=-0.1N / 0.01%)
2025-04-03 20:53:43,453 | INFO     | tire_tester.py:98 | Running Pure Fy Inverse Test 4: 'Moderate Corner R'
2025-04-03 20:53:43,453 | DEBUG    | tire_tester.py:99 |   Inputs: Fz=700.0N, gamma=0.0deg, Target Fy=800.0N
2025-04-03 20:53:43,453 | DEBUG    | v3_magic_formula.py:456 | Finding alpha for target Fy=800.00 N at Fz=700.0, gamma=0.00 deg
2025-04-03 20:53:43,453 | INFO     | v3_magic_formula.py:531 | Found alpha=-1.700 deg for target Fy=800.00 (brentq).
2025-04-03 20:53:43,453 | DEBUG    | v3_magic_formula.py:284 | Calculating forces for time 300 ms. Inputs: Fz=700, alpha=-0.029664024662642122, kappa=0.0, gamma=0.0
2025-04-03 20:53:43,454 | DEBUG    | v3_magic_formula.py:326 | Force calculation complete for time 300. Fx=-69.05, Fy=800.08
2025-04-03 20:53:43,454 | DEBUG    | tire_tester.py:114 |   Success: Target Alpha: -1.700deg
2025-04-03 20:53:43,454 | DEBUG    | tire_tester.py:115 |   Resulting Forces: Fx=-69.0N, Fy=800.1N (Error Fy=0.1N / 0.01%)
2025-04-03 20:53:43,454 | INFO     | tire_tester.py:98 | Running Pure Fy Inverse Test 5: 'Corner w/ Camber L'
2025-04-03 20:53:43,454 | DEBUG    | tire_tester.py:99 |   Inputs: Fz=600.0N, gamma=-2.0deg, Target Fy=-1200.0N
2025-04-03 20:53:43,454 | DEBUG    | v3_magic_formula.py:456 | Finding alpha for target Fy=-1200.00 N at Fz=600.0, gamma=-2.00 deg
2025-04-03 20:53:43,454 | INFO     | v3_magic_formula.py:531 | Found alpha=3.504 deg for target Fy=-1200.00 (brentq).
2025-04-03 20:53:43,454 | DEBUG    | v3_magic_formula.py:284 | Calculating forces for time 400 ms. Inputs: Fz=600, alpha=0.06115594885109465, kappa=0.0, gamma=-0.03490658503988659
2025-04-03 20:53:43,454 | DEBUG    | v3_magic_formula.py:326 | Force calculation complete for time 400. Fx=-74.33, Fy=-1200.08
2025-04-03 20:53:43,454 | DEBUG    | tire_tester.py:114 |   Success: Target Alpha: 3.504deg
2025-04-03 20:53:43,454 | DEBUG    | tire_tester.py:115 |   Resulting Forces: Fx=-74.3N, Fy=-1200.1N (Error Fy=-0.1N / 0.01%)
2025-04-03 20:53:43,454 | INFO     | tire_tester.py:98 | Running Pure Fy Inverse Test 6: 'Corner w/ Camber R'
2025-04-03 20:53:43,454 | DEBUG    | tire_tester.py:99 |   Inputs: Fz=600.0N, gamma=-2.0deg, Target Fy=1000.0N
2025-04-03 20:53:43,454 | DEBUG    | v3_magic_formula.py:456 | Finding alpha for target Fy=1000.00 N at Fz=600.0, gamma=-2.00 deg
2025-04-03 20:53:43,454 | INFO     | v3_magic_formula.py:531 | Found alpha=-2.292 deg for target Fy=1000.00 (brentq).
2025-04-03 20:53:43,454 | DEBUG    | v3_magic_formula.py:284 | Calculating forces for time 500 ms. Inputs: Fz=600, alpha=-0.0400084855099659, kappa=0.0, gamma=-0.03490658503988659
2025-04-03 20:53:43,454 | DEBUG    | v3_magic_formula.py:326 | Force calculation complete for time 500. Fx=-83.11, Fy=1000.30
2025-04-03 20:53:43,455 | DEBUG    | tire_tester.py:114 |   Success: Target Alpha: -2.292deg
2025-04-03 20:53:43,455 | DEBUG    | tire_tester.py:115 |   Resulting Forces: Fx=-83.1N, Fy=1000.3N (Error Fy=0.3N / 0.03%)
2025-04-03 20:53:43,455 | INFO     | tire_tester.py:98 | Running Pure Fy Inverse Test 7: 'Impossible Corner L'
2025-04-03 20:53:43,455 | DEBUG    | tire_tester.py:99 |   Inputs: Fz=400.0N, gamma=0.0deg, Target Fy=-2000.0N
2025-04-03 20:53:43,455 | DEBUG    | v3_magic_formula.py:456 | Finding alpha for target Fy=-2000.00 N at Fz=400.0, gamma=0.00 deg
2025-04-03 20:53:43,455 | WARNING  | v3_magic_formula.py:493 | Target Fy=-2000.00 outside approx range [-1036.00, 996.94]
2025-04-03 20:53:43,455 | WARNING  | tire_tester.py:116 |   Failed: Could not find valid alpha for target Fy=-2000.0N.
2025-04-03 20:53:43,455 | INFO     | tire_tester.py:98 | Running Pure Fy Inverse Test 8: 'Impossible Corner R'
2025-04-03 20:53:43,455 | DEBUG    | tire_tester.py:99 |   Inputs: Fz=400.0N, gamma=0.0deg, Target Fy=2000.0N
2025-04-03 20:53:43,455 | DEBUG    | v3_magic_formula.py:456 | Finding alpha for target Fy=2000.00 N at Fz=400.0, gamma=0.00 deg
2025-04-03 20:53:43,455 | WARNING  | v3_magic_formula.py:493 | Target Fy=2000.00 outside approx range [-1036.00, 996.94]
2025-04-03 20:53:43,455 | WARNING  | tire_tester.py:116 |   Failed: Could not find valid alpha for target Fy=2000.0N.
2025-04-03 20:53:43,455 | INFO     | tire_tester.py:118 | --- Pure Fy Inverse Test Suite Finished ---
2025-04-03 20:53:43,456 | INFO     | tire_tester.py:125 | --- Testing Components: 'Zero Slips' ---
2025-04-03 20:53:43,456 | DEBUG    | tire_tester.py:127 | Inputs: Fz=600.0, alpha=0.00deg, kappa=0.000, gamma=0.00deg
2025-04-03 20:53:43,456 | DEBUG    | tire_tester.py:139 | Component Calculation Successful. Final Fx=-93.00, Fy=15.75
2025-04-03 20:53:43,456 | INFO     | tire_tester.py:125 | --- Testing Components: 'Pure Accel' ---
2025-04-03 20:53:43,456 | DEBUG    | tire_tester.py:127 | Inputs: Fz=700.0, alpha=0.00deg, kappa=0.100, gamma=0.00deg
2025-04-03 20:53:43,456 | DEBUG    | tire_tester.py:139 | Component Calculation Successful. Final Fx=1848.61, Fy=5.96
2025-04-03 20:53:43,456 | INFO     | tire_tester.py:125 | --- Testing Components: 'Pure Brake' ---
2025-04-03 20:53:43,456 | DEBUG    | tire_tester.py:127 | Inputs: Fz=500.0, alpha=0.00deg, kappa=-0.080, gamma=0.00deg
2025-04-03 20:53:43,456 | DEBUG    | tire_tester.py:139 | Component Calculation Successful. Final Fx=-1353.00, Fy=17.35
2025-04-03 20:53:43,456 | INFO     | tire_tester.py:125 | --- Testing Components: 'Pure Cornering' ---
2025-04-03 20:53:43,456 | DEBUG    | tire_tester.py:127 | Inputs: Fz=600.0, alpha=5.00deg, kappa=0.000, gamma=-2.00deg
2025-04-03 20:53:43,456 | DEBUG    | tire_tester.py:139 | Component Calculation Successful. Final Fx=-63.67, Fy=-1419.82
2025-04-03 20:53:43,456 | INFO     | tire_tester.py:125 | --- Testing Components: 'Cornering + Accel' ---
2025-04-03 20:53:43,456 | DEBUG    | tire_tester.py:127 | Inputs: Fz=700.0, alpha=4.00deg, kappa=0.050, gamma=-2.00deg
2025-04-03 20:53:43,456 | DEBUG    | tire_tester.py:139 | Component Calculation Successful. Final Fx=1237.80, Fy=-1295.07
2025-04-03 20:53:43,456 | INFO     | tire_tester.py:125 | --- Testing Components: 'Cornering + Brake' ---
2025-04-03 20:53:43,457 | DEBUG    | tire_tester.py:127 | Inputs: Fz=500.0, alpha=-3.00deg, kappa=-0.060, gamma=-1.00deg
2025-04-03 20:53:43,457 | DEBUG    | tire_tester.py:139 | Component Calculation Successful. Final Fx=-1120.52, Fy=879.90
2025-04-03 20:53:47,039 | INFO     | v3_magic_formula.py:33 | Initializing Pacejka Tire Model from hoosier_r20.par
2025-04-03 20:53:47,039 | INFO     | v3_magic_formula.py:55 | Loading parameters from: hoosier_r20.par
2025-04-03 20:53:47,039 | INFO     | v3_magic_formula.py:66 | Finished loading parameters from hoosier_r20.par
2025-04-03 20:53:47,039 | DEBUG    | v3_magic_formula.py:71 | Validating required parameters...
2025-04-03 20:53:47,040 | INFO     | v3_magic_formula.py:93 | All required parameters loaded successfully.
2025-04-03 20:53:47,044 | INFO     | v3_magic_formula.py:51 | Pacejka Tire Model initialized successfully.
2025-04-03 20:53:47,045 | INFO     | tire_tester.py:27 | --- Starting Fy Priority Test Suite (7 cases) ---
2025-04-03 20:53:47,045 | INFO     | tire_tester.py:32 | Running Fy Priority Test 1: 'Coast Straight'
2025-04-03 20:53:47,045 | DEBUG    | tire_tester.py:33 |   Inputs: Fz=600.0N, gamma=0.0deg, Target Fy=0.0N, Mode=coast, Intensity=0.00
2025-04-03 20:53:47,045 | INFO     | v3_magic_formula.py:548 | Finding slips for target Fy=0.00 N, Fz=600.0, gamma=0.00 deg, mode='coast', intensity=0.00
2025-04-03 20:53:47,045 | DEBUG    | v3_magic_formula.py:456 | Finding alpha for target Fy=0.00 N at Fz=600.0, gamma=0.00 deg
2025-04-03 20:53:47,045 | INFO     | v3_magic_formula.py:531 | Found alpha=0.033 deg for target Fy=0.00 (brentq).
2025-04-03 20:53:47,045 | DEBUG    | v3_magic_formula.py:554 | Step 1: Required alpha (approx) = 0.033 deg
2025-04-03 20:53:47,045 | DEBUG    | v3_magic_formula.py:336 | Calculating peak Fx potential for Fz=600, gamma=0.0
2025-04-03 20:53:47,045 | DEBUG    | v3_magic_formula.py:348 | Peak Fx potential: Dx=1652.79, SVx=-20.52, Peak=1632.27
2025-04-03 20:53:47,045 | DEBUG    | v3_magic_formula.py:354 | Calculating min Fx potential for Fz=600, gamma=0.0
2025-04-03 20:53:47,045 | DEBUG    | v3_magic_formula.py:366 | Min Fx potential: Dx=1652.79, SVx=-20.52, Min=-1673.31
2025-04-03 20:53:47,045 | DEBUG    | v3_magic_formula.py:567 | Step 2: Approx Gxa(alpha_req, k=0) = 1.0000
2025-04-03 20:53:47,045 | INFO     | v3_magic_formula.py:584 | Target longitudinal force is near zero. Setting kappa_req = 0.
2025-04-03 20:53:47,045 | INFO     | v3_magic_formula.py:590 | Result: alpha=0.033 deg, kappa=0.0000
2025-04-03 20:53:47,045 | DEBUG    | v3_magic_formula.py:284 | Calculating forces for time 0 ms. Inputs: Fz=600, alpha=0.0005834868827136856, kappa=0.0, gamma=0.0
2025-04-03 20:53:47,045 | DEBUG    | v3_magic_formula.py:326 | Force calculation complete for time 0. Fx=-93.00, Fy=0.01
2025-04-03 20:53:47,045 | DEBUG    | tire_tester.py:48 |   Success: Target Slips: alpha=0.033deg, kappa=0.0000
2025-04-03 20:53:47,046 | DEBUG    | tire_tester.py:49 |   Resulting Forces: Fx=-93.0N, Fy=0.0N (Error Fy=0.0N / inf%)
2025-04-03 20:53:47,046 | INFO     | tire_tester.py:32 | Running Fy Priority Test 2: 'Max Accel Straight'
2025-04-03 20:53:47,046 | DEBUG    | tire_tester.py:33 |   Inputs: Fz=700.0N, gamma=0.0deg, Target Fy=0.0N, Mode=accelerate, Intensity=1.00
2025-04-03 20:53:47,046 | INFO     | v3_magic_formula.py:548 | Finding slips for target Fy=0.00 N, Fz=700.0, gamma=0.00 deg, mode='accelerate', intensity=1.00
2025-04-03 20:53:47,046 | DEBUG    | v3_magic_formula.py:456 | Finding alpha for target Fy=0.00 N at Fz=700.0, gamma=0.00 deg
2025-04-03 20:53:47,046 | INFO     | v3_magic_formula.py:531 | Found alpha=0.018 deg for target Fy=0.00 (brentq).
2025-04-03 20:53:47,046 | DEBUG    | v3_magic_formula.py:554 | Step 1: Required alpha (approx) = 0.018 deg
2025-04-03 20:53:47,046 | DEBUG    | v3_magic_formula.py:336 | Calculating peak Fx potential for Fz=700, gamma=0.0
2025-04-03 20:53:47,046 | DEBUG    | v3_magic_formula.py:348 | Peak Fx potential: Dx=1934.81, SVx=-18.82, Peak=1915.99
2025-04-03 20:53:47,046 | DEBUG    | v3_magic_formula.py:354 | Calculating min Fx potential for Fz=700, gamma=0.0
2025-04-03 20:53:47,046 | DEBUG    | v3_magic_formula.py:366 | Min Fx potential: Dx=1934.81, SVx=-18.82, Min=-1953.63
2025-04-03 20:53:47,046 | DEBUG    | v3_magic_formula.py:567 | Step 2: Approx Gxa(alpha_req, k=0) = 1.0000
2025-04-03 20:53:47,046 | DEBUG    | v3_magic_formula.py:576 | Step 3: Target Accel Fx = 1915.97 N (AvailMax=1915.97)
2025-04-03 20:53:47,046 | DEBUG    | v3_magic_formula.py:373 | Finding kappa for target Fx=1915.97 N at Fz=700.0, gamma=0.00 deg
2025-04-03 20:53:47,046 | WARNING  | v3_magic_formula.py:441 | Kappa bracketing failed (errors: f(-0.275)=-3863.889, f(0.275)=-5.439).
2025-04-03 20:53:47,046 | WARNING  | v3_magic_formula.py:447 | Ridder method also failed for kappa.
2025-04-03 20:53:47,046 | WARNING  | v3_magic_formula.py:587 | Could not find kappa for target Fx=1915.97. Setting kappa_req = 0.
2025-04-03 20:53:47,046 | INFO     | v3_magic_formula.py:590 | Result: alpha=0.018 deg, kappa=0.0000
2025-04-03 20:53:47,046 | DEBUG    | v3_magic_formula.py:284 | Calculating forces for time 100 ms. Inputs: Fz=700, alpha=0.00031880253508587966, kappa=0.0, gamma=0.0
2025-04-03 20:53:47,046 | DEBUG    | v3_magic_formula.py:326 | Force calculation complete for time 100. Fx=-73.29, Fy=-0.66
2025-04-03 20:53:47,047 | DEBUG    | tire_tester.py:48 |   Success: Target Slips: alpha=0.018deg, kappa=0.0000
2025-04-03 20:53:47,047 | DEBUG    | tire_tester.py:49 |   Resulting Forces: Fx=-73.3N, Fy=-0.7N (Error Fy=-0.7N / inf%)
2025-04-03 20:53:47,047 | INFO     | tire_tester.py:32 | Running Fy Priority Test 3: 'Max Brake Straight'
2025-04-03 20:53:47,047 | DEBUG    | tire_tester.py:33 |   Inputs: Fz=500.0N, gamma=0.0deg, Target Fy=0.0N, Mode=brake, Intensity=1.00
2025-04-03 20:53:47,047 | INFO     | v3_magic_formula.py:548 | Finding slips for target Fy=0.00 N, Fz=500.0, gamma=0.00 deg, mode='brake', intensity=1.00
2025-04-03 20:53:47,047 | DEBUG    | v3_magic_formula.py:456 | Finding alpha for target Fy=0.00 N at Fz=500.0, gamma=0.00 deg
2025-04-03 20:53:47,047 | INFO     | v3_magic_formula.py:531 | Found alpha=0.051 deg for target Fy=0.00 (brentq).
2025-04-03 20:53:47,047 | DEBUG    | v3_magic_formula.py:554 | Step 1: Required alpha (approx) = 0.051 deg
2025-04-03 20:53:47,047 | DEBUG    | v3_magic_formula.py:336 | Calculating peak Fx potential for Fz=500, gamma=0.0
2025-04-03 20:53:47,047 | DEBUG    | v3_magic_formula.py:348 | Peak Fx potential: Dx=1372.64, SVx=-20.75, Peak=1351.89
2025-04-03 20:53:47,047 | DEBUG    | v3_magic_formula.py:354 | Calculating min Fx potential for Fz=500, gamma=0.0
2025-04-03 20:53:47,047 | DEBUG    | v3_magic_formula.py:366 | Min Fx potential: Dx=1372.64, SVx=-20.75, Min=-1393.40
2025-04-03 20:53:47,047 | DEBUG    | v3_magic_formula.py:567 | Step 2: Approx Gxa(alpha_req, k=0) = 0.9999
2025-04-03 20:53:47,047 | DEBUG    | v3_magic_formula.py:579 | Step 3: Target Brake Fx = -1393.32 N (AvailMin=-1393.32)
2025-04-03 20:53:47,047 | DEBUG    | v3_magic_formula.py:373 | Finding kappa for target Fx=-1393.32 N at Fz=500.0, gamma=0.00 deg
2025-04-03 20:53:47,047 | WARNING  | v3_magic_formula.py:441 | Kappa bracketing failed (errors: f(-0.275)=13.985, f(0.275)=2731.680).
2025-04-03 20:53:47,047 | WARNING  | v3_magic_formula.py:447 | Ridder method also failed for kappa.
2025-04-03 20:53:47,047 | WARNING  | v3_magic_formula.py:587 | Could not find kappa for target Fx=-1393.32. Setting kappa_req = 0.
2025-04-03 20:53:47,047 | INFO     | v3_magic_formula.py:590 | Result: alpha=0.051 deg, kappa=0.0000
2025-04-03 20:53:47,047 | DEBUG    | v3_magic_formula.py:284 | Calculating forces for time 200 ms. Inputs: Fz=500, alpha=0.0008942641857142886, kappa=0.0, gamma=0.0
2025-04-03 20:53:47,047 | DEBUG    | v3_magic_formula.py:326 | Force calculation complete for time 200. Fx=-106.56, Fy=0.03
2025-04-03 20:53:47,047 | DEBUG    | tire_tester.py:48 |   Success: Target Slips: alpha=0.051deg, kappa=0.0000
2025-04-03 20:53:47,048 | DEBUG    | tire_tester.py:49 |   Resulting Forces: Fx=-106.6N, Fy=0.0N (Error Fy=0.0N / inf%)
2025-04-03 20:53:47,048 | INFO     | tire_tester.py:32 | Running Fy Priority Test 4: 'Cornering Coast'
2025-04-03 20:53:47,048 | DEBUG    | tire_tester.py:33 |   Inputs: Fz=600.0N, gamma=-2.0deg, Target Fy=-1500.0N, Mode=coast, Intensity=0.00
2025-04-03 20:53:47,048 | INFO     | v3_magic_formula.py:548 | Finding slips for target Fy=-1500.00 N, Fz=600.0, gamma=-2.00 deg, mode='coast', intensity=0.00
2025-04-03 20:53:47,048 | DEBUG    | v3_magic_formula.py:456 | Finding alpha for target Fy=-1500.00 N at Fz=600.0, gamma=-2.00 deg
2025-04-03 20:53:47,048 | INFO     | v3_magic_formula.py:531 | Found alpha=6.361 deg for target Fy=-1500.00 (brentq).
2025-04-03 20:53:47,048 | DEBUG    | v3_magic_formula.py:554 | Step 1: Required alpha (approx) = 6.361 deg
2025-04-03 20:53:47,048 | DEBUG    | v3_magic_formula.py:336 | Calculating peak Fx potential for Fz=600, gamma=-0.03490658503988659
2025-04-03 20:53:47,048 | DEBUG    | v3_magic_formula.py:348 | Peak Fx potential: Dx=1657.85, SVx=-20.52, Peak=1637.33
2025-04-03 20:53:47,048 | DEBUG    | v3_magic_formula.py:354 | Calculating min Fx potential for Fz=600, gamma=-0.03490658503988659
2025-04-03 20:53:47,048 | DEBUG    | v3_magic_formula.py:366 | Min Fx potential: Dx=1657.85, SVx=-20.52, Min=-1678.37
2025-04-03 20:53:47,048 | DEBUG    | v3_magic_formula.py:567 | Step 2: Approx Gxa(alpha_req, k=0) = 0.6003
2025-04-03 20:53:47,048 | INFO     | v3_magic_formula.py:584 | Target longitudinal force is near zero. Setting kappa_req = 0.
2025-04-03 20:53:47,048 | INFO     | v3_magic_formula.py:590 | Result: alpha=6.361 deg, kappa=0.0000
2025-04-03 20:53:47,048 | DEBUG    | v3_magic_formula.py:284 | Calculating forces for time 300 ms. Inputs: Fz=600, alpha=0.11102370887737106, kappa=0.0, gamma=-0.03490658503988659
2025-04-03 20:53:47,048 | DEBUG    | v3_magic_formula.py:326 | Force calculation complete for time 300. Fx=-55.35, Fy=-1500.05
2025-04-03 20:53:47,048 | DEBUG    | tire_tester.py:48 |   Success: Target Slips: alpha=6.361deg, kappa=0.0000
2025-04-03 20:53:47,048 | DEBUG    | tire_tester.py:49 |   Resulting Forces: Fx=-55.3N, Fy=-1500.0N (Error Fy=-0.0N / 0.00%)
2025-04-03 20:53:47,048 | INFO     | tire_tester.py:32 | Running Fy Priority Test 5: 'Cornering Med Fy Accel'
2025-04-03 20:53:47,048 | DEBUG    | tire_tester.py:33 |   Inputs: Fz=700.0N, gamma=-2.0deg, Target Fy=-1000.0N, Mode=accelerate, Intensity=0.50
2025-04-03 20:53:47,048 | INFO     | v3_magic_formula.py:548 | Finding slips for target Fy=-1000.00 N, Fz=700.0, gamma=-2.00 deg, mode='accelerate', intensity=0.50
2025-04-03 20:53:47,048 | DEBUG    | v3_magic_formula.py:456 | Finding alpha for target Fy=-1000.00 N at Fz=700.0, gamma=-2.00 deg
2025-04-03 20:53:47,048 | INFO     | v3_magic_formula.py:531 | Found alpha=2.512 deg for target Fy=-1000.00 (brentq).
2025-04-03 20:53:47,049 | DEBUG    | v3_magic_formula.py:554 | Step 1: Required alpha (approx) = 2.512 deg
2025-04-03 20:53:47,049 | DEBUG    | v3_magic_formula.py:336 | Calculating peak Fx potential for Fz=700, gamma=-0.03490658503988659
2025-04-03 20:53:47,049 | DEBUG    | v3_magic_formula.py:348 | Peak Fx potential: Dx=1940.73, SVx=-18.82, Peak=1921.91
2025-04-03 20:53:47,049 | DEBUG    | v3_magic_formula.py:354 | Calculating min Fx potential for Fz=700, gamma=-0.03490658503988659
2025-04-03 20:53:47,049 | DEBUG    | v3_magic_formula.py:366 | Min Fx potential: Dx=1940.73, SVx=-18.82, Min=-1959.55
2025-04-03 20:53:47,049 | DEBUG    | v3_magic_formula.py:567 | Step 2: Approx Gxa(alpha_req, k=0) = 0.8850
2025-04-03 20:53:47,049 | DEBUG    | v3_magic_formula.py:576 | Step 3: Target Accel Fx = 850.41 N (AvailMax=1700.82)
2025-04-03 20:53:47,049 | DEBUG    | v3_magic_formula.py:373 | Finding kappa for target Fx=850.41 N at Fz=700.0, gamma=-2.00 deg
2025-04-03 20:53:47,049 | INFO     | v3_magic_formula.py:438 | Found kappa=0.0182 for target Fx=850.41 (brentq).
2025-04-03 20:53:47,049 | DEBUG    | v3_magic_formula.py:588 | Step 4: Required kappa (approx) = 0.0182
2025-04-03 20:53:47,049 | INFO     | v3_magic_formula.py:590 | Result: alpha=2.512 deg, kappa=0.0182
2025-04-03 20:53:47,049 | DEBUG    | v3_magic_formula.py:284 | Calculating forces for time 400 ms. Inputs: Fz=700, alpha=0.04384950900639849, kappa=0.018182038894777233, gamma=-0.03490658503988659
2025-04-03 20:53:47,049 | DEBUG    | v3_magic_formula.py:326 | Force calculation complete for time 400. Fx=754.38, Fy=-984.93
2025-04-03 20:53:47,049 | DEBUG    | tire_tester.py:48 |   Success: Target Slips: alpha=2.512deg, kappa=0.0182
2025-04-03 20:53:47,049 | DEBUG    | tire_tester.py:49 |   Resulting Forces: Fx=754.4N, Fy=-984.9N (Error Fy=15.1N / -1.51%)
2025-04-03 20:53:47,049 | INFO     | tire_tester.py:32 | Running Fy Priority Test 6: 'Cornering Med Fy Brake'
2025-04-03 20:53:47,049 | DEBUG    | tire_tester.py:33 |   Inputs: Fz=500.0N, gamma=-2.0deg, Target Fy=-800.0N, Mode=brake, Intensity=0.80
2025-04-03 20:53:47,049 | INFO     | v3_magic_formula.py:548 | Finding slips for target Fy=-800.00 N, Fz=500.0, gamma=-2.00 deg, mode='brake', intensity=0.80
2025-04-03 20:53:47,049 | DEBUG    | v3_magic_formula.py:456 | Finding alpha for target Fy=-800.00 N at Fz=500.0, gamma=-2.00 deg
2025-04-03 20:53:47,049 | INFO     | v3_magic_formula.py:531 | Found alpha=2.384 deg for target Fy=-800.00 (brentq).
2025-04-03 20:53:47,049 | DEBUG    | v3_magic_formula.py:554 | Step 1: Required alpha (approx) = 2.384 deg
2025-04-03 20:53:47,049 | DEBUG    | v3_magic_formula.py:336 | Calculating peak Fx potential for Fz=500, gamma=-0.03490658503988659
2025-04-03 20:53:47,049 | DEBUG    | v3_magic_formula.py:348 | Peak Fx potential: Dx=1376.84, SVx=-20.75, Peak=1356.09
2025-04-03 20:53:47,050 | DEBUG    | v3_magic_formula.py:354 | Calculating min Fx potential for Fz=500, gamma=-0.03490658503988659
2025-04-03 20:53:47,050 | DEBUG    | v3_magic_formula.py:366 | Min Fx potential: Dx=1376.84, SVx=-20.75, Min=-1397.60
2025-04-03 20:53:47,050 | DEBUG    | v3_magic_formula.py:567 | Step 2: Approx Gxa(alpha_req, k=0) = 0.8947
2025-04-03 20:53:47,050 | DEBUG    | v3_magic_formula.py:579 | Step 3: Target Brake Fx = -1000.29 N (AvailMin=-1250.37)
2025-04-03 20:53:47,050 | DEBUG    | v3_magic_formula.py:373 | Finding kappa for target Fx=-1000.29 N at Fz=500.0, gamma=-2.00 deg
2025-04-03 20:53:47,050 | INFO     | v3_magic_formula.py:438 | Found kappa=-0.0260 for target Fx=-1000.29 (brentq).
2025-04-03 20:53:47,050 | DEBUG    | v3_magic_formula.py:588 | Step 4: Required kappa (approx) = -0.0260
2025-04-03 20:53:47,050 | INFO     | v3_magic_formula.py:590 | Result: alpha=2.384 deg, kappa=-0.0260
2025-04-03 20:53:47,050 | DEBUG    | v3_magic_formula.py:284 | Calculating forces for time 500 ms. Inputs: Fz=500, alpha=0.04161390042198508, kappa=-0.026046776856600177, gamma=-0.03490658503988659
2025-04-03 20:53:47,050 | DEBUG    | v3_magic_formula.py:326 | Force calculation complete for time 500. Fx=-896.94, Fy=-775.64
2025-04-03 20:53:47,050 | DEBUG    | tire_tester.py:48 |   Success: Target Slips: alpha=2.384deg, kappa=-0.0260
2025-04-03 20:53:47,050 | DEBUG    | tire_tester.py:49 |   Resulting Forces: Fx=-896.9N, Fy=-775.6N (Error Fy=24.4N / -3.05%)
2025-04-03 20:53:47,050 | INFO     | tire_tester.py:32 | Running Fy Priority Test 7: 'Impossible Fy Target'
2025-04-03 20:53:47,050 | DEBUG    | tire_tester.py:33 |   Inputs: Fz=400.0N, gamma=0.0deg, Target Fy=-5000.0N, Mode=coast, Intensity=0.00
2025-04-03 20:53:47,050 | INFO     | v3_magic_formula.py:548 | Finding slips for target Fy=-5000.00 N, Fz=400.0, gamma=0.00 deg, mode='coast', intensity=0.00
2025-04-03 20:53:47,050 | DEBUG    | v3_magic_formula.py:456 | Finding alpha for target Fy=-5000.00 N at Fz=400.0, gamma=0.00 deg
2025-04-03 20:53:47,050 | WARNING  | v3_magic_formula.py:493 | Target Fy=-5000.00 outside approx range [-1036.00, 996.94]
2025-04-03 20:53:47,050 | WARNING  | v3_magic_formula.py:553 | Target Fy=-5000.00 N unachievable.
2025-04-03 20:53:47,050 | WARNING  | tire_tester.py:50 |   Failed: Could not find valid slips for target Fy=-5000.0N.
2025-04-03 20:53:47,050 | INFO     | tire_tester.py:52 | --- Fy Priority Test Suite Finished ---
2025-04-03 20:53:47,051 | INFO     | tire_tester.py:60 | --- Starting Pure Fx Inverse Test Suite (8 cases) ---
2025-04-03 20:53:47,051 | INFO     | tire_tester.py:65 | Running Pure Fx Inverse Test 1: 'Zero Fx Target'
2025-04-03 20:53:47,051 | DEBUG    | tire_tester.py:66 |   Inputs: Fz=600.0N, gamma=0.0deg, Target Fx=0.0N
2025-04-03 20:53:47,051 | DEBUG    | v3_magic_formula.py:373 | Finding kappa for target Fx=0.00 N at Fz=600.0, gamma=0.00 deg
2025-04-03 20:53:47,051 | INFO     | v3_magic_formula.py:438 | Found kappa=0.0017 for target Fx=0.00 (brentq).
2025-04-03 20:53:47,052 | DEBUG    | v3_magic_formula.py:284 | Calculating forces for time 0 ms. Inputs: Fz=600, alpha=0.0, kappa=0.0017242539035154454, gamma=0.0
2025-04-03 20:53:47,052 | DEBUG    | v3_magic_formula.py:326 | Force calculation complete for time 0. Fx=0.01, Fy=15.75
2025-04-03 20:53:47,052 | DEBUG    | tire_tester.py:81 |   Success: Target Kappa: 0.0017
2025-04-03 20:53:47,052 | DEBUG    | tire_tester.py:82 |   Resulting Forces: Fx=0.0N, Fy=15.8N (Error Fx=0.0N / inf%)
2025-04-03 20:53:47,052 | INFO     | tire_tester.py:65 | Running Pure Fx Inverse Test 2: 'Moderate Accel'
2025-04-03 20:53:47,052 | DEBUG    | tire_tester.py:66 |   Inputs: Fz=700.0N, gamma=0.0deg, Target Fx=1000.0N
2025-04-03 20:53:47,052 | DEBUG    | v3_magic_formula.py:373 | Finding kappa for target Fx=1000.00 N at Fz=700.0, gamma=0.00 deg
2025-04-03 20:53:47,052 | INFO     | v3_magic_formula.py:438 | Found kappa=0.0219 for target Fx=1000.00 (brentq).
2025-04-03 20:53:47,052 | DEBUG    | v3_magic_formula.py:284 | Calculating forces for time 100 ms. Inputs: Fz=700, alpha=0.0, kappa=0.021890522490922517, gamma=0.0
2025-04-03 20:53:47,052 | DEBUG    | v3_magic_formula.py:326 | Force calculation complete for time 100. Fx=999.91, Fy=8.23
2025-04-03 20:53:47,052 | DEBUG    | tire_tester.py:81 |   Success: Target Kappa: 0.0219
2025-04-03 20:53:47,052 | DEBUG    | tire_tester.py:82 |   Resulting Forces: Fx=999.9N, Fy=8.2N (Error Fx=-0.1N / -0.01%)
2025-04-03 20:53:47,052 | INFO     | tire_tester.py:65 | Running Pure Fx Inverse Test 3: 'High Accel'
2025-04-03 20:53:47,052 | DEBUG    | tire_tester.py:66 |   Inputs: Fz=700.0N, gamma=0.0deg, Target Fx=1800.0N
2025-04-03 20:53:47,052 | DEBUG    | v3_magic_formula.py:373 | Finding kappa for target Fx=1800.00 N at Fz=700.0, gamma=0.00 deg
2025-04-03 20:53:47,052 | INFO     | v3_magic_formula.py:438 | Found kappa=0.0824 for target Fx=1800.00 (brentq).
2025-04-03 20:53:47,052 | DEBUG    | v3_magic_formula.py:284 | Calculating forces for time 200 ms. Inputs: Fz=700, alpha=0.0, kappa=0.0823752195499786, gamma=0.0
2025-04-03 20:53:47,052 | DEBUG    | v3_magic_formula.py:326 | Force calculation complete for time 200. Fx=1800.00, Fy=6.50
2025-04-03 20:53:47,052 | DEBUG    | tire_tester.py:81 |   Success: Target Kappa: 0.0824
2025-04-03 20:53:47,052 | DEBUG    | tire_tester.py:82 |   Resulting Forces: Fx=1800.0N, Fy=6.5N (Error Fx=-0.0N / -0.00%)
2025-04-03 20:53:47,052 | INFO     | tire_tester.py:65 | Running Pure Fx Inverse Test 4: 'Moderate Brake'
2025-04-03 20:53:47,053 | DEBUG    | tire_tester.py:66 |   Inputs: Fz=500.0N, gamma=0.0deg, Target Fx=-800.0N
2025-04-03 20:53:47,053 | DEBUG    | v3_magic_formula.py:373 | Finding kappa for target Fx=-800.00 N at Fz=500.0, gamma=0.00 deg
2025-04-03 20:53:47,053 | INFO     | v3_magic_formula.py:438 | Found kappa=-0.0171 for target Fx=-800.00 (brentq).
2025-04-03 20:53:47,053 | DEBUG    | v3_magic_formula.py:284 | Calculating forces for time 300 ms. Inputs: Fz=500, alpha=0.0, kappa=-0.017139339830176754, gamma=0.0
2025-04-03 20:53:47,053 | DEBUG    | v3_magic_formula.py:326 | Force calculation complete for time 300. Fx=-799.53, Fy=21.90
2025-04-03 20:53:47,053 | DEBUG    | tire_tester.py:81 |   Success: Target Kappa: -0.0171
2025-04-03 20:53:47,053 | DEBUG    | tire_tester.py:82 |   Resulting Forces: Fx=-799.5N, Fy=21.9N (Error Fx=0.5N / -0.06%)
2025-04-03 20:53:47,053 | INFO     | tire_tester.py:65 | Running Pure Fx Inverse Test 5: 'High Brake'
2025-04-03 20:53:47,053 | DEBUG    | tire_tester.py:66 |   Inputs: Fz=500.0N, gamma=0.0deg, Target Fx=-1300.0N
2025-04-03 20:53:47,053 | DEBUG    | v3_magic_formula.py:373 | Finding kappa for target Fx=-1300.00 N at Fz=500.0, gamma=0.00 deg
2025-04-03 20:53:47,053 | INFO     | v3_magic_formula.py:438 | Found kappa=-0.0594 for target Fx=-1300.00 (brentq).
2025-04-03 20:53:47,053 | DEBUG    | v3_magic_formula.py:284 | Calculating forces for time 400 ms. Inputs: Fz=500, alpha=0.0, kappa=-0.059412495669793564, gamma=0.0
2025-04-03 20:53:47,053 | DEBUG    | v3_magic_formula.py:326 | Force calculation complete for time 400. Fx=-1299.96, Fy=19.10
2025-04-03 20:53:47,053 | DEBUG    | tire_tester.py:81 |   Success: Target Kappa: -0.0594
2025-04-03 20:53:47,053 | DEBUG    | tire_tester.py:82 |   Resulting Forces: Fx=-1300.0N, Fy=19.1N (Error Fx=0.0N / -0.00%)
2025-04-03 20:53:47,053 | INFO     | tire_tester.py:65 | Running Pure Fx Inverse Test 6: 'Accel w/ Camber'
2025-04-03 20:53:47,053 | DEBUG    | tire_tester.py:66 |   Inputs: Fz=700.0N, gamma=-2.0deg, Target Fx=1500.0N
2025-04-03 20:53:47,053 | DEBUG    | v3_magic_formula.py:373 | Finding kappa for target Fx=1500.00 N at Fz=700.0, gamma=-2.00 deg
2025-04-03 20:53:47,053 | INFO     | v3_magic_formula.py:438 | Found kappa=0.0433 for target Fx=1500.00 (brentq).
2025-04-03 20:53:47,053 | DEBUG    | v3_magic_formula.py:284 | Calculating forces for time 500 ms. Inputs: Fz=700, alpha=0.0, kappa=0.043264558561810953, gamma=-0.03490658503988659
2025-04-03 20:53:47,054 | DEBUG    | v3_magic_formula.py:326 | Force calculation complete for time 500. Fx=1499.99, Fy=121.40
2025-04-03 20:53:47,054 | DEBUG    | tire_tester.py:81 |   Success: Target Kappa: 0.0433
2025-04-03 20:53:47,054 | DEBUG    | tire_tester.py:82 |   Resulting Forces: Fx=1500.0N, Fy=121.4N (Error Fx=-0.0N / -0.00%)
2025-04-03 20:53:47,054 | INFO     | tire_tester.py:65 | Running Pure Fx Inverse Test 7: 'Impossible Accel'
2025-04-03 20:53:47,054 | DEBUG    | tire_tester.py:66 |   Inputs: Fz=400.0N, gamma=0.0deg, Target Fx=3000.0N
2025-04-03 20:53:47,054 | DEBUG    | v3_magic_formula.py:373 | Finding kappa for target Fx=3000.00 N at Fz=400.0, gamma=0.00 deg
2025-04-03 20:53:47,054 | WARNING  | v3_magic_formula.py:400 | Target Fx=3000.00 is outside achievable range [-1113.90, 1074.84] N.
2025-04-03 20:53:47,054 | WARNING  | tire_tester.py:83 |   Failed: Could not find valid kappa for target Fx=3000.0N.
2025-04-03 20:53:47,054 | INFO     | tire_tester.py:65 | Running Pure Fx Inverse Test 8: 'Impossible Brake'
2025-04-03 20:53:47,054 | DEBUG    | tire_tester.py:66 |   Inputs: Fz=400.0N, gamma=0.0deg, Target Fx=-3000.0N
2025-04-03 20:53:47,054 | DEBUG    | v3_magic_formula.py:373 | Finding kappa for target Fx=-3000.00 N at Fz=400.0, gamma=0.00 deg
2025-04-03 20:53:47,054 | WARNING  | v3_magic_formula.py:400 | Target Fx=-3000.00 is outside achievable range [-1113.90, 1074.84] N.
2025-04-03 20:53:47,054 | WARNING  | tire_tester.py:83 |   Failed: Could not find valid kappa for target Fx=-3000.0N.
2025-04-03 20:53:47,054 | INFO     | tire_tester.py:85 | --- Pure Fx Inverse Test Suite Finished ---
2025-04-03 20:53:47,055 | INFO     | tire_tester.py:93 | --- Starting Pure Fy Inverse Test Suite (8 cases) ---
2025-04-03 20:53:47,055 | INFO     | tire_tester.py:98 | Running Pure Fy Inverse Test 1: 'Zero Fy Target'
2025-04-03 20:53:47,055 | DEBUG    | tire_tester.py:99 |   Inputs: Fz=600.0N, gamma=0.0deg, Target Fy=0.0N
2025-04-03 20:53:47,055 | DEBUG    | v3_magic_formula.py:456 | Finding alpha for target Fy=0.00 N at Fz=600.0, gamma=0.00 deg
2025-04-03 20:53:47,055 | INFO     | v3_magic_formula.py:531 | Found alpha=0.033 deg for target Fy=0.00 (brentq).
2025-04-03 20:53:47,055 | DEBUG    | v3_magic_formula.py:284 | Calculating forces for time 0 ms. Inputs: Fz=600, alpha=0.0005834868827136856, kappa=0.0, gamma=0.0
2025-04-03 20:53:47,055 | DEBUG    | v3_magic_formula.py:326 | Force calculation complete for time 0. Fx=-93.00, Fy=0.01
2025-04-03 20:53:47,055 | DEBUG    | tire_tester.py:114 |   Success: Target Alpha: 0.033deg
2025-04-03 20:53:47,055 | DEBUG    | tire_tester.py:115 |   Resulting Forces: Fx=-93.0N, Fy=0.0N (Error Fy=0.0N / inf%)
2025-04-03 20:53:47,055 | INFO     | tire_tester.py:98 | Running Pure Fy Inverse Test 2: 'Moderate Corner L'
2025-04-03 20:53:47,055 | DEBUG    | tire_tester.py:99 |   Inputs: Fz=600.0N, gamma=0.0deg, Target Fy=-1000.0N
2025-04-03 20:53:47,055 | DEBUG    | v3_magic_formula.py:456 | Finding alpha for target Fy=-1000.00 N at Fz=600.0, gamma=0.00 deg
2025-04-03 20:53:47,055 | INFO     | v3_magic_formula.py:531 | Found alpha=2.469 deg for target Fy=-1000.00 (brentq).
2025-04-03 20:53:47,055 | DEBUG    | v3_magic_formula.py:284 | Calculating forces for time 100 ms. Inputs: Fz=600, alpha=0.04309147209304109, kappa=0.0, gamma=0.0
2025-04-03 20:53:47,055 | DEBUG    | v3_magic_formula.py:326 | Force calculation complete for time 100. Fx=-82.61, Fy=-999.98
2025-04-03 20:53:47,055 | DEBUG    | tire_tester.py:114 |   Success: Target Alpha: 2.469deg
2025-04-03 20:53:47,055 | DEBUG    | tire_tester.py:115 |   Resulting Forces: Fx=-82.6N, Fy=-1000.0N (Error Fy=0.0N / -0.00%)
2025-04-03 20:53:47,056 | INFO     | tire_tester.py:98 | Running Pure Fy Inverse Test 3: 'High Corner L'
2025-04-03 20:53:47,056 | DEBUG    | tire_tester.py:99 |   Inputs: Fz=600.0N, gamma=0.0deg, Target Fy=-1400.0N
2025-04-03 20:53:47,056 | DEBUG    | v3_magic_formula.py:456 | Finding alpha for target Fy=-1400.00 N at Fz=600.0, gamma=0.00 deg
2025-04-03 20:53:47,056 | INFO     | v3_magic_formula.py:531 | Found alpha=4.629 deg for target Fy=-1400.00 (brentq).
2025-04-03 20:53:47,056 | DEBUG    | v3_magic_formula.py:284 | Calculating forces for time 200 ms. Inputs: Fz=600, alpha=0.08078979224193358, kappa=0.0, gamma=0.0
2025-04-03 20:53:47,056 | DEBUG    | v3_magic_formula.py:326 | Force calculation complete for time 200. Fx=-66.77, Fy=-1400.12
2025-04-03 20:53:47,056 | DEBUG    | tire_tester.py:114 |   Success: Target Alpha: 4.629deg
2025-04-03 20:53:47,056 | DEBUG    | tire_tester.py:115 |   Resulting Forces: Fx=-66.8N, Fy=-1400.1N (Error Fy=-0.1N / 0.01%)
2025-04-03 20:53:47,056 | INFO     | tire_tester.py:98 | Running Pure Fy Inverse Test 4: 'Moderate Corner R'
2025-04-03 20:53:47,056 | DEBUG    | tire_tester.py:99 |   Inputs: Fz=700.0N, gamma=0.0deg, Target Fy=800.0N
2025-04-03 20:53:47,056 | DEBUG    | v3_magic_formula.py:456 | Finding alpha for target Fy=800.00 N at Fz=700.0, gamma=0.00 deg
2025-04-03 20:53:47,056 | INFO     | v3_magic_formula.py:531 | Found alpha=-1.700 deg for target Fy=800.00 (brentq).
2025-04-03 20:53:47,056 | DEBUG    | v3_magic_formula.py:284 | Calculating forces for time 300 ms. Inputs: Fz=700, alpha=-0.029664024662642122, kappa=0.0, gamma=0.0
2025-04-03 20:53:47,056 | DEBUG    | v3_magic_formula.py:326 | Force calculation complete for time 300. Fx=-69.05, Fy=800.08
2025-04-03 20:53:47,056 | DEBUG    | tire_tester.py:114 |   Success: Target Alpha: -1.700deg
2025-04-03 20:53:47,056 | DEBUG    | tire_tester.py:115 |   Resulting Forces: Fx=-69.0N, Fy=800.1N (Error Fy=0.1N / 0.01%)
2025-04-03 20:53:47,056 | INFO     | tire_tester.py:98 | Running Pure Fy Inverse Test 5: 'Corner w/ Camber L'
2025-04-03 20:53:47,056 | DEBUG    | tire_tester.py:99 |   Inputs: Fz=600.0N, gamma=-2.0deg, Target Fy=-1200.0N
2025-04-03 20:53:47,056 | DEBUG    | v3_magic_formula.py:456 | Finding alpha for target Fy=-1200.00 N at Fz=600.0, gamma=-2.00 deg
2025-04-03 20:53:47,057 | INFO     | v3_magic_formula.py:531 | Found alpha=3.504 deg for target Fy=-1200.00 (brentq).
2025-04-03 20:53:47,057 | DEBUG    | v3_magic_formula.py:284 | Calculating forces for time 400 ms. Inputs: Fz=600, alpha=0.06115594885109465, kappa=0.0, gamma=-0.03490658503988659
2025-04-03 20:53:47,057 | DEBUG    | v3_magic_formula.py:326 | Force calculation complete for time 400. Fx=-74.33, Fy=-1200.08
2025-04-03 20:53:47,057 | DEBUG    | tire_tester.py:114 |   Success: Target Alpha: 3.504deg
2025-04-03 20:53:47,057 | DEBUG    | tire_tester.py:115 |   Resulting Forces: Fx=-74.3N, Fy=-1200.1N (Error Fy=-0.1N / 0.01%)
2025-04-03 20:53:47,057 | INFO     | tire_tester.py:98 | Running Pure Fy Inverse Test 6: 'Corner w/ Camber R'
2025-04-03 20:53:47,057 | DEBUG    | tire_tester.py:99 |   Inputs: Fz=600.0N, gamma=-2.0deg, Target Fy=1000.0N
2025-04-03 20:53:47,057 | DEBUG    | v3_magic_formula.py:456 | Finding alpha for target Fy=1000.00 N at Fz=600.0, gamma=-2.00 deg
2025-04-03 20:53:47,057 | INFO     | v3_magic_formula.py:531 | Found alpha=-2.292 deg for target Fy=1000.00 (brentq).
2025-04-03 20:53:47,057 | DEBUG    | v3_magic_formula.py:284 | Calculating forces for time 500 ms. Inputs: Fz=600, alpha=-0.0400084855099659, kappa=0.0, gamma=-0.03490658503988659
2025-04-03 20:53:47,057 | DEBUG    | v3_magic_formula.py:326 | Force calculation complete for time 500. Fx=-83.11, Fy=1000.30
2025-04-03 20:53:47,057 | DEBUG    | tire_tester.py:114 |   Success: Target Alpha: -2.292deg
2025-04-03 20:53:47,057 | DEBUG    | tire_tester.py:115 |   Resulting Forces: Fx=-83.1N, Fy=1000.3N (Error Fy=0.3N / 0.03%)
2025-04-03 20:53:47,057 | INFO     | tire_tester.py:98 | Running Pure Fy Inverse Test 7: 'Impossible Corner L'
2025-04-03 20:53:47,057 | DEBUG    | tire_tester.py:99 |   Inputs: Fz=400.0N, gamma=0.0deg, Target Fy=-2000.0N
2025-04-03 20:53:47,057 | DEBUG    | v3_magic_formula.py:456 | Finding alpha for target Fy=-2000.00 N at Fz=400.0, gamma=0.00 deg
2025-04-03 20:53:47,057 | WARNING  | v3_magic_formula.py:493 | Target Fy=-2000.00 outside approx range [-1036.00, 996.94]
2025-04-03 20:53:47,057 | WARNING  | tire_tester.py:116 |   Failed: Could not find valid alpha for target Fy=-2000.0N.
2025-04-03 20:53:47,057 | INFO     | tire_tester.py:98 | Running Pure Fy Inverse Test 8: 'Impossible Corner R'
2025-04-03 20:53:47,057 | DEBUG    | tire_tester.py:99 |   Inputs: Fz=400.0N, gamma=0.0deg, Target Fy=2000.0N
2025-04-03 20:53:47,057 | DEBUG    | v3_magic_formula.py:456 | Finding alpha for target Fy=2000.00 N at Fz=400.0, gamma=0.00 deg
2025-04-03 20:53:47,057 | WARNING  | v3_magic_formula.py:493 | Target Fy=2000.00 outside approx range [-1036.00, 996.94]
2025-04-03 20:53:47,057 | WARNING  | tire_tester.py:116 |   Failed: Could not find valid alpha for target Fy=2000.0N.
2025-04-03 20:53:47,058 | INFO     | tire_tester.py:118 | --- Pure Fy Inverse Test Suite Finished ---
2025-04-03 20:53:47,058 | INFO     | tire_tester.py:125 | --- Testing Components: 'Zero Slips' ---
2025-04-03 20:53:47,058 | DEBUG    | tire_tester.py:127 | Inputs: Fz=600.0, alpha=0.00deg, kappa=0.000, gamma=0.00deg
2025-04-03 20:53:47,058 | DEBUG    | tire_tester.py:139 | Component Calculation Successful. Final Fx=-93.00, Fy=15.75
2025-04-03 20:53:47,058 | INFO     | tire_tester.py:125 | --- Testing Components: 'Pure Accel' ---
2025-04-03 20:53:47,058 | DEBUG    | tire_tester.py:127 | Inputs: Fz=700.0, alpha=0.00deg, kappa=0.100, gamma=0.00deg
2025-04-03 20:53:47,058 | DEBUG    | tire_tester.py:139 | Component Calculation Successful. Final Fx=1848.61, Fy=5.96
2025-04-03 20:53:47,058 | INFO     | tire_tester.py:125 | --- Testing Components: 'Pure Brake' ---
2025-04-03 20:53:47,058 | DEBUG    | tire_tester.py:127 | Inputs: Fz=500.0, alpha=0.00deg, kappa=-0.080, gamma=0.00deg
2025-04-03 20:53:47,058 | DEBUG    | tire_tester.py:139 | Component Calculation Successful. Final Fx=-1353.00, Fy=17.35
2025-04-03 20:53:47,059 | INFO     | tire_tester.py:125 | --- Testing Components: 'Pure Cornering' ---
2025-04-03 20:53:47,059 | DEBUG    | tire_tester.py:127 | Inputs: Fz=600.0, alpha=5.00deg, kappa=0.000, gamma=-2.00deg
2025-04-03 20:53:47,059 | DEBUG    | tire_tester.py:139 | Component Calculation Successful. Final Fx=-63.67, Fy=-1419.82
2025-04-03 20:53:47,059 | INFO     | tire_tester.py:125 | --- Testing Components: 'Cornering + Accel' ---
2025-04-03 20:53:47,059 | DEBUG    | tire_tester.py:127 | Inputs: Fz=700.0, alpha=4.00deg, kappa=0.050, gamma=-2.00deg
2025-04-03 20:53:47,059 | DEBUG    | tire_tester.py:139 | Component Calculation Successful. Final Fx=1237.80, Fy=-1295.07
2025-04-03 20:53:47,059 | INFO     | tire_tester.py:125 | --- Testing Components: 'Cornering + Brake' ---
2025-04-03 20:53:47,059 | DEBUG    | tire_tester.py:127 | Inputs: Fz=500.0, alpha=-3.00deg, kappa=-0.060, gamma=-1.00deg
2025-04-03 20:53:47,059 | DEBUG    | tire_tester.py:139 | Component Calculation Successful. Final Fx=-1120.52, Fy=879.90
2025-04-03 22:43:37,874 | INFO     | v3_magic_formula.py:33 | Initializing Pacejka Tire Model from hoosier_r20.par
2025-04-03 22:43:37,874 | INFO     | v3_magic_formula.py:55 | Loading parameters from: hoosier_r20.par
2025-04-03 22:43:37,874 | INFO     | v3_magic_formula.py:66 | Finished loading parameters from hoosier_r20.par
2025-04-03 22:43:37,874 | DEBUG    | v3_magic_formula.py:71 | Validating required parameters...
2025-04-03 22:43:37,874 | INFO     | v3_magic_formula.py:93 | All required parameters loaded successfully.
2025-04-03 22:43:37,879 | INFO     | v3_magic_formula.py:51 | Pacejka Tire Model initialized successfully.
2025-04-03 22:43:37,879 | INFO     | tire_tester.py:27 | --- Starting Fy Priority Test Suite (7 cases) ---
2025-04-03 22:43:37,879 | INFO     | tire_tester.py:32 | Running Fy Priority Test 1: 'Coast Straight'
2025-04-03 22:43:37,879 | DEBUG    | tire_tester.py:33 |   Inputs: Fz=600.0N, gamma=0.0deg, Target Fy=0.0N, Mode=coast, Intensity=0.00
2025-04-03 22:43:37,879 | INFO     | v3_magic_formula.py:550 | Finding slips for target Fy=0.00 N, Fz=600.0, gamma=0.00 deg, mode='coast', intensity=0.00
2025-04-03 22:43:37,879 | DEBUG    | v3_magic_formula.py:458 | Finding alpha for target Fy=0.00 N at Fz=600.0, gamma=0.00 deg
2025-04-03 22:43:37,879 | INFO     | v3_magic_formula.py:533 | Found alpha=0.033 deg for target Fy=0.00 (brentq).
2025-04-03 22:43:37,879 | DEBUG    | v3_magic_formula.py:556 | Step 1: Required alpha (approx) = 0.033 deg
2025-04-03 22:43:37,880 | DEBUG    | v3_magic_formula.py:336 | Calculating peak Fx potential for Fz=600, gamma=0.0
2025-04-03 22:43:37,880 | DEBUG    | v3_magic_formula.py:348 | Peak Fx potential: Dx=1652.79, SVx=-20.52, Peak=1632.27
2025-04-03 22:43:37,880 | DEBUG    | v3_magic_formula.py:354 | Calculating min Fx potential for Fz=600, gamma=0.0
2025-04-03 22:43:37,880 | DEBUG    | v3_magic_formula.py:366 | Min Fx potential: Dx=1652.79, SVx=-20.52, Min=-1673.31
2025-04-03 22:43:37,880 | DEBUG    | v3_magic_formula.py:569 | Step 2: Approx Gxa(alpha_req, k=0) = 1.0000
2025-04-03 22:43:37,880 | INFO     | v3_magic_formula.py:586 | Target longitudinal force is near zero. Setting kappa_req = 0.
2025-04-03 22:43:37,880 | INFO     | v3_magic_formula.py:592 | Result: alpha=0.033 deg, kappa=0.0000
2025-04-03 22:43:37,880 | DEBUG    | v3_magic_formula.py:284 | Calculating forces for time 0 ms. Inputs: Fz=600, alpha=0.0005834868827136856, kappa=0.0, gamma=0.0
2025-04-03 22:43:37,880 | DEBUG    | v3_magic_formula.py:326 | Force calculation complete for time 0. Fx=-93.00, Fy=0.01
2025-04-03 22:43:37,880 | DEBUG    | tire_tester.py:48 |   Success: Target Slips: alpha=0.033deg, kappa=0.0000
2025-04-03 22:43:37,880 | DEBUG    | tire_tester.py:49 |   Resulting Forces: Fx=-93.0N, Fy=0.0N (Error Fy=0.0N / inf%)
2025-04-03 22:43:37,880 | INFO     | tire_tester.py:32 | Running Fy Priority Test 2: 'Max Accel Straight'
2025-04-03 22:43:37,880 | DEBUG    | tire_tester.py:33 |   Inputs: Fz=700.0N, gamma=0.0deg, Target Fy=0.0N, Mode=accelerate, Intensity=1.00
2025-04-03 22:43:37,880 | INFO     | v3_magic_formula.py:550 | Finding slips for target Fy=0.00 N, Fz=700.0, gamma=0.00 deg, mode='accelerate', intensity=1.00
2025-04-03 22:43:37,880 | DEBUG    | v3_magic_formula.py:458 | Finding alpha for target Fy=0.00 N at Fz=700.0, gamma=0.00 deg
2025-04-03 22:43:37,880 | INFO     | v3_magic_formula.py:533 | Found alpha=0.018 deg for target Fy=0.00 (brentq).
2025-04-03 22:43:37,880 | DEBUG    | v3_magic_formula.py:556 | Step 1: Required alpha (approx) = 0.018 deg
2025-04-03 22:43:37,880 | DEBUG    | v3_magic_formula.py:336 | Calculating peak Fx potential for Fz=700, gamma=0.0
2025-04-03 22:43:37,880 | DEBUG    | v3_magic_formula.py:348 | Peak Fx potential: Dx=1934.81, SVx=-18.82, Peak=1915.99
2025-04-03 22:43:37,880 | DEBUG    | v3_magic_formula.py:354 | Calculating min Fx potential for Fz=700, gamma=0.0
2025-04-03 22:43:37,880 | DEBUG    | v3_magic_formula.py:366 | Min Fx potential: Dx=1934.81, SVx=-18.82, Min=-1953.63
2025-04-03 22:43:37,880 | DEBUG    | v3_magic_formula.py:569 | Step 2: Approx Gxa(alpha_req, k=0) = 1.0000
2025-04-03 22:43:37,880 | DEBUG    | v3_magic_formula.py:578 | Step 3: Target Accel Fx = 1915.97 N (AvailMax=1915.97)
2025-04-03 22:43:37,881 | DEBUG    | v3_magic_formula.py:373 | Finding kappa for target Fx=1915.97 N at Fz=700.0, gamma=0.00 deg
2025-04-03 22:43:37,881 | WARNING  | v3_magic_formula.py:445 | Kappa bracketing failed (errors: f(-0.275)=-3863.889, f(0.275)=-5.439). Trying ridder.
2025-04-03 22:43:37,881 | WARNING  | v3_magic_formula.py:450 | Ridder method also failed for kappa.
2025-04-03 22:43:37,881 | WARNING  | v3_magic_formula.py:589 | Could not find kappa for target Fx=1915.97. Setting kappa_req = 0.
2025-04-03 22:43:37,881 | INFO     | v3_magic_formula.py:592 | Result: alpha=0.018 deg, kappa=0.0000
2025-04-03 22:43:37,881 | DEBUG    | v3_magic_formula.py:284 | Calculating forces for time 100 ms. Inputs: Fz=700, alpha=0.00031880253508587966, kappa=0.0, gamma=0.0
2025-04-03 22:43:37,881 | DEBUG    | v3_magic_formula.py:326 | Force calculation complete for time 100. Fx=-73.29, Fy=-0.66
2025-04-03 22:43:37,881 | DEBUG    | tire_tester.py:48 |   Success: Target Slips: alpha=0.018deg, kappa=0.0000
2025-04-03 22:43:37,881 | DEBUG    | tire_tester.py:49 |   Resulting Forces: Fx=-73.3N, Fy=-0.7N (Error Fy=-0.7N / inf%)
2025-04-03 22:43:37,881 | INFO     | tire_tester.py:32 | Running Fy Priority Test 3: 'Max Brake Straight'
2025-04-03 22:43:37,881 | DEBUG    | tire_tester.py:33 |   Inputs: Fz=500.0N, gamma=0.0deg, Target Fy=0.0N, Mode=brake, Intensity=1.00
2025-04-03 22:43:37,881 | INFO     | v3_magic_formula.py:550 | Finding slips for target Fy=0.00 N, Fz=500.0, gamma=0.00 deg, mode='brake', intensity=1.00
2025-04-03 22:43:37,881 | DEBUG    | v3_magic_formula.py:458 | Finding alpha for target Fy=0.00 N at Fz=500.0, gamma=0.00 deg
2025-04-03 22:43:37,881 | INFO     | v3_magic_formula.py:533 | Found alpha=0.051 deg for target Fy=0.00 (brentq).
2025-04-03 22:43:37,881 | DEBUG    | v3_magic_formula.py:556 | Step 1: Required alpha (approx) = 0.051 deg
2025-04-03 22:43:37,881 | DEBUG    | v3_magic_formula.py:336 | Calculating peak Fx potential for Fz=500, gamma=0.0
2025-04-03 22:43:37,881 | DEBUG    | v3_magic_formula.py:348 | Peak Fx potential: Dx=1372.64, SVx=-20.75, Peak=1351.89
2025-04-03 22:43:37,881 | DEBUG    | v3_magic_formula.py:354 | Calculating min Fx potential for Fz=500, gamma=0.0
2025-04-03 22:43:37,881 | DEBUG    | v3_magic_formula.py:366 | Min Fx potential: Dx=1372.64, SVx=-20.75, Min=-1393.40
2025-04-03 22:43:37,881 | DEBUG    | v3_magic_formula.py:569 | Step 2: Approx Gxa(alpha_req, k=0) = 0.9999
2025-04-03 22:43:37,881 | DEBUG    | v3_magic_formula.py:581 | Step 3: Target Brake Fx = -1393.32 N (AvailMin=-1393.32)
2025-04-03 22:43:37,881 | DEBUG    | v3_magic_formula.py:373 | Finding kappa for target Fx=-1393.32 N at Fz=500.0, gamma=0.00 deg
2025-04-03 22:43:37,882 | WARNING  | v3_magic_formula.py:445 | Kappa bracketing failed (errors: f(-0.275)=13.985, f(0.275)=2731.680). Trying ridder.
2025-04-03 22:43:37,882 | WARNING  | v3_magic_formula.py:450 | Ridder method also failed for kappa.
2025-04-03 22:43:37,882 | WARNING  | v3_magic_formula.py:589 | Could not find kappa for target Fx=-1393.32. Setting kappa_req = 0.
2025-04-03 22:43:37,882 | INFO     | v3_magic_formula.py:592 | Result: alpha=0.051 deg, kappa=0.0000
2025-04-03 22:43:37,882 | DEBUG    | v3_magic_formula.py:284 | Calculating forces for time 200 ms. Inputs: Fz=500, alpha=0.0008942641857142886, kappa=0.0, gamma=0.0
2025-04-03 22:43:37,882 | DEBUG    | v3_magic_formula.py:326 | Force calculation complete for time 200. Fx=-106.56, Fy=0.03
2025-04-03 22:43:37,882 | DEBUG    | tire_tester.py:48 |   Success: Target Slips: alpha=0.051deg, kappa=0.0000
2025-04-03 22:43:37,882 | DEBUG    | tire_tester.py:49 |   Resulting Forces: Fx=-106.6N, Fy=0.0N (Error Fy=0.0N / inf%)
2025-04-03 22:43:37,882 | INFO     | tire_tester.py:32 | Running Fy Priority Test 4: 'Cornering Coast'
2025-04-03 22:43:37,882 | DEBUG    | tire_tester.py:33 |   Inputs: Fz=600.0N, gamma=-2.0deg, Target Fy=-1500.0N, Mode=coast, Intensity=0.00
2025-04-03 22:43:37,882 | INFO     | v3_magic_formula.py:550 | Finding slips for target Fy=-1500.00 N, Fz=600.0, gamma=-2.00 deg, mode='coast', intensity=0.00
2025-04-03 22:43:37,882 | DEBUG    | v3_magic_formula.py:458 | Finding alpha for target Fy=-1500.00 N at Fz=600.0, gamma=-2.00 deg
2025-04-03 22:43:37,882 | INFO     | v3_magic_formula.py:533 | Found alpha=6.361 deg for target Fy=-1500.00 (brentq).
2025-04-03 22:43:37,882 | DEBUG    | v3_magic_formula.py:556 | Step 1: Required alpha (approx) = 6.361 deg
2025-04-03 22:43:37,882 | DEBUG    | v3_magic_formula.py:336 | Calculating peak Fx potential for Fz=600, gamma=-0.03490658503988659
2025-04-03 22:43:37,882 | DEBUG    | v3_magic_formula.py:348 | Peak Fx potential: Dx=1657.85, SVx=-20.52, Peak=1637.33
2025-04-03 22:43:37,882 | DEBUG    | v3_magic_formula.py:354 | Calculating min Fx potential for Fz=600, gamma=-0.03490658503988659
2025-04-03 22:43:37,882 | DEBUG    | v3_magic_formula.py:366 | Min Fx potential: Dx=1657.85, SVx=-20.52, Min=-1678.37
2025-04-03 22:43:37,882 | DEBUG    | v3_magic_formula.py:569 | Step 2: Approx Gxa(alpha_req, k=0) = 0.6003
2025-04-03 22:43:37,882 | INFO     | v3_magic_formula.py:586 | Target longitudinal force is near zero. Setting kappa_req = 0.
2025-04-03 22:43:37,882 | INFO     | v3_magic_formula.py:592 | Result: alpha=6.361 deg, kappa=0.0000
2025-04-03 22:43:37,882 | DEBUG    | v3_magic_formula.py:284 | Calculating forces for time 300 ms. Inputs: Fz=600, alpha=0.11102370887737106, kappa=0.0, gamma=-0.03490658503988659
2025-04-03 22:43:37,883 | DEBUG    | v3_magic_formula.py:326 | Force calculation complete for time 300. Fx=-55.35, Fy=-1500.05
2025-04-03 22:43:37,883 | DEBUG    | tire_tester.py:48 |   Success: Target Slips: alpha=6.361deg, kappa=0.0000
2025-04-03 22:43:37,883 | DEBUG    | tire_tester.py:49 |   Resulting Forces: Fx=-55.3N, Fy=-1500.0N (Error Fy=-0.0N / 0.00%)
2025-04-03 22:43:37,883 | INFO     | tire_tester.py:32 | Running Fy Priority Test 5: 'Cornering Med Fy Accel'
2025-04-03 22:43:37,883 | DEBUG    | tire_tester.py:33 |   Inputs: Fz=700.0N, gamma=-2.0deg, Target Fy=-1000.0N, Mode=accelerate, Intensity=0.50
2025-04-03 22:43:37,883 | INFO     | v3_magic_formula.py:550 | Finding slips for target Fy=-1000.00 N, Fz=700.0, gamma=-2.00 deg, mode='accelerate', intensity=0.50
2025-04-03 22:43:37,883 | DEBUG    | v3_magic_formula.py:458 | Finding alpha for target Fy=-1000.00 N at Fz=700.0, gamma=-2.00 deg
2025-04-03 22:43:37,883 | INFO     | v3_magic_formula.py:533 | Found alpha=2.512 deg for target Fy=-1000.00 (brentq).
2025-04-03 22:43:37,883 | DEBUG    | v3_magic_formula.py:556 | Step 1: Required alpha (approx) = 2.512 deg
2025-04-03 22:43:37,883 | DEBUG    | v3_magic_formula.py:336 | Calculating peak Fx potential for Fz=700, gamma=-0.03490658503988659
2025-04-03 22:43:37,883 | DEBUG    | v3_magic_formula.py:348 | Peak Fx potential: Dx=1940.73, SVx=-18.82, Peak=1921.91
2025-04-03 22:43:37,883 | DEBUG    | v3_magic_formula.py:354 | Calculating min Fx potential for Fz=700, gamma=-0.03490658503988659
2025-04-03 22:43:37,883 | DEBUG    | v3_magic_formula.py:366 | Min Fx potential: Dx=1940.73, SVx=-18.82, Min=-1959.55
2025-04-03 22:43:37,883 | DEBUG    | v3_magic_formula.py:569 | Step 2: Approx Gxa(alpha_req, k=0) = 0.8850
2025-04-03 22:43:37,883 | DEBUG    | v3_magic_formula.py:578 | Step 3: Target Accel Fx = 850.41 N (AvailMax=1700.82)
2025-04-03 22:43:37,883 | DEBUG    | v3_magic_formula.py:373 | Finding kappa for target Fx=850.41 N at Fz=700.0, gamma=-2.00 deg
2025-04-03 22:43:37,883 | INFO     | v3_magic_formula.py:442 | Found kappa=0.0182 for target Fx=850.41 (brentq).
2025-04-03 22:43:37,883 | DEBUG    | v3_magic_formula.py:590 | Step 4: Required kappa (approx) = 0.0182
2025-04-03 22:43:37,883 | INFO     | v3_magic_formula.py:592 | Result: alpha=2.512 deg, kappa=0.0182
2025-04-03 22:43:37,883 | DEBUG    | v3_magic_formula.py:284 | Calculating forces for time 400 ms. Inputs: Fz=700, alpha=0.04384950900639849, kappa=0.018182038894777233, gamma=-0.03490658503988659
2025-04-03 22:43:37,883 | DEBUG    | v3_magic_formula.py:326 | Force calculation complete for time 400. Fx=754.38, Fy=-984.93
2025-04-03 22:43:37,883 | DEBUG    | tire_tester.py:48 |   Success: Target Slips: alpha=2.512deg, kappa=0.0182
2025-04-03 22:43:37,884 | DEBUG    | tire_tester.py:49 |   Resulting Forces: Fx=754.4N, Fy=-984.9N (Error Fy=15.1N / -1.51%)
2025-04-03 22:43:37,884 | INFO     | tire_tester.py:32 | Running Fy Priority Test 6: 'Cornering Med Fy Brake'
2025-04-03 22:43:37,884 | DEBUG    | tire_tester.py:33 |   Inputs: Fz=500.0N, gamma=-2.0deg, Target Fy=-800.0N, Mode=brake, Intensity=0.80
2025-04-03 22:43:37,884 | INFO     | v3_magic_formula.py:550 | Finding slips for target Fy=-800.00 N, Fz=500.0, gamma=-2.00 deg, mode='brake', intensity=0.80
2025-04-03 22:43:37,884 | DEBUG    | v3_magic_formula.py:458 | Finding alpha for target Fy=-800.00 N at Fz=500.0, gamma=-2.00 deg
2025-04-03 22:43:37,884 | INFO     | v3_magic_formula.py:533 | Found alpha=2.384 deg for target Fy=-800.00 (brentq).
2025-04-03 22:43:37,884 | DEBUG    | v3_magic_formula.py:556 | Step 1: Required alpha (approx) = 2.384 deg
2025-04-03 22:43:37,884 | DEBUG    | v3_magic_formula.py:336 | Calculating peak Fx potential for Fz=500, gamma=-0.03490658503988659
2025-04-03 22:43:37,884 | DEBUG    | v3_magic_formula.py:348 | Peak Fx potential: Dx=1376.84, SVx=-20.75, Peak=1356.09
2025-04-03 22:43:37,884 | DEBUG    | v3_magic_formula.py:354 | Calculating min Fx potential for Fz=500, gamma=-0.03490658503988659
2025-04-03 22:43:37,884 | DEBUG    | v3_magic_formula.py:366 | Min Fx potential: Dx=1376.84, SVx=-20.75, Min=-1397.60
2025-04-03 22:43:37,884 | DEBUG    | v3_magic_formula.py:569 | Step 2: Approx Gxa(alpha_req, k=0) = 0.8947
2025-04-03 22:43:37,884 | DEBUG    | v3_magic_formula.py:581 | Step 3: Target Brake Fx = -1000.29 N (AvailMin=-1250.37)
2025-04-03 22:43:37,884 | DEBUG    | v3_magic_formula.py:373 | Finding kappa for target Fx=-1000.29 N at Fz=500.0, gamma=-2.00 deg
2025-04-03 22:43:37,884 | INFO     | v3_magic_formula.py:442 | Found kappa=-0.0260 for target Fx=-1000.29 (brentq).
2025-04-03 22:43:37,884 | DEBUG    | v3_magic_formula.py:590 | Step 4: Required kappa (approx) = -0.0260
2025-04-03 22:43:37,884 | INFO     | v3_magic_formula.py:592 | Result: alpha=2.384 deg, kappa=-0.0260
2025-04-03 22:43:37,884 | DEBUG    | v3_magic_formula.py:284 | Calculating forces for time 500 ms. Inputs: Fz=500, alpha=0.04161390042198508, kappa=-0.026046776856600177, gamma=-0.03490658503988659
2025-04-03 22:43:37,884 | DEBUG    | v3_magic_formula.py:326 | Force calculation complete for time 500. Fx=-896.94, Fy=-775.64
2025-04-03 22:43:37,884 | DEBUG    | tire_tester.py:48 |   Success: Target Slips: alpha=2.384deg, kappa=-0.0260
2025-04-03 22:43:37,884 | DEBUG    | tire_tester.py:49 |   Resulting Forces: Fx=-896.9N, Fy=-775.6N (Error Fy=24.4N / -3.05%)
2025-04-03 22:43:37,884 | INFO     | tire_tester.py:32 | Running Fy Priority Test 7: 'Impossible Fy Target'
2025-04-03 22:43:37,885 | DEBUG    | tire_tester.py:33 |   Inputs: Fz=400.0N, gamma=0.0deg, Target Fy=-5000.0N, Mode=coast, Intensity=0.00
2025-04-03 22:43:37,885 | INFO     | v3_magic_formula.py:550 | Finding slips for target Fy=-5000.00 N, Fz=400.0, gamma=0.00 deg, mode='coast', intensity=0.00
2025-04-03 22:43:37,885 | DEBUG    | v3_magic_formula.py:458 | Finding alpha for target Fy=-5000.00 N at Fz=400.0, gamma=0.00 deg
2025-04-03 22:43:37,885 | WARNING  | v3_magic_formula.py:484 | Target Fy=-5000.00 outside approx range [-1036.00, 996.94]
2025-04-03 22:43:37,885 | WARNING  | v3_magic_formula.py:555 | Target Fy=-5000.00 N unachievable.
2025-04-03 22:43:37,885 | WARNING  | tire_tester.py:50 |   Failed: Could not find valid slips for target Fy=-5000.0N.
2025-04-03 22:43:37,885 | INFO     | tire_tester.py:52 | --- Fy Priority Test Suite Finished ---
2025-04-03 22:43:37,885 | INFO     | tire_tester.py:60 | --- Starting Pure Fx Inverse Test Suite (8 cases) ---
2025-04-03 22:43:37,885 | INFO     | tire_tester.py:65 | Running Pure Fx Inverse Test 1: 'Zero Fx Target'
2025-04-03 22:43:37,886 | DEBUG    | tire_tester.py:66 |   Inputs: Fz=600.0N, gamma=0.0deg, Target Fx=0.0N
2025-04-03 22:43:37,886 | DEBUG    | v3_magic_formula.py:373 | Finding kappa for target Fx=0.00 N at Fz=600.0, gamma=0.00 deg
2025-04-03 22:43:37,886 | INFO     | v3_magic_formula.py:442 | Found kappa=0.0017 for target Fx=0.00 (brentq).
2025-04-03 22:43:37,886 | DEBUG    | v3_magic_formula.py:284 | Calculating forces for time 0 ms. Inputs: Fz=600, alpha=0.0, kappa=0.0017242539035154454, gamma=0.0
2025-04-03 22:43:37,886 | DEBUG    | v3_magic_formula.py:326 | Force calculation complete for time 0. Fx=0.01, Fy=15.75
2025-04-03 22:43:37,886 | DEBUG    | tire_tester.py:81 |   Success: Target Kappa: 0.0017
2025-04-03 22:43:37,886 | DEBUG    | tire_tester.py:82 |   Resulting Forces: Fx=0.0N, Fy=15.8N (Error Fx=0.0N / inf%)
2025-04-03 22:43:37,886 | INFO     | tire_tester.py:65 | Running Pure Fx Inverse Test 2: 'Moderate Accel'
2025-04-03 22:43:37,886 | DEBUG    | tire_tester.py:66 |   Inputs: Fz=700.0N, gamma=0.0deg, Target Fx=1000.0N
2025-04-03 22:43:37,886 | DEBUG    | v3_magic_formula.py:373 | Finding kappa for target Fx=1000.00 N at Fz=700.0, gamma=0.00 deg
2025-04-03 22:43:37,886 | INFO     | v3_magic_formula.py:442 | Found kappa=0.0219 for target Fx=1000.00 (brentq).
2025-04-03 22:43:37,886 | DEBUG    | v3_magic_formula.py:284 | Calculating forces for time 100 ms. Inputs: Fz=700, alpha=0.0, kappa=0.021890522490922517, gamma=0.0
2025-04-03 22:43:37,886 | DEBUG    | v3_magic_formula.py:326 | Force calculation complete for time 100. Fx=999.91, Fy=8.23
2025-04-03 22:43:37,886 | DEBUG    | tire_tester.py:81 |   Success: Target Kappa: 0.0219
2025-04-03 22:43:37,886 | DEBUG    | tire_tester.py:82 |   Resulting Forces: Fx=999.9N, Fy=8.2N (Error Fx=-0.1N / -0.01%)
2025-04-03 22:43:37,886 | INFO     | tire_tester.py:65 | Running Pure Fx Inverse Test 3: 'High Accel'
2025-04-03 22:43:37,886 | DEBUG    | tire_tester.py:66 |   Inputs: Fz=700.0N, gamma=0.0deg, Target Fx=1800.0N
2025-04-03 22:43:37,886 | DEBUG    | v3_magic_formula.py:373 | Finding kappa for target Fx=1800.00 N at Fz=700.0, gamma=0.00 deg
2025-04-03 22:43:37,886 | INFO     | v3_magic_formula.py:442 | Found kappa=0.0824 for target Fx=1800.00 (brentq).
2025-04-03 22:43:37,886 | DEBUG    | v3_magic_formula.py:284 | Calculating forces for time 200 ms. Inputs: Fz=700, alpha=0.0, kappa=0.0823752195499786, gamma=0.0
2025-04-03 22:43:37,887 | DEBUG    | v3_magic_formula.py:326 | Force calculation complete for time 200. Fx=1800.00, Fy=6.50
2025-04-03 22:43:37,887 | DEBUG    | tire_tester.py:81 |   Success: Target Kappa: 0.0824
2025-04-03 22:43:37,887 | DEBUG    | tire_tester.py:82 |   Resulting Forces: Fx=1800.0N, Fy=6.5N (Error Fx=-0.0N / -0.00%)
2025-04-03 22:43:37,887 | INFO     | tire_tester.py:65 | Running Pure Fx Inverse Test 4: 'Moderate Brake'
2025-04-03 22:43:37,887 | DEBUG    | tire_tester.py:66 |   Inputs: Fz=500.0N, gamma=0.0deg, Target Fx=-800.0N
2025-04-03 22:43:37,887 | DEBUG    | v3_magic_formula.py:373 | Finding kappa for target Fx=-800.00 N at Fz=500.0, gamma=0.00 deg
2025-04-03 22:43:37,887 | INFO     | v3_magic_formula.py:442 | Found kappa=-0.0171 for target Fx=-800.00 (brentq).
2025-04-03 22:43:37,887 | DEBUG    | v3_magic_formula.py:284 | Calculating forces for time 300 ms. Inputs: Fz=500, alpha=0.0, kappa=-0.017139339830176754, gamma=0.0
2025-04-03 22:43:37,887 | DEBUG    | v3_magic_formula.py:326 | Force calculation complete for time 300. Fx=-799.53, Fy=21.90
2025-04-03 22:43:37,887 | DEBUG    | tire_tester.py:81 |   Success: Target Kappa: -0.0171
2025-04-03 22:43:37,887 | DEBUG    | tire_tester.py:82 |   Resulting Forces: Fx=-799.5N, Fy=21.9N (Error Fx=0.5N / -0.06%)
2025-04-03 22:43:37,887 | INFO     | tire_tester.py:65 | Running Pure Fx Inverse Test 5: 'High Brake'
2025-04-03 22:43:37,887 | DEBUG    | tire_tester.py:66 |   Inputs: Fz=500.0N, gamma=0.0deg, Target Fx=-1300.0N
2025-04-03 22:43:37,887 | DEBUG    | v3_magic_formula.py:373 | Finding kappa for target Fx=-1300.00 N at Fz=500.0, gamma=0.00 deg
2025-04-03 22:43:37,887 | INFO     | v3_magic_formula.py:442 | Found kappa=-0.0594 for target Fx=-1300.00 (brentq).
2025-04-03 22:43:37,887 | DEBUG    | v3_magic_formula.py:284 | Calculating forces for time 400 ms. Inputs: Fz=500, alpha=0.0, kappa=-0.059412495669793564, gamma=0.0
2025-04-03 22:43:37,887 | DEBUG    | v3_magic_formula.py:326 | Force calculation complete for time 400. Fx=-1299.96, Fy=19.10
2025-04-03 22:43:37,887 | DEBUG    | tire_tester.py:81 |   Success: Target Kappa: -0.0594
2025-04-03 22:43:37,887 | DEBUG    | tire_tester.py:82 |   Resulting Forces: Fx=-1300.0N, Fy=19.1N (Error Fx=0.0N / -0.00%)
2025-04-03 22:43:37,887 | INFO     | tire_tester.py:65 | Running Pure Fx Inverse Test 6: 'Accel w/ Camber'
2025-04-03 22:43:37,887 | DEBUG    | tire_tester.py:66 |   Inputs: Fz=700.0N, gamma=-2.0deg, Target Fx=1500.0N
2025-04-03 22:43:37,887 | DEBUG    | v3_magic_formula.py:373 | Finding kappa for target Fx=1500.00 N at Fz=700.0, gamma=-2.00 deg
2025-04-03 22:43:37,888 | INFO     | v3_magic_formula.py:442 | Found kappa=0.0433 for target Fx=1500.00 (brentq).
2025-04-03 22:43:37,888 | DEBUG    | v3_magic_formula.py:284 | Calculating forces for time 500 ms. Inputs: Fz=700, alpha=0.0, kappa=0.043264558561810953, gamma=-0.03490658503988659
2025-04-03 22:43:37,888 | DEBUG    | v3_magic_formula.py:326 | Force calculation complete for time 500. Fx=1499.99, Fy=121.40
2025-04-03 22:43:37,888 | DEBUG    | tire_tester.py:81 |   Success: Target Kappa: 0.0433
2025-04-03 22:43:37,888 | DEBUG    | tire_tester.py:82 |   Resulting Forces: Fx=1500.0N, Fy=121.4N (Error Fx=-0.0N / -0.00%)
2025-04-03 22:43:37,888 | INFO     | tire_tester.py:65 | Running Pure Fx Inverse Test 7: 'Impossible Accel'
2025-04-03 22:43:37,888 | DEBUG    | tire_tester.py:66 |   Inputs: Fz=400.0N, gamma=0.0deg, Target Fx=3000.0N
2025-04-03 22:43:37,888 | DEBUG    | v3_magic_formula.py:373 | Finding kappa for target Fx=3000.00 N at Fz=400.0, gamma=0.00 deg
2025-04-03 22:43:37,888 | WARNING  | v3_magic_formula.py:396 | Target Fx=3000.00 is outside achievable range [-1113.90, 1074.84] N.
2025-04-03 22:43:37,888 | WARNING  | tire_tester.py:83 |   Failed: Could not find valid kappa for target Fx=3000.0N.
2025-04-03 22:43:37,888 | INFO     | tire_tester.py:65 | Running Pure Fx Inverse Test 8: 'Impossible Brake'
2025-04-03 22:43:37,888 | DEBUG    | tire_tester.py:66 |   Inputs: Fz=400.0N, gamma=0.0deg, Target Fx=-3000.0N
2025-04-03 22:43:37,888 | DEBUG    | v3_magic_formula.py:373 | Finding kappa for target Fx=-3000.00 N at Fz=400.0, gamma=0.00 deg
2025-04-03 22:43:37,888 | WARNING  | v3_magic_formula.py:396 | Target Fx=-3000.00 is outside achievable range [-1113.90, 1074.84] N.
2025-04-03 22:43:37,888 | WARNING  | tire_tester.py:83 |   Failed: Could not find valid kappa for target Fx=-3000.0N.
2025-04-03 22:43:37,888 | INFO     | tire_tester.py:85 | --- Pure Fx Inverse Test Suite Finished ---
2025-04-03 22:43:37,889 | INFO     | tire_tester.py:93 | --- Starting Pure Fy Inverse Test Suite (8 cases) ---
2025-04-03 22:43:37,889 | INFO     | tire_tester.py:98 | Running Pure Fy Inverse Test 1: 'Zero Fy Target'
2025-04-03 22:43:37,889 | DEBUG    | tire_tester.py:99 |   Inputs: Fz=600.0N, gamma=0.0deg, Target Fy=0.0N
2025-04-03 22:43:37,889 | DEBUG    | v3_magic_formula.py:458 | Finding alpha for target Fy=0.00 N at Fz=600.0, gamma=0.00 deg
2025-04-03 22:43:37,889 | INFO     | v3_magic_formula.py:533 | Found alpha=0.033 deg for target Fy=0.00 (brentq).
2025-04-03 22:43:37,889 | DEBUG    | v3_magic_formula.py:284 | Calculating forces for time 0 ms. Inputs: Fz=600, alpha=0.0005834868827136856, kappa=0.0, gamma=0.0
2025-04-03 22:43:37,889 | DEBUG    | v3_magic_formula.py:326 | Force calculation complete for time 0. Fx=-93.00, Fy=0.01
2025-04-03 22:43:37,889 | DEBUG    | tire_tester.py:114 |   Success: Target Alpha: 0.033deg
2025-04-03 22:43:37,889 | DEBUG    | tire_tester.py:115 |   Resulting Forces: Fx=-93.0N, Fy=0.0N (Error Fy=0.0N / inf%)
2025-04-03 22:43:37,889 | INFO     | tire_tester.py:98 | Running Pure Fy Inverse Test 2: 'Moderate Corner L'
2025-04-03 22:43:37,889 | DEBUG    | tire_tester.py:99 |   Inputs: Fz=600.0N, gamma=0.0deg, Target Fy=-1000.0N
2025-04-03 22:43:37,889 | DEBUG    | v3_magic_formula.py:458 | Finding alpha for target Fy=-1000.00 N at Fz=600.0, gamma=0.00 deg
2025-04-03 22:43:37,889 | INFO     | v3_magic_formula.py:533 | Found alpha=2.469 deg for target Fy=-1000.00 (brentq).
2025-04-03 22:43:37,890 | DEBUG    | v3_magic_formula.py:284 | Calculating forces for time 100 ms. Inputs: Fz=600, alpha=0.04309147209304109, kappa=0.0, gamma=0.0
2025-04-03 22:43:37,890 | DEBUG    | v3_magic_formula.py:326 | Force calculation complete for time 100. Fx=-82.61, Fy=-999.98
2025-04-03 22:43:37,890 | DEBUG    | tire_tester.py:114 |   Success: Target Alpha: 2.469deg
2025-04-03 22:43:37,890 | DEBUG    | tire_tester.py:115 |   Resulting Forces: Fx=-82.6N, Fy=-1000.0N (Error Fy=0.0N / -0.00%)
2025-04-03 22:43:37,890 | INFO     | tire_tester.py:98 | Running Pure Fy Inverse Test 3: 'High Corner L'
2025-04-03 22:43:37,890 | DEBUG    | tire_tester.py:99 |   Inputs: Fz=600.0N, gamma=0.0deg, Target Fy=-1400.0N
2025-04-03 22:43:37,890 | DEBUG    | v3_magic_formula.py:458 | Finding alpha for target Fy=-1400.00 N at Fz=600.0, gamma=0.00 deg
2025-04-03 22:43:37,890 | INFO     | v3_magic_formula.py:533 | Found alpha=4.629 deg for target Fy=-1400.00 (brentq).
2025-04-03 22:43:37,890 | DEBUG    | v3_magic_formula.py:284 | Calculating forces for time 200 ms. Inputs: Fz=600, alpha=0.08078979224193358, kappa=0.0, gamma=0.0
2025-04-03 22:43:37,890 | DEBUG    | v3_magic_formula.py:326 | Force calculation complete for time 200. Fx=-66.77, Fy=-1400.12
2025-04-03 22:43:37,890 | DEBUG    | tire_tester.py:114 |   Success: Target Alpha: 4.629deg
2025-04-03 22:43:37,890 | DEBUG    | tire_tester.py:115 |   Resulting Forces: Fx=-66.8N, Fy=-1400.1N (Error Fy=-0.1N / 0.01%)
2025-04-03 22:43:37,890 | INFO     | tire_tester.py:98 | Running Pure Fy Inverse Test 4: 'Moderate Corner R'
2025-04-03 22:43:37,890 | DEBUG    | tire_tester.py:99 |   Inputs: Fz=700.0N, gamma=0.0deg, Target Fy=800.0N
2025-04-03 22:43:37,890 | DEBUG    | v3_magic_formula.py:458 | Finding alpha for target Fy=800.00 N at Fz=700.0, gamma=0.00 deg
2025-04-03 22:43:37,890 | INFO     | v3_magic_formula.py:533 | Found alpha=-1.700 deg for target Fy=800.00 (brentq).
2025-04-03 22:43:37,890 | DEBUG    | v3_magic_formula.py:284 | Calculating forces for time 300 ms. Inputs: Fz=700, alpha=-0.029664024662642122, kappa=0.0, gamma=0.0
2025-04-03 22:43:37,890 | DEBUG    | v3_magic_formula.py:326 | Force calculation complete for time 300. Fx=-69.05, Fy=800.08
2025-04-03 22:43:37,890 | DEBUG    | tire_tester.py:114 |   Success: Target Alpha: -1.700deg
2025-04-03 22:43:37,890 | DEBUG    | tire_tester.py:115 |   Resulting Forces: Fx=-69.0N, Fy=800.1N (Error Fy=0.1N / 0.01%)
2025-04-03 22:43:37,890 | INFO     | tire_tester.py:98 | Running Pure Fy Inverse Test 5: 'Corner w/ Camber L'
2025-04-03 22:43:37,890 | DEBUG    | tire_tester.py:99 |   Inputs: Fz=600.0N, gamma=-2.0deg, Target Fy=-1200.0N
2025-04-03 22:43:37,891 | DEBUG    | v3_magic_formula.py:458 | Finding alpha for target Fy=-1200.00 N at Fz=600.0, gamma=-2.00 deg
2025-04-03 22:43:37,891 | INFO     | v3_magic_formula.py:533 | Found alpha=3.504 deg for target Fy=-1200.00 (brentq).
2025-04-03 22:43:37,891 | DEBUG    | v3_magic_formula.py:284 | Calculating forces for time 400 ms. Inputs: Fz=600, alpha=0.06115594885109465, kappa=0.0, gamma=-0.03490658503988659
2025-04-03 22:43:37,891 | DEBUG    | v3_magic_formula.py:326 | Force calculation complete for time 400. Fx=-74.33, Fy=-1200.08
2025-04-03 22:43:37,891 | DEBUG    | tire_tester.py:114 |   Success: Target Alpha: 3.504deg
2025-04-03 22:43:37,891 | DEBUG    | tire_tester.py:115 |   Resulting Forces: Fx=-74.3N, Fy=-1200.1N (Error Fy=-0.1N / 0.01%)
2025-04-03 22:43:37,891 | INFO     | tire_tester.py:98 | Running Pure Fy Inverse Test 6: 'Corner w/ Camber R'
2025-04-03 22:43:37,891 | DEBUG    | tire_tester.py:99 |   Inputs: Fz=600.0N, gamma=-2.0deg, Target Fy=1000.0N
2025-04-03 22:43:37,891 | DEBUG    | v3_magic_formula.py:458 | Finding alpha for target Fy=1000.00 N at Fz=600.0, gamma=-2.00 deg
2025-04-03 22:43:37,891 | INFO     | v3_magic_formula.py:533 | Found alpha=-2.292 deg for target Fy=1000.00 (brentq).
2025-04-03 22:43:37,891 | DEBUG    | v3_magic_formula.py:284 | Calculating forces for time 500 ms. Inputs: Fz=600, alpha=-0.0400084855099659, kappa=0.0, gamma=-0.03490658503988659
2025-04-03 22:43:37,891 | DEBUG    | v3_magic_formula.py:326 | Force calculation complete for time 500. Fx=-83.11, Fy=1000.30
2025-04-03 22:43:37,891 | DEBUG    | tire_tester.py:114 |   Success: Target Alpha: -2.292deg
2025-04-03 22:43:37,891 | DEBUG    | tire_tester.py:115 |   Resulting Forces: Fx=-83.1N, Fy=1000.3N (Error Fy=0.3N / 0.03%)
2025-04-03 22:43:37,891 | INFO     | tire_tester.py:98 | Running Pure Fy Inverse Test 7: 'Impossible Corner L'
2025-04-03 22:43:37,891 | DEBUG    | tire_tester.py:99 |   Inputs: Fz=400.0N, gamma=0.0deg, Target Fy=-2000.0N
2025-04-03 22:43:37,891 | DEBUG    | v3_magic_formula.py:458 | Finding alpha for target Fy=-2000.00 N at Fz=400.0, gamma=0.00 deg
2025-04-03 22:43:37,891 | WARNING  | v3_magic_formula.py:484 | Target Fy=-2000.00 outside approx range [-1036.00, 996.94]
2025-04-03 22:43:37,891 | WARNING  | tire_tester.py:116 |   Failed: Could not find valid alpha for target Fy=-2000.0N.
2025-04-03 22:43:37,891 | INFO     | tire_tester.py:98 | Running Pure Fy Inverse Test 8: 'Impossible Corner R'
2025-04-03 22:43:37,891 | DEBUG    | tire_tester.py:99 |   Inputs: Fz=400.0N, gamma=0.0deg, Target Fy=2000.0N
2025-04-03 22:43:37,892 | DEBUG    | v3_magic_formula.py:458 | Finding alpha for target Fy=2000.00 N at Fz=400.0, gamma=0.00 deg
2025-04-03 22:43:37,892 | WARNING  | v3_magic_formula.py:484 | Target Fy=2000.00 outside approx range [-1036.00, 996.94]
2025-04-03 22:43:37,892 | WARNING  | tire_tester.py:116 |   Failed: Could not find valid alpha for target Fy=2000.0N.
2025-04-03 22:43:37,892 | INFO     | tire_tester.py:118 | --- Pure Fy Inverse Test Suite Finished ---
2025-04-03 22:43:37,892 | INFO     | tire_tester.py:125 | --- Testing Components: 'Zero Slips' ---
2025-04-03 22:43:37,892 | DEBUG    | tire_tester.py:127 | Inputs: Fz=600.0, alpha=0.00deg, kappa=0.000, gamma=0.00deg
2025-04-03 22:43:37,892 | DEBUG    | tire_tester.py:139 | Component Calculation Successful. Final Fx=-93.00, Fy=15.75
2025-04-03 22:43:37,892 | INFO     | tire_tester.py:125 | --- Testing Components: 'Pure Accel' ---
2025-04-03 22:43:37,892 | DEBUG    | tire_tester.py:127 | Inputs: Fz=700.0, alpha=0.00deg, kappa=0.100, gamma=0.00deg
2025-04-03 22:43:37,892 | DEBUG    | tire_tester.py:139 | Component Calculation Successful. Final Fx=1848.61, Fy=5.96
2025-04-03 22:43:37,892 | INFO     | tire_tester.py:125 | --- Testing Components: 'Pure Brake' ---
2025-04-03 22:43:37,892 | DEBUG    | tire_tester.py:127 | Inputs: Fz=500.0, alpha=0.00deg, kappa=-0.080, gamma=0.00deg
2025-04-03 22:43:37,892 | DEBUG    | tire_tester.py:139 | Component Calculation Successful. Final Fx=-1353.00, Fy=17.35
2025-04-03 22:43:37,892 | INFO     | tire_tester.py:125 | --- Testing Components: 'Pure Cornering' ---
2025-04-03 22:43:37,893 | DEBUG    | tire_tester.py:127 | Inputs: Fz=600.0, alpha=5.00deg, kappa=0.000, gamma=-2.00deg
2025-04-03 22:43:37,893 | DEBUG    | tire_tester.py:139 | Component Calculation Successful. Final Fx=-63.67, Fy=-1419.82
2025-04-03 22:43:37,893 | INFO     | tire_tester.py:125 | --- Testing Components: 'Cornering + Accel' ---
2025-04-03 22:43:37,893 | DEBUG    | tire_tester.py:127 | Inputs: Fz=700.0, alpha=4.00deg, kappa=0.050, gamma=-2.00deg
2025-04-03 22:43:37,893 | DEBUG    | tire_tester.py:139 | Component Calculation Successful. Final Fx=1237.80, Fy=-1295.07
2025-04-03 22:43:37,893 | INFO     | tire_tester.py:125 | --- Testing Components: 'Cornering + Brake' ---
2025-04-03 22:43:37,893 | DEBUG    | tire_tester.py:127 | Inputs: Fz=500.0, alpha=-3.00deg, kappa=-0.060, gamma=-1.00deg
2025-04-03 22:43:37,893 | DEBUG    | tire_tester.py:139 | Component Calculation Successful. Final Fx=-1120.52, Fy=879.90
2025-04-03 22:43:48,012 | INFO     | v3_magic_formula.py:33 | Initializing Pacejka Tire Model from hoosier_r20.par
2025-04-03 22:43:48,012 | INFO     | v3_magic_formula.py:55 | Loading parameters from: hoosier_r20.par
2025-04-03 22:43:48,012 | INFO     | v3_magic_formula.py:66 | Finished loading parameters from hoosier_r20.par
2025-04-03 22:43:48,013 | DEBUG    | v3_magic_formula.py:71 | Validating required parameters...
2025-04-03 22:43:48,013 | INFO     | v3_magic_formula.py:93 | All required parameters loaded successfully.
2025-04-03 22:43:48,018 | INFO     | v3_magic_formula.py:51 | Pacejka Tire Model initialized successfully.
2025-04-03 22:43:48,018 | INFO     | tire_tester.py:27 | --- Starting Fy Priority Test Suite (7 cases) ---
2025-04-03 22:43:48,018 | INFO     | tire_tester.py:32 | Running Fy Priority Test 1: 'Coast Straight'
2025-04-03 22:43:48,018 | DEBUG    | tire_tester.py:33 |   Inputs: Fz=600.0N, gamma=0.0deg, Target Fy=0.0N, Mode=coast, Intensity=0.00
2025-04-03 22:43:48,018 | INFO     | v3_magic_formula.py:550 | Finding slips for target Fy=0.00 N, Fz=600.0, gamma=0.00 deg, mode='coast', intensity=0.00
2025-04-03 22:43:48,018 | DEBUG    | v3_magic_formula.py:458 | Finding alpha for target Fy=0.00 N at Fz=600.0, gamma=0.00 deg
2025-04-03 22:43:48,018 | INFO     | v3_magic_formula.py:533 | Found alpha=0.033 deg for target Fy=0.00 (brentq).
2025-04-03 22:43:48,018 | DEBUG    | v3_magic_formula.py:556 | Step 1: Required alpha (approx) = 0.033 deg
2025-04-03 22:43:48,018 | DEBUG    | v3_magic_formula.py:336 | Calculating peak Fx potential for Fz=600, gamma=0.0
2025-04-03 22:43:48,018 | DEBUG    | v3_magic_formula.py:348 | Peak Fx potential: Dx=1652.79, SVx=-20.52, Peak=1632.27
2025-04-03 22:43:48,018 | DEBUG    | v3_magic_formula.py:354 | Calculating min Fx potential for Fz=600, gamma=0.0
2025-04-03 22:43:48,018 | DEBUG    | v3_magic_formula.py:366 | Min Fx potential: Dx=1652.79, SVx=-20.52, Min=-1673.31
2025-04-03 22:43:48,018 | DEBUG    | v3_magic_formula.py:569 | Step 2: Approx Gxa(alpha_req, k=0) = 1.0000
2025-04-03 22:43:48,018 | INFO     | v3_magic_formula.py:586 | Target longitudinal force is near zero. Setting kappa_req = 0.
2025-04-03 22:43:48,018 | INFO     | v3_magic_formula.py:592 | Result: alpha=0.033 deg, kappa=0.0000
2025-04-03 22:43:48,019 | DEBUG    | v3_magic_formula.py:284 | Calculating forces for time 0 ms. Inputs: Fz=600, alpha=0.0005834868827136856, kappa=0.0, gamma=0.0
2025-04-03 22:43:48,019 | DEBUG    | v3_magic_formula.py:326 | Force calculation complete for time 0. Fx=-93.00, Fy=0.01
2025-04-03 22:43:48,019 | DEBUG    | tire_tester.py:48 |   Success: Target Slips: alpha=0.033deg, kappa=0.0000
2025-04-03 22:43:48,019 | DEBUG    | tire_tester.py:49 |   Resulting Forces: Fx=-93.0N, Fy=0.0N (Error Fy=0.0N / inf%)
2025-04-03 22:43:48,019 | INFO     | tire_tester.py:32 | Running Fy Priority Test 2: 'Max Accel Straight'
2025-04-03 22:43:48,019 | DEBUG    | tire_tester.py:33 |   Inputs: Fz=700.0N, gamma=0.0deg, Target Fy=0.0N, Mode=accelerate, Intensity=1.00
2025-04-03 22:43:48,019 | INFO     | v3_magic_formula.py:550 | Finding slips for target Fy=0.00 N, Fz=700.0, gamma=0.00 deg, mode='accelerate', intensity=1.00
2025-04-03 22:43:48,019 | DEBUG    | v3_magic_formula.py:458 | Finding alpha for target Fy=0.00 N at Fz=700.0, gamma=0.00 deg
2025-04-03 22:43:48,019 | INFO     | v3_magic_formula.py:533 | Found alpha=0.018 deg for target Fy=0.00 (brentq).
2025-04-03 22:43:48,019 | DEBUG    | v3_magic_formula.py:556 | Step 1: Required alpha (approx) = 0.018 deg
2025-04-03 22:43:48,019 | DEBUG    | v3_magic_formula.py:336 | Calculating peak Fx potential for Fz=700, gamma=0.0
2025-04-03 22:43:48,019 | DEBUG    | v3_magic_formula.py:348 | Peak Fx potential: Dx=1934.81, SVx=-18.82, Peak=1915.99
2025-04-03 22:43:48,019 | DEBUG    | v3_magic_formula.py:354 | Calculating min Fx potential for Fz=700, gamma=0.0
2025-04-03 22:43:48,019 | DEBUG    | v3_magic_formula.py:366 | Min Fx potential: Dx=1934.81, SVx=-18.82, Min=-1953.63
2025-04-03 22:43:48,019 | DEBUG    | v3_magic_formula.py:569 | Step 2: Approx Gxa(alpha_req, k=0) = 1.0000
2025-04-03 22:43:48,019 | DEBUG    | v3_magic_formula.py:578 | Step 3: Target Accel Fx = 1915.97 N (AvailMax=1915.97)
2025-04-03 22:43:48,019 | DEBUG    | v3_magic_formula.py:373 | Finding kappa for target Fx=1915.97 N at Fz=700.0, gamma=0.00 deg
2025-04-03 22:43:48,019 | WARNING  | v3_magic_formula.py:445 | Kappa bracketing failed (errors: f(-0.275)=-3863.889, f(0.275)=-5.439). Trying ridder.
2025-04-03 22:43:48,019 | WARNING  | v3_magic_formula.py:450 | Ridder method also failed for kappa.
2025-04-03 22:43:48,019 | WARNING  | v3_magic_formula.py:589 | Could not find kappa for target Fx=1915.97. Setting kappa_req = 0.
2025-04-03 22:43:48,019 | INFO     | v3_magic_formula.py:592 | Result: alpha=0.018 deg, kappa=0.0000
2025-04-03 22:43:48,020 | DEBUG    | v3_magic_formula.py:284 | Calculating forces for time 100 ms. Inputs: Fz=700, alpha=0.00031880253508587966, kappa=0.0, gamma=0.0
2025-04-03 22:43:48,020 | DEBUG    | v3_magic_formula.py:326 | Force calculation complete for time 100. Fx=-73.29, Fy=-0.66
2025-04-03 22:43:48,020 | DEBUG    | tire_tester.py:48 |   Success: Target Slips: alpha=0.018deg, kappa=0.0000
2025-04-03 22:43:48,020 | DEBUG    | tire_tester.py:49 |   Resulting Forces: Fx=-73.3N, Fy=-0.7N (Error Fy=-0.7N / inf%)
2025-04-03 22:43:48,020 | INFO     | tire_tester.py:32 | Running Fy Priority Test 3: 'Max Brake Straight'
2025-04-03 22:43:48,020 | DEBUG    | tire_tester.py:33 |   Inputs: Fz=500.0N, gamma=0.0deg, Target Fy=0.0N, Mode=brake, Intensity=1.00
2025-04-03 22:43:48,020 | INFO     | v3_magic_formula.py:550 | Finding slips for target Fy=0.00 N, Fz=500.0, gamma=0.00 deg, mode='brake', intensity=1.00
2025-04-03 22:43:48,020 | DEBUG    | v3_magic_formula.py:458 | Finding alpha for target Fy=0.00 N at Fz=500.0, gamma=0.00 deg
2025-04-03 22:43:48,020 | INFO     | v3_magic_formula.py:533 | Found alpha=0.051 deg for target Fy=0.00 (brentq).
2025-04-03 22:43:48,020 | DEBUG    | v3_magic_formula.py:556 | Step 1: Required alpha (approx) = 0.051 deg
2025-04-03 22:43:48,020 | DEBUG    | v3_magic_formula.py:336 | Calculating peak Fx potential for Fz=500, gamma=0.0
2025-04-03 22:43:48,020 | DEBUG    | v3_magic_formula.py:348 | Peak Fx potential: Dx=1372.64, SVx=-20.75, Peak=1351.89
2025-04-03 22:43:48,020 | DEBUG    | v3_magic_formula.py:354 | Calculating min Fx potential for Fz=500, gamma=0.0
2025-04-03 22:43:48,020 | DEBUG    | v3_magic_formula.py:366 | Min Fx potential: Dx=1372.64, SVx=-20.75, Min=-1393.40
2025-04-03 22:43:48,020 | DEBUG    | v3_magic_formula.py:569 | Step 2: Approx Gxa(alpha_req, k=0) = 0.9999
2025-04-03 22:43:48,020 | DEBUG    | v3_magic_formula.py:581 | Step 3: Target Brake Fx = -1393.32 N (AvailMin=-1393.32)
2025-04-03 22:43:48,020 | DEBUG    | v3_magic_formula.py:373 | Finding kappa for target Fx=-1393.32 N at Fz=500.0, gamma=0.00 deg
2025-04-03 22:43:48,020 | WARNING  | v3_magic_formula.py:445 | Kappa bracketing failed (errors: f(-0.275)=13.985, f(0.275)=2731.680). Trying ridder.
2025-04-03 22:43:48,020 | WARNING  | v3_magic_formula.py:450 | Ridder method also failed for kappa.
2025-04-03 22:43:48,020 | WARNING  | v3_magic_formula.py:589 | Could not find kappa for target Fx=-1393.32. Setting kappa_req = 0.
2025-04-03 22:43:48,020 | INFO     | v3_magic_formula.py:592 | Result: alpha=0.051 deg, kappa=0.0000
2025-04-03 22:43:48,021 | DEBUG    | v3_magic_formula.py:284 | Calculating forces for time 200 ms. Inputs: Fz=500, alpha=0.0008942641857142886, kappa=0.0, gamma=0.0
2025-04-03 22:43:48,021 | DEBUG    | v3_magic_formula.py:326 | Force calculation complete for time 200. Fx=-106.56, Fy=0.03
2025-04-03 22:43:48,021 | DEBUG    | tire_tester.py:48 |   Success: Target Slips: alpha=0.051deg, kappa=0.0000
2025-04-03 22:43:48,021 | DEBUG    | tire_tester.py:49 |   Resulting Forces: Fx=-106.6N, Fy=0.0N (Error Fy=0.0N / inf%)
2025-04-03 22:43:48,021 | INFO     | tire_tester.py:32 | Running Fy Priority Test 4: 'Cornering Coast'
2025-04-03 22:43:48,021 | DEBUG    | tire_tester.py:33 |   Inputs: Fz=600.0N, gamma=-2.0deg, Target Fy=-1500.0N, Mode=coast, Intensity=0.00
2025-04-03 22:43:48,021 | INFO     | v3_magic_formula.py:550 | Finding slips for target Fy=-1500.00 N, Fz=600.0, gamma=-2.00 deg, mode='coast', intensity=0.00
2025-04-03 22:43:48,021 | DEBUG    | v3_magic_formula.py:458 | Finding alpha for target Fy=-1500.00 N at Fz=600.0, gamma=-2.00 deg
2025-04-03 22:43:48,021 | INFO     | v3_magic_formula.py:533 | Found alpha=6.361 deg for target Fy=-1500.00 (brentq).
2025-04-03 22:43:48,021 | DEBUG    | v3_magic_formula.py:556 | Step 1: Required alpha (approx) = 6.361 deg
2025-04-03 22:43:48,021 | DEBUG    | v3_magic_formula.py:336 | Calculating peak Fx potential for Fz=600, gamma=-0.03490658503988659
2025-04-03 22:43:48,021 | DEBUG    | v3_magic_formula.py:348 | Peak Fx potential: Dx=1657.85, SVx=-20.52, Peak=1637.33
2025-04-03 22:43:48,021 | DEBUG    | v3_magic_formula.py:354 | Calculating min Fx potential for Fz=600, gamma=-0.03490658503988659
2025-04-03 22:43:48,021 | DEBUG    | v3_magic_formula.py:366 | Min Fx potential: Dx=1657.85, SVx=-20.52, Min=-1678.37
2025-04-03 22:43:48,021 | DEBUG    | v3_magic_formula.py:569 | Step 2: Approx Gxa(alpha_req, k=0) = 0.6003
2025-04-03 22:43:48,021 | INFO     | v3_magic_formula.py:586 | Target longitudinal force is near zero. Setting kappa_req = 0.
2025-04-03 22:43:48,021 | INFO     | v3_magic_formula.py:592 | Result: alpha=6.361 deg, kappa=0.0000
2025-04-03 22:43:48,021 | DEBUG    | v3_magic_formula.py:284 | Calculating forces for time 300 ms. Inputs: Fz=600, alpha=0.11102370887737106, kappa=0.0, gamma=-0.03490658503988659
2025-04-03 22:43:48,021 | DEBUG    | v3_magic_formula.py:326 | Force calculation complete for time 300. Fx=-55.35, Fy=-1500.05
2025-04-03 22:43:48,021 | DEBUG    | tire_tester.py:48 |   Success: Target Slips: alpha=6.361deg, kappa=0.0000
2025-04-03 22:43:48,021 | DEBUG    | tire_tester.py:49 |   Resulting Forces: Fx=-55.3N, Fy=-1500.0N (Error Fy=-0.0N / 0.00%)
2025-04-03 22:43:48,021 | INFO     | tire_tester.py:32 | Running Fy Priority Test 5: 'Cornering Med Fy Accel'
2025-04-03 22:43:48,021 | DEBUG    | tire_tester.py:33 |   Inputs: Fz=700.0N, gamma=-2.0deg, Target Fy=-1000.0N, Mode=accelerate, Intensity=0.50
2025-04-03 22:43:48,021 | INFO     | v3_magic_formula.py:550 | Finding slips for target Fy=-1000.00 N, Fz=700.0, gamma=-2.00 deg, mode='accelerate', intensity=0.50
2025-04-03 22:43:48,022 | DEBUG    | v3_magic_formula.py:458 | Finding alpha for target Fy=-1000.00 N at Fz=700.0, gamma=-2.00 deg
2025-04-03 22:43:48,022 | INFO     | v3_magic_formula.py:533 | Found alpha=2.512 deg for target Fy=-1000.00 (brentq).
2025-04-03 22:43:48,022 | DEBUG    | v3_magic_formula.py:556 | Step 1: Required alpha (approx) = 2.512 deg
2025-04-03 22:43:48,022 | DEBUG    | v3_magic_formula.py:336 | Calculating peak Fx potential for Fz=700, gamma=-0.03490658503988659
2025-04-03 22:43:48,022 | DEBUG    | v3_magic_formula.py:348 | Peak Fx potential: Dx=1940.73, SVx=-18.82, Peak=1921.91
2025-04-03 22:43:48,022 | DEBUG    | v3_magic_formula.py:354 | Calculating min Fx potential for Fz=700, gamma=-0.03490658503988659
2025-04-03 22:43:48,022 | DEBUG    | v3_magic_formula.py:366 | Min Fx potential: Dx=1940.73, SVx=-18.82, Min=-1959.55
2025-04-03 22:43:48,022 | DEBUG    | v3_magic_formula.py:569 | Step 2: Approx Gxa(alpha_req, k=0) = 0.8850
2025-04-03 22:43:48,022 | DEBUG    | v3_magic_formula.py:578 | Step 3: Target Accel Fx = 850.41 N (AvailMax=1700.82)
2025-04-03 22:43:48,022 | DEBUG    | v3_magic_formula.py:373 | Finding kappa for target Fx=850.41 N at Fz=700.0, gamma=-2.00 deg
2025-04-03 22:43:48,022 | INFO     | v3_magic_formula.py:442 | Found kappa=0.0182 for target Fx=850.41 (brentq).
2025-04-03 22:43:48,022 | DEBUG    | v3_magic_formula.py:590 | Step 4: Required kappa (approx) = 0.0182
2025-04-03 22:43:48,022 | INFO     | v3_magic_formula.py:592 | Result: alpha=2.512 deg, kappa=0.0182
2025-04-03 22:43:48,022 | DEBUG    | v3_magic_formula.py:284 | Calculating forces for time 400 ms. Inputs: Fz=700, alpha=0.04384950900639849, kappa=0.018182038894777233, gamma=-0.03490658503988659
2025-04-03 22:43:48,022 | DEBUG    | v3_magic_formula.py:326 | Force calculation complete for time 400. Fx=754.38, Fy=-984.93
2025-04-03 22:43:48,022 | DEBUG    | tire_tester.py:48 |   Success: Target Slips: alpha=2.512deg, kappa=0.0182
2025-04-03 22:43:48,022 | DEBUG    | tire_tester.py:49 |   Resulting Forces: Fx=754.4N, Fy=-984.9N (Error Fy=15.1N / -1.51%)
2025-04-03 22:43:48,022 | INFO     | tire_tester.py:32 | Running Fy Priority Test 6: 'Cornering Med Fy Brake'
2025-04-03 22:43:48,022 | DEBUG    | tire_tester.py:33 |   Inputs: Fz=500.0N, gamma=-2.0deg, Target Fy=-800.0N, Mode=brake, Intensity=0.80
2025-04-03 22:43:48,022 | INFO     | v3_magic_formula.py:550 | Finding slips for target Fy=-800.00 N, Fz=500.0, gamma=-2.00 deg, mode='brake', intensity=0.80
2025-04-03 22:43:48,022 | DEBUG    | v3_magic_formula.py:458 | Finding alpha for target Fy=-800.00 N at Fz=500.0, gamma=-2.00 deg
2025-04-03 22:43:48,023 | INFO     | v3_magic_formula.py:533 | Found alpha=2.384 deg for target Fy=-800.00 (brentq).
2025-04-03 22:43:48,023 | DEBUG    | v3_magic_formula.py:556 | Step 1: Required alpha (approx) = 2.384 deg
2025-04-03 22:43:48,023 | DEBUG    | v3_magic_formula.py:336 | Calculating peak Fx potential for Fz=500, gamma=-0.03490658503988659
2025-04-03 22:43:48,023 | DEBUG    | v3_magic_formula.py:348 | Peak Fx potential: Dx=1376.84, SVx=-20.75, Peak=1356.09
2025-04-03 22:43:48,023 | DEBUG    | v3_magic_formula.py:354 | Calculating min Fx potential for Fz=500, gamma=-0.03490658503988659
2025-04-03 22:43:48,023 | DEBUG    | v3_magic_formula.py:366 | Min Fx potential: Dx=1376.84, SVx=-20.75, Min=-1397.60
2025-04-03 22:43:48,023 | DEBUG    | v3_magic_formula.py:569 | Step 2: Approx Gxa(alpha_req, k=0) = 0.8947
2025-04-03 22:43:48,023 | DEBUG    | v3_magic_formula.py:581 | Step 3: Target Brake Fx = -1000.29 N (AvailMin=-1250.37)
2025-04-03 22:43:48,023 | DEBUG    | v3_magic_formula.py:373 | Finding kappa for target Fx=-1000.29 N at Fz=500.0, gamma=-2.00 deg
2025-04-03 22:43:48,023 | INFO     | v3_magic_formula.py:442 | Found kappa=-0.0260 for target Fx=-1000.29 (brentq).
2025-04-03 22:43:48,023 | DEBUG    | v3_magic_formula.py:590 | Step 4: Required kappa (approx) = -0.0260
2025-04-03 22:43:48,023 | INFO     | v3_magic_formula.py:592 | Result: alpha=2.384 deg, kappa=-0.0260
2025-04-03 22:43:48,023 | DEBUG    | v3_magic_formula.py:284 | Calculating forces for time 500 ms. Inputs: Fz=500, alpha=0.04161390042198508, kappa=-0.026046776856600177, gamma=-0.03490658503988659
2025-04-03 22:43:48,023 | DEBUG    | v3_magic_formula.py:326 | Force calculation complete for time 500. Fx=-896.94, Fy=-775.64
2025-04-03 22:43:48,023 | DEBUG    | tire_tester.py:48 |   Success: Target Slips: alpha=2.384deg, kappa=-0.0260
2025-04-03 22:43:48,023 | DEBUG    | tire_tester.py:49 |   Resulting Forces: Fx=-896.9N, Fy=-775.6N (Error Fy=24.4N / -3.05%)
2025-04-03 22:43:48,023 | INFO     | tire_tester.py:32 | Running Fy Priority Test 7: 'Impossible Fy Target'
2025-04-03 22:43:48,023 | DEBUG    | tire_tester.py:33 |   Inputs: Fz=400.0N, gamma=0.0deg, Target Fy=-5000.0N, Mode=coast, Intensity=0.00
2025-04-03 22:43:48,023 | INFO     | v3_magic_formula.py:550 | Finding slips for target Fy=-5000.00 N, Fz=400.0, gamma=0.00 deg, mode='coast', intensity=0.00
2025-04-03 22:43:48,023 | DEBUG    | v3_magic_formula.py:458 | Finding alpha for target Fy=-5000.00 N at Fz=400.0, gamma=0.00 deg
2025-04-03 22:43:48,023 | WARNING  | v3_magic_formula.py:484 | Target Fy=-5000.00 outside approx range [-1036.00, 996.94]
2025-04-03 22:43:48,023 | WARNING  | v3_magic_formula.py:555 | Target Fy=-5000.00 N unachievable.
2025-04-03 22:43:48,023 | WARNING  | tire_tester.py:50 |   Failed: Could not find valid slips for target Fy=-5000.0N.
2025-04-03 22:43:48,024 | INFO     | tire_tester.py:52 | --- Fy Priority Test Suite Finished ---
2025-04-03 22:43:48,024 | INFO     | tire_tester.py:60 | --- Starting Pure Fx Inverse Test Suite (8 cases) ---
2025-04-03 22:43:48,024 | INFO     | tire_tester.py:65 | Running Pure Fx Inverse Test 1: 'Zero Fx Target'
2025-04-03 22:43:48,024 | DEBUG    | tire_tester.py:66 |   Inputs: Fz=600.0N, gamma=0.0deg, Target Fx=0.0N
2025-04-03 22:43:48,024 | DEBUG    | v3_magic_formula.py:373 | Finding kappa for target Fx=0.00 N at Fz=600.0, gamma=0.00 deg
2025-04-03 22:43:48,024 | INFO     | v3_magic_formula.py:442 | Found kappa=0.0017 for target Fx=0.00 (brentq).
2025-04-03 22:43:48,025 | DEBUG    | v3_magic_formula.py:284 | Calculating forces for time 0 ms. Inputs: Fz=600, alpha=0.0, kappa=0.0017242539035154454, gamma=0.0
2025-04-03 22:43:48,025 | DEBUG    | v3_magic_formula.py:326 | Force calculation complete for time 0. Fx=0.01, Fy=15.75
2025-04-03 22:43:48,025 | DEBUG    | tire_tester.py:81 |   Success: Target Kappa: 0.0017
2025-04-03 22:43:48,025 | DEBUG    | tire_tester.py:82 |   Resulting Forces: Fx=0.0N, Fy=15.8N (Error Fx=0.0N / inf%)
2025-04-03 22:43:48,025 | INFO     | tire_tester.py:65 | Running Pure Fx Inverse Test 2: 'Moderate Accel'
2025-04-03 22:43:48,025 | DEBUG    | tire_tester.py:66 |   Inputs: Fz=700.0N, gamma=0.0deg, Target Fx=1000.0N
2025-04-03 22:43:48,025 | DEBUG    | v3_magic_formula.py:373 | Finding kappa for target Fx=1000.00 N at Fz=700.0, gamma=0.00 deg
2025-04-03 22:43:48,025 | INFO     | v3_magic_formula.py:442 | Found kappa=0.0219 for target Fx=1000.00 (brentq).
2025-04-03 22:43:48,025 | DEBUG    | v3_magic_formula.py:284 | Calculating forces for time 100 ms. Inputs: Fz=700, alpha=0.0, kappa=0.021890522490922517, gamma=0.0
2025-04-03 22:43:48,025 | DEBUG    | v3_magic_formula.py:326 | Force calculation complete for time 100. Fx=999.91, Fy=8.23
2025-04-03 22:43:48,025 | DEBUG    | tire_tester.py:81 |   Success: Target Kappa: 0.0219
2025-04-03 22:43:48,025 | DEBUG    | tire_tester.py:82 |   Resulting Forces: Fx=999.9N, Fy=8.2N (Error Fx=-0.1N / -0.01%)
2025-04-03 22:43:48,025 | INFO     | tire_tester.py:65 | Running Pure Fx Inverse Test 3: 'High Accel'
2025-04-03 22:43:48,025 | DEBUG    | tire_tester.py:66 |   Inputs: Fz=700.0N, gamma=0.0deg, Target Fx=1800.0N
2025-04-03 22:43:48,025 | DEBUG    | v3_magic_formula.py:373 | Finding kappa for target Fx=1800.00 N at Fz=700.0, gamma=0.00 deg
2025-04-03 22:43:48,025 | INFO     | v3_magic_formula.py:442 | Found kappa=0.0824 for target Fx=1800.00 (brentq).
2025-04-03 22:43:48,025 | DEBUG    | v3_magic_formula.py:284 | Calculating forces for time 200 ms. Inputs: Fz=700, alpha=0.0, kappa=0.0823752195499786, gamma=0.0
2025-04-03 22:43:48,025 | DEBUG    | v3_magic_formula.py:326 | Force calculation complete for time 200. Fx=1800.00, Fy=6.50
2025-04-03 22:43:48,026 | DEBUG    | tire_tester.py:81 |   Success: Target Kappa: 0.0824
2025-04-03 22:43:48,026 | DEBUG    | tire_tester.py:82 |   Resulting Forces: Fx=1800.0N, Fy=6.5N (Error Fx=-0.0N / -0.00%)
2025-04-03 22:43:48,026 | INFO     | tire_tester.py:65 | Running Pure Fx Inverse Test 4: 'Moderate Brake'
2025-04-03 22:43:48,026 | DEBUG    | tire_tester.py:66 |   Inputs: Fz=500.0N, gamma=0.0deg, Target Fx=-800.0N
2025-04-03 22:43:48,026 | DEBUG    | v3_magic_formula.py:373 | Finding kappa for target Fx=-800.00 N at Fz=500.0, gamma=0.00 deg
2025-04-03 22:43:48,026 | INFO     | v3_magic_formula.py:442 | Found kappa=-0.0171 for target Fx=-800.00 (brentq).
2025-04-03 22:43:48,026 | DEBUG    | v3_magic_formula.py:284 | Calculating forces for time 300 ms. Inputs: Fz=500, alpha=0.0, kappa=-0.017139339830176754, gamma=0.0
2025-04-03 22:43:48,026 | DEBUG    | v3_magic_formula.py:326 | Force calculation complete for time 300. Fx=-799.53, Fy=21.90
2025-04-03 22:43:48,026 | DEBUG    | tire_tester.py:81 |   Success: Target Kappa: -0.0171
2025-04-03 22:43:48,026 | DEBUG    | tire_tester.py:82 |   Resulting Forces: Fx=-799.5N, Fy=21.9N (Error Fx=0.5N / -0.06%)
2025-04-03 22:43:48,026 | INFO     | tire_tester.py:65 | Running Pure Fx Inverse Test 5: 'High Brake'
2025-04-03 22:43:48,026 | DEBUG    | tire_tester.py:66 |   Inputs: Fz=500.0N, gamma=0.0deg, Target Fx=-1300.0N
2025-04-03 22:43:48,026 | DEBUG    | v3_magic_formula.py:373 | Finding kappa for target Fx=-1300.00 N at Fz=500.0, gamma=0.00 deg
2025-04-03 22:43:48,026 | INFO     | v3_magic_formula.py:442 | Found kappa=-0.0594 for target Fx=-1300.00 (brentq).
2025-04-03 22:43:48,026 | DEBUG    | v3_magic_formula.py:284 | Calculating forces for time 400 ms. Inputs: Fz=500, alpha=0.0, kappa=-0.059412495669793564, gamma=0.0
2025-04-03 22:43:48,026 | DEBUG    | v3_magic_formula.py:326 | Force calculation complete for time 400. Fx=-1299.96, Fy=19.10
2025-04-03 22:43:48,026 | DEBUG    | tire_tester.py:81 |   Success: Target Kappa: -0.0594
2025-04-03 22:43:48,026 | DEBUG    | tire_tester.py:82 |   Resulting Forces: Fx=-1300.0N, Fy=19.1N (Error Fx=0.0N / -0.00%)
2025-04-03 22:43:48,027 | INFO     | tire_tester.py:65 | Running Pure Fx Inverse Test 6: 'Accel w/ Camber'
2025-04-03 22:43:48,027 | DEBUG    | tire_tester.py:66 |   Inputs: Fz=700.0N, gamma=-2.0deg, Target Fx=1500.0N
2025-04-03 22:43:48,027 | DEBUG    | v3_magic_formula.py:373 | Finding kappa for target Fx=1500.00 N at Fz=700.0, gamma=-2.00 deg
2025-04-03 22:43:48,027 | INFO     | v3_magic_formula.py:442 | Found kappa=0.0433 for target Fx=1500.00 (brentq).
2025-04-03 22:43:48,027 | DEBUG    | v3_magic_formula.py:284 | Calculating forces for time 500 ms. Inputs: Fz=700, alpha=0.0, kappa=0.043264558561810953, gamma=-0.03490658503988659
2025-04-03 22:43:48,027 | DEBUG    | v3_magic_formula.py:326 | Force calculation complete for time 500. Fx=1499.99, Fy=121.40
2025-04-03 22:43:48,027 | DEBUG    | tire_tester.py:81 |   Success: Target Kappa: 0.0433
2025-04-03 22:43:48,027 | DEBUG    | tire_tester.py:82 |   Resulting Forces: Fx=1500.0N, Fy=121.4N (Error Fx=-0.0N / -0.00%)
2025-04-03 22:43:48,027 | INFO     | tire_tester.py:65 | Running Pure Fx Inverse Test 7: 'Impossible Accel'
2025-04-03 22:43:48,027 | DEBUG    | tire_tester.py:66 |   Inputs: Fz=400.0N, gamma=0.0deg, Target Fx=3000.0N
2025-04-03 22:43:48,027 | DEBUG    | v3_magic_formula.py:373 | Finding kappa for target Fx=3000.00 N at Fz=400.0, gamma=0.00 deg
2025-04-03 22:43:48,027 | WARNING  | v3_magic_formula.py:396 | Target Fx=3000.00 is outside achievable range [-1113.90, 1074.84] N.
2025-04-03 22:43:48,027 | WARNING  | tire_tester.py:83 |   Failed: Could not find valid kappa for target Fx=3000.0N.
2025-04-03 22:43:48,027 | INFO     | tire_tester.py:65 | Running Pure Fx Inverse Test 8: 'Impossible Brake'
2025-04-03 22:43:48,027 | DEBUG    | tire_tester.py:66 |   Inputs: Fz=400.0N, gamma=0.0deg, Target Fx=-3000.0N
2025-04-03 22:43:48,027 | DEBUG    | v3_magic_formula.py:373 | Finding kappa for target Fx=-3000.00 N at Fz=400.0, gamma=0.00 deg
2025-04-03 22:43:48,028 | WARNING  | v3_magic_formula.py:396 | Target Fx=-3000.00 is outside achievable range [-1113.90, 1074.84] N.
2025-04-03 22:43:48,028 | WARNING  | tire_tester.py:83 |   Failed: Could not find valid kappa for target Fx=-3000.0N.
2025-04-03 22:43:48,028 | INFO     | tire_tester.py:85 | --- Pure Fx Inverse Test Suite Finished ---
2025-04-03 22:43:48,028 | INFO     | tire_tester.py:93 | --- Starting Pure Fy Inverse Test Suite (8 cases) ---
2025-04-03 22:43:48,028 | INFO     | tire_tester.py:98 | Running Pure Fy Inverse Test 1: 'Zero Fy Target'
2025-04-03 22:43:48,028 | DEBUG    | tire_tester.py:99 |   Inputs: Fz=600.0N, gamma=0.0deg, Target Fy=0.0N
2025-04-03 22:43:48,028 | DEBUG    | v3_magic_formula.py:458 | Finding alpha for target Fy=0.00 N at Fz=600.0, gamma=0.00 deg
2025-04-03 22:43:48,029 | INFO     | v3_magic_formula.py:533 | Found alpha=0.033 deg for target Fy=0.00 (brentq).
2025-04-03 22:43:48,029 | DEBUG    | v3_magic_formula.py:284 | Calculating forces for time 0 ms. Inputs: Fz=600, alpha=0.0005834868827136856, kappa=0.0, gamma=0.0
2025-04-03 22:43:48,029 | DEBUG    | v3_magic_formula.py:326 | Force calculation complete for time 0. Fx=-93.00, Fy=0.01
2025-04-03 22:43:48,029 | DEBUG    | tire_tester.py:114 |   Success: Target Alpha: 0.033deg
2025-04-03 22:43:48,029 | DEBUG    | tire_tester.py:115 |   Resulting Forces: Fx=-93.0N, Fy=0.0N (Error Fy=0.0N / inf%)
2025-04-03 22:43:48,029 | INFO     | tire_tester.py:98 | Running Pure Fy Inverse Test 2: 'Moderate Corner L'
2025-04-03 22:43:48,029 | DEBUG    | tire_tester.py:99 |   Inputs: Fz=600.0N, gamma=0.0deg, Target Fy=-1000.0N
2025-04-03 22:43:48,029 | DEBUG    | v3_magic_formula.py:458 | Finding alpha for target Fy=-1000.00 N at Fz=600.0, gamma=0.00 deg
2025-04-03 22:43:48,029 | INFO     | v3_magic_formula.py:533 | Found alpha=2.469 deg for target Fy=-1000.00 (brentq).
2025-04-03 22:43:48,029 | DEBUG    | v3_magic_formula.py:284 | Calculating forces for time 100 ms. Inputs: Fz=600, alpha=0.04309147209304109, kappa=0.0, gamma=0.0
2025-04-03 22:43:48,029 | DEBUG    | v3_magic_formula.py:326 | Force calculation complete for time 100. Fx=-82.61, Fy=-999.98
2025-04-03 22:43:48,029 | DEBUG    | tire_tester.py:114 |   Success: Target Alpha: 2.469deg
2025-04-03 22:43:48,029 | DEBUG    | tire_tester.py:115 |   Resulting Forces: Fx=-82.6N, Fy=-1000.0N (Error Fy=0.0N / -0.00%)
2025-04-03 22:43:48,029 | INFO     | tire_tester.py:98 | Running Pure Fy Inverse Test 3: 'High Corner L'
2025-04-03 22:43:48,029 | DEBUG    | tire_tester.py:99 |   Inputs: Fz=600.0N, gamma=0.0deg, Target Fy=-1400.0N
2025-04-03 22:43:48,029 | DEBUG    | v3_magic_formula.py:458 | Finding alpha for target Fy=-1400.00 N at Fz=600.0, gamma=0.00 deg
2025-04-03 22:43:48,030 | INFO     | v3_magic_formula.py:533 | Found alpha=4.629 deg for target Fy=-1400.00 (brentq).
2025-04-03 22:43:48,030 | DEBUG    | v3_magic_formula.py:284 | Calculating forces for time 200 ms. Inputs: Fz=600, alpha=0.08078979224193358, kappa=0.0, gamma=0.0
2025-04-03 22:43:48,030 | DEBUG    | v3_magic_formula.py:326 | Force calculation complete for time 200. Fx=-66.77, Fy=-1400.12
2025-04-03 22:43:48,030 | DEBUG    | tire_tester.py:114 |   Success: Target Alpha: 4.629deg
2025-04-03 22:43:48,030 | DEBUG    | tire_tester.py:115 |   Resulting Forces: Fx=-66.8N, Fy=-1400.1N (Error Fy=-0.1N / 0.01%)
2025-04-03 22:43:48,030 | INFO     | tire_tester.py:98 | Running Pure Fy Inverse Test 4: 'Moderate Corner R'
2025-04-03 22:43:48,030 | DEBUG    | tire_tester.py:99 |   Inputs: Fz=700.0N, gamma=0.0deg, Target Fy=800.0N
2025-04-03 22:43:48,030 | DEBUG    | v3_magic_formula.py:458 | Finding alpha for target Fy=800.00 N at Fz=700.0, gamma=0.00 deg
2025-04-03 22:43:48,030 | INFO     | v3_magic_formula.py:533 | Found alpha=-1.700 deg for target Fy=800.00 (brentq).
2025-04-03 22:43:48,030 | DEBUG    | v3_magic_formula.py:284 | Calculating forces for time 300 ms. Inputs: Fz=700, alpha=-0.029664024662642122, kappa=0.0, gamma=0.0
2025-04-03 22:43:48,030 | DEBUG    | v3_magic_formula.py:326 | Force calculation complete for time 300. Fx=-69.05, Fy=800.08
2025-04-03 22:43:48,030 | DEBUG    | tire_tester.py:114 |   Success: Target Alpha: -1.700deg
2025-04-03 22:43:48,030 | DEBUG    | tire_tester.py:115 |   Resulting Forces: Fx=-69.0N, Fy=800.1N (Error Fy=0.1N / 0.01%)
2025-04-03 22:43:48,030 | INFO     | tire_tester.py:98 | Running Pure Fy Inverse Test 5: 'Corner w/ Camber L'
2025-04-03 22:43:48,030 | DEBUG    | tire_tester.py:99 |   Inputs: Fz=600.0N, gamma=-2.0deg, Target Fy=-1200.0N
2025-04-03 22:43:48,030 | DEBUG    | v3_magic_formula.py:458 | Finding alpha for target Fy=-1200.00 N at Fz=600.0, gamma=-2.00 deg
2025-04-03 22:43:48,031 | INFO     | v3_magic_formula.py:533 | Found alpha=3.504 deg for target Fy=-1200.00 (brentq).
2025-04-03 22:43:48,031 | DEBUG    | v3_magic_formula.py:284 | Calculating forces for time 400 ms. Inputs: Fz=600, alpha=0.06115594885109465, kappa=0.0, gamma=-0.03490658503988659
2025-04-03 22:43:48,031 | DEBUG    | v3_magic_formula.py:326 | Force calculation complete for time 400. Fx=-74.33, Fy=-1200.08
2025-04-03 22:43:48,031 | DEBUG    | tire_tester.py:114 |   Success: Target Alpha: 3.504deg
2025-04-03 22:43:48,031 | DEBUG    | tire_tester.py:115 |   Resulting Forces: Fx=-74.3N, Fy=-1200.1N (Error Fy=-0.1N / 0.01%)
2025-04-03 22:43:48,031 | INFO     | tire_tester.py:98 | Running Pure Fy Inverse Test 6: 'Corner w/ Camber R'
2025-04-03 22:43:48,031 | DEBUG    | tire_tester.py:99 |   Inputs: Fz=600.0N, gamma=-2.0deg, Target Fy=1000.0N
2025-04-03 22:43:48,031 | DEBUG    | v3_magic_formula.py:458 | Finding alpha for target Fy=1000.00 N at Fz=600.0, gamma=-2.00 deg
2025-04-03 22:43:48,031 | INFO     | v3_magic_formula.py:533 | Found alpha=-2.292 deg for target Fy=1000.00 (brentq).
2025-04-03 22:43:48,031 | DEBUG    | v3_magic_formula.py:284 | Calculating forces for time 500 ms. Inputs: Fz=600, alpha=-0.0400084855099659, kappa=0.0, gamma=-0.03490658503988659
2025-04-03 22:43:48,031 | DEBUG    | v3_magic_formula.py:326 | Force calculation complete for time 500. Fx=-83.11, Fy=1000.30
2025-04-03 22:43:48,031 | DEBUG    | tire_tester.py:114 |   Success: Target Alpha: -2.292deg
2025-04-03 22:43:48,031 | DEBUG    | tire_tester.py:115 |   Resulting Forces: Fx=-83.1N, Fy=1000.3N (Error Fy=0.3N / 0.03%)
2025-04-03 22:43:48,031 | INFO     | tire_tester.py:98 | Running Pure Fy Inverse Test 7: 'Impossible Corner L'
2025-04-03 22:43:48,031 | DEBUG    | tire_tester.py:99 |   Inputs: Fz=400.0N, gamma=0.0deg, Target Fy=-2000.0N
2025-04-03 22:43:48,031 | DEBUG    | v3_magic_formula.py:458 | Finding alpha for target Fy=-2000.00 N at Fz=400.0, gamma=0.00 deg
2025-04-03 22:43:48,031 | WARNING  | v3_magic_formula.py:484 | Target Fy=-2000.00 outside approx range [-1036.00, 996.94]
2025-04-03 22:43:48,031 | WARNING  | tire_tester.py:116 |   Failed: Could not find valid alpha for target Fy=-2000.0N.
2025-04-03 22:43:48,031 | INFO     | tire_tester.py:98 | Running Pure Fy Inverse Test 8: 'Impossible Corner R'
2025-04-03 22:43:48,031 | DEBUG    | tire_tester.py:99 |   Inputs: Fz=400.0N, gamma=0.0deg, Target Fy=2000.0N
2025-04-03 22:43:48,032 | DEBUG    | v3_magic_formula.py:458 | Finding alpha for target Fy=2000.00 N at Fz=400.0, gamma=0.00 deg
2025-04-03 22:43:48,032 | WARNING  | v3_magic_formula.py:484 | Target Fy=2000.00 outside approx range [-1036.00, 996.94]
2025-04-03 22:43:48,032 | WARNING  | tire_tester.py:116 |   Failed: Could not find valid alpha for target Fy=2000.0N.
2025-04-03 22:43:48,032 | INFO     | tire_tester.py:118 | --- Pure Fy Inverse Test Suite Finished ---
2025-04-03 22:43:48,032 | INFO     | tire_tester.py:125 | --- Testing Components: 'Zero Slips' ---
2025-04-03 22:43:48,032 | DEBUG    | tire_tester.py:127 | Inputs: Fz=600.0, alpha=0.00deg, kappa=0.000, gamma=0.00deg
2025-04-03 22:43:48,032 | DEBUG    | tire_tester.py:139 | Component Calculation Successful. Final Fx=-93.00, Fy=15.75
2025-04-03 22:43:48,032 | INFO     | tire_tester.py:125 | --- Testing Components: 'Pure Accel' ---
2025-04-03 22:43:48,032 | DEBUG    | tire_tester.py:127 | Inputs: Fz=700.0, alpha=0.00deg, kappa=0.100, gamma=0.00deg
2025-04-03 22:43:48,032 | DEBUG    | tire_tester.py:139 | Component Calculation Successful. Final Fx=1848.61, Fy=5.96
2025-04-03 22:43:48,032 | INFO     | tire_tester.py:125 | --- Testing Components: 'Pure Brake' ---
2025-04-03 22:43:48,033 | DEBUG    | tire_tester.py:127 | Inputs: Fz=500.0, alpha=0.00deg, kappa=-0.080, gamma=0.00deg
2025-04-03 22:43:48,033 | DEBUG    | tire_tester.py:139 | Component Calculation Successful. Final Fx=-1353.00, Fy=17.35
2025-04-03 22:43:48,033 | INFO     | tire_tester.py:125 | --- Testing Components: 'Pure Cornering' ---
2025-04-03 22:43:48,033 | DEBUG    | tire_tester.py:127 | Inputs: Fz=600.0, alpha=5.00deg, kappa=0.000, gamma=-2.00deg
2025-04-03 22:43:48,033 | DEBUG    | tire_tester.py:139 | Component Calculation Successful. Final Fx=-63.67, Fy=-1419.82
2025-04-03 22:43:48,033 | INFO     | tire_tester.py:125 | --- Testing Components: 'Cornering + Accel' ---
2025-04-03 22:43:48,033 | DEBUG    | tire_tester.py:127 | Inputs: Fz=700.0, alpha=4.00deg, kappa=0.050, gamma=-2.00deg
2025-04-03 22:43:48,033 | DEBUG    | tire_tester.py:139 | Component Calculation Successful. Final Fx=1237.80, Fy=-1295.07
2025-04-03 22:43:48,033 | INFO     | tire_tester.py:125 | --- Testing Components: 'Cornering + Brake' ---
2025-04-03 22:43:48,033 | DEBUG    | tire_tester.py:127 | Inputs: Fz=500.0, alpha=-3.00deg, kappa=-0.060, gamma=-1.00deg
2025-04-03 22:43:48,033 | DEBUG    | tire_tester.py:139 | Component Calculation Successful. Final Fx=-1120.52, Fy=879.90
2025-04-03 22:54:23,005 | INFO     | v3_magic_formula.py:550 | Finding slips for target Fy=0.00 N, Fz=600.0, gamma=0.00 deg, mode='accelerate', intensity=1.00
2025-04-03 22:54:23,005 | DEBUG    | v3_magic_formula.py:458 | Finding alpha for target Fy=0.00 N at Fz=600.0, gamma=0.00 deg
2025-04-03 22:54:23,006 | INFO     | v3_magic_formula.py:533 | Found alpha=0.033 deg for target Fy=0.00 (brentq).
2025-04-03 22:54:23,006 | DEBUG    | v3_magic_formula.py:556 | Step 1: Required alpha (approx) = 0.033 deg
2025-04-03 22:54:23,006 | DEBUG    | v3_magic_formula.py:336 | Calculating peak Fx potential for Fz=600, gamma=0
2025-04-03 22:54:23,006 | DEBUG    | v3_magic_formula.py:348 | Peak Fx potential: Dx=1652.79, SVx=-20.52, Peak=1632.27
2025-04-03 22:54:23,006 | DEBUG    | v3_magic_formula.py:354 | Calculating min Fx potential for Fz=600, gamma=0
2025-04-03 22:54:23,006 | DEBUG    | v3_magic_formula.py:366 | Min Fx potential: Dx=1652.79, SVx=-20.52, Min=-1673.31
2025-04-03 22:54:23,006 | DEBUG    | v3_magic_formula.py:569 | Step 2: Approx Gxa(alpha_req, k=0) = 1.0000
2025-04-03 22:54:23,006 | DEBUG    | v3_magic_formula.py:578 | Step 3: Target Accel Fx = 1632.23 N (AvailMax=1632.23)
2025-04-03 22:54:23,006 | DEBUG    | v3_magic_formula.py:373 | Finding kappa for target Fx=1632.23 N at Fz=600.0, gamma=0.00 deg
2025-04-03 22:54:23,007 | WARNING  | v3_magic_formula.py:445 | Kappa bracketing failed (errors: f(-0.275)=-3295.259, f(0.275)=-9.816). Trying ridder.
2025-04-03 22:54:23,007 | WARNING  | v3_magic_formula.py:450 | Ridder method also failed for kappa.
2025-04-03 22:54:23,007 | WARNING  | v3_magic_formula.py:589 | Could not find kappa for target Fx=1632.23. Setting kappa_req = 0.
2025-04-03 22:54:23,007 | INFO     | v3_magic_formula.py:592 | Result: alpha=0.033 deg, kappa=0.0000
2025-04-03 23:10:26,011 | INFO     | v3_magic_formula.py:33 | Initializing Pacejka Tire Model from hoosier_r20.par
2025-04-03 23:10:26,011 | INFO     | v3_magic_formula.py:55 | Loading parameters from: hoosier_r20.par
2025-04-03 23:10:26,011 | INFO     | v3_magic_formula.py:66 | Finished loading parameters from hoosier_r20.par
2025-04-03 23:10:26,011 | DEBUG    | v3_magic_formula.py:71 | Validating required parameters...
2025-04-03 23:10:26,012 | INFO     | v3_magic_formula.py:93 | All required parameters loaded successfully.
2025-04-03 23:10:26,016 | INFO     | v3_magic_formula.py:51 | Pacejka Tire Model initialized successfully.
2025-04-03 23:10:26,017 | ERROR    | tire_tester.py:243 | An unexpected error occurred during testing:
Traceback (most recent call last):
  File "/home/atome/Documents/QOwnNotes/projects/Formula EV/lapsim_at_home/testing/tire_tester.py", line 200, in <module>
    import pbd; pdb.set_trace()
    ^^^^^^^^^^
ModuleNotFoundError: No module named 'pbd'
2025-04-03 23:10:34,531 | INFO     | v3_magic_formula.py:33 | Initializing Pacejka Tire Model from hoosier_r20.par
2025-04-03 23:10:34,531 | INFO     | v3_magic_formula.py:55 | Loading parameters from: hoosier_r20.par
2025-04-03 23:10:34,531 | INFO     | v3_magic_formula.py:66 | Finished loading parameters from hoosier_r20.par
2025-04-03 23:10:34,531 | DEBUG    | v3_magic_formula.py:71 | Validating required parameters...
2025-04-03 23:10:34,532 | INFO     | v3_magic_formula.py:93 | All required parameters loaded successfully.
2025-04-03 23:10:34,537 | INFO     | v3_magic_formula.py:51 | Pacejka Tire Model initialized successfully.
2025-04-03 23:10:41,361 | INFO     | v3_magic_formula.py:550 | Finding slips for target Fy=0.00 N, Fz=600.0, gamma=0.00 deg, mode='accelerate', intensity=1.00
2025-04-03 23:10:41,361 | DEBUG    | v3_magic_formula.py:458 | Finding alpha for target Fy=0.00 N at Fz=600.0, gamma=0.00 deg
2025-04-03 23:10:41,361 | INFO     | v3_magic_formula.py:533 | Found alpha=0.033 deg for target Fy=0.00 (brentq).
2025-04-03 23:10:41,361 | DEBUG    | v3_magic_formula.py:556 | Step 1: Required alpha (approx) = 0.033 deg
2025-04-03 23:10:41,361 | DEBUG    | v3_magic_formula.py:336 | Calculating peak Fx potential for Fz=600, gamma=0
2025-04-03 23:10:41,361 | DEBUG    | v3_magic_formula.py:348 | Peak Fx potential: Dx=1652.79, SVx=-20.52, Peak=1632.27
2025-04-03 23:10:41,361 | DEBUG    | v3_magic_formula.py:354 | Calculating min Fx potential for Fz=600, gamma=0
2025-04-03 23:10:41,361 | DEBUG    | v3_magic_formula.py:366 | Min Fx potential: Dx=1652.79, SVx=-20.52, Min=-1673.31
2025-04-03 23:10:41,361 | DEBUG    | v3_magic_formula.py:569 | Step 2: Approx Gxa(alpha_req, k=0) = 1.0000
2025-04-03 23:10:41,361 | DEBUG    | v3_magic_formula.py:578 | Step 3: Target Accel Fx = 1632.23 N (AvailMax=1632.23)
2025-04-03 23:10:41,362 | DEBUG    | v3_magic_formula.py:373 | Finding kappa for target Fx=1632.23 N at Fz=600.0, gamma=0.00 deg
2025-04-03 23:10:41,362 | WARNING  | v3_magic_formula.py:445 | Kappa bracketing failed (errors: f(-0.275)=-3295.259, f(0.275)=-9.816). Trying ridder.
2025-04-03 23:10:41,362 | WARNING  | v3_magic_formula.py:450 | Ridder method also failed for kappa.
2025-04-03 23:10:41,362 | WARNING  | v3_magic_formula.py:589 | Could not find kappa for target Fx=1632.23. Setting kappa_req = 0.
2025-04-03 23:10:41,362 | INFO     | v3_magic_formula.py:592 | Result: alpha=0.033 deg, kappa=0.0000
2025-04-03 23:11:51,852 | ERROR    | tire_tester.py:243 | An unexpected error occurred during testing:
Traceback (most recent call last):
  File "/home/atome/Documents/QOwnNotes/projects/Formula EV/lapsim_at_home/testing/tire_tester.py", line 202, in <module>
    fy_priority_results_df = run_fy_priority_test_suite(tire, fy_priority_test_conditions)
                             ^^^^^^^^^^^^^^^^^^^^^^^^^^
  File "/home/atome/miniconda3/lib/python3.12/bdb.py", line 90, in trace_dispatch
    return self.dispatch_line(frame)
           ^^^^^^^^^^^^^^^^^^^^^^^^^
  File "/home/atome/miniconda3/lib/python3.12/bdb.py", line 115, in dispatch_line
    if self.quitting: raise BdbQuit
                      ^^^^^^^^^^^^^
bdb.BdbQuit
2025-04-03 23:12:03,652 | INFO     | v3_magic_formula.py:33 | Initializing Pacejka Tire Model from hoosier_r20.par
2025-04-03 23:12:03,652 | INFO     | v3_magic_formula.py:55 | Loading parameters from: hoosier_r20.par
2025-04-03 23:12:03,652 | INFO     | v3_magic_formula.py:66 | Finished loading parameters from hoosier_r20.par
2025-04-03 23:12:03,652 | DEBUG    | v3_magic_formula.py:71 | Validating required parameters...
2025-04-03 23:12:03,652 | INFO     | v3_magic_formula.py:93 | All required parameters loaded successfully.
2025-04-03 23:12:03,657 | INFO     | v3_magic_formula.py:51 | Pacejka Tire Model initialized successfully.
2025-04-03 23:12:12,645 | INFO     | v3_magic_formula.py:550 | Finding slips for target Fy=0.00 N, Fz=600.0, gamma=0.00 deg, mode='accelerate', intensity=1.00
2025-04-03 23:12:12,645 | DEBUG    | v3_magic_formula.py:458 | Finding alpha for target Fy=0.00 N at Fz=600.0, gamma=0.00 deg
2025-04-03 23:12:12,646 | INFO     | v3_magic_formula.py:533 | Found alpha=0.033 deg for target Fy=0.00 (brentq).
2025-04-03 23:12:12,646 | DEBUG    | v3_magic_formula.py:556 | Step 1: Required alpha (approx) = 0.033 deg
2025-04-03 23:12:12,646 | DEBUG    | v3_magic_formula.py:336 | Calculating peak Fx potential for Fz=600, gamma=0
2025-04-03 23:12:12,646 | DEBUG    | v3_magic_formula.py:348 | Peak Fx potential: Dx=1652.79, SVx=-20.52, Peak=1632.27
2025-04-03 23:12:12,646 | DEBUG    | v3_magic_formula.py:354 | Calculating min Fx potential for Fz=600, gamma=0
2025-04-03 23:12:12,646 | DEBUG    | v3_magic_formula.py:366 | Min Fx potential: Dx=1652.79, SVx=-20.52, Min=-1673.31
2025-04-03 23:12:12,646 | DEBUG    | v3_magic_formula.py:569 | Step 2: Approx Gxa(alpha_req, k=0) = 1.0000
2025-04-03 23:12:12,646 | DEBUG    | v3_magic_formula.py:578 | Step 3: Target Accel Fx = 1632.23 N (AvailMax=1632.23)
2025-04-03 23:12:12,646 | DEBUG    | v3_magic_formula.py:373 | Finding kappa for target Fx=1632.23 N at Fz=600.0, gamma=0.00 deg
2025-04-03 23:12:12,646 | WARNING  | v3_magic_formula.py:445 | Kappa bracketing failed (errors: f(-0.275)=-3295.259, f(0.275)=-9.816). Trying ridder.
2025-04-03 23:12:12,646 | WARNING  | v3_magic_formula.py:450 | Ridder method also failed for kappa.
2025-04-03 23:12:12,646 | WARNING  | v3_magic_formula.py:589 | Could not find kappa for target Fx=1632.23. Setting kappa_req = 0.
2025-04-03 23:12:12,646 | INFO     | v3_magic_formula.py:592 | Result: alpha=0.033 deg, kappa=0.0000
2025-04-03 23:12:55,050 | ERROR    | tire_tester.py:243 | An unexpected error occurred during testing:
Traceback (most recent call last):
  File "/home/atome/Documents/QOwnNotes/projects/Formula EV/lapsim_at_home/testing/tire_tester.py", line 202, in <module>
    long_mode = 'accelerate'
                             
  File "/home/atome/miniconda3/lib/python3.12/bdb.py", line 90, in trace_dispatch
    return self.dispatch_line(frame)
           ^^^^^^^^^^^^^^^^^^^^^^^^^
  File "/home/atome/miniconda3/lib/python3.12/bdb.py", line 115, in dispatch_line
    if self.quitting: raise BdbQuit
                      ^^^^^^^^^^^^^
bdb.BdbQuit
2025-04-03 23:12:57,691 | INFO     | v3_magic_formula.py:33 | Initializing Pacejka Tire Model from hoosier_r20.par
2025-04-03 23:12:57,691 | INFO     | v3_magic_formula.py:55 | Loading parameters from: hoosier_r20.par
2025-04-03 23:12:57,691 | INFO     | v3_magic_formula.py:66 | Finished loading parameters from hoosier_r20.par
2025-04-03 23:12:57,691 | DEBUG    | v3_magic_formula.py:71 | Validating required parameters...
2025-04-03 23:12:57,691 | INFO     | v3_magic_formula.py:93 | All required parameters loaded successfully.
2025-04-03 23:12:57,696 | INFO     | v3_magic_formula.py:51 | Pacejka Tire Model initialized successfully.
2025-04-03 23:12:57,696 | INFO     | v3_magic_formula.py:550 | Finding slips for target Fy=0.00 N, Fz=600.0, gamma=0.00 deg, mode='accelerate', intensity=1.00
2025-04-03 23:12:57,696 | DEBUG    | v3_magic_formula.py:458 | Finding alpha for target Fy=0.00 N at Fz=600.0, gamma=0.00 deg
2025-04-03 23:12:57,697 | INFO     | v3_magic_formula.py:533 | Found alpha=0.033 deg for target Fy=0.00 (brentq).
2025-04-03 23:12:57,697 | DEBUG    | v3_magic_formula.py:556 | Step 1: Required alpha (approx) = 0.033 deg
2025-04-03 23:12:57,697 | DEBUG    | v3_magic_formula.py:336 | Calculating peak Fx potential for Fz=600, gamma=0
2025-04-03 23:12:57,697 | DEBUG    | v3_magic_formula.py:348 | Peak Fx potential: Dx=1652.79, SVx=-20.52, Peak=1632.27
2025-04-03 23:12:57,697 | DEBUG    | v3_magic_formula.py:354 | Calculating min Fx potential for Fz=600, gamma=0
2025-04-03 23:12:57,697 | DEBUG    | v3_magic_formula.py:366 | Min Fx potential: Dx=1652.79, SVx=-20.52, Min=-1673.31
2025-04-03 23:13:51,498 | ERROR    | v3_magic_formula.py:594 | Error in find_slips_prioritizing_fy: 
2025-04-03 23:13:52,161 | ERROR    | tire_tester.py:247 | An unexpected error occurred during testing:
Traceback (most recent call last):
  File "/home/atome/Documents/QOwnNotes/projects/Formula EV/lapsim_at_home/testing/tire_tester.py", line 206, in <module>
    fy_priority_results_df = run_fy_priority_test_suite(tire, fy_priority_test_conditions)
                             ^^^^^^^^^^^^^^^^^^^^^^^^^^
  File "/home/atome/miniconda3/lib/python3.12/bdb.py", line 90, in trace_dispatch
    return self.dispatch_line(frame)
           ^^^^^^^^^^^^^^^^^^^^^^^^^
  File "/home/atome/miniconda3/lib/python3.12/bdb.py", line 115, in dispatch_line
    if self.quitting: raise BdbQuit
                      ^^^^^^^^^^^^^
bdb.BdbQuit
2025-04-03 23:13:54,917 | INFO     | v3_magic_formula.py:33 | Initializing Pacejka Tire Model from hoosier_r20.par
2025-04-03 23:13:54,917 | INFO     | v3_magic_formula.py:55 | Loading parameters from: hoosier_r20.par
2025-04-03 23:13:54,918 | INFO     | v3_magic_formula.py:66 | Finished loading parameters from hoosier_r20.par
2025-04-03 23:13:54,918 | DEBUG    | v3_magic_formula.py:71 | Validating required parameters...
2025-04-03 23:13:54,918 | INFO     | v3_magic_formula.py:93 | All required parameters loaded successfully.
2025-04-03 23:13:54,923 | INFO     | v3_magic_formula.py:51 | Pacejka Tire Model initialized successfully.
2025-04-03 23:13:54,923 | INFO     | v3_magic_formula.py:550 | Finding slips for target Fy=0.00 N, Fz=600.0, gamma=0.00 deg, mode='accelerate', intensity=1.00
2025-04-03 23:13:54,923 | DEBUG    | v3_magic_formula.py:458 | Finding alpha for target Fy=0.00 N at Fz=600.0, gamma=0.00 deg
2025-04-03 23:13:54,923 | INFO     | v3_magic_formula.py:533 | Found alpha=0.033 deg for target Fy=0.00 (brentq).
2025-04-03 23:13:54,923 | DEBUG    | v3_magic_formula.py:556 | Step 1: Required alpha (approx) = 0.033 deg
2025-04-03 23:13:54,923 | DEBUG    | v3_magic_formula.py:336 | Calculating peak Fx potential for Fz=600, gamma=0
2025-04-03 23:13:54,923 | DEBUG    | v3_magic_formula.py:348 | Peak Fx potential: Dx=1652.79, SVx=-20.52, Peak=1632.27
2025-04-03 23:13:54,923 | DEBUG    | v3_magic_formula.py:354 | Calculating min Fx potential for Fz=600, gamma=0
2025-04-03 23:13:54,923 | DEBUG    | v3_magic_formula.py:366 | Min Fx potential: Dx=1652.79, SVx=-20.52, Min=-1673.31
2025-04-03 23:14:30,261 | DEBUG    | v3_magic_formula.py:569 | Step 2: Approx Gxa(alpha_req, k=0) = 1.0000
2025-04-03 23:15:03,324 | DEBUG    | v3_magic_formula.py:579 | Step 3: Target Accel Fx = 1632.23 N (AvailMax=1632.23)
2025-04-03 23:15:03,325 | DEBUG    | v3_magic_formula.py:373 | Finding kappa for target Fx=1632.23 N at Fz=600.0, gamma=0.00 deg
2025-04-03 23:15:03,325 | WARNING  | v3_magic_formula.py:445 | Kappa bracketing failed (errors: f(-0.275)=-3295.259, f(0.275)=-9.816). Trying ridder.
2025-04-03 23:15:03,325 | WARNING  | v3_magic_formula.py:450 | Ridder method also failed for kappa.
2025-04-03 23:15:03,325 | WARNING  | v3_magic_formula.py:590 | Could not find kappa for target Fx=1632.23. Setting kappa_req = 0.
2025-04-03 23:15:03,325 | INFO     | v3_magic_formula.py:593 | Result: alpha=0.033 deg, kappa=0.0000
2025-04-03 23:18:18,862 | ERROR    | v3_magic_formula.py:596 | Error in find_slips_prioritizing_fy: 
2025-04-03 23:18:19,499 | ERROR    | tire_tester.py:247 | An unexpected error occurred during testing:
Traceback (most recent call last):
  File "/home/atome/Documents/QOwnNotes/projects/Formula EV/lapsim_at_home/testing/tire_tester.py", line 206, in <module>
    fy_priority_results_df = run_fy_priority_test_suite(tire, fy_priority_test_conditions)
                             ^^^^^^^^^^^^^^^^^^^^^^^^^^
  File "/home/atome/miniconda3/lib/python3.12/bdb.py", line 90, in trace_dispatch
    return self.dispatch_line(frame)
           ^^^^^^^^^^^^^^^^^^^^^^^^^
  File "/home/atome/miniconda3/lib/python3.12/bdb.py", line 115, in dispatch_line
    if self.quitting: raise BdbQuit
                      ^^^^^^^^^^^^^
bdb.BdbQuit
2025-04-03 23:18:22,470 | INFO     | v3_magic_formula.py:33 | Initializing Pacejka Tire Model from hoosier_r20.par
2025-04-03 23:18:22,470 | INFO     | v3_magic_formula.py:55 | Loading parameters from: hoosier_r20.par
2025-04-03 23:18:22,470 | INFO     | v3_magic_formula.py:66 | Finished loading parameters from hoosier_r20.par
2025-04-03 23:18:22,470 | DEBUG    | v3_magic_formula.py:71 | Validating required parameters...
2025-04-03 23:18:22,470 | INFO     | v3_magic_formula.py:93 | All required parameters loaded successfully.
2025-04-03 23:18:22,475 | INFO     | v3_magic_formula.py:51 | Pacejka Tire Model initialized successfully.
2025-04-03 23:18:22,475 | INFO     | v3_magic_formula.py:550 | Finding slips for target Fy=0.00 N, Fz=600.0, gamma=0.00 deg, mode='accelerate', intensity=1.00
2025-04-03 23:18:22,475 | DEBUG    | v3_magic_formula.py:458 | Finding alpha for target Fy=0.00 N at Fz=600.0, gamma=0.00 deg
2025-04-03 23:18:22,475 | INFO     | v3_magic_formula.py:533 | Found alpha=0.033 deg for target Fy=0.00 (brentq).
2025-04-03 23:18:22,475 | DEBUG    | v3_magic_formula.py:556 | Step 1: Required alpha (approx) = 0.033 deg
2025-04-03 23:18:22,475 | DEBUG    | v3_magic_formula.py:336 | Calculating peak Fx potential for Fz=600, gamma=0
2025-04-03 23:18:22,476 | DEBUG    | v3_magic_formula.py:348 | Peak Fx potential: Dx=1652.79, SVx=-20.52, Peak=1632.27
2025-04-03 23:18:22,476 | DEBUG    | v3_magic_formula.py:354 | Calculating min Fx potential for Fz=600, gamma=0
2025-04-03 23:18:22,476 | DEBUG    | v3_magic_formula.py:366 | Min Fx potential: Dx=1652.79, SVx=-20.52, Min=-1673.31
2025-04-03 23:18:22,476 | DEBUG    | v3_magic_formula.py:569 | Step 2: Approx Gxa(alpha_req, k=0) = 1.0000
2025-04-03 23:18:28,224 | DEBUG    | v3_magic_formula.py:579 | Step 3: Target Accel Fx = 1632.23 N (AvailMax=1632.23)
2025-04-03 23:20:26,917 | DEBUG    | v3_magic_formula.py:373 | Finding kappa for target Fx=1632.23 N at Fz=600.0, gamma=0.00 deg
2025-04-03 23:20:32,314 | WARNING  | v3_magic_formula.py:445 | Kappa bracketing failed (errors: f(-0.275)=-3295.259, f(0.275)=-9.816). Trying ridder.
2025-04-03 23:20:32,314 | WARNING  | v3_magic_formula.py:450 | Ridder method also failed for kappa.
2025-04-03 23:20:32,315 | WARNING  | v3_magic_formula.py:591 | Could not find kappa for target Fx=1632.23. Setting kappa_req = 0.
2025-04-03 23:20:32,315 | INFO     | v3_magic_formula.py:594 | Result: alpha=0.033 deg, kappa=0.0000
2025-04-03 23:20:36,227 | ERROR    | v3_magic_formula.py:597 | Error in find_slips_prioritizing_fy: 
2025-04-03 23:20:37,046 | ERROR    | tire_tester.py:247 | An unexpected error occurred during testing:
Traceback (most recent call last):
  File "/home/atome/Documents/QOwnNotes/projects/Formula EV/lapsim_at_home/testing/tire_tester.py", line 206, in <module>
    fy_priority_results_df = run_fy_priority_test_suite(tire, fy_priority_test_conditions)
                             ^^^^^^^^^^^^^^^^^^^^^^^^^^
  File "/home/atome/miniconda3/lib/python3.12/bdb.py", line 90, in trace_dispatch
    return self.dispatch_line(frame)
           ^^^^^^^^^^^^^^^^^^^^^^^^^
  File "/home/atome/miniconda3/lib/python3.12/bdb.py", line 115, in dispatch_line
    if self.quitting: raise BdbQuit
                      ^^^^^^^^^^^^^
bdb.BdbQuit
2025-04-03 23:20:38,921 | INFO     | v3_magic_formula.py:33 | Initializing Pacejka Tire Model from hoosier_r20.par
2025-04-03 23:20:38,921 | INFO     | v3_magic_formula.py:55 | Loading parameters from: hoosier_r20.par
2025-04-03 23:20:38,921 | INFO     | v3_magic_formula.py:66 | Finished loading parameters from hoosier_r20.par
2025-04-03 23:20:38,921 | DEBUG    | v3_magic_formula.py:71 | Validating required parameters...
2025-04-03 23:20:38,921 | INFO     | v3_magic_formula.py:93 | All required parameters loaded successfully.
2025-04-03 23:20:38,926 | INFO     | v3_magic_formula.py:51 | Pacejka Tire Model initialized successfully.
2025-04-03 23:20:38,926 | INFO     | v3_magic_formula.py:550 | Finding slips for target Fy=0.00 N, Fz=600.0, gamma=0.00 deg, mode='accelerate', intensity=1.00
2025-04-03 23:20:38,926 | DEBUG    | v3_magic_formula.py:458 | Finding alpha for target Fy=0.00 N at Fz=600.0, gamma=0.00 deg
2025-04-03 23:20:38,926 | INFO     | v3_magic_formula.py:533 | Found alpha=0.033 deg for target Fy=0.00 (brentq).
2025-04-03 23:20:38,927 | DEBUG    | v3_magic_formula.py:556 | Step 1: Required alpha (approx) = 0.033 deg
2025-04-03 23:20:38,927 | DEBUG    | v3_magic_formula.py:336 | Calculating peak Fx potential for Fz=600, gamma=0
2025-04-03 23:20:38,927 | DEBUG    | v3_magic_formula.py:348 | Peak Fx potential: Dx=1652.79, SVx=-20.52, Peak=1632.27
2025-04-03 23:20:38,927 | DEBUG    | v3_magic_formula.py:354 | Calculating min Fx potential for Fz=600, gamma=0
2025-04-03 23:20:38,927 | DEBUG    | v3_magic_formula.py:366 | Min Fx potential: Dx=1652.79, SVx=-20.52, Min=-1673.31
2025-04-03 23:20:38,927 | DEBUG    | v3_magic_formula.py:569 | Step 2: Approx Gxa(alpha_req, k=0) = 1.0000
2025-04-03 23:20:39,442 | DEBUG    | v3_magic_formula.py:579 | Step 3: Target Accel Fx = 1632.23 N (AvailMax=1632.23)
2025-04-03 23:20:40,959 | DEBUG    | v3_magic_formula.py:373 | Finding kappa for target Fx=1632.23 N at Fz=600.0, gamma=0.00 deg
2025-04-03 23:20:43,636 | WARNING  | v3_magic_formula.py:445 | Kappa bracketing failed (errors: f(-0.275)=-3295.259, f(0.275)=-9.816). Trying ridder.
2025-04-03 23:20:43,636 | WARNING  | v3_magic_formula.py:450 | Ridder method also failed for kappa.
2025-04-03 23:20:43,636 | WARNING  | v3_magic_formula.py:591 | Could not find kappa for target Fx=1632.23. Setting kappa_req = 0.
2025-04-03 23:20:43,637 | INFO     | v3_magic_formula.py:594 | Result: alpha=0.033 deg, kappa=0.0000
2025-04-03 23:22:24,129 | ERROR    | v3_magic_formula.py:597 | Error in find_slips_prioritizing_fy: 
2025-04-03 23:22:25,362 | ERROR    | tire_tester.py:247 | An unexpected error occurred during testing:
Traceback (most recent call last):
  File "/home/atome/Documents/QOwnNotes/projects/Formula EV/lapsim_at_home/testing/tire_tester.py", line 206, in <module>
    fy_priority_results_df = run_fy_priority_test_suite(tire, fy_priority_test_conditions)
                             ^^^^^^^^^^^^^^^^^^^^^^^^^^
  File "/home/atome/miniconda3/lib/python3.12/bdb.py", line 90, in trace_dispatch
    return self.dispatch_line(frame)
           ^^^^^^^^^^^^^^^^^^^^^^^^^
  File "/home/atome/miniconda3/lib/python3.12/bdb.py", line 115, in dispatch_line
    if self.quitting: raise BdbQuit
                      ^^^^^^^^^^^^^
bdb.BdbQuit
2025-04-03 23:22:27,365 | INFO     | v3_magic_formula.py:33 | Initializing Pacejka Tire Model from hoosier_r20.par
2025-04-03 23:22:27,365 | INFO     | v3_magic_formula.py:55 | Loading parameters from: hoosier_r20.par
2025-04-03 23:22:27,366 | INFO     | v3_magic_formula.py:66 | Finished loading parameters from hoosier_r20.par
2025-04-03 23:22:27,366 | DEBUG    | v3_magic_formula.py:71 | Validating required parameters...
2025-04-03 23:22:27,366 | INFO     | v3_magic_formula.py:93 | All required parameters loaded successfully.
2025-04-03 23:22:27,371 | INFO     | v3_magic_formula.py:51 | Pacejka Tire Model initialized successfully.
2025-04-03 23:22:27,371 | INFO     | v3_magic_formula.py:554 | Finding slips for target Fy=0.00 N, Fz=600.0, gamma=0.00 deg, mode='accelerate', intensity=1.00
2025-04-03 23:22:27,371 | DEBUG    | v3_magic_formula.py:462 | Finding alpha for target Fy=0.00 N at Fz=600.0, gamma=0.00 deg
2025-04-03 23:22:27,371 | INFO     | v3_magic_formula.py:537 | Found alpha=0.033 deg for target Fy=0.00 (brentq).
2025-04-03 23:22:27,371 | DEBUG    | v3_magic_formula.py:560 | Step 1: Required alpha (approx) = 0.033 deg
2025-04-03 23:22:27,371 | DEBUG    | v3_magic_formula.py:336 | Calculating peak Fx potential for Fz=600, gamma=0
2025-04-03 23:22:27,371 | DEBUG    | v3_magic_formula.py:348 | Peak Fx potential: Dx=1652.79, SVx=-20.52, Peak=1632.27
2025-04-03 23:22:27,371 | DEBUG    | v3_magic_formula.py:354 | Calculating min Fx potential for Fz=600, gamma=0
2025-04-03 23:22:27,371 | DEBUG    | v3_magic_formula.py:366 | Min Fx potential: Dx=1652.79, SVx=-20.52, Min=-1673.31
2025-04-03 23:22:27,371 | DEBUG    | v3_magic_formula.py:573 | Step 2: Approx Gxa(alpha_req, k=0) = 1.0000
2025-04-03 23:22:28,249 | DEBUG    | v3_magic_formula.py:583 | Step 3: Target Accel Fx = 1632.23 N (AvailMax=1632.23)
2025-04-03 23:22:29,350 | DEBUG    | v3_magic_formula.py:373 | Finding kappa for target Fx=1632.23 N at Fz=600.0, gamma=0.00 deg
2025-04-03 23:24:11,963 | ERROR    | v3_magic_formula.py:457 | Unexpected error in find_kappa_for_fx: 
2025-04-03 23:24:11,963 | WARNING  | v3_magic_formula.py:595 | Could not find kappa for target Fx=1632.23. Setting kappa_req = 0.
2025-04-03 23:24:11,963 | INFO     | v3_magic_formula.py:598 | Result: alpha=0.033 deg, kappa=0.0000
2025-04-03 23:24:12,204 | ERROR    | v3_magic_formula.py:601 | Error in find_slips_prioritizing_fy: 
2025-04-03 23:24:12,549 | ERROR    | tire_tester.py:247 | An unexpected error occurred during testing:
Traceback (most recent call last):
  File "/home/atome/Documents/QOwnNotes/projects/Formula EV/lapsim_at_home/testing/tire_tester.py", line 206, in <module>
    fy_priority_results_df = run_fy_priority_test_suite(tire, fy_priority_test_conditions)
                             ^^^^^^^^^^^^^^^^^^^^^^^^^^
  File "/home/atome/miniconda3/lib/python3.12/bdb.py", line 90, in trace_dispatch
    return self.dispatch_line(frame)
           ^^^^^^^^^^^^^^^^^^^^^^^^^
  File "/home/atome/miniconda3/lib/python3.12/bdb.py", line 115, in dispatch_line
    if self.quitting: raise BdbQuit
                      ^^^^^^^^^^^^^
bdb.BdbQuit
2025-04-03 23:24:16,275 | INFO     | v3_magic_formula.py:33 | Initializing Pacejka Tire Model from hoosier_r20.par
2025-04-03 23:24:16,275 | INFO     | v3_magic_formula.py:55 | Loading parameters from: hoosier_r20.par
2025-04-03 23:24:16,276 | INFO     | v3_magic_formula.py:66 | Finished loading parameters from hoosier_r20.par
2025-04-03 23:24:16,276 | DEBUG    | v3_magic_formula.py:71 | Validating required parameters...
2025-04-03 23:24:16,276 | INFO     | v3_magic_formula.py:93 | All required parameters loaded successfully.
2025-04-03 23:24:16,281 | INFO     | v3_magic_formula.py:51 | Pacejka Tire Model initialized successfully.
2025-04-03 23:24:16,281 | INFO     | v3_magic_formula.py:554 | Finding slips for target Fy=0.00 N, Fz=600.0, gamma=0.00 deg, mode='accelerate', intensity=1.00
2025-04-03 23:24:16,281 | DEBUG    | v3_magic_formula.py:462 | Finding alpha for target Fy=0.00 N at Fz=600.0, gamma=0.00 deg
2025-04-03 23:24:16,281 | INFO     | v3_magic_formula.py:537 | Found alpha=0.033 deg for target Fy=0.00 (brentq).
2025-04-03 23:24:16,281 | DEBUG    | v3_magic_formula.py:560 | Step 1: Required alpha (approx) = 0.033 deg
2025-04-03 23:24:16,281 | DEBUG    | v3_magic_formula.py:336 | Calculating peak Fx potential for Fz=600, gamma=0
2025-04-03 23:24:16,281 | DEBUG    | v3_magic_formula.py:348 | Peak Fx potential: Dx=1652.79, SVx=-20.52, Peak=1632.27
2025-04-03 23:24:16,281 | DEBUG    | v3_magic_formula.py:354 | Calculating min Fx potential for Fz=600, gamma=0
2025-04-03 23:24:16,281 | DEBUG    | v3_magic_formula.py:366 | Min Fx potential: Dx=1652.79, SVx=-20.52, Min=-1673.31
2025-04-03 23:24:16,281 | DEBUG    | v3_magic_formula.py:573 | Step 2: Approx Gxa(alpha_req, k=0) = 1.0000
2025-04-03 23:24:17,194 | DEBUG    | v3_magic_formula.py:583 | Step 3: Target Accel Fx = 1632.23 N (AvailMax=1632.23)
2025-04-03 23:24:18,823 | DEBUG    | v3_magic_formula.py:373 | Finding kappa for target Fx=1632.23 N at Fz=600.0, gamma=0.00 deg
2025-04-03 23:24:47,357 | ERROR    | v3_magic_formula.py:457 | Unexpected error in find_kappa_for_fx: 
2025-04-03 23:24:47,357 | WARNING  | v3_magic_formula.py:595 | Could not find kappa for target Fx=1632.23. Setting kappa_req = 0.
2025-04-03 23:24:47,357 | INFO     | v3_magic_formula.py:598 | Result: alpha=0.033 deg, kappa=0.0000
2025-04-03 23:24:47,598 | ERROR    | v3_magic_formula.py:601 | Error in find_slips_prioritizing_fy: 
2025-04-03 23:24:47,814 | ERROR    | tire_tester.py:247 | An unexpected error occurred during testing:
Traceback (most recent call last):
  File "/home/atome/Documents/QOwnNotes/projects/Formula EV/lapsim_at_home/testing/tire_tester.py", line 206, in <module>
    fy_priority_results_df = run_fy_priority_test_suite(tire, fy_priority_test_conditions)
                             ^^^^^^^^^^^^^^^^^^^^^^^^^^
  File "/home/atome/miniconda3/lib/python3.12/bdb.py", line 90, in trace_dispatch
    return self.dispatch_line(frame)
           ^^^^^^^^^^^^^^^^^^^^^^^^^
  File "/home/atome/miniconda3/lib/python3.12/bdb.py", line 115, in dispatch_line
    if self.quitting: raise BdbQuit
                      ^^^^^^^^^^^^^
bdb.BdbQuit
2025-04-03 23:24:50,014 | INFO     | v3_magic_formula.py:33 | Initializing Pacejka Tire Model from hoosier_r20.par
2025-04-03 23:24:50,014 | INFO     | v3_magic_formula.py:55 | Loading parameters from: hoosier_r20.par
2025-04-03 23:24:50,015 | INFO     | v3_magic_formula.py:66 | Finished loading parameters from hoosier_r20.par
2025-04-03 23:24:50,015 | DEBUG    | v3_magic_formula.py:71 | Validating required parameters...
2025-04-03 23:24:50,015 | INFO     | v3_magic_formula.py:93 | All required parameters loaded successfully.
2025-04-03 23:24:50,020 | INFO     | v3_magic_formula.py:51 | Pacejka Tire Model initialized successfully.
2025-04-03 23:24:50,020 | INFO     | v3_magic_formula.py:551 | Finding slips for target Fy=0.00 N, Fz=600.0, gamma=0.00 deg, mode='accelerate', intensity=1.00
2025-04-03 23:24:50,020 | DEBUG    | v3_magic_formula.py:459 | Finding alpha for target Fy=0.00 N at Fz=600.0, gamma=0.00 deg
2025-04-03 23:24:50,020 | INFO     | v3_magic_formula.py:534 | Found alpha=0.033 deg for target Fy=0.00 (brentq).
2025-04-03 23:24:50,020 | DEBUG    | v3_magic_formula.py:557 | Step 1: Required alpha (approx) = 0.033 deg
2025-04-03 23:24:50,020 | DEBUG    | v3_magic_formula.py:336 | Calculating peak Fx potential for Fz=600, gamma=0
2025-04-03 23:24:50,020 | DEBUG    | v3_magic_formula.py:348 | Peak Fx potential: Dx=1652.79, SVx=-20.52, Peak=1632.27
2025-04-03 23:24:50,020 | DEBUG    | v3_magic_formula.py:354 | Calculating min Fx potential for Fz=600, gamma=0
2025-04-03 23:24:50,020 | DEBUG    | v3_magic_formula.py:366 | Min Fx potential: Dx=1652.79, SVx=-20.52, Min=-1673.31
2025-04-03 23:24:50,020 | DEBUG    | v3_magic_formula.py:570 | Step 2: Approx Gxa(alpha_req, k=0) = 1.0000
2025-04-03 23:24:52,037 | DEBUG    | v3_magic_formula.py:580 | Step 3: Target Accel Fx = 1632.23 N (AvailMax=1632.23)
2025-04-03 23:24:53,166 | DEBUG    | v3_magic_formula.py:373 | Finding kappa for target Fx=1632.23 N at Fz=600.0, gamma=0.00 deg
2025-04-03 23:25:29,674 | ERROR    | v3_magic_formula.py:454 | Unexpected error in find_kappa_for_fx: 
2025-04-03 23:25:29,674 | WARNING  | v3_magic_formula.py:592 | Could not find kappa for target Fx=1632.23. Setting kappa_req = 0.
2025-04-03 23:25:29,675 | INFO     | v3_magic_formula.py:595 | Result: alpha=0.033 deg, kappa=0.0000
2025-04-03 23:25:34,205 | INFO     | v3_magic_formula.py:33 | Initializing Pacejka Tire Model from hoosier_r20.par
2025-04-03 23:25:34,205 | INFO     | v3_magic_formula.py:55 | Loading parameters from: hoosier_r20.par
2025-04-03 23:25:34,206 | INFO     | v3_magic_formula.py:66 | Finished loading parameters from hoosier_r20.par
2025-04-03 23:25:34,206 | DEBUG    | v3_magic_formula.py:71 | Validating required parameters...
2025-04-03 23:25:34,206 | INFO     | v3_magic_formula.py:93 | All required parameters loaded successfully.
2025-04-03 23:25:34,211 | INFO     | v3_magic_formula.py:51 | Pacejka Tire Model initialized successfully.
2025-04-03 23:25:34,211 | INFO     | v3_magic_formula.py:555 | Finding slips for target Fy=0.00 N, Fz=600.0, gamma=0.00 deg, mode='accelerate', intensity=1.00
2025-04-03 23:25:34,211 | DEBUG    | v3_magic_formula.py:463 | Finding alpha for target Fy=0.00 N at Fz=600.0, gamma=0.00 deg
2025-04-03 23:25:34,211 | INFO     | v3_magic_formula.py:538 | Found alpha=0.033 deg for target Fy=0.00 (brentq).
2025-04-03 23:25:34,211 | DEBUG    | v3_magic_formula.py:561 | Step 1: Required alpha (approx) = 0.033 deg
2025-04-03 23:25:34,211 | DEBUG    | v3_magic_formula.py:336 | Calculating peak Fx potential for Fz=600, gamma=0
2025-04-03 23:25:34,211 | DEBUG    | v3_magic_formula.py:348 | Peak Fx potential: Dx=1652.79, SVx=-20.52, Peak=1632.27
2025-04-03 23:25:34,211 | DEBUG    | v3_magic_formula.py:354 | Calculating min Fx potential for Fz=600, gamma=0
2025-04-03 23:25:34,211 | DEBUG    | v3_magic_formula.py:366 | Min Fx potential: Dx=1652.79, SVx=-20.52, Min=-1673.31
2025-04-03 23:25:34,211 | DEBUG    | v3_magic_formula.py:574 | Step 2: Approx Gxa(alpha_req, k=0) = 1.0000
2025-04-03 23:25:35,828 | DEBUG    | v3_magic_formula.py:584 | Step 3: Target Accel Fx = 1632.23 N (AvailMax=1632.23)
2025-04-03 23:25:36,493 | DEBUG    | v3_magic_formula.py:373 | Finding kappa for target Fx=1632.23 N at Fz=600.0, gamma=0.00 deg
2025-04-03 23:36:23,506 | ERROR    | v3_magic_formula.py:458 | Unexpected error in find_kappa_for_fx: 
2025-04-03 23:36:23,506 | WARNING  | v3_magic_formula.py:596 | Could not find kappa for target Fx=1632.23. Setting kappa_req = 0.
2025-04-03 23:36:23,506 | INFO     | v3_magic_formula.py:599 | Result: alpha=0.033 deg, kappa=0.0000
2025-04-03 23:36:24,006 | ERROR    | v3_magic_formula.py:602 | Error in find_slips_prioritizing_fy: 
2025-04-03 23:36:24,530 | ERROR    | tire_tester.py:247 | An unexpected error occurred during testing:
Traceback (most recent call last):
  File "/home/atome/Documents/QOwnNotes/projects/Formula EV/lapsim_at_home/testing/tire_tester.py", line 206, in <module>
    fy_priority_results_df = run_fy_priority_test_suite(tire, fy_priority_test_conditions)
                             ^^^^^^^^^^^^^^^^^^^^^^^^^^
  File "/home/atome/miniconda3/lib/python3.12/bdb.py", line 90, in trace_dispatch
    return self.dispatch_line(frame)
           ^^^^^^^^^^^^^^^^^^^^^^^^^
  File "/home/atome/miniconda3/lib/python3.12/bdb.py", line 115, in dispatch_line
    if self.quitting: raise BdbQuit
                      ^^^^^^^^^^^^^
bdb.BdbQuit
2025-04-03 23:36:28,338 | INFO     | v3_magic_formula.py:33 | Initializing Pacejka Tire Model from hoosier_r20.par
2025-04-03 23:36:28,338 | INFO     | v3_magic_formula.py:55 | Loading parameters from: hoosier_r20.par
2025-04-03 23:36:28,338 | INFO     | v3_magic_formula.py:66 | Finished loading parameters from hoosier_r20.par
2025-04-03 23:36:28,338 | DEBUG    | v3_magic_formula.py:71 | Validating required parameters...
2025-04-03 23:36:28,338 | INFO     | v3_magic_formula.py:93 | All required parameters loaded successfully.
2025-04-03 23:36:28,343 | INFO     | v3_magic_formula.py:51 | Pacejka Tire Model initialized successfully.
2025-04-03 23:36:28,343 | INFO     | v3_magic_formula.py:573 | Finding slips for target Fy=0.00 N, Fz=600.0, gamma=0.00 deg, mode='accelerate', intensity=1.00
2025-04-03 23:36:28,343 | DEBUG    | v3_magic_formula.py:481 | Finding alpha for target Fy=0.00 N at Fz=600.0, gamma=0.00 deg
2025-04-03 23:36:28,343 | INFO     | v3_magic_formula.py:556 | Found alpha=0.033 deg for target Fy=0.00 (brentq).
2025-04-03 23:36:28,343 | DEBUG    | v3_magic_formula.py:579 | Step 1: Required alpha (approx) = 0.033 deg
2025-04-03 23:36:28,343 | DEBUG    | v3_magic_formula.py:336 | Calculating peak Fx potential for Fz=600, gamma=0
2025-04-03 23:36:28,343 | DEBUG    | v3_magic_formula.py:348 | Peak Fx potential: Dx=1652.79, SVx=-20.52, Peak=1632.27
2025-04-03 23:36:28,344 | DEBUG    | v3_magic_formula.py:354 | Calculating min Fx potential for Fz=600, gamma=0
2025-04-03 23:36:28,344 | DEBUG    | v3_magic_formula.py:366 | Min Fx potential: Dx=1652.79, SVx=-20.52, Min=-1673.31
2025-04-03 23:36:28,344 | DEBUG    | v3_magic_formula.py:592 | Step 2: Approx Gxa(alpha_req, k=0) = 1.0000
2025-04-03 23:36:29,398 | DEBUG    | v3_magic_formula.py:602 | Step 3: Target Accel Fx = 1632.23 N (AvailMax=1632.23)
2025-04-03 23:36:30,939 | ERROR    | v3_magic_formula.py:620 | Error in find_slips_prioritizing_fy: name 'logging' is not defined
2025-04-03 23:36:32,557 | INFO     | tire_tester.py:27 | --- Starting Fy Priority Test Suite (7 cases) ---
2025-04-03 23:36:32,558 | INFO     | tire_tester.py:32 | Running Fy Priority Test 1: 'Coast Straight'
2025-04-03 23:36:32,558 | DEBUG    | tire_tester.py:33 |   Inputs: Fz=600.0N, gamma=0.0deg, Target Fy=0.0N, Mode=coast, Intensity=0.00
2025-04-03 23:36:32,558 | INFO     | v3_magic_formula.py:573 | Finding slips for target Fy=0.00 N, Fz=600.0, gamma=0.00 deg, mode='coast', intensity=0.00
2025-04-03 23:36:32,558 | DEBUG    | v3_magic_formula.py:481 | Finding alpha for target Fy=0.00 N at Fz=600.0, gamma=0.00 deg
2025-04-03 23:36:32,558 | INFO     | v3_magic_formula.py:556 | Found alpha=0.033 deg for target Fy=0.00 (brentq).
2025-04-03 23:36:32,558 | DEBUG    | v3_magic_formula.py:579 | Step 1: Required alpha (approx) = 0.033 deg
2025-04-03 23:36:32,558 | DEBUG    | v3_magic_formula.py:336 | Calculating peak Fx potential for Fz=600, gamma=0.0
2025-04-03 23:36:32,558 | DEBUG    | v3_magic_formula.py:348 | Peak Fx potential: Dx=1652.79, SVx=-20.52, Peak=1632.27
2025-04-03 23:36:32,558 | DEBUG    | v3_magic_formula.py:354 | Calculating min Fx potential for Fz=600, gamma=0.0
2025-04-03 23:36:32,558 | DEBUG    | v3_magic_formula.py:366 | Min Fx potential: Dx=1652.79, SVx=-20.52, Min=-1673.31
2025-04-03 23:36:32,558 | DEBUG    | v3_magic_formula.py:592 | Step 2: Approx Gxa(alpha_req, k=0) = 1.0000
2025-04-03 23:36:42,393 | INFO     | v3_magic_formula.py:610 | Target longitudinal force is near zero. Setting kappa_req = 0.
2025-04-03 23:36:42,393 | INFO     | v3_magic_formula.py:617 | Result: alpha=0.033 deg, kappa=0.0000
2025-04-03 23:38:06,640 | ERROR    | v3_magic_formula.py:620 | Error in find_slips_prioritizing_fy: 
2025-04-03 23:38:06,641 | WARNING  | tire_tester.py:50 |   Failed: Could not find valid slips for target Fy=0.0N.
2025-04-03 23:38:06,641 | INFO     | tire_tester.py:32 | Running Fy Priority Test 2: 'Max Accel Straight'
2025-04-03 23:38:06,641 | DEBUG    | tire_tester.py:33 |   Inputs: Fz=700.0N, gamma=0.0deg, Target Fy=0.0N, Mode=accelerate, Intensity=1.00
2025-04-03 23:38:06,641 | INFO     | v3_magic_formula.py:573 | Finding slips for target Fy=0.00 N, Fz=700.0, gamma=0.00 deg, mode='accelerate', intensity=1.00
2025-04-03 23:38:06,641 | DEBUG    | v3_magic_formula.py:481 | Finding alpha for target Fy=0.00 N at Fz=700.0, gamma=0.00 deg
2025-04-03 23:38:06,641 | INFO     | v3_magic_formula.py:556 | Found alpha=0.018 deg for target Fy=0.00 (brentq).
2025-04-03 23:38:06,641 | DEBUG    | v3_magic_formula.py:579 | Step 1: Required alpha (approx) = 0.018 deg
2025-04-03 23:38:06,641 | DEBUG    | v3_magic_formula.py:336 | Calculating peak Fx potential for Fz=700, gamma=0.0
2025-04-03 23:38:06,641 | DEBUG    | v3_magic_formula.py:348 | Peak Fx potential: Dx=1934.81, SVx=-18.82, Peak=1915.99
2025-04-03 23:38:06,641 | DEBUG    | v3_magic_formula.py:354 | Calculating min Fx potential for Fz=700, gamma=0.0
2025-04-03 23:38:06,641 | DEBUG    | v3_magic_formula.py:366 | Min Fx potential: Dx=1934.81, SVx=-18.82, Min=-1953.63
2025-04-03 23:38:06,642 | DEBUG    | v3_magic_formula.py:592 | Step 2: Approx Gxa(alpha_req, k=0) = 1.0000
2025-04-03 23:38:06,854 | ERROR    | v3_magic_formula.py:620 | Error in find_slips_prioritizing_fy: 
2025-04-03 23:38:06,855 | WARNING  | tire_tester.py:50 |   Failed: Could not find valid slips for target Fy=0.0N.
2025-04-03 23:38:06,855 | INFO     | tire_tester.py:32 | Running Fy Priority Test 3: 'Max Brake Straight'
2025-04-03 23:38:06,855 | DEBUG    | tire_tester.py:33 |   Inputs: Fz=500.0N, gamma=0.0deg, Target Fy=0.0N, Mode=brake, Intensity=1.00
2025-04-03 23:38:06,855 | INFO     | v3_magic_formula.py:573 | Finding slips for target Fy=0.00 N, Fz=500.0, gamma=0.00 deg, mode='brake', intensity=1.00
2025-04-03 23:38:06,855 | DEBUG    | v3_magic_formula.py:481 | Finding alpha for target Fy=0.00 N at Fz=500.0, gamma=0.00 deg
2025-04-03 23:38:06,855 | INFO     | v3_magic_formula.py:556 | Found alpha=0.051 deg for target Fy=0.00 (brentq).
2025-04-03 23:38:06,855 | DEBUG    | v3_magic_formula.py:579 | Step 1: Required alpha (approx) = 0.051 deg
2025-04-03 23:38:06,856 | DEBUG    | v3_magic_formula.py:336 | Calculating peak Fx potential for Fz=500, gamma=0.0
2025-04-03 23:38:06,856 | DEBUG    | v3_magic_formula.py:348 | Peak Fx potential: Dx=1372.64, SVx=-20.75, Peak=1351.89
2025-04-03 23:38:06,856 | DEBUG    | v3_magic_formula.py:354 | Calculating min Fx potential for Fz=500, gamma=0.0
2025-04-03 23:38:06,856 | DEBUG    | v3_magic_formula.py:366 | Min Fx potential: Dx=1372.64, SVx=-20.75, Min=-1393.40
2025-04-03 23:38:06,856 | DEBUG    | v3_magic_formula.py:592 | Step 2: Approx Gxa(alpha_req, k=0) = 0.9999
2025-04-03 23:38:07,276 | ERROR    | v3_magic_formula.py:620 | Error in find_slips_prioritizing_fy: 
2025-04-03 23:38:07,277 | WARNING  | tire_tester.py:50 |   Failed: Could not find valid slips for target Fy=0.0N.
2025-04-03 23:38:07,277 | INFO     | tire_tester.py:32 | Running Fy Priority Test 4: 'Cornering Coast'
2025-04-03 23:38:07,277 | DEBUG    | tire_tester.py:33 |   Inputs: Fz=600.0N, gamma=-2.0deg, Target Fy=-1500.0N, Mode=coast, Intensity=0.00
2025-04-03 23:38:07,277 | INFO     | v3_magic_formula.py:573 | Finding slips for target Fy=-1500.00 N, Fz=600.0, gamma=-2.00 deg, mode='coast', intensity=0.00
2025-04-03 23:38:07,277 | DEBUG    | v3_magic_formula.py:481 | Finding alpha for target Fy=-1500.00 N at Fz=600.0, gamma=-2.00 deg
2025-04-03 23:38:07,277 | INFO     | v3_magic_formula.py:556 | Found alpha=6.361 deg for target Fy=-1500.00 (brentq).
2025-04-03 23:38:07,277 | DEBUG    | v3_magic_formula.py:579 | Step 1: Required alpha (approx) = 6.361 deg
2025-04-03 23:38:07,277 | DEBUG    | v3_magic_formula.py:336 | Calculating peak Fx potential for Fz=600, gamma=-0.03490658503988659
2025-04-03 23:38:07,277 | DEBUG    | v3_magic_formula.py:348 | Peak Fx potential: Dx=1657.85, SVx=-20.52, Peak=1637.33
2025-04-03 23:38:07,277 | DEBUG    | v3_magic_formula.py:354 | Calculating min Fx potential for Fz=600, gamma=-0.03490658503988659
2025-04-03 23:38:07,277 | DEBUG    | v3_magic_formula.py:366 | Min Fx potential: Dx=1657.85, SVx=-20.52, Min=-1678.37
2025-04-03 23:38:07,277 | DEBUG    | v3_magic_formula.py:592 | Step 2: Approx Gxa(alpha_req, k=0) = 0.6003
2025-04-03 23:38:09,902 | INFO     | v3_magic_formula.py:33 | Initializing Pacejka Tire Model from hoosier_r20.par
2025-04-03 23:38:09,902 | INFO     | v3_magic_formula.py:55 | Loading parameters from: hoosier_r20.par
2025-04-03 23:38:09,902 | INFO     | v3_magic_formula.py:66 | Finished loading parameters from hoosier_r20.par
2025-04-03 23:38:09,902 | DEBUG    | v3_magic_formula.py:71 | Validating required parameters...
2025-04-03 23:38:09,902 | INFO     | v3_magic_formula.py:93 | All required parameters loaded successfully.
2025-04-03 23:38:09,907 | INFO     | v3_magic_formula.py:51 | Pacejka Tire Model initialized successfully.
2025-04-03 23:38:09,907 | INFO     | v3_magic_formula.py:573 | Finding slips for target Fy=0.00 N, Fz=600.0, gamma=0.00 deg, mode='accelerate', intensity=1.00
2025-04-03 23:38:09,907 | DEBUG    | v3_magic_formula.py:481 | Finding alpha for target Fy=0.00 N at Fz=600.0, gamma=0.00 deg
2025-04-03 23:38:09,907 | INFO     | v3_magic_formula.py:556 | Found alpha=0.033 deg for target Fy=0.00 (brentq).
2025-04-03 23:38:09,907 | DEBUG    | v3_magic_formula.py:579 | Step 1: Required alpha (approx) = 0.033 deg
2025-04-03 23:38:09,907 | DEBUG    | v3_magic_formula.py:336 | Calculating peak Fx potential for Fz=600, gamma=0
2025-04-03 23:38:09,907 | DEBUG    | v3_magic_formula.py:348 | Peak Fx potential: Dx=1652.79, SVx=-20.52, Peak=1632.27
2025-04-03 23:38:09,907 | DEBUG    | v3_magic_formula.py:354 | Calculating min Fx potential for Fz=600, gamma=0
2025-04-03 23:38:09,907 | DEBUG    | v3_magic_formula.py:366 | Min Fx potential: Dx=1652.79, SVx=-20.52, Min=-1673.31
2025-04-03 23:38:09,908 | DEBUG    | v3_magic_formula.py:592 | Step 2: Approx Gxa(alpha_req, k=0) = 1.0000
2025-04-03 23:38:11,557 | DEBUG    | v3_magic_formula.py:602 | Step 3: Target Accel Fx = 1632.23 N (AvailMax=1632.23)
2025-04-03 23:38:12,503 | ERROR    | v3_magic_formula.py:620 | Error in find_slips_prioritizing_fy: 'Logger' object has no attribute 'setup_logger'
2025-04-03 23:38:44,700 | ERROR    | tire_tester.py:247 | An unexpected error occurred during testing:
Traceback (most recent call last):
  File "/home/atome/Documents/QOwnNotes/projects/Formula EV/lapsim_at_home/testing/tire_tester.py", line 206, in <module>
    fy_priority_results_df = run_fy_priority_test_suite(tire, fy_priority_test_conditions)
                             ^^^^^^^^^^^^^^^^^^^^^^^^^^
  File "/home/atome/miniconda3/lib/python3.12/bdb.py", line 90, in trace_dispatch
    return self.dispatch_line(frame)
           ^^^^^^^^^^^^^^^^^^^^^^^^^
  File "/home/atome/miniconda3/lib/python3.12/bdb.py", line 115, in dispatch_line
    if self.quitting: raise BdbQuit
                      ^^^^^^^^^^^^^
bdb.BdbQuit
2025-04-03 23:38:46,549 | INFO     | v3_magic_formula.py:33 | Initializing Pacejka Tire Model from hoosier_r20.par
2025-04-03 23:38:46,549 | INFO     | v3_magic_formula.py:55 | Loading parameters from: hoosier_r20.par
2025-04-03 23:38:46,549 | INFO     | v3_magic_formula.py:66 | Finished loading parameters from hoosier_r20.par
2025-04-03 23:38:46,549 | DEBUG    | v3_magic_formula.py:71 | Validating required parameters...
2025-04-03 23:38:46,549 | INFO     | v3_magic_formula.py:93 | All required parameters loaded successfully.
2025-04-03 23:38:46,554 | INFO     | v3_magic_formula.py:51 | Pacejka Tire Model initialized successfully.
2025-04-03 23:38:46,554 | INFO     | v3_magic_formula.py:573 | Finding slips for target Fy=0.00 N, Fz=600.0, gamma=0.00 deg, mode='accelerate', intensity=1.00
2025-04-03 23:38:46,554 | DEBUG    | v3_magic_formula.py:481 | Finding alpha for target Fy=0.00 N at Fz=600.0, gamma=0.00 deg
2025-04-03 23:38:46,554 | INFO     | v3_magic_formula.py:556 | Found alpha=0.033 deg for target Fy=0.00 (brentq).
2025-04-03 23:38:46,554 | DEBUG    | v3_magic_formula.py:579 | Step 1: Required alpha (approx) = 0.033 deg
2025-04-03 23:38:46,554 | DEBUG    | v3_magic_formula.py:336 | Calculating peak Fx potential for Fz=600, gamma=0
2025-04-03 23:38:46,555 | DEBUG    | v3_magic_formula.py:348 | Peak Fx potential: Dx=1652.79, SVx=-20.52, Peak=1632.27
2025-04-03 23:38:46,555 | DEBUG    | v3_magic_formula.py:354 | Calculating min Fx potential for Fz=600, gamma=0
2025-04-03 23:38:46,555 | DEBUG    | v3_magic_formula.py:366 | Min Fx potential: Dx=1652.79, SVx=-20.52, Min=-1673.31
2025-04-03 23:38:46,555 | DEBUG    | v3_magic_formula.py:592 | Step 2: Approx Gxa(alpha_req, k=0) = 1.0000
2025-04-03 23:38:50,314 | DEBUG    | v3_magic_formula.py:602 | Step 3: Target Accel Fx = 1632.23 N (AvailMax=1632.23)
2025-04-03 23:38:53,844 | DEBUG    | v3_magic_formula.py:375 | Starting: target_fx=1632.2315, Fz=600.0, gamma=0.00 deg
2025-04-03 23:38:53,844 | DEBUG    | v3_magic_formula.py:380 | Clamped inputs: Fz_proc=600.0, gamma_proc=0.0000 rad
2025-04-03 23:38:53,844 | DEBUG    | v3_magic_formula.py:393 | Components: dfz=-0.1004, mu_x=2.7546, K_x_k=53986.84, S_Hx=-0.0013, S_Vx=-20.52, D_x=1652.79, C_x=1.2579, E_x_base=0.5167
2025-04-03 23:38:53,844 | DEBUG    | v3_magic_formula.py:399 | Achievable Fx range: [-1673.3082, 1632.2715]
2025-04-03 23:38:53,844 | DEBUG    | v3_magic_formula.py:447 | Target Fx not near extremum. Using root-finder.
2025-04-03 23:38:53,844 | DEBUG    | v3_magic_formula.py:453 | Root finding bracket: [-0.2750, 0.2750]
2025-04-03 23:38:53,844 | DEBUG    | v3_magic_formula.py:457 | Errors at boundaries: f(-0.2750)=-3295.2589, f(0.2750)=-9.8158
2025-04-03 23:38:53,844 | WARNING  | v3_magic_formula.py:467 | Kappa bracketing failed. Trying ridder.
2025-04-03 23:38:53,845 | WARNING  | v3_magic_formula.py:472 | Ridder method also failed for kappa: f(a) and f(b) must have different signs
2025-04-03 23:38:53,845 | WARNING  | v3_magic_formula.py:614 | Could not find kappa for target Fx=1632.23. Setting kappa_req = 0.
2025-04-03 23:38:53,845 | INFO     | v3_magic_formula.py:617 | Result: alpha=0.033 deg, kappa=0.0000
2025-04-03 23:39:59,293 | ERROR    | v3_magic_formula.py:620 | Error in find_slips_prioritizing_fy: 
2025-04-03 23:39:59,851 | ERROR    | tire_tester.py:247 | An unexpected error occurred during testing:
Traceback (most recent call last):
  File "/home/atome/Documents/QOwnNotes/projects/Formula EV/lapsim_at_home/testing/tire_tester.py", line 206, in <module>
    fy_priority_results_df = run_fy_priority_test_suite(tire, fy_priority_test_conditions)
                             ^^^^^^^^^^^^^^^^^^^^^^^^^^
  File "/home/atome/miniconda3/lib/python3.12/bdb.py", line 90, in trace_dispatch
    return self.dispatch_line(frame)
           ^^^^^^^^^^^^^^^^^^^^^^^^^
  File "/home/atome/miniconda3/lib/python3.12/bdb.py", line 115, in dispatch_line
    if self.quitting: raise BdbQuit
                      ^^^^^^^^^^^^^
bdb.BdbQuit
2025-04-03 23:40:05,016 | INFO     | v3_magic_formula.py:33 | Initializing Pacejka Tire Model from hoosier_r20.par
2025-04-03 23:40:05,016 | INFO     | v3_magic_formula.py:55 | Loading parameters from: hoosier_r20.par
2025-04-03 23:40:05,016 | INFO     | v3_magic_formula.py:66 | Finished loading parameters from hoosier_r20.par
2025-04-03 23:40:05,016 | DEBUG    | v3_magic_formula.py:71 | Validating required parameters...
2025-04-03 23:40:05,017 | INFO     | v3_magic_formula.py:93 | All required parameters loaded successfully.
2025-04-03 23:40:05,021 | INFO     | v3_magic_formula.py:51 | Pacejka Tire Model initialized successfully.
2025-04-03 23:40:05,022 | INFO     | v3_magic_formula.py:580 | Finding slips for target Fy=0.00 N, Fz=600.0, gamma=0.00 deg, mode='accelerate', intensity=1.00
2025-04-03 23:40:05,022 | DEBUG    | v3_magic_formula.py:488 | Finding alpha for target Fy=0.00 N at Fz=600.0, gamma=0.00 deg
2025-04-03 23:40:05,022 | INFO     | v3_magic_formula.py:563 | Found alpha=0.033 deg for target Fy=0.00 (brentq).
2025-04-03 23:40:05,022 | DEBUG    | v3_magic_formula.py:586 | Step 1: Required alpha (approx) = 0.033 deg
2025-04-03 23:40:05,022 | DEBUG    | v3_magic_formula.py:336 | Calculating peak Fx potential for Fz=600, gamma=0
2025-04-03 23:40:05,022 | DEBUG    | v3_magic_formula.py:348 | Peak Fx potential: Dx=1652.79, SVx=-20.52, Peak=1632.27
2025-04-03 23:40:05,022 | DEBUG    | v3_magic_formula.py:354 | Calculating min Fx potential for Fz=600, gamma=0
2025-04-03 23:40:05,022 | DEBUG    | v3_magic_formula.py:366 | Min Fx potential: Dx=1652.79, SVx=-20.52, Min=-1673.31
2025-04-03 23:40:05,022 | DEBUG    | v3_magic_formula.py:599 | Step 2: Approx Gxa(alpha_req, k=0) = 1.0000
2025-04-03 23:40:07,000 | DEBUG    | v3_magic_formula.py:609 | Step 3: Target Accel Fx = 1632.23 N (AvailMax=1632.23)
2025-04-03 23:40:08,413 | DEBUG    | v3_magic_formula.py:375 | Starting: target_fx=1632.2315, Fz=600.0, gamma=0.00 deg
2025-04-03 23:40:08,413 | DEBUG    | v3_magic_formula.py:380 | Clamped inputs: Fz_proc=600.0, gamma_proc=0.0000 rad
2025-04-03 23:40:08,413 | DEBUG    | v3_magic_formula.py:393 | Components: dfz=-0.1004, mu_x=2.7546, K_x_k=53986.84, S_Hx=-0.0013, S_Vx=-20.52, D_x=1652.79, C_x=1.2579, E_x_base=0.5167
2025-04-03 23:40:14,595 | DEBUG    | v3_magic_formula.py:399 | Achievable Fx range: [-1673.3082, 1632.2715]
2025-04-03 23:40:29,260 | DEBUG    | v3_magic_formula.py:454 | Target Fx not near extremum. Using root-finder.
2025-04-03 23:40:29,260 | DEBUG    | v3_magic_formula.py:460 | Root finding bracket: [-0.2750, 0.2750]
2025-04-03 23:40:29,261 | DEBUG    | v3_magic_formula.py:464 | Errors at boundaries: f(-0.2750)=-3295.2589, f(0.2750)=-9.8158
2025-04-03 23:40:29,261 | WARNING  | v3_magic_formula.py:474 | Kappa bracketing failed. Trying ridder.
2025-04-03 23:40:29,261 | WARNING  | v3_magic_formula.py:479 | Ridder method also failed for kappa: f(a) and f(b) must have different signs
2025-04-03 23:40:29,261 | WARNING  | v3_magic_formula.py:621 | Could not find kappa for target Fx=1632.23. Setting kappa_req = 0.
2025-04-03 23:40:29,261 | INFO     | v3_magic_formula.py:624 | Result: alpha=0.033 deg, kappa=0.0000
2025-04-03 23:40:59,587 | INFO     | v3_magic_formula.py:33 | Initializing Pacejka Tire Model from hoosier_r20.par
2025-04-03 23:40:59,587 | INFO     | v3_magic_formula.py:55 | Loading parameters from: hoosier_r20.par
2025-04-03 23:40:59,588 | INFO     | v3_magic_formula.py:66 | Finished loading parameters from hoosier_r20.par
2025-04-03 23:40:59,588 | DEBUG    | v3_magic_formula.py:71 | Validating required parameters...
2025-04-03 23:40:59,588 | INFO     | v3_magic_formula.py:93 | All required parameters loaded successfully.
2025-04-03 23:40:59,593 | INFO     | v3_magic_formula.py:51 | Pacejka Tire Model initialized successfully.
2025-04-03 23:40:59,593 | INFO     | v3_magic_formula.py:581 | Finding slips for target Fy=0.00 N, Fz=600.0, gamma=0.00 deg, mode='accelerate', intensity=1.00
2025-04-03 23:40:59,593 | DEBUG    | v3_magic_formula.py:489 | Finding alpha for target Fy=0.00 N at Fz=600.0, gamma=0.00 deg
2025-04-03 23:40:59,593 | INFO     | v3_magic_formula.py:564 | Found alpha=0.033 deg for target Fy=0.00 (brentq).
2025-04-03 23:40:59,593 | DEBUG    | v3_magic_formula.py:587 | Step 1: Required alpha (approx) = 0.033 deg
2025-04-03 23:40:59,593 | DEBUG    | v3_magic_formula.py:336 | Calculating peak Fx potential for Fz=600, gamma=0
2025-04-03 23:40:59,593 | DEBUG    | v3_magic_formula.py:348 | Peak Fx potential: Dx=1652.79, SVx=-20.52, Peak=1632.27
2025-04-03 23:40:59,593 | DEBUG    | v3_magic_formula.py:354 | Calculating min Fx potential for Fz=600, gamma=0
2025-04-03 23:40:59,593 | DEBUG    | v3_magic_formula.py:366 | Min Fx potential: Dx=1652.79, SVx=-20.52, Min=-1673.31
2025-04-03 23:40:59,593 | DEBUG    | v3_magic_formula.py:600 | Step 2: Approx Gxa(alpha_req, k=0) = 1.0000
2025-04-03 23:41:01,550 | DEBUG    | v3_magic_formula.py:610 | Step 3: Target Accel Fx = 1632.23 N (AvailMax=1632.23)
2025-04-03 23:41:02,652 | DEBUG    | v3_magic_formula.py:375 | Starting: target_fx=1632.2315, Fz=600.0, gamma=0.00 deg
2025-04-03 23:41:02,652 | DEBUG    | v3_magic_formula.py:380 | Clamped inputs: Fz_proc=600.0, gamma_proc=0.0000 rad
2025-04-03 23:41:02,652 | DEBUG    | v3_magic_formula.py:393 | Components: dfz=-0.1004, mu_x=2.7546, K_x_k=53986.84, S_Hx=-0.0013, S_Vx=-20.52, D_x=1652.79, C_x=1.2579, E_x_base=0.5167
2025-04-03 23:41:05,433 | DEBUG    | v3_magic_formula.py:399 | Achievable Fx range: [-1673.3082, 1632.2715]
2025-04-04 08:57:31,325 | DEBUG    | v3_magic_formula.py:455 | Target Fx not near extremum. Using root-finder.
2025-04-04 08:57:31,325 | DEBUG    | v3_magic_formula.py:461 | Root finding bracket: [-0.2750, 0.2750]
2025-04-04 08:58:13,134 | DEBUG    | v3_magic_formula.py:465 | Errors at boundaries: f(-0.2750)=-3295.2589, f(0.2750)=-9.8158
2025-04-04 08:58:13,134 | WARNING  | v3_magic_formula.py:475 | Kappa bracketing failed. Trying ridder.
2025-04-04 09:01:24,713 | ERROR    | v3_magic_formula.py:484 | Unexpected error in find_kappa_for_fx: 
Traceback (most recent call last):
  File "/home/atome/Documents/QOwnNotes/projects/Formula EV/lapsim_at_home/tires/v3_magic_formula.py", line 477, in find_kappa_for_fx
    else:
          
  File "/home/atome/Documents/QOwnNotes/projects/Formula EV/lapsim_at_home/venv/lib/python3.12/site-packages/scipy/optimize/_root_scalar.py", line 286, in root_scalar
    r, sol = methodc(f, a, b, args=args, **kwargs)
             ^^^^^^^^^^^^^^^^^^^^^^^^^^^^^^^^^^^^^
  File "/home/atome/Documents/QOwnNotes/projects/Formula EV/lapsim_at_home/venv/lib/python3.12/site-packages/scipy/optimize/_zeros_py.py", line 675, in ridder
    r = _zeros._ridder(f, a, b, xtol, rtol, maxiter, args, full_output, disp)
        ^^^^^^^^^^^^^^^^^^^^^^^^^^^^^^^^^^^^^^^^^^^^^^^^^^^^^^^^^^^^^^^^^^^^^
  File "/home/atome/Documents/QOwnNotes/projects/Formula EV/lapsim_at_home/venv/lib/python3.12/site-packages/scipy/optimize/_zeros_py.py", line 94, in f_raise
    fx = f(x, *args)
         ^^^^^^^^^^^
  File "/home/atome/Documents/QOwnNotes/projects/Formula EV/lapsim_at_home/tires/v3_magic_formula.py", line 457, in fx_error
    # 4. Target is not near peak, use root-finding
               ^^^^^^^^^^^^^^^^^^^^^^^^^^^^^^^^^^^^
  File "/home/atome/Documents/QOwnNotes/projects/Formula EV/lapsim_at_home/tires/v3_magic_formula.py", line 422, in calculate_fx_pure_at_kappa
    try:
  File "/home/atome/miniconda3/lib/python3.12/bdb.py", line 90, in trace_dispatch
    return self.dispatch_line(frame)
           ^^^^^^^^^^^^^^^^^^^^^^^^^
  File "/home/atome/miniconda3/lib/python3.12/bdb.py", line 115, in dispatch_line
    if self.quitting: raise BdbQuit
                      ^^^^^^^^^^^^^
bdb.BdbQuit
2025-04-04 09:01:24,716 | WARNING  | v3_magic_formula.py:622 | Could not find kappa for target Fx=1632.23. Setting kappa_req = 0.
2025-04-04 09:01:24,716 | INFO     | v3_magic_formula.py:625 | Result: alpha=0.033 deg, kappa=0.0000
2025-04-04 09:01:25,031 | ERROR    | v3_magic_formula.py:628 | Error in find_slips_prioritizing_fy: 
