time,car_acceleration,car_velocity,car_position,front_right_vertical_load,front_right_x_friction,front_right_y_friction,front_right_rolling_resistance,front_left_vertical_load,front_left_x_friction,front_left_y_friction,front_left_rolling_resistance,rear_right_vertical_load,rear_right_x_friction,rear_right_y_friction,rear_right_rolling_resistance,rear_left_vertical_load,rear_left_x_friction,rear_left_y_friction,rear_left_rolling_resistance,cnt_grav_inertial_z,cnt_grav_inertial_x,cnt_grav_inertial_y
0,"(np.float64(-1.4515294343286922), np.float64(8.129866590132905e-05), np.float64(9.81))","(np.float64(0.0), np.float64(0.0), 0)","(np.float64(0.0), np.float64(0.0), 0)",613.125,-90.72058964554326,0.005081166618833066,0.0,613.125,-90.72058964554326,0.005081166618833066,0.0,613.125,-90.72058964554326,0.005081166618833066,0.0,613.125,-90.72058964554326,0.005081166618833066,0.0,0.0,0.0,0.0
5,"(np.float64(-1.4515294343286922), np.float64(8.129866590132905e-05), np.float64(9.81))","(np.float64(-0.07257647171643461), np.float64(4.064933295066453e-06), 0)","(np.float64(-0.005443235378732597), np.float64(3.0486999712998403e-07), 0)",613.125,-90.72058964554326,0.005081166618833066,0.0,613.125,-90.72058964554326,0.005081166618833066,0.0,613.125,-90.72058964554326,0.005081166618833066,0.0,613.125,-90.72058964554326,0.005081166618833066,0.0,0.0,0.0,0.0
10,"(np.float64(-1.4515294343286922), np.float64(8.129866590132905e-05), np.float64(9.81))","(np.float64(-0.14515294343286922), np.float64(8.129866590132906e-06), 0)","(np.float64(-0.014515294343286923), np.float64(8.129866590132907e-07), 0)",613.125,-90.72058964554326,0.005081166618833066,0.0,613.125,-90.72058964554326,0.005081166618833066,0.0,613.125,-90.72058964554326,0.005081166618833066,0.0,613.125,-90.72058964554326,0.005081166618833066,0.0,0.0,0.0,0.0
15,"(np.float64(-1.4515294343286922), np.float64(8.129866590132905e-05), np.float64(9.81))","(np.float64(-0.21772941514930383), np.float64(1.2194799885199359e-05), 0)","(np.float64(-0.02721617689366298), np.float64(1.52434998564992e-06), 0)",613.125,-90.72058964554326,0.005081166618833066,0.0,613.125,-90.72058964554326,0.005081166618833066,0.0,613.125,-90.72058964554326,0.005081166618833066,0.0,613.125,-90.72058964554326,0.005081166618833066,0.0,0.0,0.0,0.0
20,"(np.float64(-1.4515294343286922), np.float64(8.129866590132905e-05), np.float64(9.81))","(np.float64(-0.29030588686573844), np.float64(1.6259733180265813e-05), 0)","(np.float64(-0.04354588302986077), np.float64(2.4389599770398722e-06), 0)",613.125,-90.72058964554326,0.005081166618833066,0.0,613.125,-90.72058964554326,0.005081166618833066,0.0,613.125,-90.72058964554326,0.005081166618833066,0.0,613.125,-90.72058964554326,0.005081166618833066,0.0,0.0,0.0,0.0
25,"(np.float64(-1.4515294343286922), np.float64(8.129866590132905e-05), np.float64(9.81))","(np.float64(-0.36288235858217305), np.float64(2.0324666475332266e-05), 0)","(np.float64(-0.06350441275188029), np.float64(3.5568166331831472e-06), 0)",613.125,-90.72058964554326,0.005081166618833066,0.0,613.125,-90.72058964554326,0.005081166618833066,0.0,613.125,-90.72058964554326,0.005081166618833066,0.0,613.125,-90.72058964554326,0.005081166618833066,0.0,0.0,0.0,0.0
30,"(np.float64(-1.4515294343286922), np.float64(8.129866590132905e-05), np.float64(9.81))","(np.float64(-0.43545883029860766), np.float64(2.438959977039872e-05), 0)","(np.float64(-0.08709176605972153), np.float64(4.877919954079745e-06), 0)",613.125,-90.72058964554326,0.005081166618833066,0.0,613.125,-90.72058964554326,0.005081166618833066,0.0,613.125,-90.72058964554326,0.005081166618833066,0.0,613.125,-90.72058964554326,0.005081166618833066,0.0,0.0,0.0,0.0
35,"(np.float64(-1.4515294343286922), np.float64(8.129866590132905e-05), np.float64(9.81))","(np.float64(-0.5080353020150423), np.float64(2.8454533065465174e-05), 0)","(np.float64(-0.11430794295338452), np.float64(6.4022699397296655e-06), 0)",613.125,-90.72058964554326,0.005081166618833066,0.0,613.125,-90.72058964554326,0.005081166618833066,0.0,613.125,-90.72058964554326,0.005081166618833066,0.0,613.125,-90.72058964554326,0.005081166618833066,0.0,0.0,0.0,0.0
40,"(np.float64(-1.4515294343286922), np.float64(8.129866590132905e-05), np.float64(9.81))","(np.float64(-0.5806117737314769), np.float64(3.2519466360531625e-05), 0)","(np.float64(-0.14515294343286922), np.float64(8.129866590132908e-06), 0)",613.125,-90.72058964554326,0.005081166618833066,0.0,613.125,-90.72058964554326,0.005081166618833066,0.0,613.125,-90.72058964554326,0.005081166618833066,0.0,613.125,-90.72058964554326,0.005081166618833066,0.0,0.0,0.0,0.0
45,"(np.float64(-1.4515294343286922), np.float64(8.129866590132905e-05), np.float64(9.81))","(np.float64(-0.6531882454479114), np.float64(3.658439965559808e-05), 0)","(np.float64(-0.17962676749817566), np.float64(1.0060709905289473e-05), 0)",613.125,-90.72058964554326,0.005081166618833066,0.0,613.125,-90.72058964554326,0.005081166618833066,0.0,613.125,-90.72058964554326,0.005081166618833066,0.0,613.125,-90.72058964554326,0.005081166618833066,0.0,0.0,0.0,0.0
50,"(np.float64(-1.4515294343286922), np.float64(8.129866590132905e-05), np.float64(9.81))","(np.float64(-0.725764717164346), np.float64(4.064933295066453e-05), 0)","(np.float64(-0.21772941514930383), np.float64(1.219479988519936e-05), 0)",613.125,-90.72058964554326,0.005081166618833066,0.0,613.125,-90.72058964554326,0.005081166618833066,0.0,613.125,-90.72058964554326,0.005081166618833066,0.0,613.125,-90.72058964554326,0.005081166618833066,0.0,0.0,0.0,0.0
55,"(np.float64(-1.4515294343286922), np.float64(8.129866590132905e-05), np.float64(9.81))","(np.float64(-0.7983411888807805), np.float64(4.471426624573099e-05), 0)","(np.float64(-0.25946088638625375), np.float64(1.4532136529862571e-05), 0)",613.125,-90.72058964554326,0.005081166618833066,0.0,613.125,-90.72058964554326,0.005081166618833066,0.0,613.125,-90.72058964554326,0.005081166618833066,0.0,613.125,-90.72058964554326,0.005081166618833066,0.0,0.0,0.0,0.0
60,"(np.float64(-1.4515294343286922), np.float64(8.129866590132905e-05), np.float64(9.81))","(np.float64(-0.8709176605972151), np.float64(4.877919954079744e-05), 0)","(np.float64(-0.30482118120902535), np.float64(1.7072719839279105e-05), 0)",613.125,-90.72058964554326,0.005081166618833066,0.0,613.125,-90.72058964554326,0.005081166618833066,0.0,613.125,-90.72058964554326,0.005081166618833066,0.0,613.125,-90.72058964554326,0.005081166618833066,0.0,0.0,0.0,0.0
65,"(np.float64(-1.4515294343286922), np.float64(8.129866590132905e-05), np.float64(9.81))","(np.float64(-0.9434941323136496), np.float64(5.2844132835863895e-05), 0)","(np.float64(-0.3538102996176187), np.float64(1.981654981344896e-05), 0)",613.125,-90.72058964554326,0.005081166618833066,0.0,613.125,-90.72058964554326,0.005081166618833066,0.0,613.125,-90.72058964554326,0.005081166618833066,0.0,613.125,-90.72058964554326,0.005081166618833066,0.0,0.0,0.0,0.0
70,"(np.float64(-1.4515294343286922), np.float64(8.129866590132905e-05), np.float64(9.81))","(np.float64(-1.0160706040300842), np.float64(5.690906613093035e-05), 0)","(np.float64(-0.4064282416120337), np.float64(2.2763626452372143e-05), 0)",613.125,-90.72058964554326,0.005081166618833066,0.0,613.125,-90.72058964554326,0.005081166618833066,0.0,613.125,-90.72058964554326,0.005081166618833066,0.0,613.125,-90.72058964554326,0.005081166618833066,0.0,0.0,0.0,0.0
75,"(np.float64(-1.4515294343286922), np.float64(8.129866590132905e-05), np.float64(9.81))","(np.float64(-1.0886470757465188), np.float64(6.09739994259968e-05), 0)","(np.float64(-0.4626750071922705), np.float64(2.5913949756048646e-05), 0)",613.125,-90.72058964554326,0.005081166618833066,0.0,613.125,-90.72058964554326,0.005081166618833066,0.0,613.125,-90.72058964554326,0.005081166618833066,0.0,613.125,-90.72058964554326,0.005081166618833066,0.0,0.0,0.0,0.0
80,"(np.float64(-1.4515294343286922), np.float64(8.129866590132905e-05), np.float64(9.81))","(np.float64(-1.1612235474629533), np.float64(6.503893272106325e-05), 0)","(np.float64(-0.522550596358329), np.float64(2.926751972447847e-05), 0)",613.125,-90.72058964554326,0.005081166618833066,0.0,613.125,-90.72058964554326,0.005081166618833066,0.0,613.125,-90.72058964554326,0.005081166618833066,0.0,613.125,-90.72058964554326,0.005081166618833066,0.0,0.0,0.0,0.0
85,"(np.float64(-1.4515294343286922), np.float64(8.129866590132905e-05), np.float64(9.81))","(np.float64(-1.2338000191793879), np.float64(6.91038660161297e-05), 0)","(np.float64(-0.5860550091102092), np.float64(3.2824336357661616e-05), 0)",613.125,-90.72058964554326,0.005081166618833066,0.0,613.125,-90.72058964554326,0.005081166618833066,0.0,613.125,-90.72058964554326,0.005081166618833066,0.0,613.125,-90.72058964554326,0.005081166618833066,0.0,0.0,0.0,0.0
90,"(np.float64(-1.4515294343286922), np.float64(8.129866590132905e-05), np.float64(9.81))","(np.float64(-1.3063764908958224), np.float64(7.316879931119616e-05), 0)","(np.float64(-0.6531882454479112), np.float64(3.6584399655598086e-05), 0)",613.125,-90.72058964554326,0.005081166618833066,0.0,613.125,-90.72058964554326,0.005081166618833066,0.0,613.125,-90.72058964554326,0.005081166618833066,0.0,613.125,-90.72058964554326,0.005081166618833066,0.0,0.0,0.0,0.0
95,"(np.float64(-1.4515294343286922), np.float64(8.129866590132905e-05), np.float64(9.81))","(np.float64(-1.378952962612257), np.float64(7.723373260626261e-05), 0)","(np.float64(-0.7239503053714349), np.float64(4.0547709618287874e-05), 0)",613.125,-90.72058964554326,0.005081166618833066,0.0,613.125,-90.72058964554326,0.005081166618833066,0.0,613.125,-90.72058964554326,0.005081166618833066,0.0,613.125,-90.72058964554326,0.005081166618833066,0.0,0.0,0.0,0.0
100,"(np.float64(-1.4515294343286922), np.float64(8.129866590132905e-05), np.float64(9.81))","(np.float64(-1.4515294343286915), np.float64(8.129866590132907e-05), 0)","(np.float64(-0.7983411888807803), np.float64(4.471426624573099e-05), 0)",613.125,-90.72058964554326,0.005081166618833066,0.0,613.125,-90.72058964554326,0.005081166618833066,0.0,613.125,-90.72058964554326,0.005081166618833066,0.0,613.125,-90.72058964554326,0.005081166618833066,0.0,0.0,0.0,0.0
105,"(np.float64(-1.4515294343286922), np.float64(8.129866590132905e-05), np.float64(9.81))","(np.float64(-1.524105906045126), np.float64(8.536359919639552e-05), 0)","(np.float64(-0.8763608959759475), np.float64(4.9084069537927425e-05), 0)",613.125,-90.72058964554326,0.005081166618833066,0.0,613.125,-90.72058964554326,0.005081166618833066,0.0,613.125,-90.72058964554326,0.005081166618833066,0.0,613.125,-90.72058964554326,0.005081166618833066,0.0,0.0,0.0,0.0
110,"(np.float64(-1.4515294343286922), np.float64(8.129866590132905e-05), np.float64(9.81))","(np.float64(-1.5966823777615606), np.float64(8.942853249146197e-05), 0)","(np.float64(-0.9580094266569363), np.float64(5.365711949487718e-05), 0)",613.125,-90.72058964554326,0.005081166618833066,0.0,613.125,-90.72058964554326,0.005081166618833066,0.0,613.125,-90.72058964554326,0.005081166618833066,0.0,613.125,-90.72058964554326,0.005081166618833066,0.0,0.0,0.0,0.0
115,"(np.float64(-1.4515294343286922), np.float64(8.129866590132905e-05), np.float64(9.81))","(np.float64(-1.6692588494779952), np.float64(9.349346578652843e-05), 0)","(np.float64(-1.043286780923747), np.float64(5.843341611658026e-05), 0)",613.125,-90.72058964554326,0.005081166618833066,0.0,613.125,-90.72058964554326,0.005081166618833066,0.0,613.125,-90.72058964554326,0.005081166618833066,0.0,613.125,-90.72058964554326,0.005081166618833066,0.0,0.0,0.0,0.0
120,"(np.float64(-1.4515294343286922), np.float64(8.129866590132905e-05), np.float64(9.81))","(np.float64(-1.7418353211944297), np.float64(9.755839908159488e-05), 0)","(np.float64(-1.1321929587763793), np.float64(6.341295940303667e-05), 0)",613.125,-90.72058964554326,0.005081166618833066,0.0,613.125,-90.72058964554326,0.005081166618833066,0.0,613.125,-90.72058964554326,0.005081166618833066,0.0,613.125,-90.72058964554326,0.005081166618833066,0.0,0.0,0.0,0.0
125,"(np.float64(-1.4515294343286922), np.float64(8.129866590132905e-05), np.float64(9.81))","(np.float64(-1.8144117929108643), np.float64(0.00010162333237666134), 0)","(np.float64(-1.2247279602148333), np.float64(6.85957493542464e-05), 0)",613.125,-90.72058964554326,0.005081166618833066,0.0,613.125,-90.72058964554326,0.005081166618833066,0.0,613.125,-90.72058964554326,0.005081166618833066,0.0,613.125,-90.72058964554326,0.005081166618833066,0.0,0.0,0.0,0.0
130,"(np.float64(-1.4515294343286922), np.float64(8.129866590132905e-05), np.float64(9.81))","(np.float64(-1.8869882646272989), np.float64(0.00010568826567172779), 0)","(np.float64(-1.320891785239109), np.float64(7.398178597020944e-05), 0)",613.125,-90.72058964554326,0.005081166618833066,0.0,613.125,-90.72058964554326,0.005081166618833066,0.0,613.125,-90.72058964554326,0.005081166618833066,0.0,613.125,-90.72058964554326,0.005081166618833066,0.0,0.0,0.0,0.0
135,"(np.float64(-1.4515294343286922), np.float64(8.129866590132905e-05), np.float64(9.81))","(np.float64(-1.9595647363437334), np.float64(0.00010975319896679424), 0)","(np.float64(-1.4206844338492066), np.float64(7.957106925092581e-05), 0)",613.125,-90.72058964554326,0.005081166618833066,0.0,613.125,-90.72058964554326,0.005081166618833066,0.0,613.125,-90.72058964554326,0.005081166618833066,0.0,613.125,-90.72058964554326,0.005081166618833066,0.0,0.0,0.0,0.0
140,"(np.float64(-1.4515294343286922), np.float64(8.129866590132905e-05), np.float64(9.81))","(np.float64(-2.032141208060168), np.float64(0.0001138181322618607), 0)","(np.float64(-1.5241059060451259), np.float64(8.53635991963955e-05), 0)",613.125,-90.72058964554326,0.005081166618833066,0.0,613.125,-90.72058964554326,0.005081166618833066,0.0,613.125,-90.72058964554326,0.005081166618833066,0.0,613.125,-90.72058964554326,0.005081166618833066,0.0,0.0,0.0,0.0
145,"(np.float64(-1.4515294343286922), np.float64(8.129866590132905e-05), np.float64(9.81))","(np.float64(-2.1047176797766025), np.float64(0.00011788306555692715), 0)","(np.float64(-1.6311562018268668), np.float64(9.135937580661852e-05), 0)",613.125,-90.72058964554326,0.005081166618833066,0.0,613.125,-90.72058964554326,0.005081166618833066,0.0,613.125,-90.72058964554326,0.005081166618833066,0.0,613.125,-90.72058964554326,0.005081166618833066,0.0,0.0,0.0,0.0
150,"(np.float64(-1.4515294343286922), np.float64(8.129866590132905e-05), np.float64(9.81))","(np.float64(-2.177294151493037), np.float64(0.0001219479988519936), 0)","(np.float64(-1.7418353211944295), np.float64(9.755839908159485e-05), 0)",613.125,-90.72058964554326,0.005081166618833066,0.0,613.125,-90.72058964554326,0.005081166618833066,0.0,613.125,-90.72058964554326,0.005081166618833066,0.0,613.125,-90.72058964554326,0.005081166618833066,0.0,0.0,0.0,0.0
155,"(np.float64(-1.4515294343286922), np.float64(8.129866590132905e-05), np.float64(9.81))","(np.float64(-2.2498706232094716), np.float64(0.00012601293214706006), 0)","(np.float64(-1.856143264147814), np.float64(0.00010396066902132452), 0)",613.125,-90.72058964554326,0.005081166618833066,0.0,613.125,-90.72058964554326,0.005081166618833066,0.0,613.125,-90.72058964554326,0.005081166618833066,0.0,613.125,-90.72058964554326,0.005081166618833066,0.0,0.0,0.0,0.0
160,"(np.float64(-1.4515294343286922), np.float64(8.129866590132905e-05), np.float64(9.81))","(np.float64(-2.322447094925906), np.float64(0.0001300778654421265), 0)","(np.float64(-1.97408003068702), np.float64(0.0001105661856258075), 0)",613.125,-90.72058964554326,0.005081166618833066,0.0,613.125,-90.72058964554326,0.005081166618833066,0.0,613.125,-90.72058964554326,0.005081166618833066,0.0,613.125,-90.72058964554326,0.005081166618833066,0.0,0.0,0.0,0.0
165,"(np.float64(-1.4515294343286922), np.float64(8.129866590132905e-05), np.float64(9.81))","(np.float64(-2.3950235666423407), np.float64(0.00013414279873719294), 0)","(np.float64(-2.095645620812048), np.float64(0.0001173749488950438), 0)",613.125,-90.72058964554326,0.005081166618833066,0.0,613.125,-90.72058964554326,0.005081166618833066,0.0,613.125,-90.72058964554326,0.005081166618833066,0.0,613.125,-90.72058964554326,0.005081166618833066,0.0,0.0,0.0,0.0
170,"(np.float64(-1.4515294343286922), np.float64(8.129866590132905e-05), np.float64(9.81))","(np.float64(-2.4676000383587753), np.float64(0.00013820773203225938), 0)","(np.float64(-2.220840034522898), np.float64(0.00012438695882903343), 0)",613.125,-90.72058964554326,0.005081166618833066,0.0,613.125,-90.72058964554326,0.005081166618833066,0.0,613.125,-90.72058964554326,0.005081166618833066,0.0,613.125,-90.72058964554326,0.005081166618833066,0.0,0.0,0.0,0.0
175,"(np.float64(-1.4515294343286922), np.float64(8.129866590132905e-05), np.float64(9.81))","(np.float64(-2.54017651007521), np.float64(0.00014227266532732582), 0)","(np.float64(-2.349663271819569), np.float64(0.0001316022154277764), 0)",613.125,-90.72058964554326,0.005081166618833066,0.0,613.125,-90.72058964554326,0.005081166618833066,0.0,613.125,-90.72058964554326,0.005081166618833066,0.0,613.125,-90.72058964554326,0.005081166618833066,0.0,0.0,0.0,0.0
180,"(np.float64(-1.4515294343286922), np.float64(8.129866590132905e-05), np.float64(9.81))","(np.float64(-2.6127529817916444), np.float64(0.00014633759862239226), 0)","(np.float64(-2.482115332702062), np.float64(0.00013902071869127268), 0)",613.125,-90.72058964554326,0.005081166618833066,0.0,613.125,-90.72058964554326,0.005081166618833066,0.0,613.125,-90.72058964554326,0.005081166618833066,0.0,613.125,-90.72058964554326,0.005081166618833066,0.0,0.0,0.0,0.0
185,"(np.float64(-1.4515294343286922), np.float64(8.129866590132905e-05), np.float64(9.81))","(np.float64(-2.685329453508079), np.float64(0.0001504025319174587), 0)","(np.float64(-2.618196217170377), np.float64(0.00014664246861952228), 0)",613.125,-90.72058964554326,0.005081166618833066,0.0,613.125,-90.72058964554326,0.005081166618833066,0.0,613.125,-90.72058964554326,0.005081166618833066,0.0,613.125,-90.72058964554326,0.005081166618833066,0.0,0.0,0.0,0.0
190,"(np.float64(-1.4515294343286922), np.float64(8.129866590132905e-05), np.float64(9.81))","(np.float64(-2.7579059252245135), np.float64(0.00015446746521252514), 0)","(np.float64(-2.7579059252245135), np.float64(0.0001544674652125252), 0)",613.125,-90.72058964554326,0.005081166618833066,0.0,613.125,-90.72058964554326,0.005081166618833066,0.0,613.125,-90.72058964554326,0.005081166618833066,0.0,613.125,-90.72058964554326,0.005081166618833066,0.0,0.0,0.0,0.0
195,"(np.float64(-1.4515294343286922), np.float64(8.129866590132905e-05), np.float64(9.81))","(np.float64(-2.830482396940948), np.float64(0.00015853239850759158), 0)","(np.float64(-2.9012444568644717), np.float64(0.00016249570847028146), 0)",613.125,-90.72058964554326,0.005081166618833066,0.0,613.125,-90.72058964554326,0.005081166618833066,0.0,613.125,-90.72058964554326,0.005081166618833066,0.0,613.125,-90.72058964554326,0.005081166618833066,0.0,0.0,0.0,0.0
200,"(np.float64(-1.4515294343286922), np.float64(8.129866590132905e-05), np.float64(9.81))","(np.float64(-2.9030588686573826), np.float64(0.00016259733180265802), 0)","(np.float64(-3.0482118120902517), np.float64(0.00017072719839279104), 0)",613.125,-90.72058964554326,0.005081166618833066,0.0,613.125,-90.72058964554326,0.005081166618833066,0.0,613.125,-90.72058964554326,0.005081166618833066,0.0,613.125,-90.72058964554326,0.005081166618833066,0.0,0.0,0.0,0.0
205,"(np.float64(-1.4515294343286922), np.float64(8.129866590132905e-05), np.float64(9.81))","(np.float64(-2.975635340373817), np.float64(0.00016666226509772446), 0)","(np.float64(-3.1988079909018534), np.float64(0.00017916193498005394), 0)",613.125,-90.72058964554326,0.005081166618833066,0.0,613.125,-90.72058964554326,0.005081166618833066,0.0,613.125,-90.72058964554326,0.005081166618833066,0.0,613.125,-90.72058964554326,0.005081166618833066,0.0,0.0,0.0,0.0
210,"(np.float64(-1.4515294343286922), np.float64(8.129866590132905e-05), np.float64(9.81))","(np.float64(-3.0482118120902517), np.float64(0.0001707271983927909), 0)","(np.float64(-3.353032993299277), np.float64(0.00018779991823207015), 0)",613.125,-90.72058964554326,0.005081166618833066,0.0,613.125,-90.72058964554326,0.005081166618833066,0.0,613.125,-90.72058964554326,0.005081166618833066,0.0,613.125,-90.72058964554326,0.005081166618833066,0.0,0.0,0.0,0.0
215,"(np.float64(-1.4515294343286922), np.float64(8.129866590132905e-05), np.float64(9.81))","(np.float64(-3.1207882838066863), np.float64(0.00017479213168785734), 0)","(np.float64(-3.510886819282522), np.float64(0.0001966411481488397), 0)",613.125,-90.72058964554326,0.005081166618833066,0.0,613.125,-90.72058964554326,0.005081166618833066,0.0,613.125,-90.72058964554326,0.005081166618833066,0.0,613.125,-90.72058964554326,0.005081166618833066,0.0,0.0,0.0,0.0
220,"(np.float64(-1.4515294343286922), np.float64(8.129866590132905e-05), np.float64(9.81))","(np.float64(-3.193364755523121), np.float64(0.00017885706498292379), 0)","(np.float64(-3.672369468851589), np.float64(0.00020568562473036254), 0)",613.125,-90.72058964554326,0.005081166618833066,0.0,613.125,-90.72058964554326,0.005081166618833066,0.0,613.125,-90.72058964554326,0.005081166618833066,0.0,613.125,-90.72058964554326,0.005081166618833066,0.0,0.0,0.0,0.0
225,"(np.float64(-1.4515294343286922), np.float64(8.129866590132905e-05), np.float64(9.81))","(np.float64(-3.2659412272395554), np.float64(0.00018292199827799023), 0)","(np.float64(-3.8374809420064775), np.float64(0.0002149333479766387), 0)",613.125,-90.72058964554326,0.005081166618833066,0.0,613.125,-90.72058964554326,0.005081166618833066,0.0,613.125,-90.72058964554326,0.005081166618833066,0.0,613.125,-90.72058964554326,0.005081166618833066,0.0,0.0,0.0,0.0
230,"(np.float64(-1.4515294343286922), np.float64(8.129866590132905e-05), np.float64(9.81))","(np.float64(-3.33851769895599), np.float64(0.00018698693157305667), 0)","(np.float64(-4.006221238747188), np.float64(0.00022438431788766823), 0)",613.125,-90.72058964554326,0.005081166618833066,0.0,613.125,-90.72058964554326,0.005081166618833066,0.0,613.125,-90.72058964554326,0.005081166618833066,0.0,613.125,-90.72058964554326,0.005081166618833066,0.0,0.0,0.0,0.0
235,"(np.float64(-1.4515294343286922), np.float64(8.129866590132905e-05), np.float64(9.81))","(np.float64(-3.4110941706724245), np.float64(0.0001910518648681231), 0)","(np.float64(-4.178590359073721), np.float64(0.00023403853446345106), 0)",613.125,-90.72058964554326,0.005081166618833066,0.0,613.125,-90.72058964554326,0.005081166618833066,0.0,613.125,-90.72058964554326,0.005081166618833066,0.0,613.125,-90.72058964554326,0.005081166618833066,0.0,0.0,0.0,0.0
240,"(np.float64(-1.4515294343286922), np.float64(8.129866590132905e-05), np.float64(9.81))","(np.float64(-3.483670642388859), np.float64(0.00019511679816318955), 0)","(np.float64(-4.354588302986075), np.float64(0.0002438959977039872), 0)",613.125,-90.72058964554326,0.005081166618833066,0.0,613.125,-90.72058964554326,0.005081166618833066,0.0,613.125,-90.72058964554326,0.005081166618833066,0.0,613.125,-90.72058964554326,0.005081166618833066,0.0,0.0,0.0,0.0
245,"(np.float64(-1.4515294343286922), np.float64(8.129866590132905e-05), np.float64(9.81))","(np.float64(-3.5562471141052936), np.float64(0.000199181731458256), 0)","(np.float64(-4.534215070484251), np.float64(0.0002539567076092767), 0)",613.125,-90.72058964554326,0.005081166618833066,0.0,613.125,-90.72058964554326,0.005081166618833066,0.0,613.125,-90.72058964554326,0.005081166618833066,0.0,613.125,-90.72058964554326,0.005081166618833066,0.0,0.0,0.0,0.0
250,"(np.float64(-1.4515294343286922), np.float64(8.129866590132905e-05), np.float64(9.81))","(np.float64(-3.628823585821728), np.float64(0.00020324666475332243), 0)","(np.float64(-4.717470661568249), np.float64(0.00026422066417931947), 0)",613.125,-90.72058964554326,0.005081166618833066,0.0,613.125,-90.72058964554326,0.005081166618833066,0.0,613.125,-90.72058964554326,0.005081166618833066,0.0,613.125,-90.72058964554326,0.005081166618833066,0.0,0.0,0.0,0.0
255,"(np.float64(-1.4515294343286922), np.float64(8.129866590132905e-05), np.float64(9.81))","(np.float64(-3.7014000575381627), np.float64(0.00020731159804838887), 0)","(np.float64(-4.904355076238068), np.float64(0.0002746878674141156), 0)",613.125,-90.72058964554326,0.005081166618833066,0.0,613.125,-90.72058964554326,0.005081166618833066,0.0,613.125,-90.72058964554326,0.005081166618833066,0.0,613.125,-90.72058964554326,0.005081166618833066,0.0,0.0,0.0,0.0
260,"(np.float64(-1.4515294343286922), np.float64(8.129866590132905e-05), np.float64(9.81))","(np.float64(-3.7739765292545973), np.float64(0.0002113765313434553), 0)","(np.float64(-5.094868314493709), np.float64(0.000285358317313665), 0)",613.125,-90.72058964554326,0.005081166618833066,0.0,613.125,-90.72058964554326,0.005081166618833066,0.0,613.125,-90.72058964554326,0.005081166618833066,0.0,613.125,-90.72058964554326,0.005081166618833066,0.0,0.0,0.0,0.0
265,"(np.float64(-1.4515294343286922), np.float64(8.129866590132905e-05), np.float64(9.81))","(np.float64(-3.846553000971032), np.float64(0.00021544146463852175), 0)","(np.float64(-5.289010376335172), np.float64(0.0002962320138779678), 0)",613.125,-90.72058964554326,0.005081166618833066,0.0,613.125,-90.72058964554326,0.005081166618833066,0.0,613.125,-90.72058964554326,0.005081166618833066,0.0,613.125,-90.72058964554326,0.005081166618833066,0.0,0.0,0.0,0.0
270,"(np.float64(-1.4515294343286922), np.float64(8.129866590132905e-05), np.float64(9.81))","(np.float64(-3.9191294726874664), np.float64(0.0002195063979335882), 0)","(np.float64(-5.486781261762457), np.float64(0.00030730895710702385), 0)",613.125,-90.72058964554326,0.005081166618833066,0.0,613.125,-90.72058964554326,0.005081166618833066,0.0,613.125,-90.72058964554326,0.005081166618833066,0.0,613.125,-90.72058964554326,0.005081166618833066,0.0,0.0,0.0,0.0
275,"(np.float64(-1.4515294343286922), np.float64(8.129866590132905e-05), np.float64(9.81))","(np.float64(-3.991705944403901), np.float64(0.00022357133122865463), 0)","(np.float64(-5.688180970775563), np.float64(0.00031858914700083325), 0)",613.125,-90.72058964554326,0.005081166618833066,0.0,613.125,-90.72058964554326,0.005081166618833066,0.0,613.125,-90.72058964554326,0.005081166618833066,0.0,613.125,-90.72058964554326,0.005081166618833066,0.0,0.0,0.0,0.0
280,"(np.float64(-1.4515294343286922), np.float64(8.129866590132905e-05), np.float64(9.81))","(np.float64(-4.064282416120336), np.float64(0.00022763626452372107), 0)","(np.float64(-5.893209503374491), np.float64(0.000330072583559396), 0)",613.125,-90.72058964554326,0.005081166618833066,0.0,613.125,-90.72058964554326,0.005081166618833066,0.0,613.125,-90.72058964554326,0.005081166618833066,0.0,613.125,-90.72058964554326,0.005081166618833066,0.0,0.0,0.0,0.0
285,"(np.float64(-1.4515294343286922), np.float64(8.129866590132905e-05), np.float64(9.81))","(np.float64(-4.1368588878367705), np.float64(0.0002317011978187875), 0)","(np.float64(-6.101866859559241), np.float64(0.00034175926678271204), 0)",613.125,-90.72058964554326,0.005081166618833066,0.0,613.125,-90.72058964554326,0.005081166618833066,0.0,613.125,-90.72058964554326,0.005081166618833066,0.0,613.125,-90.72058964554326,0.005081166618833066,0.0,0.0,0.0,0.0
290,"(np.float64(-1.4515294343286922), np.float64(8.129866590132905e-05), np.float64(9.81))","(np.float64(-4.209435359553205), np.float64(0.00023576613111385395), 0)","(np.float64(-6.314153039329812), np.float64(0.00035364919667078143), 0)",613.125,-90.72058964554326,0.005081166618833066,0.0,613.125,-90.72058964554326,0.005081166618833066,0.0,613.125,-90.72058964554326,0.005081166618833066,0.0,613.125,-90.72058964554326,0.005081166618833066,0.0,0.0,0.0,0.0
295,"(np.float64(-1.4515294343286922), np.float64(8.129866590132905e-05), np.float64(9.81))","(np.float64(-4.28201183126964), np.float64(0.0002398310644089204), 0)","(np.float64(-6.530068042686206), np.float64(0.0003657423732236041), 0)",613.125,-90.72058964554326,0.005081166618833066,0.0,613.125,-90.72058964554326,0.005081166618833066,0.0,613.125,-90.72058964554326,0.005081166618833066,0.0,613.125,-90.72058964554326,0.005081166618833066,0.0,0.0,0.0,0.0
300,"(np.float64(-1.4515294343286922), np.float64(8.129866590132905e-05), np.float64(9.81))","(np.float64(-4.354588302986074), np.float64(0.00024389599770398683), 0)","(np.float64(-6.749611869628421), np.float64(0.0003780387964411801), 0)",613.125,-90.72058964554326,0.005081166618833066,0.0,613.125,-90.72058964554326,0.005081166618833066,0.0,613.125,-90.72058964554326,0.005081166618833066,0.0,613.125,-90.72058964554326,0.005081166618833066,0.0,0.0,0.0,0.0
305,"(np.float64(-1.4515294343286922), np.float64(8.129866590132905e-05), np.float64(9.81))","(np.float64(-4.427164774702509), np.float64(0.00024796093099905327), 0)","(np.float64(-6.972784520156457), np.float64(0.00039053846632350944), 0)",613.125,-90.72058964554326,0.005081166618833066,0.0,613.125,-90.72058964554326,0.005081166618833066,0.0,613.125,-90.72058964554326,0.005081166618833066,0.0,613.125,-90.72058964554326,0.005081166618833066,0.0,0.0,0.0,0.0
310,"(np.float64(-1.4515294343286922), np.float64(8.129866590132905e-05), np.float64(9.81))","(np.float64(-4.499741246418943), np.float64(0.00025202586429411974), 0)","(np.float64(-7.199585994270316), np.float64(0.0004032413828705921), 0)",613.125,-90.72058964554326,0.005081166618833066,0.0,613.125,-90.72058964554326,0.005081166618833066,0.0,613.125,-90.72058964554326,0.005081166618833066,0.0,613.125,-90.72058964554326,0.005081166618833066,0.0,0.0,0.0,0.0
315,"(np.float64(-1.4515294343286922), np.float64(8.129866590132905e-05), np.float64(9.81))","(np.float64(-4.572317718135378), np.float64(0.0002560907975891862), 0)","(np.float64(-7.430016291969996), np.float64(0.0004161475460824281), 0)",613.125,-90.72058964554326,0.005081166618833066,0.0,613.125,-90.72058964554326,0.005081166618833066,0.0,613.125,-90.72058964554326,0.005081166618833066,0.0,613.125,-90.72058964554326,0.005081166618833066,0.0,0.0,0.0,0.0
320,"(np.float64(-1.4515294343286922), np.float64(8.129866590132905e-05), np.float64(9.81))","(np.float64(-4.644894189851812), np.float64(0.0002601557308842527), 0)","(np.float64(-7.664075413255498), np.float64(0.0004292569559590174), 0)",613.125,-90.72058964554326,0.005081166618833066,0.0,613.125,-90.72058964554326,0.005081166618833066,0.0,613.125,-90.72058964554326,0.005081166618833066,0.0,613.125,-90.72058964554326,0.005081166618833066,0.0,0.0,0.0,0.0
325,"(np.float64(-1.4515294343286922), np.float64(8.129866590132905e-05), np.float64(9.81))","(np.float64(-4.717470661568247), np.float64(0.00026422066417931914), 0)","(np.float64(-7.901763358126821), np.float64(0.00044256961250036), 0)",613.125,-90.72058964554326,0.005081166618833066,0.0,613.125,-90.72058964554326,0.005081166618833066,0.0,613.125,-90.72058964554326,0.005081166618833066,0.0,613.125,-90.72058964554326,0.005081166618833066,0.0,0.0,0.0,0.0
330,"(np.float64(-1.4515294343286922), np.float64(8.129866590132905e-05), np.float64(9.81))","(np.float64(-4.7900471332846815), np.float64(0.0002682855974743856), 0)","(np.float64(-8.143080126583966), np.float64(0.00045608551570645595), 0)",613.125,-90.72058964554326,0.005081166618833066,0.0,613.125,-90.72058964554326,0.005081166618833066,0.0,613.125,-90.72058964554326,0.005081166618833066,0.0,613.125,-90.72058964554326,0.005081166618833066,0.0,0.0,0.0,0.0
335,"(np.float64(-1.4515294343286922), np.float64(8.129866590132905e-05), np.float64(9.81))","(np.float64(-4.862623605001116), np.float64(0.0002723505307694521), 0)","(np.float64(-8.388025718626933), np.float64(0.00046980466557730523), 0)",613.125,-90.72058964554326,0.005081166618833066,0.0,613.125,-90.72058964554326,0.005081166618833066,0.0,613.125,-90.72058964554326,0.005081166618833066,0.0,613.125,-90.72058964554326,0.005081166618833066,0.0,0.0,0.0,0.0
340,"(np.float64(-1.4515294343286922), np.float64(8.129866590132905e-05), np.float64(9.81))","(np.float64(-4.935200076717551), np.float64(0.00027641546406451855), 0)","(np.float64(-8.63660013425572), np.float64(0.00048372706211290785), 0)",613.125,-90.72058964554326,0.005081166618833066,0.0,613.125,-90.72058964554326,0.005081166618833066,0.0,613.125,-90.72058964554326,0.005081166618833066,0.0,613.125,-90.72058964554326,0.005081166618833066,0.0,0.0,0.0,0.0
345,"(np.float64(-1.4515294343286922), np.float64(8.129866590132905e-05), np.float64(9.81))","(np.float64(-5.007776548433985), np.float64(0.000280480397359585), 0)","(np.float64(-8.888803373470331), np.float64(0.0004978527053132638), 0)",613.125,-90.72058964554326,0.005081166618833066,0.0,613.125,-90.72058964554326,0.005081166618833066,0.0,613.125,-90.72058964554326,0.005081166618833066,0.0,613.125,-90.72058964554326,0.005081166618833066,0.0,0.0,0.0,0.0
350,"(np.float64(-1.4515294343286922), np.float64(8.129866590132905e-05), np.float64(9.81))","(np.float64(-5.08035302015042), np.float64(0.0002845453306546515), 0)","(np.float64(-9.144635436270763), np.float64(0.000512181595178373), 0)",613.125,-90.72058964554326,0.005081166618833066,0.0,613.125,-90.72058964554326,0.005081166618833066,0.0,613.125,-90.72058964554326,0.005081166618833066,0.0,613.125,-90.72058964554326,0.005081166618833066,0.0,0.0,0.0,0.0
355,"(np.float64(-1.4515294343286922), np.float64(8.129866590132905e-05), np.float64(9.81))","(np.float64(-5.152929491866854), np.float64(0.00028861026394971795), 0)","(np.float64(-9.404096322657017), np.float64(0.0005267137317082355), 0)",613.125,-90.72058964554326,0.005081166618833066,0.0,613.125,-90.72058964554326,0.005081166618833066,0.0,613.125,-90.72058964554326,0.005081166618833066,0.0,613.125,-90.72058964554326,0.005081166618833066,0.0,0.0,0.0,0.0
360,"(np.float64(-1.4515294343286922), np.float64(8.129866590132905e-05), np.float64(9.81))","(np.float64(-5.225505963583289), np.float64(0.0002926751972447844), 0)","(np.float64(-9.667186032629091), np.float64(0.0005414491149028514), 0)",613.125,-90.72058964554326,0.005081166618833066,0.0,613.125,-90.72058964554326,0.005081166618833066,0.0,613.125,-90.72058964554326,0.005081166618833066,0.0,613.125,-90.72058964554326,0.005081166618833066,0.0,0.0,0.0,0.0
365,"(np.float64(-1.4515294343286922), np.float64(8.129866590132905e-05), np.float64(9.81))","(np.float64(-5.298082435299723), np.float64(0.0002967401305398509), 0)","(np.float64(-9.933904566186989), np.float64(0.0005563877447622206), 0)",613.125,-90.72058964554326,0.005081166618833066,0.0,613.125,-90.72058964554326,0.005081166618833066,0.0,613.125,-90.72058964554326,0.005081166618833066,0.0,613.125,-90.72058964554326,0.005081166618833066,0.0,0.0,0.0,0.0
370,"(np.float64(-1.4515294343286922), np.float64(8.129866590132905e-05), np.float64(9.81))","(np.float64(-5.370658907016158), np.float64(0.00030080506383491735), 0)","(np.float64(-10.204251923330707), np.float64(0.0005715296212863432), 0)",613.125,-90.72058964554326,0.005081166618833066,0.0,613.125,-90.72058964554326,0.005081166618833066,0.0,613.125,-90.72058964554326,0.005081166618833066,0.0,613.125,-90.72058964554326,0.005081166618833066,0.0,0.0,0.0,0.0
375,"(np.float64(-1.4515294343286922), np.float64(8.129866590132905e-05), np.float64(9.81))","(np.float64(-5.4432353787325924), np.float64(0.0003048699971299838), 0)","(np.float64(-10.478228104060248), np.float64(0.000586874744475219), 0)",613.125,-90.72058964554326,0.005081166618833066,0.0,613.125,-90.72058964554326,0.005081166618833066,0.0,613.125,-90.72058964554326,0.005081166618833066,0.0,613.125,-90.72058964554326,0.005081166618833066,0.0,0.0,0.0,0.0
380,"(np.float64(-1.4515294343286922), np.float64(8.129866590132905e-05), np.float64(9.81))","(np.float64(-5.515811850449027), np.float64(0.0003089349304250503), 0)","(np.float64(-10.75583310837561), np.float64(0.0006024231143288482), 0)",613.125,-90.72058964554326,0.005081166618833066,0.0,613.125,-90.72058964554326,0.005081166618833066,0.0,613.125,-90.72058964554326,0.005081166618833066,0.0,613.125,-90.72058964554326,0.005081166618833066,0.0,0.0,0.0,0.0
385,"(np.float64(-1.4515294343286922), np.float64(8.129866590132905e-05), np.float64(9.81))","(np.float64(-5.5883883221654616), np.float64(0.00031299986372011675), 0)","(np.float64(-11.037066936276794), np.float64(0.0006181747308472307), 0)",613.125,-90.72058964554326,0.005081166618833066,0.0,613.125,-90.72058964554326,0.005081166618833066,0.0,613.125,-90.72058964554326,0.005081166618833066,0.0,613.125,-90.72058964554326,0.005081166618833066,0.0,0.0,0.0,0.0
390,"(np.float64(-1.4515294343286922), np.float64(8.129866590132905e-05), np.float64(9.81))","(np.float64(-5.660964793881896), np.float64(0.0003170647970151832), 0)","(np.float64(-11.3219295877638), np.float64(0.0006341295940303665), 0)",613.125,-90.72058964554326,0.005081166618833066,0.0,613.125,-90.72058964554326,0.005081166618833066,0.0,613.125,-90.72058964554326,0.005081166618833066,0.0,613.125,-90.72058964554326,0.005081166618833066,0.0,0.0,0.0,0.0
395,"(np.float64(-1.4515294343286922), np.float64(8.129866590132905e-05), np.float64(9.81))","(np.float64(-5.733541265598331), np.float64(0.0003211297303102497), 0)","(np.float64(-11.610421062836627), np.float64(0.0006502877038782557), 0)",613.125,-90.72058964554326,0.005081166618833066,0.0,613.125,-90.72058964554326,0.005081166618833066,0.0,613.125,-90.72058964554326,0.005081166618833066,0.0,613.125,-90.72058964554326,0.005081166618833066,0.0,0.0,0.0,0.0
400,"(np.float64(-1.4515294343286922), np.float64(8.129866590132905e-05), np.float64(9.81))","(np.float64(-5.806117737314765), np.float64(0.00032519466360531616), 0)","(np.float64(-11.902541361495276), np.float64(0.0006666490603908982), 0)",613.125,-90.72058964554326,0.005081166618833066,0.0,613.125,-90.72058964554326,0.005081166618833066,0.0,613.125,-90.72058964554326,0.005081166618833066,0.0,613.125,-90.72058964554326,0.005081166618833066,0.0,0.0,0.0,0.0
405,"(np.float64(-1.4515294343286922), np.float64(8.129866590132905e-05), np.float64(9.81))","(np.float64(-5.8786942090312), np.float64(0.0003292595969003826), 0)","(np.float64(-12.198290483739747), np.float64(0.000683213663568294), 0)",613.125,-90.72058964554326,0.005081166618833066,0.0,613.125,-90.72058964554326,0.005081166618833066,0.0,613.125,-90.72058964554326,0.005081166618833066,0.0,613.125,-90.72058964554326,0.005081166618833066,0.0,0.0,0.0,0.0
410,"(np.float64(-1.4515294343286922), np.float64(8.129866590132905e-05), np.float64(9.81))","(np.float64(-5.951270680747634), np.float64(0.0003333245301954491), 0)","(np.float64(-12.497668429570039), np.float64(0.0006999815134104431), 0)",613.125,-90.72058964554326,0.005081166618833066,0.0,613.125,-90.72058964554326,0.005081166618833066,0.0,613.125,-90.72058964554326,0.005081166618833066,0.0,613.125,-90.72058964554326,0.005081166618833066,0.0,0.0,0.0,0.0
415,"(np.float64(-1.4515294343286922), np.float64(8.129866590132905e-05), np.float64(9.81))","(np.float64(-6.023847152464069), np.float64(0.00033738946349051556), 0)","(np.float64(-12.800675198986154), np.float64(0.0007169526099173456), 0)",613.125,-90.72058964554326,0.005081166618833066,0.0,613.125,-90.72058964554326,0.005081166618833066,0.0,613.125,-90.72058964554326,0.005081166618833066,0.0,613.125,-90.72058964554326,0.005081166618833066,0.0,0.0,0.0,0.0
420,"(np.float64(-1.4515294343286922), np.float64(8.129866590132905e-05), np.float64(9.81))","(np.float64(-6.096423624180503), np.float64(0.000341454396785582), 0)","(np.float64(-13.10731079198809), np.float64(0.0007341269530890014), 0)",613.125,-90.72058964554326,0.005081166618833066,0.0,613.125,-90.72058964554326,0.005081166618833066,0.0,613.125,-90.72058964554326,0.005081166618833066,0.0,613.125,-90.72058964554326,0.005081166618833066,0.0,0.0,0.0,0.0
425,"(np.float64(-1.4515294343286922), np.float64(8.129866590132905e-05), np.float64(9.81))","(np.float64(-6.169000095896938), np.float64(0.0003455193300806485), 0)","(np.float64(-13.417575208575848), np.float64(0.0007515045429254104), 0)",613.125,-90.72058964554326,0.005081166618833066,0.0,613.125,-90.72058964554326,0.005081166618833066,0.0,613.125,-90.72058964554326,0.005081166618833066,0.0,613.125,-90.72058964554326,0.005081166618833066,0.0,0.0,0.0,0.0
430,"(np.float64(-1.4515294343286922), np.float64(8.129866590132905e-05), np.float64(9.81))","(np.float64(-6.2415765676133725), np.float64(0.00034958426337571496), 0)","(np.float64(-13.731468448749427), np.float64(0.0007690853794265728), 0)",613.125,-90.72058964554326,0.005081166618833066,0.0,613.125,-90.72058964554326,0.005081166618833066,0.0,613.125,-90.72058964554326,0.005081166618833066,0.0,613.125,-90.72058964554326,0.005081166618833066,0.0,0.0,0.0,0.0
435,"(np.float64(-1.4515294343286922), np.float64(8.129866590132905e-05), np.float64(9.81))","(np.float64(-6.314153039329807), np.float64(0.00035364919667078143), 0)","(np.float64(-14.048990512508828), np.float64(0.0007868694625924886), 0)",613.125,-90.72058964554326,0.005081166618833066,0.0,613.125,-90.72058964554326,0.005081166618833066,0.0,613.125,-90.72058964554326,0.005081166618833066,0.0,613.125,-90.72058964554326,0.005081166618833066,0.0,0.0,0.0,0.0
440,"(np.float64(-1.4515294343286922), np.float64(8.129866590132905e-05), np.float64(9.81))","(np.float64(-6.386729511046242), np.float64(0.0003577141299658479), 0)","(np.float64(-14.37014139985405), np.float64(0.0008048567924231576), 0)",613.125,-90.72058964554326,0.005081166618833066,0.0,613.125,-90.72058964554326,0.005081166618833066,0.0,613.125,-90.72058964554326,0.005081166618833066,0.0,613.125,-90.72058964554326,0.005081166618833066,0.0,0.0,0.0,0.0
445,"(np.float64(-1.4515294343286922), np.float64(8.129866590132905e-05), np.float64(9.81))","(np.float64(-6.459305982762676), np.float64(0.00036177906326091436), 0)","(np.float64(-14.694921110785096), np.float64(0.0008230473689185801), 0)",613.125,-90.72058964554326,0.005081166618833066,0.0,613.125,-90.72058964554326,0.005081166618833066,0.0,613.125,-90.72058964554326,0.005081166618833066,0.0,613.125,-90.72058964554326,0.005081166618833066,0.0,0.0,0.0,0.0
450,"(np.float64(-1.4515294343286922), np.float64(8.129866590132905e-05), np.float64(9.81))","(np.float64(-6.531882454479111), np.float64(0.00036584399655598083), 0)","(np.float64(-15.023329645301962), np.float64(0.0008414411920787557), 0)",613.125,-90.72058964554326,0.005081166618833066,0.0,613.125,-90.72058964554326,0.005081166618833066,0.0,613.125,-90.72058964554326,0.005081166618833066,0.0,613.125,-90.72058964554326,0.005081166618833066,0.0,0.0,0.0,0.0
455,"(np.float64(-1.4515294343286922), np.float64(8.129866590132905e-05), np.float64(9.81))","(np.float64(-6.604458926195545), np.float64(0.0003699089298510473), 0)","(np.float64(-15.35536700340465), np.float64(0.0008600382619036848), 0)",613.125,-90.72058964554326,0.005081166618833066,0.0,613.125,-90.72058964554326,0.005081166618833066,0.0,613.125,-90.72058964554326,0.005081166618833066,0.0,613.125,-90.72058964554326,0.005081166618833066,0.0,0.0,0.0,0.0
460,"(np.float64(-1.4515294343286922), np.float64(8.129866590132905e-05), np.float64(9.81))","(np.float64(-6.67703539791198), np.float64(0.00037397386314611377), 0)","(np.float64(-15.69103318509316), np.float64(0.0008788385783933671), 0)",613.125,-90.72058964554326,0.005081166618833066,0.0,613.125,-90.72058964554326,0.005081166618833066,0.0,613.125,-90.72058964554326,0.005081166618833066,0.0,613.125,-90.72058964554326,0.005081166618833066,0.0,0.0,0.0,0.0
465,"(np.float64(-1.4515294343286922), np.float64(8.129866590132905e-05), np.float64(9.81))","(np.float64(-6.749611869628414), np.float64(0.00037803879644118023), 0)","(np.float64(-16.03032819036749), np.float64(0.0008978421415478028), 0)",613.125,-90.72058964554326,0.005081166618833066,0.0,613.125,-90.72058964554326,0.005081166618833066,0.0,613.125,-90.72058964554326,0.005081166618833066,0.0,613.125,-90.72058964554326,0.005081166618833066,0.0,0.0,0.0,0.0
470,"(np.float64(-1.4515294343286922), np.float64(8.129866590132905e-05), np.float64(9.81))","(np.float64(-6.822188341344849), np.float64(0.0003821037297362467), 0)","(np.float64(-16.373252019227646), np.float64(0.0009170489513669919), 0)",613.125,-90.72058964554326,0.005081166618833066,0.0,613.125,-90.72058964554326,0.005081166618833066,0.0,613.125,-90.72058964554326,0.005081166618833066,0.0,613.125,-90.72058964554326,0.005081166618833066,0.0,0.0,0.0,0.0
475,"(np.float64(-1.4515294343286922), np.float64(8.129866590132905e-05), np.float64(9.81))","(np.float64(-6.8947648130612835), np.float64(0.00038616866303131317), 0)","(np.float64(-16.71980467167362), np.float64(0.0009364590078509341), 0)",613.125,-90.72058964554326,0.005081166618833066,0.0,613.125,-90.72058964554326,0.005081166618833066,0.0,613.125,-90.72058964554326,0.005081166618833066,0.0,613.125,-90.72058964554326,0.005081166618833066,0.0,0.0,0.0,0.0
480,"(np.float64(-1.4515294343286922), np.float64(8.129866590132905e-05), np.float64(9.81))","(np.float64(-6.967341284777718), np.float64(0.00039023359632637964), 0)","(np.float64(-17.069986147705418), np.float64(0.0009560723109996298), 0)",613.125,-90.72058964554326,0.005081166618833066,0.0,613.125,-90.72058964554326,0.005081166618833066,0.0,613.125,-90.72058964554326,0.005081166618833066,0.0,613.125,-90.72058964554326,0.005081166618833066,0.0,0.0,0.0,0.0
485,"(np.float64(-1.4515294343286922), np.float64(8.129866590132905e-05), np.float64(9.81))","(np.float64(-7.039917756494153), np.float64(0.0003942985296214461), 0)","(np.float64(-17.423796447323035), np.float64(0.0009758888608130788), 0)",613.125,-90.72058964554326,0.005081166618833066,0.0,613.125,-90.72058964554326,0.005081166618833066,0.0,613.125,-90.72058964554326,0.005081166618833066,0.0,613.125,-90.72058964554326,0.005081166618833066,0.0,0.0,0.0,0.0
490,"(np.float64(-1.4515294343286922), np.float64(8.129866590132905e-05), np.float64(9.81))","(np.float64(-7.112494228210587), np.float64(0.00039836346291651257), 0)","(np.float64(-17.781235570526476), np.float64(0.0009959086572912809), 0)",613.125,-90.72058964554326,0.005081166618833066,0.0,613.125,-90.72058964554326,0.005081166618833066,0.0,613.125,-90.72058964554326,0.005081166618833066,0.0,613.125,-90.72058964554326,0.005081166618833066,0.0,0.0,0.0,0.0
495,"(np.float64(-1.4515294343286922), np.float64(8.129866590132905e-05), np.float64(9.81))","(np.float64(-7.185070699927022), np.float64(0.00040242839621157904), 0)","(np.float64(-18.14230351731574), np.float64(0.0010161317004342364), 0)",613.125,-90.72058964554326,0.005081166618833066,0.0,613.125,-90.72058964554326,0.005081166618833066,0.0,613.125,-90.72058964554326,0.005081166618833066,0.0,613.125,-90.72058964554326,0.005081166618833066,0.0,0.0,0.0,0.0
500,"(np.float64(-1.4515294343286922), np.float64(8.129866590132905e-05), np.float64(9.81))","(np.float64(-7.257647171643456), np.float64(0.0004064933295066455), 0)","(np.float64(-18.507000287690822), np.float64(0.0010365579902419453), 0)",613.125,-90.72058964554326,0.005081166618833066,0.0,613.125,-90.72058964554326,0.005081166618833066,0.0,613.125,-90.72058964554326,0.005081166618833066,0.0,613.125,-90.72058964554326,0.005081166618833066,0.0,0.0,0.0,0.0
505,"(np.float64(-1.4515294343286922), np.float64(8.129866590132905e-05), np.float64(9.81))","(np.float64(-7.330223643359891), np.float64(0.000410558262801712), 0)","(np.float64(-18.875325881651726), np.float64(0.0010571875267144076), 0)",613.125,-90.72058964554326,0.005081166618833066,0.0,613.125,-90.72058964554326,0.005081166618833066,0.0,613.125,-90.72058964554326,0.005081166618833066,0.0,613.125,-90.72058964554326,0.005081166618833066,0.0,0.0,0.0,0.0
510,"(np.float64(-1.4515294343286922), np.float64(8.129866590132905e-05), np.float64(9.81))","(np.float64(-7.402800115076325), np.float64(0.00041462319609677844), 0)","(np.float64(-19.247280299198454), np.float64(0.0010780203098516232), 0)",613.125,-90.72058964554326,0.005081166618833066,0.0,613.125,-90.72058964554326,0.005081166618833066,0.0,613.125,-90.72058964554326,0.005081166618833066,0.0,613.125,-90.72058964554326,0.005081166618833066,0.0,0.0,0.0,0.0
515,"(np.float64(-1.4515294343286922), np.float64(8.129866590132905e-05), np.float64(9.81))","(np.float64(-7.47537658679276), np.float64(0.0004186881293918449), 0)","(np.float64(-19.622863540331004), np.float64(0.0010990563396535919), 0)",613.125,-90.72058964554326,0.005081166618833066,0.0,613.125,-90.72058964554326,0.005081166618833066,0.0,613.125,-90.72058964554326,0.005081166618833066,0.0,613.125,-90.72058964554326,0.005081166618833066,0.0,0.0,0.0,0.0
520,"(np.float64(-1.4515294343286922), np.float64(8.129866590132905e-05), np.float64(9.81))","(np.float64(-7.5479530585091945), np.float64(0.0004227530626869114), 0)","(np.float64(-20.002075605049374), np.float64(0.001120295616120314), 0)",613.125,-90.72058964554326,0.005081166618833066,0.0,613.125,-90.72058964554326,0.005081166618833066,0.0,613.125,-90.72058964554326,0.005081166618833066,0.0,613.125,-90.72058964554326,0.005081166618833066,0.0,0.0,0.0,0.0
525,"(np.float64(-1.4515294343286922), np.float64(8.129866590132905e-05), np.float64(9.81))","(np.float64(-7.620529530225629), np.float64(0.00042681799598197784), 0)","(np.float64(-20.384916493353565), np.float64(0.0011417381392517894), 0)",613.125,-90.72058964554326,0.005081166618833066,0.0,613.125,-90.72058964554326,0.005081166618833066,0.0,613.125,-90.72058964554326,0.005081166618833066,0.0,613.125,-90.72058964554326,0.005081166618833066,0.0,0.0,0.0,0.0
530,"(np.float64(-1.4515294343286922), np.float64(8.129866590132905e-05), np.float64(9.81))","(np.float64(-7.693106001942064), np.float64(0.0004308829292770443), 0)","(np.float64(-20.77138620524358), np.float64(0.001163383909048018), 0)",613.125,-90.72058964554326,0.005081166618833066,0.0,613.125,-90.72058964554326,0.005081166618833066,0.0,613.125,-90.72058964554326,0.005081166618833066,0.0,613.125,-90.72058964554326,0.005081166618833066,0.0,0.0,0.0,0.0
535,"(np.float64(-1.4515294343286922), np.float64(8.129866590132905e-05), np.float64(9.81))","(np.float64(-7.765682473658498), np.float64(0.0004349478625721108), 0)","(np.float64(-21.161484740719416), np.float64(0.0011852329255090002), 0)",613.125,-90.72058964554326,0.005081166618833066,0.0,613.125,-90.72058964554326,0.005081166618833066,0.0,613.125,-90.72058964554326,0.005081166618833066,0.0,613.125,-90.72058964554326,0.005081166618833066,0.0,0.0,0.0,0.0
540,"(np.float64(-1.4515294343286922), np.float64(8.129866590132905e-05), np.float64(9.81))","(np.float64(-7.838258945374933), np.float64(0.00043901279586717725), 0)","(np.float64(-21.555212099781073), np.float64(0.0012072851886347357), 0)",613.125,-90.72058964554326,0.005081166618833066,0.0,613.125,-90.72058964554326,0.005081166618833066,0.0,613.125,-90.72058964554326,0.005081166618833066,0.0,613.125,-90.72058964554326,0.005081166618833066,0.0,0.0,0.0,0.0
545,"(np.float64(-1.4515294343286922), np.float64(8.129866590132905e-05), np.float64(9.81))","(np.float64(-7.910835417091367), np.float64(0.0004430777291622437), 0)","(np.float64(-21.95256828242855), np.float64(0.0012295406984252244), 0)",613.125,-90.72058964554326,0.005081166618833066,0.0,613.125,-90.72058964554326,0.005081166618833066,0.0,613.125,-90.72058964554326,0.005081166618833066,0.0,613.125,-90.72058964554326,0.005081166618833066,0.0,0.0,0.0,0.0
550,"(np.float64(-1.4515294343286922), np.float64(8.129866590132905e-05), np.float64(9.81))","(np.float64(-7.983411888807802), np.float64(0.0004471426624573102), 0)","(np.float64(-22.353553288661853), np.float64(0.0012519994548804666), 0)",613.125,-90.72058964554326,0.005081166618833066,0.0,613.125,-90.72058964554326,0.005081166618833066,0.0,613.125,-90.72058964554326,0.005081166618833066,0.0,613.125,-90.72058964554326,0.005081166618833066,0.0,0.0,0.0,0.0
555,"(np.float64(-1.4515294343286922), np.float64(8.129866590132905e-05), np.float64(9.81))","(np.float64(-8.055988360524237), np.float64(0.00045120759575237665), 0)","(np.float64(-22.758167118480976), np.float64(0.001274661458000462), 0)",613.125,-90.72058964554326,0.005081166618833066,0.0,613.125,-90.72058964554326,0.005081166618833066,0.0,613.125,-90.72058964554326,0.005081166618833066,0.0,613.125,-90.72058964554326,0.005081166618833066,0.0,0.0,0.0,0.0
560,"(np.float64(-1.4515294343286922), np.float64(8.129866590132905e-05), np.float64(9.81))","(np.float64(-8.128564832240672), np.float64(0.0004552725290474431), 0)","(np.float64(-23.16640977188592), np.float64(0.0012975267077852109), 0)",613.125,-90.72058964554326,0.005081166618833066,0.0,613.125,-90.72058964554326,0.005081166618833066,0.0,613.125,-90.72058964554326,0.005081166618833066,0.0,613.125,-90.72058964554326,0.005081166618833066,0.0,0.0,0.0,0.0
565,"(np.float64(-1.4515294343286922), np.float64(8.129866590132905e-05), np.float64(9.81))","(np.float64(-8.201141303957106), np.float64(0.0004593374623425096), 0)","(np.float64(-23.578281248876685), np.float64(0.0013205952042347128), 0)",613.125,-90.72058964554326,0.005081166618833066,0.0,613.125,-90.72058964554326,0.005081166618833066,0.0,613.125,-90.72058964554326,0.005081166618833066,0.0,613.125,-90.72058964554326,0.005081166618833066,0.0,0.0,0.0,0.0
570,"(np.float64(-1.4515294343286922), np.float64(8.129866590132905e-05), np.float64(9.81))","(np.float64(-8.273717775673541), np.float64(0.00046340239563757605), 0)","(np.float64(-23.993781549453274), np.float64(0.0013438669473489681), 0)",613.125,-90.72058964554326,0.005081166618833066,0.0,613.125,-90.72058964554326,0.005081166618833066,0.0,613.125,-90.72058964554326,0.005081166618833066,0.0,613.125,-90.72058964554326,0.005081166618833066,0.0,0.0,0.0,0.0
575,"(np.float64(-1.4515294343286922), np.float64(8.129866590132905e-05), np.float64(9.81))","(np.float64(-8.346294247389975), np.float64(0.0004674673289326425), 0)","(np.float64(-24.412910673615684), np.float64(0.0013673419371279768), 0)",613.125,-90.72058964554326,0.005081166618833066,0.0,613.125,-90.72058964554326,0.005081166618833066,0.0,613.125,-90.72058964554326,0.005081166618833066,0.0,613.125,-90.72058964554326,0.005081166618833066,0.0,0.0,0.0,0.0
580,"(np.float64(-1.4515294343286922), np.float64(8.129866590132905e-05), np.float64(9.81))","(np.float64(-8.41887071910641), np.float64(0.000471532262227709), 0)","(np.float64(-24.835668621363915), np.float64(0.0013910201735717388), 0)",613.125,-90.72058964554326,0.005081166618833066,0.0,613.125,-90.72058964554326,0.005081166618833066,0.0,613.125,-90.72058964554326,0.005081166618833066,0.0,613.125,-90.72058964554326,0.005081166618833066,0.0,0.0,0.0,0.0
585,"(np.float64(-1.4515294343286922), np.float64(8.129866590132905e-05), np.float64(9.81))","(np.float64(-8.491447190822845), np.float64(0.00047559719552277545), 0)","(np.float64(-25.262055392697967), np.float64(0.001414901656680254), 0)",613.125,-90.72058964554326,0.005081166618833066,0.0,613.125,-90.72058964554326,0.005081166618833066,0.0,613.125,-90.72058964554326,0.005081166618833066,0.0,613.125,-90.72058964554326,0.005081166618833066,0.0,0.0,0.0,0.0
590,"(np.float64(-1.4515294343286922), np.float64(8.129866590132905e-05), np.float64(9.81))","(np.float64(-8.56402366253928), np.float64(0.0004796621288178419), 0)","(np.float64(-25.692070987617843), np.float64(0.0014389863864535228), 0)",613.125,-90.72058964554326,0.005081166618833066,0.0,613.125,-90.72058964554326,0.005081166618833066,0.0,613.125,-90.72058964554326,0.005081166618833066,0.0,613.125,-90.72058964554326,0.005081166618833066,0.0,0.0,0.0,0.0
595,"(np.float64(-1.4515294343286922), np.float64(8.129866590132905e-05), np.float64(9.81))","(np.float64(-8.636600134255714), np.float64(0.0004837270621129084), 0)","(np.float64(-26.12571540612354), np.float64(0.0014632743628915448), 0)",613.125,-90.72058964554326,0.005081166618833066,0.0,613.125,-90.72058964554326,0.005081166618833066,0.0,613.125,-90.72058964554326,0.005081166618833066,0.0,613.125,-90.72058964554326,0.005081166618833066,0.0,0.0,0.0,0.0
600,"(np.float64(-1.4515294343286922), np.float64(8.129866590132905e-05), np.float64(9.81))","(np.float64(-8.709176605972148), np.float64(0.00048779199540797486), 0)","(np.float64(-26.562988648215057), np.float64(0.0014877655859943202), 0)",613.125,-90.72058964554326,0.005081166618833066,0.0,613.125,-90.72058964554326,0.005081166618833066,0.0,613.125,-90.72058964554326,0.005081166618833066,0.0,613.125,-90.72058964554326,0.005081166618833066,0.0,0.0,0.0,0.0
605,"(np.float64(-1.4515294343286922), np.float64(8.129866590132905e-05), np.float64(9.81))","(np.float64(-8.781753077688583), np.float64(0.0004918569287030413), 0)","(np.float64(-27.003890713892396), np.float64(0.0015124600557618489), 0)",613.125,-90.72058964554326,0.005081166618833066,0.0,613.125,-90.72058964554326,0.005081166618833066,0.0,613.125,-90.72058964554326,0.005081166618833066,0.0,613.125,-90.72058964554326,0.005081166618833066,0.0,0.0,0.0,0.0
610,"(np.float64(-1.4515294343286922), np.float64(8.129866590132905e-05), np.float64(9.81))","(np.float64(-8.854329549405017), np.float64(0.0004959218619981077), 0)","(np.float64(-27.44842160315556), np.float64(0.001537357772194131), 0)",613.125,-90.72058964554326,0.005081166618833066,0.0,613.125,-90.72058964554326,0.005081166618833066,0.0,613.125,-90.72058964554326,0.005081166618833066,0.0,613.125,-90.72058964554326,0.005081166618833066,0.0,0.0,0.0,0.0
615,"(np.float64(-1.4515294343286922), np.float64(8.129866590132905e-05), np.float64(9.81))","(np.float64(-8.926906021121452), np.float64(0.0004999867952931742), 0)","(np.float64(-27.896581316004543), np.float64(0.0015624587352911661), 0)",613.125,-90.72058964554326,0.005081166618833066,0.0,613.125,-90.72058964554326,0.005081166618833066,0.0,613.125,-90.72058964554326,0.005081166618833066,0.0,613.125,-90.72058964554326,0.005081166618833066,0.0,0.0,0.0,0.0
620,"(np.float64(-1.4515294343286922), np.float64(8.129866590132905e-05), np.float64(9.81))","(np.float64(-8.999482492837886), np.float64(0.0005040517285882407), 0)","(np.float64(-28.348369852439347), np.float64(0.0015877629450529547), 0)",613.125,-90.72058964554326,0.005081166618833066,0.0,613.125,-90.72058964554326,0.005081166618833066,0.0,613.125,-90.72058964554326,0.005081166618833066,0.0,613.125,-90.72058964554326,0.005081166618833066,0.0,0.0,0.0,0.0
625,"(np.float64(-1.4515294343286922), np.float64(8.129866590132905e-05), np.float64(9.81))","(np.float64(-9.072058964554321), np.float64(0.0005081166618833071), 0)","(np.float64(-28.803787212459973), np.float64(0.0016132704014794965), 0)",613.125,-90.72058964554326,0.005081166618833066,0.0,613.125,-90.72058964554326,0.005081166618833066,0.0,613.125,-90.72058964554326,0.005081166618833066,0.0,613.125,-90.72058964554326,0.005081166618833066,0.0,0.0,0.0,0.0
630,"(np.float64(-1.4515294343286922), np.float64(8.129866590132905e-05), np.float64(9.81))","(np.float64(-9.144635436270756), np.float64(0.0005121815951783736), 0)","(np.float64(-29.262833396066423), np.float64(0.0016389811045707918), 0)",613.125,-90.72058964554326,0.005081166618833066,0.0,613.125,-90.72058964554326,0.005081166618833066,0.0,613.125,-90.72058964554326,0.005081166618833066,0.0,613.125,-90.72058964554326,0.005081166618833066,0.0,0.0,0.0,0.0
635,"(np.float64(-1.4515294343286922), np.float64(8.129866590132905e-05), np.float64(9.81))","(np.float64(-9.21721190798719), np.float64(0.0005162465284734401), 0)","(np.float64(-29.725508403258694), np.float64(0.0016648950543268403), 0)",613.125,-90.72058964554326,0.005081166618833066,0.0,613.125,-90.72058964554326,0.005081166618833066,0.0,613.125,-90.72058964554326,0.005081166618833066,0.0,613.125,-90.72058964554326,0.005081166618833066,0.0,0.0,0.0,0.0
640,"(np.float64(-1.4515294343286922), np.float64(8.129866590132905e-05), np.float64(9.81))","(np.float64(-9.289788379703625), np.float64(0.0005203114617685065), 0)","(np.float64(-30.191812234036785), np.float64(0.0016910122507476423), 0)",613.125,-90.72058964554326,0.005081166618833066,0.0,613.125,-90.72058964554326,0.005081166618833066,0.0,613.125,-90.72058964554326,0.005081166618833066,0.0,613.125,-90.72058964554326,0.005081166618833066,0.0,0.0,0.0,0.0
645,"(np.float64(-1.4515294343286922), np.float64(8.129866590132905e-05), np.float64(9.81))","(np.float64(-9.36236485142006), np.float64(0.000524376395063573), 0)","(np.float64(-30.661744888400698), np.float64(0.0017173326938331975), 0)",613.125,-90.72058964554326,0.005081166618833066,0.0,613.125,-90.72058964554326,0.005081166618833066,0.0,613.125,-90.72058964554326,0.005081166618833066,0.0,613.125,-90.72058964554326,0.005081166618833066,0.0,0.0,0.0,0.0
650,"(np.float64(-1.4515294343286922), np.float64(8.129866590132905e-05), np.float64(9.81))","(np.float64(-9.434941323136494), np.float64(0.0005284413283586395), 0)","(np.float64(-31.135306366350434), np.float64(0.0017438563835835061), 0)",613.125,-90.72058964554326,0.005081166618833066,0.0,613.125,-90.72058964554326,0.005081166618833066,0.0,613.125,-90.72058964554326,0.005081166618833066,0.0,613.125,-90.72058964554326,0.005081166618833066,0.0,0.0,0.0,0.0
655,"(np.float64(-1.4515294343286922), np.float64(8.129866590132905e-05), np.float64(9.81))","(np.float64(-9.507517794852928), np.float64(0.0005325062616537059), 0)","(np.float64(-31.612496667885992), np.float64(0.001770583319998568), 0)",613.125,-90.72058964554326,0.005081166618833066,0.0,613.125,-90.72058964554326,0.005081166618833066,0.0,613.125,-90.72058964554326,0.005081166618833066,0.0,613.125,-90.72058964554326,0.005081166618833066,0.0,0.0,0.0,0.0
660,"(np.float64(-1.4515294343286922), np.float64(8.129866590132905e-05), np.float64(9.81))","(np.float64(-9.580094266569363), np.float64(0.0005365711949487724), 0)","(np.float64(-32.09331579300738), np.float64(0.0017975135030783831), 0)",613.125,-90.72058964554326,0.005081166618833066,0.0,613.125,-90.72058964554326,0.005081166618833066,0.0,613.125,-90.72058964554326,0.005081166618833066,0.0,613.125,-90.72058964554326,0.005081166618833066,0.0,0.0,0.0,0.0
665,"(np.float64(-1.4515294343286922), np.float64(8.129866590132905e-05), np.float64(9.81))","(np.float64(-9.652670738285797), np.float64(0.0005406361282438389), 0)","(np.float64(-32.577763741714584), np.float64(0.0018246469328229516), 0)",613.125,-90.72058964554326,0.005081166618833066,0.0,613.125,-90.72058964554326,0.005081166618833066,0.0,613.125,-90.72058964554326,0.005081166618833066,0.0,613.125,-90.72058964554326,0.005081166618833066,0.0,0.0,0.0,0.0
670,"(np.float64(-1.4515294343286922), np.float64(8.129866590132905e-05), np.float64(9.81))","(np.float64(-9.725247210002232), np.float64(0.0005447010615389053), 0)","(np.float64(-33.06584051400761), np.float64(0.0018519836092322733), 0)",613.125,-90.72058964554326,0.005081166618833066,0.0,613.125,-90.72058964554326,0.005081166618833066,0.0,613.125,-90.72058964554326,0.005081166618833066,0.0,613.125,-90.72058964554326,0.005081166618833066,0.0,0.0,0.0,0.0
675,"(np.float64(-1.4515294343286922), np.float64(8.129866590132905e-05), np.float64(9.81))","(np.float64(-9.797823681718667), np.float64(0.0005487659948339718), 0)","(np.float64(-33.55754610988646), np.float64(0.0018795235323063484), 0)",613.125,-90.72058964554326,0.005081166618833066,0.0,613.125,-90.72058964554326,0.005081166618833066,0.0,613.125,-90.72058964554326,0.005081166618833066,0.0,613.125,-90.72058964554326,0.005081166618833066,0.0,0.0,0.0,0.0
680,"(np.float64(-1.4515294343286922), np.float64(8.129866590132905e-05), np.float64(9.81))","(np.float64(-9.870400153435101), np.float64(0.0005528309281290383), 0)","(np.float64(-34.05288052935113), np.float64(0.001907266702045177), 0)",613.125,-90.72058964554326,0.005081166618833066,0.0,613.125,-90.72058964554326,0.005081166618833066,0.0,613.125,-90.72058964554326,0.005081166618833066,0.0,613.125,-90.72058964554326,0.005081166618833066,0.0,0.0,0.0,0.0
685,"(np.float64(-1.4515294343286922), np.float64(8.129866590132905e-05), np.float64(9.81))","(np.float64(-9.942976625151536), np.float64(0.0005568958614241048), 0)","(np.float64(-34.55184377240162), np.float64(0.0019352131184487587), 0)",613.125,-90.72058964554326,0.005081166618833066,0.0,613.125,-90.72058964554326,0.005081166618833066,0.0,613.125,-90.72058964554326,0.005081166618833066,0.0,613.125,-90.72058964554326,0.005081166618833066,0.0,0.0,0.0,0.0
690,"(np.float64(-1.4515294343286922), np.float64(8.129866590132905e-05), np.float64(9.81))","(np.float64(-10.01555309686797), np.float64(0.0005609607947191712), 0)","(np.float64(-35.05443583903793), np.float64(0.001963362781517094), 0)",613.125,-90.72058964554326,0.005081166618833066,0.0,613.125,-90.72058964554326,0.005081166618833066,0.0,613.125,-90.72058964554326,0.005081166618833066,0.0,613.125,-90.72058964554326,0.005081166618833066,0.0,0.0,0.0,0.0
695,"(np.float64(-1.4515294343286922), np.float64(8.129866590132905e-05), np.float64(9.81))","(np.float64(-10.088129568584405), np.float64(0.0005650257280142377), 0)","(np.float64(-35.56065672926006), np.float64(0.0019917156912501823), 0)",613.125,-90.72058964554326,0.005081166618833066,0.0,613.125,-90.72058964554326,0.005081166618833066,0.0,613.125,-90.72058964554326,0.005081166618833066,0.0,613.125,-90.72058964554326,0.005081166618833066,0.0,0.0,0.0,0.0
700,"(np.float64(-1.4515294343286922), np.float64(8.129866590132905e-05), np.float64(9.81))","(np.float64(-10.16070604030084), np.float64(0.0005690906613093042), 0)","(np.float64(-36.07050644306802), np.float64(0.0020202718476480244), 0)",613.125,-90.72058964554326,0.005081166618833066,0.0,613.125,-90.72058964554326,0.005081166618833066,0.0,613.125,-90.72058964554326,0.005081166618833066,0.0,613.125,-90.72058964554326,0.005081166618833066,0.0,0.0,0.0,0.0
705,"(np.float64(-1.4515294343286922), np.float64(8.129866590132905e-05), np.float64(9.81))","(np.float64(-10.233282512017274), np.float64(0.0005731555946043706), 0)","(np.float64(-36.5839849804618), np.float64(0.0020490312507106196), 0)",613.125,-90.72058964554326,0.005081166618833066,0.0,613.125,-90.72058964554326,0.005081166618833066,0.0,613.125,-90.72058964554326,0.005081166618833066,0.0,613.125,-90.72058964554326,0.005081166618833066,0.0,0.0,0.0,0.0
710,"(np.float64(-1.4515294343286922), np.float64(8.129866590132905e-05), np.float64(9.81))","(np.float64(-10.305858983733708), np.float64(0.0005772205278994371), 0)","(np.float64(-37.1010923414414), np.float64(0.0020779939004379683), 0)",613.125,-90.72058964554326,0.005081166618833066,0.0,613.125,-90.72058964554326,0.005081166618833066,0.0,613.125,-90.72058964554326,0.005081166618833066,0.0,613.125,-90.72058964554326,0.005081166618833066,0.0,0.0,0.0,0.0
715,"(np.float64(-1.4515294343286922), np.float64(8.129866590132905e-05), np.float64(9.81))","(np.float64(-10.378435455450143), np.float64(0.0005812854611945036), 0)","(np.float64(-37.62182852600682), np.float64(0.00210715979683007), 0)",613.125,-90.72058964554326,0.005081166618833066,0.0,613.125,-90.72058964554326,0.005081166618833066,0.0,613.125,-90.72058964554326,0.005081166618833066,0.0,613.125,-90.72058964554326,0.005081166618833066,0.0,0.0,0.0,0.0
720,"(np.float64(-1.4515294343286922), np.float64(8.129866590132905e-05), np.float64(9.81))","(np.float64(-10.451011927166578), np.float64(0.00058535039448957), 0)","(np.float64(-38.146193534158066), np.float64(0.0021365289398869256), 0)",613.125,-90.72058964554326,0.005081166618833066,0.0,613.125,-90.72058964554326,0.005081166618833066,0.0,613.125,-90.72058964554326,0.005081166618833066,0.0,613.125,-90.72058964554326,0.005081166618833066,0.0,0.0,0.0,0.0
725,"(np.float64(-1.4515294343286922), np.float64(8.129866590132905e-05), np.float64(9.81))","(np.float64(-10.523588398883012), np.float64(0.0005894153277846365), 0)","(np.float64(-38.67418736589513), np.float64(0.002166101329608534), 0)",613.125,-90.72058964554326,0.005081166618833066,0.0,613.125,-90.72058964554326,0.005081166618833066,0.0,613.125,-90.72058964554326,0.005081166618833066,0.0,613.125,-90.72058964554326,0.005081166618833066,0.0,0.0,0.0,0.0
730,"(np.float64(-1.4515294343286922), np.float64(8.129866590132905e-05), np.float64(9.81))","(np.float64(-10.596164870599447), np.float64(0.000593480261079703), 0)","(np.float64(-39.205810021218014), np.float64(0.0021958769659948963), 0)",613.125,-90.72058964554326,0.005081166618833066,0.0,613.125,-90.72058964554326,0.005081166618833066,0.0,613.125,-90.72058964554326,0.005081166618833066,0.0,613.125,-90.72058964554326,0.005081166618833066,0.0,0.0,0.0,0.0
735,"(np.float64(-1.4515294343286922), np.float64(8.129866590132905e-05), np.float64(9.81))","(np.float64(-10.668741342315881), np.float64(0.0005975451943747694), 0)","(np.float64(-39.74106150012672), np.float64(0.0022258558490460116), 0)",613.125,-90.72058964554326,0.005081166618833066,0.0,613.125,-90.72058964554326,0.005081166618833066,0.0,613.125,-90.72058964554326,0.005081166618833066,0.0,613.125,-90.72058964554326,0.005081166618833066,0.0,0.0,0.0,0.0
740,"(np.float64(-1.4515294343286922), np.float64(8.129866590132905e-05), np.float64(9.81))","(np.float64(-10.741317814032316), np.float64(0.0006016101276698359), 0)","(np.float64(-40.27994180262125), np.float64(0.00225603797876188), 0)",613.125,-90.72058964554326,0.005081166618833066,0.0,613.125,-90.72058964554326,0.005081166618833066,0.0,613.125,-90.72058964554326,0.005081166618833066,0.0,613.125,-90.72058964554326,0.005081166618833066,0.0,0.0,0.0,0.0
745,"(np.float64(-1.4515294343286922), np.float64(8.129866590132905e-05), np.float64(9.81))","(np.float64(-10.81389428574875), np.float64(0.0006056750609649024), 0)","(np.float64(-40.822450928701606), np.float64(0.002286423355142502), 0)",613.125,-90.72058964554326,0.005081166618833066,0.0,613.125,-90.72058964554326,0.005081166618833066,0.0,613.125,-90.72058964554326,0.005081166618833066,0.0,613.125,-90.72058964554326,0.005081166618833066,0.0,0.0,0.0,0.0
750,"(np.float64(-1.4515294343286922), np.float64(8.129866590132905e-05), np.float64(9.81))","(np.float64(-10.886470757465185), np.float64(0.0006097399942599688), 0)","(np.float64(-41.36858887836778), np.float64(0.002317011978187877), 0)",613.125,-90.72058964554326,0.005081166618833066,0.0,613.125,-90.72058964554326,0.005081166618833066,0.0,613.125,-90.72058964554326,0.005081166618833066,0.0,613.125,-90.72058964554326,0.005081166618833066,0.0,0.0,0.0,0.0
755,"(np.float64(-1.4515294343286922), np.float64(8.129866590132905e-05), np.float64(9.81))","(np.float64(-10.95904722918162), np.float64(0.0006138049275550353), 0)","(np.float64(-41.91835565161978), np.float64(0.0023478038478980056), 0)",613.125,-90.72058964554326,0.005081166618833066,0.0,613.125,-90.72058964554326,0.005081166618833066,0.0,613.125,-90.72058964554326,0.005081166618833066,0.0,613.125,-90.72058964554326,0.005081166618833066,0.0,0.0,0.0,0.0
760,"(np.float64(-1.4515294343286922), np.float64(8.129866590132905e-05), np.float64(9.81))","(np.float64(-11.031623700898054), np.float64(0.0006178698608501018), 0)","(np.float64(-42.47175124845759), np.float64(0.0023787989642728873), 0)",613.125,-90.72058964554326,0.005081166618833066,0.0,613.125,-90.72058964554326,0.005081166618833066,0.0,613.125,-90.72058964554326,0.005081166618833066,0.0,613.125,-90.72058964554326,0.005081166618833066,0.0,0.0,0.0,0.0
765,"(np.float64(-1.4515294343286922), np.float64(8.129866590132905e-05), np.float64(9.81))","(np.float64(-11.104200172614489), np.float64(0.0006219347941451682), 0)","(np.float64(-43.02877566888123), np.float64(0.0024099973273125227), 0)",613.125,-90.72058964554326,0.005081166618833066,0.0,613.125,-90.72058964554326,0.005081166618833066,0.0,613.125,-90.72058964554326,0.005081166618833066,0.0,613.125,-90.72058964554326,0.005081166618833066,0.0,0.0,0.0,0.0
770,"(np.float64(-1.4515294343286922), np.float64(8.129866590132905e-05), np.float64(9.81))","(np.float64(-11.176776644330923), np.float64(0.0006259997274402347), 0)","(np.float64(-43.58942891289069), np.float64(0.002441398937016911), 0)",613.125,-90.72058964554326,0.005081166618833066,0.0,613.125,-90.72058964554326,0.005081166618833066,0.0,613.125,-90.72058964554326,0.005081166618833066,0.0,613.125,-90.72058964554326,0.005081166618833066,0.0,0.0,0.0,0.0
775,"(np.float64(-1.4515294343286922), np.float64(8.129866590132905e-05), np.float64(9.81))","(np.float64(-11.249353116047358), np.float64(0.0006300646607353012), 0)","(np.float64(-44.15371098048597), np.float64(0.002473003793386053), 0)",613.125,-90.72058964554326,0.005081166618833066,0.0,613.125,-90.72058964554326,0.005081166618833066,0.0,613.125,-90.72058964554326,0.005081166618833066,0.0,613.125,-90.72058964554326,0.005081166618833066,0.0,0.0,0.0,0.0
780,"(np.float64(-1.4515294343286922), np.float64(8.129866590132905e-05), np.float64(9.81))","(np.float64(-11.321929587763792), np.float64(0.0006341295940303676), 0)","(np.float64(-44.721621871667075), np.float64(0.0025048118964199483), 0)",613.125,-90.72058964554326,0.005081166618833066,0.0,613.125,-90.72058964554326,0.005081166618833066,0.0,613.125,-90.72058964554326,0.005081166618833066,0.0,613.125,-90.72058964554326,0.005081166618833066,0.0,0.0,0.0,0.0
785,"(np.float64(-1.4515294343286922), np.float64(8.129866590132905e-05), np.float64(9.81))","(np.float64(-11.394506059480227), np.float64(0.0006381945273254341), 0)","(np.float64(-45.293161586434), np.float64(0.0025368232461185965), 0)",613.125,-90.72058964554326,0.005081166618833066,0.0,613.125,-90.72058964554326,0.005081166618833066,0.0,613.125,-90.72058964554326,0.005081166618833066,0.0,613.125,-90.72058964554326,0.005081166618833066,0.0,0.0,0.0,0.0
790,"(np.float64(-1.4515294343286922), np.float64(8.129866590132905e-05), np.float64(9.81))","(np.float64(-11.467082531196661), np.float64(0.0006422594606205006), 0)","(np.float64(-45.86833012478675), np.float64(0.0025690378424819984), 0)",613.125,-90.72058964554326,0.005081166618833066,0.0,613.125,-90.72058964554326,0.005081166618833066,0.0,613.125,-90.72058964554326,0.005081166618833066,0.0,613.125,-90.72058964554326,0.005081166618833066,0.0,0.0,0.0,0.0
795,"(np.float64(-1.4515294343286922), np.float64(8.129866590132905e-05), np.float64(9.81))","(np.float64(-11.539659002913096), np.float64(0.000646324393915567), 0)","(np.float64(-46.44712748672532), np.float64(0.0026014556855101533), 0)",613.125,-90.72058964554326,0.005081166618833066,0.0,613.125,-90.72058964554326,0.005081166618833066,0.0,613.125,-90.72058964554326,0.005081166618833066,0.0,613.125,-90.72058964554326,0.005081166618833066,0.0,0.0,0.0,0.0
800,"(np.float64(-1.4515294343286922), np.float64(8.129866590132905e-05), np.float64(9.81))","(np.float64(-11.61223547462953), np.float64(0.0006503893272106335), 0)","(np.float64(-47.02955367224971), np.float64(0.002634076775203062), 0)",613.125,-90.72058964554326,0.005081166618833066,0.0,613.125,-90.72058964554326,0.005081166618833066,0.0,613.125,-90.72058964554326,0.005081166618833066,0.0,613.125,-90.72058964554326,0.005081166618833066,0.0,0.0,0.0,0.0
805,"(np.float64(-1.4515294343286922), np.float64(8.129866590132905e-05), np.float64(9.81))","(np.float64(-11.684811946345965), np.float64(0.0006544542605057), 0)","(np.float64(-47.61560868135992), np.float64(0.0026669011115607235), 0)",613.125,-90.72058964554326,0.005081166618833066,0.0,613.125,-90.72058964554326,0.005081166618833066,0.0,613.125,-90.72058964554326,0.005081166618833066,0.0,613.125,-90.72058964554326,0.005081166618833066,0.0,0.0,0.0,0.0
810,"(np.float64(-1.4515294343286922), np.float64(8.129866590132905e-05), np.float64(9.81))","(np.float64(-11.7573884180624), np.float64(0.0006585191938007664), 0)","(np.float64(-48.205292514055955), np.float64(0.0026999286945831387), 0)",613.125,-90.72058964554326,0.005081166618833066,0.0,613.125,-90.72058964554326,0.005081166618833066,0.0,613.125,-90.72058964554326,0.005081166618833066,0.0,613.125,-90.72058964554326,0.005081166618833066,0.0,0.0,0.0,0.0
815,"(np.float64(-1.4515294343286922), np.float64(8.129866590132905e-05), np.float64(9.81))","(np.float64(-11.829964889778834), np.float64(0.0006625841270958329), 0)","(np.float64(-48.79860517033781), np.float64(0.002733159524270307), 0)",613.125,-90.72058964554326,0.005081166618833066,0.0,613.125,-90.72058964554326,0.005081166618833066,0.0,613.125,-90.72058964554326,0.005081166618833066,0.0,613.125,-90.72058964554326,0.005081166618833066,0.0,0.0,0.0,0.0
820,"(np.float64(-1.4515294343286922), np.float64(8.129866590132905e-05), np.float64(9.81))","(np.float64(-11.902541361495269), np.float64(0.0006666490603908994), 0)","(np.float64(-49.39554665020549), np.float64(0.002766593600622229), 0)",613.125,-90.72058964554326,0.005081166618833066,0.0,613.125,-90.72058964554326,0.005081166618833066,0.0,613.125,-90.72058964554326,0.005081166618833066,0.0,613.125,-90.72058964554326,0.005081166618833066,0.0,0.0,0.0,0.0
825,"(np.float64(-1.4515294343286922), np.float64(8.129866590132905e-05), np.float64(9.81))","(np.float64(-11.975117833211703), np.float64(0.0006707139936859658), 0)","(np.float64(-49.99611695365899), np.float64(0.002800230923638904), 0)",613.125,-90.72058964554326,0.005081166618833066,0.0,613.125,-90.72058964554326,0.005081166618833066,0.0,613.125,-90.72058964554326,0.005081166618833066,0.0,613.125,-90.72058964554326,0.005081166618833066,0.0,0.0,0.0,0.0
830,"(np.float64(-1.4515294343286922), np.float64(8.129866590132905e-05), np.float64(9.81))","(np.float64(-12.047694304928138), np.float64(0.0006747789269810323), 0)","(np.float64(-50.60031608069831), np.float64(0.0028340714933203326), 0)",613.125,-90.72058964554326,0.005081166618833066,0.0,613.125,-90.72058964554326,0.005081166618833066,0.0,613.125,-90.72058964554326,0.005081166618833066,0.0,613.125,-90.72058964554326,0.005081166618833066,0.0,0.0,0.0,0.0
835,"(np.float64(-1.4515294343286922), np.float64(8.129866590132905e-05), np.float64(9.81))","(np.float64(-12.120270776644572), np.float64(0.0006788438602760988), 0)","(np.float64(-51.20814403132346), np.float64(0.0028681153096665143), 0)",613.125,-90.72058964554326,0.005081166618833066,0.0,613.125,-90.72058964554326,0.005081166618833066,0.0,613.125,-90.72058964554326,0.005081166618833066,0.0,613.125,-90.72058964554326,0.005081166618833066,0.0,0.0,0.0,0.0
840,"(np.float64(-1.4515294343286922), np.float64(8.129866590132905e-05), np.float64(9.81))","(np.float64(-12.192847248361007), np.float64(0.0006829087935711652), 0)","(np.float64(-51.81960080553442), np.float64(0.002902362372677449), 0)",613.125,-90.72058964554326,0.005081166618833066,0.0,613.125,-90.72058964554326,0.005081166618833066,0.0,613.125,-90.72058964554326,0.005081166618833066,0.0,613.125,-90.72058964554326,0.005081166618833066,0.0,0.0,0.0,0.0
845,"(np.float64(-1.4515294343286922), np.float64(8.129866590132905e-05), np.float64(9.81))","(np.float64(-12.265423720077441), np.float64(0.0006869737268662317), 0)","(np.float64(-52.434686403331206), np.float64(0.0029368126823531376), 0)",613.125,-90.72058964554326,0.005081166618833066,0.0,613.125,-90.72058964554326,0.005081166618833066,0.0,613.125,-90.72058964554326,0.005081166618833066,0.0,613.125,-90.72058964554326,0.005081166618833066,0.0,0.0,0.0,0.0
850,"(np.float64(-1.4515294343286922), np.float64(8.129866590132905e-05), np.float64(9.81))","(np.float64(-12.338000191793876), np.float64(0.0006910386601612982), 0)","(np.float64(-53.05340082471381), np.float64(0.002971466238693579), 0)",613.125,-90.72058964554326,0.005081166618833066,0.0,613.125,-90.72058964554326,0.005081166618833066,0.0,613.125,-90.72058964554326,0.005081166618833066,0.0,613.125,-90.72058964554326,0.005081166618833066,0.0,0.0,0.0,0.0
855,"(np.float64(-1.4515294343286922), np.float64(8.129866590132905e-05), np.float64(9.81))","(np.float64(-12.41057666351031), np.float64(0.0006951035934563646), 0)","(np.float64(-53.67574406968224), np.float64(0.003006323041698774), 0)",613.125,-90.72058964554326,0.005081166618833066,0.0,613.125,-90.72058964554326,0.005081166618833066,0.0,613.125,-90.72058964554326,0.005081166618833066,0.0,613.125,-90.72058964554326,0.005081166618833066,0.0,0.0,0.0,0.0
860,"(np.float64(-1.4515294343286922), np.float64(8.129866590132905e-05), np.float64(9.81))","(np.float64(-12.483153135226745), np.float64(0.0006991685267514311), 0)","(np.float64(-54.30171613823649), np.float64(0.0030413830913687224), 0)",613.125,-90.72058964554326,0.005081166618833066,0.0,613.125,-90.72058964554326,0.005081166618833066,0.0,613.125,-90.72058964554326,0.005081166618833066,0.0,613.125,-90.72058964554326,0.005081166618833066,0.0,0.0,0.0,0.0
865,"(np.float64(-1.4515294343286922), np.float64(8.129866590132905e-05), np.float64(9.81))","(np.float64(-12.55572960694318), np.float64(0.0007032334600464976), 0)","(np.float64(-54.93131703037657), np.float64(0.003076646387703424), 0)",613.125,-90.72058964554326,0.005081166618833066,0.0,613.125,-90.72058964554326,0.005081166618833066,0.0,613.125,-90.72058964554326,0.005081166618833066,0.0,613.125,-90.72058964554326,0.005081166618833066,0.0,0.0,0.0,0.0
870,"(np.float64(-1.4515294343286922), np.float64(8.129866590132905e-05), np.float64(9.81))","(np.float64(-12.628306078659614), np.float64(0.000707298393341564), 0)","(np.float64(-55.564546746102465), np.float64(0.003112112930702879), 0)",613.125,-90.72058964554326,0.005081166618833066,0.0,613.125,-90.72058964554326,0.005081166618833066,0.0,613.125,-90.72058964554326,0.005081166618833066,0.0,613.125,-90.72058964554326,0.005081166618833066,0.0,0.0,0.0,0.0
875,"(np.float64(-1.4515294343286922), np.float64(8.129866590132905e-05), np.float64(9.81))","(np.float64(-12.700882550376049), np.float64(0.0007113633266366305), 0)","(np.float64(-56.20140528541418), np.float64(0.0031477827203670876), 0)",613.125,-90.72058964554326,0.005081166618833066,0.0,613.125,-90.72058964554326,0.005081166618833066,0.0,613.125,-90.72058964554326,0.005081166618833066,0.0,613.125,-90.72058964554326,0.005081166618833066,0.0,0.0,0.0,0.0
880,"(np.float64(-1.4515294343286922), np.float64(8.129866590132905e-05), np.float64(9.81))","(np.float64(-12.773459022092483), np.float64(0.000715428259931697), 0)","(np.float64(-56.84189264831172), np.float64(0.003183655756696049), 0)",613.125,-90.72058964554326,0.005081166618833066,0.0,613.125,-90.72058964554326,0.005081166618833066,0.0,613.125,-90.72058964554326,0.005081166618833066,0.0,613.125,-90.72058964554326,0.005081166618833066,0.0,0.0,0.0,0.0
885,"(np.float64(-1.4515294343286922), np.float64(8.129866590132905e-05), np.float64(9.81))","(np.float64(-12.846035493808918), np.float64(0.0007194931932267635), 0)","(np.float64(-57.48600883479508), np.float64(0.003219732039689764), 0)",613.125,-90.72058964554326,0.005081166618833066,0.0,613.125,-90.72058964554326,0.005081166618833066,0.0,613.125,-90.72058964554326,0.005081166618833066,0.0,613.125,-90.72058964554326,0.005081166618833066,0.0,0.0,0.0,0.0
890,"(np.float64(-1.4515294343286922), np.float64(8.129866590132905e-05), np.float64(9.81))","(np.float64(-12.918611965525352), np.float64(0.0007235581265218299), 0)","(np.float64(-58.13375384486426), np.float64(0.0032560115693482322), 0)",613.125,-90.72058964554326,0.005081166618833066,0.0,613.125,-90.72058964554326,0.005081166618833066,0.0,613.125,-90.72058964554326,0.005081166618833066,0.0,613.125,-90.72058964554326,0.005081166618833066,0.0,0.0,0.0,0.0
895,"(np.float64(-1.4515294343286922), np.float64(8.129866590132905e-05), np.float64(9.81))","(np.float64(-12.991188437241787), np.float64(0.0007276230598168964), 0)","(np.float64(-58.78512767851926), np.float64(0.0032924943456714537), 0)",613.125,-90.72058964554326,0.005081166618833066,0.0,613.125,-90.72058964554326,0.005081166618833066,0.0,613.125,-90.72058964554326,0.005081166618833066,0.0,613.125,-90.72058964554326,0.005081166618833066,0.0,0.0,0.0,0.0
900,"(np.float64(-1.4515294343286922), np.float64(8.129866590132905e-05), np.float64(9.81))","(np.float64(-13.063764908958222), np.float64(0.0007316879931119629), 0)","(np.float64(-59.44013033576009), np.float64(0.0033291803686594287), 0)",613.125,-90.72058964554326,0.005081166618833066,0.0,613.125,-90.72058964554326,0.005081166618833066,0.0,613.125,-90.72058964554326,0.005081166618833066,0.0,613.125,-90.72058964554326,0.005081166618833066,0.0,0.0,0.0,0.0
905,"(np.float64(-1.4515294343286922), np.float64(8.129866590132905e-05), np.float64(9.81))","(np.float64(-13.136341380674656), np.float64(0.0007357529264070293), 0)","(np.float64(-60.09876181658674), np.float64(0.0033660696383121568), 0)",613.125,-90.72058964554326,0.005081166618833066,0.0,613.125,-90.72058964554326,0.005081166618833066,0.0,613.125,-90.72058964554326,0.005081166618833066,0.0,613.125,-90.72058964554326,0.005081166618833066,0.0,0.0,0.0,0.0
910,"(np.float64(-1.4515294343286922), np.float64(8.129866590132905e-05), np.float64(9.81))","(np.float64(-13.20891785239109), np.float64(0.0007398178597020958), 0)","(np.float64(-60.76102212099921), np.float64(0.0034031621546296385), 0)",613.125,-90.72058964554326,0.005081166618833066,0.0,613.125,-90.72058964554326,0.005081166618833066,0.0,613.125,-90.72058964554326,0.005081166618833066,0.0,613.125,-90.72058964554326,0.005081166618833066,0.0,0.0,0.0,0.0
915,"(np.float64(-1.4515294343286922), np.float64(8.129866590132905e-05), np.float64(9.81))","(np.float64(-13.281494324107525), np.float64(0.0007438827929971623), 0)","(np.float64(-61.4269112489975), np.float64(0.0034404579176118733), 0)",613.125,-90.72058964554326,0.005081166618833066,0.0,613.125,-90.72058964554326,0.005081166618833066,0.0,613.125,-90.72058964554326,0.005081166618833066,0.0,613.125,-90.72058964554326,0.005081166618833066,0.0,0.0,0.0,0.0
920,"(np.float64(-1.4515294343286922), np.float64(8.129866590132905e-05), np.float64(9.81))","(np.float64(-13.35407079582396), np.float64(0.0007479477262922287), 0)","(np.float64(-62.09642920058161), np.float64(0.0034779569272588616), 0)",613.125,-90.72058964554326,0.005081166618833066,0.0,613.125,-90.72058964554326,0.005081166618833066,0.0,613.125,-90.72058964554326,0.005081166618833066,0.0,613.125,-90.72058964554326,0.005081166618833066,0.0,0.0,0.0,0.0
925,"(np.float64(-1.4515294343286922), np.float64(8.129866590132905e-05), np.float64(9.81))","(np.float64(-13.426647267540394), np.float64(0.0007520126595872952), 0)","(np.float64(-62.76957597575154), np.float64(0.003515659183570603), 0)",613.125,-90.72058964554326,0.005081166618833066,0.0,613.125,-90.72058964554326,0.005081166618833066,0.0,613.125,-90.72058964554326,0.005081166618833066,0.0,613.125,-90.72058964554326,0.005081166618833066,0.0,0.0,0.0,0.0
930,"(np.float64(-1.4515294343286922), np.float64(8.129866590132905e-05), np.float64(9.81))","(np.float64(-13.499223739256829), np.float64(0.0007560775928823617), 0)","(np.float64(-63.4463515745073), np.float64(0.003553564686547098), 0)",613.125,-90.72058964554326,0.005081166618833066,0.0,613.125,-90.72058964554326,0.005081166618833066,0.0,613.125,-90.72058964554326,0.005081166618833066,0.0,613.125,-90.72058964554326,0.005081166618833066,0.0,0.0,0.0,0.0
935,"(np.float64(-1.4515294343286922), np.float64(8.129866590132905e-05), np.float64(9.81))","(np.float64(-13.571800210973263), np.float64(0.0007601425261774281), 0)","(np.float64(-64.12675599684887), np.float64(0.0035916734361883464), 0)",613.125,-90.72058964554326,0.005081166618833066,0.0,613.125,-90.72058964554326,0.005081166618833066,0.0,613.125,-90.72058964554326,0.005081166618833066,0.0,613.125,-90.72058964554326,0.005081166618833066,0.0,0.0,0.0,0.0
940,"(np.float64(-1.4515294343286922), np.float64(8.129866590132905e-05), np.float64(9.81))","(np.float64(-13.644376682689698), np.float64(0.0007642074594724946), 0)","(np.float64(-64.81078924277627), np.float64(0.0036299854324943477), 0)",613.125,-90.72058964554326,0.005081166618833066,0.0,613.125,-90.72058964554326,0.005081166618833066,0.0,613.125,-90.72058964554326,0.005081166618833066,0.0,613.125,-90.72058964554326,0.005081166618833066,0.0,0.0,0.0,0.0
945,"(np.float64(-1.4515294343286922), np.float64(8.129866590132905e-05), np.float64(9.81))","(np.float64(-13.716953154406132), np.float64(0.0007682723927675611), 0)","(np.float64(-65.49845131228948), np.float64(0.0036685006754651026), 0)",613.125,-90.72058964554326,0.005081166618833066,0.0,613.125,-90.72058964554326,0.005081166618833066,0.0,613.125,-90.72058964554326,0.005081166618833066,0.0,613.125,-90.72058964554326,0.005081166618833066,0.0,0.0,0.0,0.0
950,"(np.float64(-1.4515294343286922), np.float64(8.129866590132905e-05), np.float64(9.81))","(np.float64(-13.789529626122567), np.float64(0.0007723373260626275), 0)","(np.float64(-66.18974220538851), np.float64(0.0037072191651006106), 0)",613.125,-90.72058964554326,0.005081166618833066,0.0,613.125,-90.72058964554326,0.005081166618833066,0.0,613.125,-90.72058964554326,0.005081166618833066,0.0,613.125,-90.72058964554326,0.005081166618833066,0.0,0.0,0.0,0.0
955,"(np.float64(-1.4515294343286922), np.float64(8.129866590132905e-05), np.float64(9.81))","(np.float64(-13.862106097839002), np.float64(0.000776402259357694), 0)","(np.float64(-66.88466192207336), np.float64(0.003746140901400872), 0)",613.125,-90.72058964554326,0.005081166618833066,0.0,613.125,-90.72058964554326,0.005081166618833066,0.0,613.125,-90.72058964554326,0.005081166618833066,0.0,613.125,-90.72058964554326,0.005081166618833066,0.0,0.0,0.0,0.0
960,"(np.float64(-1.4515294343286922), np.float64(8.129866590132905e-05), np.float64(9.81))","(np.float64(-13.934682569555436), np.float64(0.0007804671926527605), 0)","(np.float64(-67.58321046234404), np.float64(0.003785265884365887), 0)",613.125,-90.72058964554326,0.005081166618833066,0.0,613.125,-90.72058964554326,0.005081166618833066,0.0,613.125,-90.72058964554326,0.005081166618833066,0.0,613.125,-90.72058964554326,0.005081166618833066,0.0,0.0,0.0,0.0
965,"(np.float64(-1.4515294343286922), np.float64(8.129866590132905e-05), np.float64(9.81))","(np.float64(-14.00725904127187), np.float64(0.0007845321259478269), 0)","(np.float64(-68.28538782620055), np.float64(0.003824594113995655), 0)",613.125,-90.72058964554326,0.005081166618833066,0.0,613.125,-90.72058964554326,0.005081166618833066,0.0,613.125,-90.72058964554326,0.005081166618833066,0.0,613.125,-90.72058964554326,0.005081166618833066,0.0,0.0,0.0,0.0
970,"(np.float64(-1.4515294343286922), np.float64(8.129866590132905e-05), np.float64(9.81))","(np.float64(-14.079835512988305), np.float64(0.0007885970592428934), 0)","(np.float64(-68.99119401364287), np.float64(0.0038641255902901765), 0)",613.125,-90.72058964554326,0.005081166618833066,0.0,613.125,-90.72058964554326,0.005081166618833066,0.0,613.125,-90.72058964554326,0.005081166618833066,0.0,613.125,-90.72058964554326,0.005081166618833066,0.0,0.0,0.0,0.0
975,"(np.float64(-1.4515294343286922), np.float64(8.129866590132905e-05), np.float64(9.81))","(np.float64(-14.15241198470474), np.float64(0.0007926619925379599), 0)","(np.float64(-69.70062902467102), np.float64(0.0039038603132494514), 0)",613.125,-90.72058964554326,0.005081166618833066,0.0,613.125,-90.72058964554326,0.005081166618833066,0.0,613.125,-90.72058964554326,0.005081166618833066,0.0,613.125,-90.72058964554326,0.005081166618833066,0.0,0.0,0.0,0.0
980,"(np.float64(-1.4515294343286922), np.float64(8.129866590132905e-05), np.float64(9.81))","(np.float64(-14.224988456421174), np.float64(0.0007967269258330263), 0)","(np.float64(-70.41369285928498), np.float64(0.00394379828287348), 0)",613.125,-90.72058964554326,0.005081166618833066,0.0,613.125,-90.72058964554326,0.005081166618833066,0.0,613.125,-90.72058964554326,0.005081166618833066,0.0,613.125,-90.72058964554326,0.005081166618833066,0.0,0.0,0.0,0.0
985,"(np.float64(-1.4515294343286922), np.float64(8.129866590132905e-05), np.float64(9.81))","(np.float64(-14.297564928137609), np.float64(0.0008007918591280928), 0)","(np.float64(-71.13038551748477), np.float64(0.003983939499162262), 0)",613.125,-90.72058964554326,0.005081166618833066,0.0,613.125,-90.72058964554326,0.005081166618833066,0.0,613.125,-90.72058964554326,0.005081166618833066,0.0,613.125,-90.72058964554326,0.005081166618833066,0.0,0.0,0.0,0.0
990,"(np.float64(-1.4515294343286922), np.float64(8.129866590132905e-05), np.float64(9.81))","(np.float64(-14.370141399854043), np.float64(0.0008048567924231593), 0)","(np.float64(-71.85070699927037), np.float64(0.004024283962115796), 0)",613.125,-90.72058964554326,0.005081166618833066,0.0,613.125,-90.72058964554326,0.005081166618833066,0.0,613.125,-90.72058964554326,0.005081166618833066,0.0,613.125,-90.72058964554326,0.005081166618833066,0.0,0.0,0.0,0.0
995,"(np.float64(-1.4515294343286922), np.float64(8.129866590132905e-05), np.float64(9.81))","(np.float64(-14.442717871570478), np.float64(0.0008089217257182257), 0)","(np.float64(-72.5746573046418), np.float64(0.004064831671734084), 0)",613.125,-90.72058964554326,0.005081166618833066,0.0,613.125,-90.72058964554326,0.005081166618833066,0.0,613.125,-90.72058964554326,0.005081166618833066,0.0,613.125,-90.72058964554326,0.005081166618833066,0.0,0.0,0.0,0.0
1000,"(np.float64(-1.4515294343286922), np.float64(8.129866590132905e-05), np.float64(9.81))","(np.float64(-14.515294343286913), np.float64(0.0008129866590132922), 0)","(np.float64(-73.30223643359906), np.float64(0.004105582628017125), 0)",613.125,-90.72058964554326,0.005081166618833066,0.0,613.125,-90.72058964554326,0.005081166618833066,0.0,613.125,-90.72058964554326,0.005081166618833066,0.0,613.125,-90.72058964554326,0.005081166618833066,0.0,0.0,0.0,0.0
1005,"(np.float64(-1.4515294343286922), np.float64(8.129866590132905e-05), np.float64(9.81))","(np.float64(-14.587870815003347), np.float64(0.0008170515923083587), 0)","(np.float64(-74.03344438614214), np.float64(0.00414653683096492), 0)",613.125,-90.72058964554326,0.005081166618833066,0.0,613.125,-90.72058964554326,0.005081166618833066,0.0,613.125,-90.72058964554326,0.005081166618833066,0.0,613.125,-90.72058964554326,0.005081166618833066,0.0,0.0,0.0,0.0
1010,"(np.float64(-1.4515294343286922), np.float64(8.129866590132905e-05), np.float64(9.81))","(np.float64(-14.660447286719782), np.float64(0.0008211165256034251), 0)","(np.float64(-74.76828116227104), np.float64(0.004187694280577468), 0)",613.125,-90.72058964554326,0.005081166618833066,0.0,613.125,-90.72058964554326,0.005081166618833066,0.0,613.125,-90.72058964554326,0.005081166618833066,0.0,613.125,-90.72058964554326,0.005081166618833066,0.0,0.0,0.0,0.0
1015,"(np.float64(-1.4515294343286922), np.float64(8.129866590132905e-05), np.float64(9.81))","(np.float64(-14.733023758436216), np.float64(0.0008251814588984916), 0)","(np.float64(-75.50674676198575), np.float64(0.004229054976854769), 0)",613.125,-90.72058964554326,0.005081166618833066,0.0,613.125,-90.72058964554326,0.005081166618833066,0.0,613.125,-90.72058964554326,0.005081166618833066,0.0,613.125,-90.72058964554326,0.005081166618833066,0.0,0.0,0.0,0.0
1020,"(np.float64(-1.4515294343286922), np.float64(8.129866590132905e-05), np.float64(9.81))","(np.float64(-14.80560023015265), np.float64(0.0008292463921935581), 0)","(np.float64(-76.2488411852863), np.float64(0.004270618919796824), 0)",613.125,-90.72058964554326,0.005081166618833066,0.0,613.125,-90.72058964554326,0.005081166618833066,0.0,613.125,-90.72058964554326,0.005081166618833066,0.0,613.125,-90.72058964554326,0.005081166618833066,0.0,0.0,0.0,0.0
1025,"(np.float64(-1.4515294343286922), np.float64(8.129866590132905e-05), np.float64(9.81))","(np.float64(-14.878176701869085), np.float64(0.0008333113254886245), 0)","(np.float64(-76.99456443217265), np.float64(0.0043123861094036325), 0)",613.125,-90.72058964554326,0.005081166618833066,0.0,613.125,-90.72058964554326,0.005081166618833066,0.0,613.125,-90.72058964554326,0.005081166618833066,0.0,613.125,-90.72058964554326,0.005081166618833066,0.0,0.0,0.0,0.0
1030,"(np.float64(-1.4515294343286922), np.float64(8.129866590132905e-05), np.float64(9.81))","(np.float64(-14.95075317358552), np.float64(0.000837376258783691), 0)","(np.float64(-77.74391650264484), np.float64(0.004354356545675194), 0)",613.125,-90.72058964554326,0.005081166618833066,0.0,613.125,-90.72058964554326,0.005081166618833066,0.0,613.125,-90.72058964554326,0.005081166618833066,0.0,613.125,-90.72058964554326,0.005081166618833066,0.0,0.0,0.0,0.0
1035,"(np.float64(-1.4515294343286922), np.float64(8.129866590132905e-05), np.float64(9.81))","(np.float64(-15.023329645301954), np.float64(0.0008414411920787575), 0)","(np.float64(-78.49689739670283), np.float64(0.004396530228611508), 0)",613.125,-90.72058964554326,0.005081166618833066,0.0,613.125,-90.72058964554326,0.005081166618833066,0.0,613.125,-90.72058964554326,0.005081166618833066,0.0,613.125,-90.72058964554326,0.005081166618833066,0.0,0.0,0.0,0.0
1040,"(np.float64(-1.4515294343286922), np.float64(8.129866590132905e-05), np.float64(9.81))","(np.float64(-15.095906117018389), np.float64(0.0008455061253738239), 0)","(np.float64(-79.25350711434666), np.float64(0.0044389071582125765), 0)",613.125,-90.72058964554326,0.005081166618833066,0.0,613.125,-90.72058964554326,0.005081166618833066,0.0,613.125,-90.72058964554326,0.005081166618833066,0.0,613.125,-90.72058964554326,0.005081166618833066,0.0,0.0,0.0,0.0
1045,"(np.float64(-1.4515294343286922), np.float64(8.129866590132905e-05), np.float64(9.81))","(np.float64(-15.168482588734824), np.float64(0.0008495710586688904), 0)","(np.float64(-80.01374565557632), np.float64(0.004481487334478397), 0)",613.125,-90.72058964554326,0.005081166618833066,0.0,613.125,-90.72058964554326,0.005081166618833066,0.0,613.125,-90.72058964554326,0.005081166618833066,0.0,613.125,-90.72058964554326,0.005081166618833066,0.0,0.0,0.0,0.0
1050,"(np.float64(-1.4515294343286922), np.float64(8.129866590132905e-05), np.float64(9.81))","(np.float64(-15.241059060451258), np.float64(0.0008536359919639569), 0)","(np.float64(-80.77761302039178), np.float64(0.004524270757408972), 0)",613.125,-90.72058964554326,0.005081166618833066,0.0,613.125,-90.72058964554326,0.005081166618833066,0.0,613.125,-90.72058964554326,0.005081166618833066,0.0,613.125,-90.72058964554326,0.005081166618833066,0.0,0.0,0.0,0.0
1055,"(np.float64(-1.4515294343286922), np.float64(8.129866590132905e-05), np.float64(9.81))","(np.float64(-15.313635532167693), np.float64(0.0008577009252590233), 0)","(np.float64(-81.54510920879308), np.float64(0.0045672574270043), 0)",613.125,-90.72058964554326,0.005081166618833066,0.0,613.125,-90.72058964554326,0.005081166618833066,0.0,613.125,-90.72058964554326,0.005081166618833066,0.0,613.125,-90.72058964554326,0.005081166618833066,0.0,0.0,0.0,0.0
1060,"(np.float64(-1.4515294343286922), np.float64(8.129866590132905e-05), np.float64(9.81))","(np.float64(-15.386212003884127), np.float64(0.0008617658585540898), 0)","(np.float64(-82.31623422078019), np.float64(0.0046104473432643815), 0)",613.125,-90.72058964554326,0.005081166618833066,0.0,613.125,-90.72058964554326,0.005081166618833066,0.0,613.125,-90.72058964554326,0.005081166618833066,0.0,613.125,-90.72058964554326,0.005081166618833066,0.0,0.0,0.0,0.0
1065,"(np.float64(-1.4515294343286922), np.float64(8.129866590132905e-05), np.float64(9.81))","(np.float64(-15.458788475600562), np.float64(0.0008658307918491563), 0)","(np.float64(-83.09098805635313), np.float64(0.004653840506189216), 0)",613.125,-90.72058964554326,0.005081166618833066,0.0,613.125,-90.72058964554326,0.005081166618833066,0.0,613.125,-90.72058964554326,0.005081166618833066,0.0,613.125,-90.72058964554326,0.005081166618833066,0.0,0.0,0.0,0.0
1070,"(np.float64(-1.4515294343286922), np.float64(8.129866590132905e-05), np.float64(9.81))","(np.float64(-15.531364947316996), np.float64(0.0008698957251442227), 0)","(np.float64(-83.86937071551188), np.float64(0.004697436915778804), 0)",613.125,-90.72058964554326,0.005081166618833066,0.0,613.125,-90.72058964554326,0.005081166618833066,0.0,613.125,-90.72058964554326,0.005081166618833066,0.0,613.125,-90.72058964554326,0.005081166618833066,0.0,0.0,0.0,0.0
1075,"(np.float64(-1.4515294343286922), np.float64(8.129866590132905e-05), np.float64(9.81))","(np.float64(-15.603941419033431), np.float64(0.0008739606584392892), 0)","(np.float64(-84.65138219825646), np.float64(0.004741236572033145), 0)",613.125,-90.72058964554326,0.005081166618833066,0.0,613.125,-90.72058964554326,0.005081166618833066,0.0,613.125,-90.72058964554326,0.005081166618833066,0.0,613.125,-90.72058964554326,0.005081166618833066,0.0,0.0,0.0,0.0
1080,"(np.float64(-1.4515294343286922), np.float64(8.129866590132905e-05), np.float64(9.81))","(np.float64(-15.676517890749865), np.float64(0.0008780255917343557), 0)","(np.float64(-85.43702250458686), np.float64(0.00478523947495224), 0)",613.125,-90.72058964554326,0.005081166618833066,0.0,613.125,-90.72058964554326,0.005081166618833066,0.0,613.125,-90.72058964554326,0.005081166618833066,0.0,613.125,-90.72058964554326,0.005081166618833066,0.0,0.0,0.0,0.0
1085,"(np.float64(-1.4515294343286922), np.float64(8.129866590132905e-05), np.float64(9.81))","(np.float64(-15.7490943624663), np.float64(0.0008820905250294222), 0)","(np.float64(-86.22629163450308), np.float64(0.004829445624536088), 0)",613.125,-90.72058964554326,0.005081166618833066,0.0,613.125,-90.72058964554326,0.005081166618833066,0.0,613.125,-90.72058964554326,0.005081166618833066,0.0,613.125,-90.72058964554326,0.005081166618833066,0.0,0.0,0.0,0.0
1090,"(np.float64(-1.4515294343286922), np.float64(8.129866590132905e-05), np.float64(9.81))","(np.float64(-15.821670834182735), np.float64(0.0008861554583244886), 0)","(np.float64(-87.01918958800513), np.float64(0.004873855020784689), 0)",613.125,-90.72058964554326,0.005081166618833066,0.0,613.125,-90.72058964554326,0.005081166618833066,0.0,613.125,-90.72058964554326,0.005081166618833066,0.0,613.125,-90.72058964554326,0.005081166618833066,0.0,0.0,0.0,0.0
1095,"(np.float64(-1.4515294343286922), np.float64(8.129866590132905e-05), np.float64(9.81))","(np.float64(-15.89424730589917), np.float64(0.0008902203916195551), 0)","(np.float64(-87.815716365093), np.float64(0.004918467663698044), 0)",613.125,-90.72058964554326,0.005081166618833066,0.0,613.125,-90.72058964554326,0.005081166618833066,0.0,613.125,-90.72058964554326,0.005081166618833066,0.0,613.125,-90.72058964554326,0.005081166618833066,0.0,0.0,0.0,0.0
1100,"(np.float64(-1.4515294343286922), np.float64(8.129866590132905e-05), np.float64(9.81))","(np.float64(-15.966823777615604), np.float64(0.0008942853249146216), 0)","(np.float64(-88.61587196576669), np.float64(0.004963283553276151), 0)",613.125,-90.72058964554326,0.005081166618833066,0.0,613.125,-90.72058964554326,0.005081166618833066,0.0,613.125,-90.72058964554326,0.005081166618833066,0.0,613.125,-90.72058964554326,0.005081166618833066,0.0,0.0,0.0,0.0
1105,"(np.float64(-1.4515294343286922), np.float64(8.129866590132905e-05), np.float64(9.81))","(np.float64(-16.03940024933204), np.float64(0.000898350258209688), 0)","(np.float64(-89.41965639002619), np.float64(0.005008302689519012), 0)",613.125,-90.72058964554326,0.005081166618833066,0.0,613.125,-90.72058964554326,0.005081166618833066,0.0,613.125,-90.72058964554326,0.005081166618833066,0.0,613.125,-90.72058964554326,0.005081166618833066,0.0,0.0,0.0,0.0
1110,"(np.float64(-1.4515294343286922), np.float64(8.129866590132905e-05), np.float64(9.81))","(np.float64(-16.111976721048475), np.float64(0.0009024151915047545), 0)","(np.float64(-90.22706963787152), np.float64(0.005053525072426627), 0)",613.125,-90.72058964554326,0.005081166618833066,0.0,613.125,-90.72058964554326,0.005081166618833066,0.0,613.125,-90.72058964554326,0.005081166618833066,0.0,613.125,-90.72058964554326,0.005081166618833066,0.0,0.0,0.0,0.0
1115,"(np.float64(-1.4515294343286922), np.float64(8.129866590132905e-05), np.float64(9.81))","(np.float64(-16.18455319276491), np.float64(0.000906480124799821), 0)","(np.float64(-91.03811170930267), np.float64(0.005098950701998995), 0)",613.125,-90.72058964554326,0.005081166618833066,0.0,613.125,-90.72058964554326,0.005081166618833066,0.0,613.125,-90.72058964554326,0.005081166618833066,0.0,613.125,-90.72058964554326,0.005081166618833066,0.0,0.0,0.0,0.0
1120,"(np.float64(-1.4515294343286922), np.float64(8.129866590132905e-05), np.float64(9.81))","(np.float64(-16.257129664481344), np.float64(0.0009105450580948874), 0)","(np.float64(-91.85278260431964), np.float64(0.005144579578236116), 0)",613.125,-90.72058964554326,0.005081166618833066,0.0,613.125,-90.72058964554326,0.005081166618833066,0.0,613.125,-90.72058964554326,0.005081166618833066,0.0,613.125,-90.72058964554326,0.005081166618833066,0.0,0.0,0.0,0.0
1125,"(np.float64(-1.4515294343286922), np.float64(8.129866590132905e-05), np.float64(9.81))","(np.float64(-16.329706136197778), np.float64(0.0009146099913899539), 0)","(np.float64(-92.67108232292244), np.float64(0.00519041170113799), 0)",613.125,-90.72058964554326,0.005081166618833066,0.0,613.125,-90.72058964554326,0.005081166618833066,0.0,613.125,-90.72058964554326,0.005081166618833066,0.0,613.125,-90.72058964554326,0.005081166618833066,0.0,0.0,0.0,0.0
1130,"(np.float64(-1.4515294343286922), np.float64(8.129866590132905e-05), np.float64(9.81))","(np.float64(-16.402282607914213), np.float64(0.0009186749246850204), 0)","(np.float64(-93.49301086511106), np.float64(0.005236447070704618), 0)",613.125,-90.72058964554326,0.005081166618833066,0.0,613.125,-90.72058964554326,0.005081166618833066,0.0,613.125,-90.72058964554326,0.005081166618833066,0.0,613.125,-90.72058964554326,0.005081166618833066,0.0,0.0,0.0,0.0
1135,"(np.float64(-1.4515294343286922), np.float64(8.129866590132905e-05), np.float64(9.81))","(np.float64(-16.474859079630647), np.float64(0.0009227398579800868), 0)","(np.float64(-94.3185682308855), np.float64(0.005282685686935999), 0)",613.125,-90.72058964554326,0.005081166618833066,0.0,613.125,-90.72058964554326,0.005081166618833066,0.0,613.125,-90.72058964554326,0.005081166618833066,0.0,613.125,-90.72058964554326,0.005081166618833066,0.0,0.0,0.0,0.0
1140,"(np.float64(-1.4515294343286922), np.float64(8.129866590132905e-05), np.float64(9.81))","(np.float64(-16.547435551347082), np.float64(0.0009268047912751533), 0)","(np.float64(-95.14775442024576), np.float64(0.005329127549832133), 0)",613.125,-90.72058964554326,0.005081166618833066,0.0,613.125,-90.72058964554326,0.005081166618833066,0.0,613.125,-90.72058964554326,0.005081166618833066,0.0,613.125,-90.72058964554326,0.005081166618833066,0.0,0.0,0.0,0.0
1145,"(np.float64(-1.4515294343286922), np.float64(8.129866590132905e-05), np.float64(9.81))","(np.float64(-16.620012023063516), np.float64(0.0009308697245702198), 0)","(np.float64(-95.98056943319185), np.float64(0.005375772659393021), 0)",613.125,-90.72058964554326,0.005081166618833066,0.0,613.125,-90.72058964554326,0.005081166618833066,0.0,613.125,-90.72058964554326,0.005081166618833066,0.0,613.125,-90.72058964554326,0.005081166618833066,0.0,0.0,0.0,0.0
1150,"(np.float64(-1.4515294343286922), np.float64(8.129866590132905e-05), np.float64(9.81))","(np.float64(-16.69258849477995), np.float64(0.0009349346578652862), 0)","(np.float64(-96.81701326972374), np.float64(0.0054226210156186625), 0)",613.125,-90.72058964554326,0.005081166618833066,0.0,613.125,-90.72058964554326,0.005081166618833066,0.0,613.125,-90.72058964554326,0.005081166618833066,0.0,613.125,-90.72058964554326,0.005081166618833066,0.0,0.0,0.0,0.0
1155,"(np.float64(-1.4515294343286922), np.float64(8.129866590132905e-05), np.float64(9.81))","(np.float64(-16.765164966496386), np.float64(0.0009389995911603527), 0)","(np.float64(-97.65708592984147), np.float64(0.0054696726185090565), 0)",613.125,-90.72058964554326,0.005081166618833066,0.0,613.125,-90.72058964554326,0.005081166618833066,0.0,613.125,-90.72058964554326,0.005081166618833066,0.0,613.125,-90.72058964554326,0.005081166618833066,0.0,0.0,0.0,0.0
1160,"(np.float64(-1.4515294343286922), np.float64(8.129866590132905e-05), np.float64(9.81))","(np.float64(-16.83774143821282), np.float64(0.0009430645244554192), 0)","(np.float64(-98.50078741354503), np.float64(0.005516927468064204), 0)",613.125,-90.72058964554326,0.005081166618833066,0.0,613.125,-90.72058964554326,0.005081166618833066,0.0,613.125,-90.72058964554326,0.005081166618833066,0.0,613.125,-90.72058964554326,0.005081166618833066,0.0,0.0,0.0,0.0
1165,"(np.float64(-1.4515294343286922), np.float64(8.129866590132905e-05), np.float64(9.81))","(np.float64(-16.910317909929255), np.float64(0.0009471294577504856), 0)","(np.float64(-99.3481177208344), np.float64(0.005564385564284105), 0)",613.125,-90.72058964554326,0.005081166618833066,0.0,613.125,-90.72058964554326,0.005081166618833066,0.0,613.125,-90.72058964554326,0.005081166618833066,0.0,613.125,-90.72058964554326,0.005081166618833066,0.0,0.0,0.0,0.0
1170,"(np.float64(-1.4515294343286922), np.float64(8.129866590132905e-05), np.float64(9.81))","(np.float64(-16.98289438164569), np.float64(0.0009511943910455521), 0)","(np.float64(-100.19907685170959), np.float64(0.00561204690716876), 0)",613.125,-90.72058964554326,0.005081166618833066,0.0,613.125,-90.72058964554326,0.005081166618833066,0.0,613.125,-90.72058964554326,0.005081166618833066,0.0,613.125,-90.72058964554326,0.005081166618833066,0.0,0.0,0.0,0.0
1175,"(np.float64(-1.4515294343286922), np.float64(8.129866590132905e-05), np.float64(9.81))","(np.float64(-17.055470853362124), np.float64(0.0009552593243406186), 0)","(np.float64(-101.0536648061706), np.float64(0.005659911496718168), 0)",613.125,-90.72058964554326,0.005081166618833066,0.0,613.125,-90.72058964554326,0.005081166618833066,0.0,613.125,-90.72058964554326,0.005081166618833066,0.0,613.125,-90.72058964554326,0.005081166618833066,0.0,0.0,0.0,0.0
1180,"(np.float64(-1.4515294343286922), np.float64(8.129866590132905e-05), np.float64(9.81))","(np.float64(-17.12804732507856), np.float64(0.000959324257635685), 0)","(np.float64(-101.91188158421744), np.float64(0.005707979332932329), 0)",613.125,-90.72058964554326,0.005081166618833066,0.0,613.125,-90.72058964554326,0.005081166618833066,0.0,613.125,-90.72058964554326,0.005081166618833066,0.0,613.125,-90.72058964554326,0.005081166618833066,0.0,0.0,0.0,0.0
1185,"(np.float64(-1.4515294343286922), np.float64(8.129866590132905e-05), np.float64(9.81))","(np.float64(-17.200623796794993), np.float64(0.0009633891909307515), 0)","(np.float64(-102.77372718585009), np.float64(0.005756250415811243), 0)",613.125,-90.72058964554326,0.005081166618833066,0.0,613.125,-90.72058964554326,0.005081166618833066,0.0,613.125,-90.72058964554326,0.005081166618833066,0.0,613.125,-90.72058964554326,0.005081166618833066,0.0,0.0,0.0,0.0
1190,"(np.float64(-1.4515294343286922), np.float64(8.129866590132905e-05), np.float64(9.81))","(np.float64(-17.273200268511427), np.float64(0.000967454124225818), 0)","(np.float64(-103.63920161106857), np.float64(0.00580472474535491), 0)",613.125,-90.72058964554326,0.005081166618833066,0.0,613.125,-90.72058964554326,0.005081166618833066,0.0,613.125,-90.72058964554326,0.005081166618833066,0.0,613.125,-90.72058964554326,0.005081166618833066,0.0,0.0,0.0,0.0
1195,"(np.float64(-1.4515294343286922), np.float64(8.129866590132905e-05), np.float64(9.81))","(np.float64(-17.345776740227862), np.float64(0.0009715190575208844), 0)","(np.float64(-104.50830485987287), np.float64(0.005853402321563331), 0)",613.125,-90.72058964554326,0.005081166618833066,0.0,613.125,-90.72058964554326,0.005081166618833066,0.0,613.125,-90.72058964554326,0.005081166618833066,0.0,613.125,-90.72058964554326,0.005081166618833066,0.0,0.0,0.0,0.0
1200,"(np.float64(-1.4515294343286922), np.float64(8.129866590132905e-05), np.float64(9.81))","(np.float64(-17.418353211944297), np.float64(0.0009755839908159509), 0)","(np.float64(-105.38103693226299), np.float64(0.005902283144436506), 0)",613.125,-90.72058964554326,0.005081166618833066,0.0,613.125,-90.72058964554326,0.005081166618833066,0.0,613.125,-90.72058964554326,0.005081166618833066,0.0,613.125,-90.72058964554326,0.005081166618833066,0.0,0.0,0.0,0.0
1205,"(np.float64(-1.4515294343286922), np.float64(8.129866590132905e-05), np.float64(9.81))","(np.float64(-17.49092968366073), np.float64(0.0009796489241110174), 0)","(np.float64(-106.25739782823894), np.float64(0.005951367213974434), 0)",613.125,-90.72058964554326,0.005081166618833066,0.0,613.125,-90.72058964554326,0.005081166618833066,0.0,613.125,-90.72058964554326,0.005081166618833066,0.0,613.125,-90.72058964554326,0.005081166618833066,0.0,0.0,0.0,0.0
1210,"(np.float64(-1.4515294343286922), np.float64(8.129866590132905e-05), np.float64(9.81))","(np.float64(-17.563506155377166), np.float64(0.0009837138574060838), 0)","(np.float64(-107.1373875478007), np.float64(0.006000654530177114), 0)",613.125,-90.72058964554326,0.005081166618833066,0.0,613.125,-90.72058964554326,0.005081166618833066,0.0,613.125,-90.72058964554326,0.005081166618833066,0.0,613.125,-90.72058964554326,0.005081166618833066,0.0,0.0,0.0,0.0
1215,"(np.float64(-1.4515294343286922), np.float64(8.129866590132905e-05), np.float64(9.81))","(np.float64(-17.6360826270936), np.float64(0.0009877787907011503), 0)","(np.float64(-108.02100609094829), np.float64(0.0060501450930445485), 0)",613.125,-90.72058964554326,0.005081166618833066,0.0,613.125,-90.72058964554326,0.005081166618833066,0.0,613.125,-90.72058964554326,0.005081166618833066,0.0,613.125,-90.72058964554326,0.005081166618833066,0.0,0.0,0.0,0.0
1220,"(np.float64(-1.4515294343286922), np.float64(8.129866590132905e-05), np.float64(9.81))","(np.float64(-17.708659098810035), np.float64(0.0009918437239962168), 0)","(np.float64(-108.9082534576817), np.float64(0.006099838902576736), 0)",613.125,-90.72058964554326,0.005081166618833066,0.0,613.125,-90.72058964554326,0.005081166618833066,0.0,613.125,-90.72058964554326,0.005081166618833066,0.0,613.125,-90.72058964554326,0.005081166618833066,0.0,0.0,0.0,0.0
1225,"(np.float64(-1.4515294343286922), np.float64(8.129866590132905e-05), np.float64(9.81))","(np.float64(-17.78123557052647), np.float64(0.0009959086572912832), 0)","(np.float64(-109.79912964800093), np.float64(0.0061497359587736776), 0)",613.125,-90.72058964554326,0.005081166618833066,0.0,613.125,-90.72058964554326,0.005081166618833066,0.0,613.125,-90.72058964554326,0.005081166618833066,0.0,613.125,-90.72058964554326,0.005081166618833066,0.0,0.0,0.0,0.0
1230,"(np.float64(-1.4515294343286922), np.float64(8.129866590132905e-05), np.float64(9.81))","(np.float64(-17.853812042242904), np.float64(0.0009999735905863497), 0)","(np.float64(-110.69363466190597), np.float64(0.006199836261635372), 0)",613.125,-90.72058964554326,0.005081166618833066,0.0,613.125,-90.72058964554326,0.005081166618833066,0.0,613.125,-90.72058964554326,0.005081166618833066,0.0,613.125,-90.72058964554326,0.005081166618833066,0.0,0.0,0.0,0.0
1235,"(np.float64(-1.4515294343286922), np.float64(8.129866590132905e-05), np.float64(9.81))","(np.float64(-17.92638851395934), np.float64(0.0010040385238814162), 0)","(np.float64(-111.59176849939685), np.float64(0.006250139811161819), 0)",613.125,-90.72058964554326,0.005081166618833066,0.0,613.125,-90.72058964554326,0.005081166618833066,0.0,613.125,-90.72058964554326,0.005081166618833066,0.0,613.125,-90.72058964554326,0.005081166618833066,0.0,0.0,0.0,0.0
1240,"(np.float64(-1.4515294343286922), np.float64(8.129866590132905e-05), np.float64(9.81))","(np.float64(-17.998964985675773), np.float64(0.0010081034571764826), 0)","(np.float64(-112.49353116047355), np.float64(0.00630064660735302), 0)",613.125,-90.72058964554326,0.005081166618833066,0.0,613.125,-90.72058964554326,0.005081166618833066,0.0,613.125,-90.72058964554326,0.005081166618833066,0.0,613.125,-90.72058964554326,0.005081166618833066,0.0,0.0,0.0,0.0
1245,"(np.float64(-1.4515294343286922), np.float64(8.129866590132905e-05), np.float64(9.81))","(np.float64(-18.071541457392208), np.float64(0.0010121683904715491), 0)","(np.float64(-113.39892264513607), np.float64(0.006351356650208974), 0)",613.125,-90.72058964554326,0.005081166618833066,0.0,613.125,-90.72058964554326,0.005081166618833066,0.0,613.125,-90.72058964554326,0.005081166618833066,0.0,613.125,-90.72058964554326,0.005081166618833066,0.0,0.0,0.0,0.0
1250,"(np.float64(-1.4515294343286922), np.float64(8.129866590132905e-05), np.float64(9.81))","(np.float64(-18.144117929108642), np.float64(0.0010162333237666156), 0)","(np.float64(-114.30794295338441), np.float64(0.006402269939729682), 0)",613.125,-90.72058964554326,0.005081166618833066,0.0,613.125,-90.72058964554326,0.005081166618833066,0.0,613.125,-90.72058964554326,0.005081166618833066,0.0,613.125,-90.72058964554326,0.005081166618833066,0.0,0.0,0.0,0.0
1255,"(np.float64(-1.4515294343286922), np.float64(8.129866590132905e-05), np.float64(9.81))","(np.float64(-18.216694400825077), np.float64(0.001020298257061682), 0)","(np.float64(-115.22059208521857), np.float64(0.0064533864759151426), 0)",613.125,-90.72058964554326,0.005081166618833066,0.0,613.125,-90.72058964554326,0.005081166618833066,0.0,613.125,-90.72058964554326,0.005081166618833066,0.0,613.125,-90.72058964554326,0.005081166618833066,0.0,0.0,0.0,0.0
1260,"(np.float64(-1.4515294343286922), np.float64(8.129866590132905e-05), np.float64(9.81))","(np.float64(-18.28927087254151), np.float64(0.0010243631903567485), 0)","(np.float64(-116.13687004063856), np.float64(0.006504706258765357), 0)",613.125,-90.72058964554326,0.005081166618833066,0.0,613.125,-90.72058964554326,0.005081166618833066,0.0,613.125,-90.72058964554326,0.005081166618833066,0.0,613.125,-90.72058964554326,0.005081166618833066,0.0,0.0,0.0,0.0
1265,"(np.float64(-1.4515294343286922), np.float64(8.129866590132905e-05), np.float64(9.81))","(np.float64(-18.361847344257946), np.float64(0.001028428123651815), 0)","(np.float64(-117.05677681964436), np.float64(0.006556229288280324), 0)",613.125,-90.72058964554326,0.005081166618833066,0.0,613.125,-90.72058964554326,0.005081166618833066,0.0,613.125,-90.72058964554326,0.005081166618833066,0.0,613.125,-90.72058964554326,0.005081166618833066,0.0,0.0,0.0,0.0
1270,"(np.float64(-1.4515294343286922), np.float64(8.129866590132905e-05), np.float64(9.81))","(np.float64(-18.43442381597438), np.float64(0.0010324930569468815), 0)","(np.float64(-117.98031242223598), np.float64(0.006607955564460045), 0)",613.125,-90.72058964554326,0.005081166618833066,0.0,613.125,-90.72058964554326,0.005081166618833066,0.0,613.125,-90.72058964554326,0.005081166618833066,0.0,613.125,-90.72058964554326,0.005081166618833066,0.0,0.0,0.0,0.0
1275,"(np.float64(-1.4515294343286922), np.float64(8.129866590132905e-05), np.float64(9.81))","(np.float64(-18.507000287690815), np.float64(0.001036557990241948), 0)","(np.float64(-118.90747684841342), np.float64(0.0066598850873045195), 0)",613.125,-90.72058964554326,0.005081166618833066,0.0,613.125,-90.72058964554326,0.005081166618833066,0.0,613.125,-90.72058964554326,0.005081166618833066,0.0,613.125,-90.72058964554326,0.005081166618833066,0.0,0.0,0.0,0.0
1280,"(np.float64(-1.4515294343286922), np.float64(8.129866590132905e-05), np.float64(9.81))","(np.float64(-18.57957675940725), np.float64(0.0010406229235370144), 0)","(np.float64(-119.8382700981767), np.float64(0.006712017856813747), 0)",613.125,-90.72058964554326,0.005081166618833066,0.0,613.125,-90.72058964554326,0.005081166618833066,0.0,613.125,-90.72058964554326,0.005081166618833066,0.0,613.125,-90.72058964554326,0.005081166618833066,0.0,0.0,0.0,0.0
1285,"(np.float64(-1.4515294343286922), np.float64(8.129866590132905e-05), np.float64(9.81))","(np.float64(-18.652153231123684), np.float64(0.0010446878568320809), 0)","(np.float64(-120.77269217152579), np.float64(0.006764353872987728), 0)",613.125,-90.72058964554326,0.005081166618833066,0.0,613.125,-90.72058964554326,0.005081166618833066,0.0,613.125,-90.72058964554326,0.005081166618833066,0.0,613.125,-90.72058964554326,0.005081166618833066,0.0,0.0,0.0,0.0
1290,"(np.float64(-1.4515294343286922), np.float64(8.129866590132905e-05), np.float64(9.81))","(np.float64(-18.72472970284012), np.float64(0.0010487527901271473), 0)","(np.float64(-121.7107430684607), np.float64(0.006816893135826462), 0)",613.125,-90.72058964554326,0.005081166618833066,0.0,613.125,-90.72058964554326,0.005081166618833066,0.0,613.125,-90.72058964554326,0.005081166618833066,0.0,613.125,-90.72058964554326,0.005081166618833066,0.0,0.0,0.0,0.0
1295,"(np.float64(-1.4515294343286922), np.float64(8.129866590132905e-05), np.float64(9.81))","(np.float64(-18.797306174556553), np.float64(0.0010528177234222138), 0)","(np.float64(-122.65242278898144), np.float64(0.00686963564532995), 0)",613.125,-90.72058964554326,0.005081166618833066,0.0,613.125,-90.72058964554326,0.005081166618833066,0.0,613.125,-90.72058964554326,0.005081166618833066,0.0,613.125,-90.72058964554326,0.005081166618833066,0.0,0.0,0.0,0.0
1300,"(np.float64(-1.4515294343286922), np.float64(8.129866590132905e-05), np.float64(9.81))","(np.float64(-18.869882646272988), np.float64(0.0010568826567172803), 0)","(np.float64(-123.59773133308799), np.float64(0.00692258140149819), 0)",613.125,-90.72058964554326,0.005081166618833066,0.0,613.125,-90.72058964554326,0.005081166618833066,0.0,613.125,-90.72058964554326,0.005081166618833066,0.0,613.125,-90.72058964554326,0.005081166618833066,0.0,0.0,0.0,0.0
1305,"(np.float64(-1.4515294343286922), np.float64(8.129866590132905e-05), np.float64(9.81))","(np.float64(-18.942459117989422), np.float64(0.0010609475900123467), 0)","(np.float64(-124.54666870078037), np.float64(0.006975730404331184), 0)",613.125,-90.72058964554326,0.005081166618833066,0.0,613.125,-90.72058964554326,0.005081166618833066,0.0,613.125,-90.72058964554326,0.005081166618833066,0.0,613.125,-90.72058964554326,0.005081166618833066,0.0,0.0,0.0,0.0
1310,"(np.float64(-1.4515294343286922), np.float64(8.129866590132905e-05), np.float64(9.81))","(np.float64(-19.015035589705857), np.float64(0.0010650125233074132), 0)","(np.float64(-125.49923489205857), np.float64(0.007029082653828932), 0)",613.125,-90.72058964554326,0.005081166618833066,0.0,613.125,-90.72058964554326,0.005081166618833066,0.0,613.125,-90.72058964554326,0.005081166618833066,0.0,613.125,-90.72058964554326,0.005081166618833066,0.0,0.0,0.0,0.0
1315,"(np.float64(-1.4515294343286922), np.float64(8.129866590132905e-05), np.float64(9.81))","(np.float64(-19.08761206142229), np.float64(0.0010690774566024797), 0)","(np.float64(-126.45542990692259), np.float64(0.007082638149991433), 0)",613.125,-90.72058964554326,0.005081166618833066,0.0,613.125,-90.72058964554326,0.005081166618833066,0.0,613.125,-90.72058964554326,0.005081166618833066,0.0,613.125,-90.72058964554326,0.005081166618833066,0.0,0.0,0.0,0.0
1320,"(np.float64(-1.4515294343286922), np.float64(8.129866590132905e-05), np.float64(9.81))","(np.float64(-19.160188533138726), np.float64(0.0010731423898975461), 0)","(np.float64(-127.41525374537244), np.float64(0.007136396892818687), 0)",613.125,-90.72058964554326,0.005081166618833066,0.0,613.125,-90.72058964554326,0.005081166618833066,0.0,613.125,-90.72058964554326,0.005081166618833066,0.0,613.125,-90.72058964554326,0.005081166618833066,0.0,0.0,0.0,0.0
1325,"(np.float64(-1.4515294343286922), np.float64(8.129866590132905e-05), np.float64(9.81))","(np.float64(-19.23276500485516), np.float64(0.0010772073231926126), 0)","(np.float64(-128.37870640740812), np.float64(0.007190358882310694), 0)",613.125,-90.72058964554326,0.005081166618833066,0.0,613.125,-90.72058964554326,0.005081166618833066,0.0,613.125,-90.72058964554326,0.005081166618833066,0.0,613.125,-90.72058964554326,0.005081166618833066,0.0,0.0,0.0,0.0
1330,"(np.float64(-1.4515294343286922), np.float64(8.129866590132905e-05), np.float64(9.81))","(np.float64(-19.305341476571595), np.float64(0.001081272256487679), 0)","(np.float64(-129.3457878930296), np.float64(0.007244524118467455), 0)",613.125,-90.72058964554326,0.005081166618833066,0.0,613.125,-90.72058964554326,0.005081166618833066,0.0,613.125,-90.72058964554326,0.005081166618833066,0.0,613.125,-90.72058964554326,0.005081166618833066,0.0,0.0,0.0,0.0
1335,"(np.float64(-1.4515294343286922), np.float64(8.129866590132905e-05), np.float64(9.81))","(np.float64(-19.37791794828803), np.float64(0.0010853371897827455), 0)","(np.float64(-130.31649820223691), np.float64(0.007298892601288969), 0)",613.125,-90.72058964554326,0.005081166618833066,0.0,613.125,-90.72058964554326,0.005081166618833066,0.0,613.125,-90.72058964554326,0.005081166618833066,0.0,613.125,-90.72058964554326,0.005081166618833066,0.0,0.0,0.0,0.0
1340,"(np.float64(-1.4515294343286922), np.float64(8.129866590132905e-05), np.float64(9.81))","(np.float64(-19.450494420004464), np.float64(0.001089402123077812), 0)","(np.float64(-131.29083733503003), np.float64(0.007353464330775236), 0)",613.125,-90.72058964554326,0.005081166618833066,0.0,613.125,-90.72058964554326,0.005081166618833066,0.0,613.125,-90.72058964554326,0.005081166618833066,0.0,613.125,-90.72058964554326,0.005081166618833066,0.0,0.0,0.0,0.0
1345,"(np.float64(-1.4515294343286922), np.float64(8.129866590132905e-05), np.float64(9.81))","(np.float64(-19.5230708917209), np.float64(0.0010934670563728785), 0)","(np.float64(-132.268805291409), np.float64(0.007408239306926257), 0)",613.125,-90.72058964554326,0.005081166618833066,0.0,613.125,-90.72058964554326,0.005081166618833066,0.0,613.125,-90.72058964554326,0.005081166618833066,0.0,613.125,-90.72058964554326,0.005081166618833066,0.0,0.0,0.0,0.0
1350,"(np.float64(-1.4515294343286922), np.float64(8.129866590132905e-05), np.float64(9.81))","(np.float64(-19.595647363437333), np.float64(0.001097531989667945), 0)","(np.float64(-133.25040207137377), np.float64(0.007463217529742031), 0)",613.125,-90.72058964554326,0.005081166618833066,0.0,613.125,-90.72058964554326,0.005081166618833066,0.0,613.125,-90.72058964554326,0.005081166618833066,0.0,613.125,-90.72058964554326,0.005081166618833066,0.0,0.0,0.0,0.0
1355,"(np.float64(-1.4515294343286922), np.float64(8.129866590132905e-05), np.float64(9.81))","(np.float64(-19.668223835153768), np.float64(0.0011015969229630114), 0)","(np.float64(-134.23562767492436), np.float64(0.007518398999222558), 0)",613.125,-90.72058964554326,0.005081166618833066,0.0,613.125,-90.72058964554326,0.005081166618833066,0.0,613.125,-90.72058964554326,0.005081166618833066,0.0,613.125,-90.72058964554326,0.005081166618833066,0.0,0.0,0.0,0.0
1360,"(np.float64(-1.4515294343286922), np.float64(8.129866590132905e-05), np.float64(9.81))","(np.float64(-19.740800306870202), np.float64(0.0011056618562580779), 0)","(np.float64(-135.2244821020608), np.float64(0.0075737837153678385), 0)",613.125,-90.72058964554326,0.005081166618833066,0.0,613.125,-90.72058964554326,0.005081166618833066,0.0,613.125,-90.72058964554326,0.005081166618833066,0.0,613.125,-90.72058964554326,0.005081166618833066,0.0,0.0,0.0,0.0
1365,"(np.float64(-1.4515294343286922), np.float64(8.129866590132905e-05), np.float64(9.81))","(np.float64(-19.813376778586637), np.float64(0.0011097267895531443), 0)","(np.float64(-136.21696535278303), np.float64(0.007629371678177873), 0)",613.125,-90.72058964554326,0.005081166618833066,0.0,613.125,-90.72058964554326,0.005081166618833066,0.0,613.125,-90.72058964554326,0.005081166618833066,0.0,613.125,-90.72058964554326,0.005081166618833066,0.0,0.0,0.0,0.0
1370,"(np.float64(-1.4515294343286922), np.float64(8.129866590132905e-05), np.float64(9.81))","(np.float64(-19.88595325030307), np.float64(0.0011137917228482108), 0)","(np.float64(-137.2130774270911), np.float64(0.00768516288765266), 0)",613.125,-90.72058964554326,0.005081166618833066,0.0,613.125,-90.72058964554326,0.005081166618833066,0.0,613.125,-90.72058964554326,0.005081166618833066,0.0,613.125,-90.72058964554326,0.005081166618833066,0.0,0.0,0.0,0.0
1375,"(np.float64(-1.4515294343286922), np.float64(8.129866590132905e-05), np.float64(9.81))","(np.float64(-19.958529722019506), np.float64(0.0011178566561432773), 0)","(np.float64(-138.21281832498497), np.float64(0.007741157343792201), 0)",613.125,-90.72058964554326,0.005081166618833066,0.0,613.125,-90.72058964554326,0.005081166618833066,0.0,613.125,-90.72058964554326,0.005081166618833066,0.0,613.125,-90.72058964554326,0.005081166618833066,0.0,0.0,0.0,0.0
1380,"(np.float64(-1.4515294343286922), np.float64(8.129866590132905e-05), np.float64(9.81))","(np.float64(-20.03110619373594), np.float64(0.0011219215894383437), 0)","(np.float64(-139.21618804646468), np.float64(0.007797355046596495), 0)",613.125,-90.72058964554326,0.005081166618833066,0.0,613.125,-90.72058964554326,0.005081166618833066,0.0,613.125,-90.72058964554326,0.005081166618833066,0.0,613.125,-90.72058964554326,0.005081166618833066,0.0,0.0,0.0,0.0
1385,"(np.float64(-1.4515294343286922), np.float64(8.129866590132905e-05), np.float64(9.81))","(np.float64(-20.103682665452375), np.float64(0.0011259865227334102), 0)","(np.float64(-140.2231865915302), np.float64(0.007853755996065541), 0)",613.125,-90.72058964554326,0.005081166618833066,0.0,613.125,-90.72058964554326,0.005081166618833066,0.0,613.125,-90.72058964554326,0.005081166618833066,0.0,613.125,-90.72058964554326,0.005081166618833066,0.0,0.0,0.0,0.0
1390,"(np.float64(-1.4515294343286922), np.float64(8.129866590132905e-05), np.float64(9.81))","(np.float64(-20.17625913716881), np.float64(0.0011300514560284767), 0)","(np.float64(-141.23381396018155), np.float64(0.007910360192199341), 0)",613.125,-90.72058964554326,0.005081166618833066,0.0,613.125,-90.72058964554326,0.005081166618833066,0.0,613.125,-90.72058964554326,0.005081166618833066,0.0,613.125,-90.72058964554326,0.005081166618833066,0.0,0.0,0.0,0.0
1395,"(np.float64(-1.4515294343286922), np.float64(8.129866590132905e-05), np.float64(9.81))","(np.float64(-20.248835608885244), np.float64(0.0011341163893235431), 0)","(np.float64(-142.2480701524187), np.float64(0.007967167634997895), 0)",613.125,-90.72058964554326,0.005081166618833066,0.0,613.125,-90.72058964554326,0.005081166618833066,0.0,613.125,-90.72058964554326,0.005081166618833066,0.0,613.125,-90.72058964554326,0.005081166618833066,0.0,0.0,0.0,0.0
1400,"(np.float64(-1.4515294343286922), np.float64(8.129866590132905e-05), np.float64(9.81))","(np.float64(-20.32141208060168), np.float64(0.0011381813226186096), 0)","(np.float64(-143.2659551682417), np.float64(0.0080241783244612), 0)",613.125,-90.72058964554326,0.005081166618833066,0.0,613.125,-90.72058964554326,0.005081166618833066,0.0,613.125,-90.72058964554326,0.005081166618833066,0.0,613.125,-90.72058964554326,0.005081166618833066,0.0,0.0,0.0,0.0
1405,"(np.float64(-1.4515294343286922), np.float64(8.129866590132905e-05), np.float64(9.81))","(np.float64(-20.393988552318113), np.float64(0.001142246255913676), 0)","(np.float64(-144.28746900765051), np.float64(0.00808139226058926), 0)",613.125,-90.72058964554326,0.005081166618833066,0.0,613.125,-90.72058964554326,0.005081166618833066,0.0,613.125,-90.72058964554326,0.005081166618833066,0.0,613.125,-90.72058964554326,0.005081166618833066,0.0,0.0,0.0,0.0
1410,"(np.float64(-1.4515294343286922), np.float64(8.129866590132905e-05), np.float64(9.81))","(np.float64(-20.466565024034548), np.float64(0.0011463111892087425), 0)","(np.float64(-145.31261167064514), np.float64(0.008138809443382073), 0)",613.125,-90.72058964554326,0.005081166618833066,0.0,613.125,-90.72058964554326,0.005081166618833066,0.0,613.125,-90.72058964554326,0.005081166618833066,0.0,613.125,-90.72058964554326,0.005081166618833066,0.0,0.0,0.0,0.0
1415,"(np.float64(-1.4515294343286922), np.float64(8.129866590132905e-05), np.float64(9.81))","(np.float64(-20.539141495750982), np.float64(0.001150376122503809), 0)","(np.float64(-146.3413831572256), np.float64(0.008196429872839639), 0)",613.125,-90.72058964554326,0.005081166618833066,0.0,613.125,-90.72058964554326,0.005081166618833066,0.0,613.125,-90.72058964554326,0.005081166618833066,0.0,613.125,-90.72058964554326,0.005081166618833066,0.0,0.0,0.0,0.0
1420,"(np.float64(-1.4515294343286922), np.float64(8.129866590132905e-05), np.float64(9.81))","(np.float64(-20.611717967467417), np.float64(0.0011544410557988755), 0)","(np.float64(-147.3737834673919), np.float64(0.008254253548961959), 0)",613.125,-90.72058964554326,0.005081166618833066,0.0,613.125,-90.72058964554326,0.005081166618833066,0.0,613.125,-90.72058964554326,0.005081166618833066,0.0,613.125,-90.72058964554326,0.005081166618833066,0.0,0.0,0.0,0.0
1425,"(np.float64(-1.4515294343286922), np.float64(8.129866590132905e-05), np.float64(9.81))","(np.float64(-20.68429443918385), np.float64(0.001158505989093942), 0)","(np.float64(-148.40981260114398), np.float64(0.008312280471749032), 0)",613.125,-90.72058964554326,0.005081166618833066,0.0,613.125,-90.72058964554326,0.005081166618833066,0.0,613.125,-90.72058964554326,0.005081166618833066,0.0,613.125,-90.72058964554326,0.005081166618833066,0.0,0.0,0.0,0.0
1430,"(np.float64(-1.4515294343286922), np.float64(8.129866590132905e-05), np.float64(9.81))","(np.float64(-20.756870910900286), np.float64(0.0011625709223890084), 0)","(np.float64(-149.4494705584819), np.float64(0.00837051064120086), 0)",613.125,-90.72058964554326,0.005081166618833066,0.0,613.125,-90.72058964554326,0.005081166618833066,0.0,613.125,-90.72058964554326,0.005081166618833066,0.0,613.125,-90.72058964554326,0.005081166618833066,0.0,0.0,0.0,0.0
1435,"(np.float64(-1.4515294343286922), np.float64(8.129866590132905e-05), np.float64(9.81))","(np.float64(-20.82944738261672), np.float64(0.0011666358556840749), 0)","(np.float64(-150.49275733940564), np.float64(0.008428944057317438), 0)",613.125,-90.72058964554326,0.005081166618833066,0.0,613.125,-90.72058964554326,0.005081166618833066,0.0,613.125,-90.72058964554326,0.005081166618833066,0.0,613.125,-90.72058964554326,0.005081166618833066,0.0,0.0,0.0,0.0
1440,"(np.float64(-1.4515294343286922), np.float64(8.129866590132905e-05), np.float64(9.81))","(np.float64(-20.902023854333155), np.float64(0.0011707007889791413), 0)","(np.float64(-151.5396729439152), np.float64(0.00848758072009877), 0)",613.125,-90.72058964554326,0.005081166618833066,0.0,613.125,-90.72058964554326,0.005081166618833066,0.0,613.125,-90.72058964554326,0.005081166618833066,0.0,613.125,-90.72058964554326,0.005081166618833066,0.0,0.0,0.0,0.0
1445,"(np.float64(-1.4515294343286922), np.float64(8.129866590132905e-05), np.float64(9.81))","(np.float64(-20.97460032604959), np.float64(0.0011747657222742078), 0)","(np.float64(-152.59021737201058), np.float64(0.008546420629544856), 0)",613.125,-90.72058964554326,0.005081166618833066,0.0,613.125,-90.72058964554326,0.005081166618833066,0.0,613.125,-90.72058964554326,0.005081166618833066,0.0,613.125,-90.72058964554326,0.005081166618833066,0.0,0.0,0.0,0.0
1450,"(np.float64(-1.4515294343286922), np.float64(8.129866590132905e-05), np.float64(9.81))","(np.float64(-21.047176797766024), np.float64(0.0011788306555692743), 0)","(np.float64(-153.6443906236918), np.float64(0.008605463785655696), 0)",613.125,-90.72058964554326,0.005081166618833066,0.0,613.125,-90.72058964554326,0.005081166618833066,0.0,613.125,-90.72058964554326,0.005081166618833066,0.0,613.125,-90.72058964554326,0.005081166618833066,0.0,0.0,0.0,0.0
1455,"(np.float64(-1.4515294343286922), np.float64(8.129866590132905e-05), np.float64(9.81))","(np.float64(-21.11975326948246), np.float64(0.0011828955888643407), 0)","(np.float64(-154.70219269895884), np.float64(0.008664710188431289), 0)",613.125,-90.72058964554326,0.005081166618833066,0.0,613.125,-90.72058964554326,0.005081166618833066,0.0,613.125,-90.72058964554326,0.005081166618833066,0.0,613.125,-90.72058964554326,0.005081166618833066,0.0,0.0,0.0,0.0
1460,"(np.float64(-1.4515294343286922), np.float64(8.129866590132905e-05), np.float64(9.81))","(np.float64(-21.192329741198893), np.float64(0.0011869605221594072), 0)","(np.float64(-155.7636235978117), np.float64(0.008724159837871635), 0)",613.125,-90.72058964554326,0.005081166618833066,0.0,613.125,-90.72058964554326,0.005081166618833066,0.0,613.125,-90.72058964554326,0.005081166618833066,0.0,613.125,-90.72058964554326,0.005081166618833066,0.0,0.0,0.0,0.0
1465,"(np.float64(-1.4515294343286922), np.float64(8.129866590132905e-05), np.float64(9.81))","(np.float64(-21.264906212915328), np.float64(0.0011910254554544737), 0)","(np.float64(-156.82868332025035), np.float64(0.008783812733976736), 0)",613.125,-90.72058964554326,0.005081166618833066,0.0,613.125,-90.72058964554326,0.005081166618833066,0.0,613.125,-90.72058964554326,0.005081166618833066,0.0,613.125,-90.72058964554326,0.005081166618833066,0.0,0.0,0.0,0.0
1470,"(np.float64(-1.4515294343286922), np.float64(8.129866590132905e-05), np.float64(9.81))","(np.float64(-21.337482684631762), np.float64(0.0011950903887495402), 0)","(np.float64(-157.89737186627485), np.float64(0.00884366887674659), 0)",613.125,-90.72058964554326,0.005081166618833066,0.0,613.125,-90.72058964554326,0.005081166618833066,0.0,613.125,-90.72058964554326,0.005081166618833066,0.0,613.125,-90.72058964554326,0.005081166618833066,0.0,0.0,0.0,0.0
1475,"(np.float64(-1.4515294343286922), np.float64(8.129866590132905e-05), np.float64(9.81))","(np.float64(-21.410059156348197), np.float64(0.0011991553220446066), 0)","(np.float64(-158.96968923588517), np.float64(0.008903728266181195), 0)",613.125,-90.72058964554326,0.005081166618833066,0.0,613.125,-90.72058964554326,0.005081166618833066,0.0,613.125,-90.72058964554326,0.005081166618833066,0.0,613.125,-90.72058964554326,0.005081166618833066,0.0,0.0,0.0,0.0
1480,"(np.float64(-1.4515294343286922), np.float64(8.129866590132905e-05), np.float64(9.81))","(np.float64(-21.48263562806463), np.float64(0.001203220255339673), 0)","(np.float64(-160.0456354290813), np.float64(0.008963990902280554), 0)",613.125,-90.72058964554326,0.005081166618833066,0.0,613.125,-90.72058964554326,0.005081166618833066,0.0,613.125,-90.72058964554326,0.005081166618833066,0.0,613.125,-90.72058964554326,0.005081166618833066,0.0,0.0,0.0,0.0
1485,"(np.float64(-1.4515294343286922), np.float64(8.129866590132905e-05), np.float64(9.81))","(np.float64(-21.555212099781066), np.float64(0.0012072851886347396), 0)","(np.float64(-161.12521044586327), np.float64(0.009024456785044667), 0)",613.125,-90.72058964554326,0.005081166618833066,0.0,613.125,-90.72058964554326,0.005081166618833066,0.0,613.125,-90.72058964554326,0.005081166618833066,0.0,613.125,-90.72058964554326,0.005081166618833066,0.0,0.0,0.0,0.0
1490,"(np.float64(-1.4515294343286922), np.float64(8.129866590132905e-05), np.float64(9.81))","(np.float64(-21.6277885714975), np.float64(0.001211350121929806), 0)","(np.float64(-162.20841428623106), np.float64(0.009085125914473533), 0)",613.125,-90.72058964554326,0.005081166618833066,0.0,613.125,-90.72058964554326,0.005081166618833066,0.0,613.125,-90.72058964554326,0.005081166618833066,0.0,613.125,-90.72058964554326,0.005081166618833066,0.0,0.0,0.0,0.0
1495,"(np.float64(-1.4515294343286922), np.float64(8.129866590132905e-05), np.float64(9.81))","(np.float64(-21.700365043213935), np.float64(0.0012154150552248725), 0)","(np.float64(-163.29524695018466), np.float64(0.009145998290567153), 0)",613.125,-90.72058964554326,0.005081166618833066,0.0,613.125,-90.72058964554326,0.005081166618833066,0.0,613.125,-90.72058964554326,0.005081166618833066,0.0,613.125,-90.72058964554326,0.005081166618833066,0.0,0.0,0.0,0.0
1500,"(np.float64(-1.4515294343286922), np.float64(8.129866590132905e-05), np.float64(9.81))","(np.float64(-21.77294151493037), np.float64(0.001219479988519939), 0)","(np.float64(-164.38570843772408), np.float64(0.009207073913325526), 0)",613.125,-90.72058964554326,0.005081166618833066,0.0,613.125,-90.72058964554326,0.005081166618833066,0.0,613.125,-90.72058964554326,0.005081166618833066,0.0,613.125,-90.72058964554326,0.005081166618833066,0.0,0.0,0.0,0.0
1505,"(np.float64(-1.4515294343286922), np.float64(8.129866590132905e-05), np.float64(9.81))","(np.float64(-21.845517986646804), np.float64(0.0012235449218150054), 0)","(np.float64(-165.47979874884933), np.float64(0.009268352782748653), 0)",613.125,-90.72058964554326,0.005081166618833066,0.0,613.125,-90.72058964554326,0.005081166618833066,0.0,613.125,-90.72058964554326,0.005081166618833066,0.0,613.125,-90.72058964554326,0.005081166618833066,0.0,0.0,0.0,0.0
1510,"(np.float64(-1.4515294343286922), np.float64(8.129866590132905e-05), np.float64(9.81))","(np.float64(-21.91809445836324), np.float64(0.001227609855110072), 0)","(np.float64(-166.5775178835604), np.float64(0.009329834898836532), 0)",613.125,-90.72058964554326,0.005081166618833066,0.0,613.125,-90.72058964554326,0.005081166618833066,0.0,613.125,-90.72058964554326,0.005081166618833066,0.0,613.125,-90.72058964554326,0.005081166618833066,0.0,0.0,0.0,0.0
1515,"(np.float64(-1.4515294343286922), np.float64(8.129866590132905e-05), np.float64(9.81))","(np.float64(-21.990670930079673), np.float64(0.0012316747884051384), 0)","(np.float64(-167.6788658418573), np.float64(0.009391520261589164), 0)",613.125,-90.72058964554326,0.005081166618833066,0.0,613.125,-90.72058964554326,0.005081166618833066,0.0,613.125,-90.72058964554326,0.005081166618833066,0.0,613.125,-90.72058964554326,0.005081166618833066,0.0,0.0,0.0,0.0
1520,"(np.float64(-1.4515294343286922), np.float64(8.129866590132905e-05), np.float64(9.81))","(np.float64(-22.063247401796108), np.float64(0.0012357397217002048), 0)","(np.float64(-168.78384262374001), np.float64(0.00945340887100655), 0)",613.125,-90.72058964554326,0.005081166618833066,0.0,613.125,-90.72058964554326,0.005081166618833066,0.0,613.125,-90.72058964554326,0.005081166618833066,0.0,613.125,-90.72058964554326,0.005081166618833066,0.0,0.0,0.0,0.0
1525,"(np.float64(-1.4515294343286922), np.float64(8.129866590132905e-05), np.float64(9.81))","(np.float64(-22.135823873512543), np.float64(0.0012398046549952713), 0)","(np.float64(-169.89244822920855), np.float64(0.00951550072708869), 0)",613.125,-90.72058964554326,0.005081166618833066,0.0,613.125,-90.72058964554326,0.005081166618833066,0.0,613.125,-90.72058964554326,0.005081166618833066,0.0,613.125,-90.72058964554326,0.005081166618833066,0.0,0.0,0.0,0.0
1530,"(np.float64(-1.4515294343286922), np.float64(8.129866590132905e-05), np.float64(9.81))","(np.float64(-22.208400345228977), np.float64(0.0012438695882903378), 0)","(np.float64(-171.0046826582629), np.float64(0.009577795829835582), 0)",613.125,-90.72058964554326,0.005081166618833066,0.0,613.125,-90.72058964554326,0.005081166618833066,0.0,613.125,-90.72058964554326,0.005081166618833066,0.0,613.125,-90.72058964554326,0.005081166618833066,0.0,0.0,0.0,0.0
1535,"(np.float64(-1.4515294343286922), np.float64(8.129866590132905e-05), np.float64(9.81))","(np.float64(-22.28097681694541), np.float64(0.0012479345215854042), 0)","(np.float64(-172.12054591090308), np.float64(0.009640294179247229), 0)",613.125,-90.72058964554326,0.005081166618833066,0.0,613.125,-90.72058964554326,0.005081166618833066,0.0,613.125,-90.72058964554326,0.005081166618833066,0.0,613.125,-90.72058964554326,0.005081166618833066,0.0,0.0,0.0,0.0
1540,"(np.float64(-1.4515294343286922), np.float64(8.129866590132905e-05), np.float64(9.81))","(np.float64(-22.353553288661846), np.float64(0.0012519994548804707), 0)","(np.float64(-173.24003798712909), np.float64(0.009702995775323629), 0)",613.125,-90.72058964554326,0.005081166618833066,0.0,613.125,-90.72058964554326,0.005081166618833066,0.0,613.125,-90.72058964554326,0.005081166618833066,0.0,613.125,-90.72058964554326,0.005081166618833066,0.0,0.0,0.0,0.0
1545,"(np.float64(-1.4515294343286922), np.float64(8.129866590132905e-05), np.float64(9.81))","(np.float64(-22.42612976037828), np.float64(0.0012560643881755372), 0)","(np.float64(-174.3631588869409), np.float64(0.009765900618064781), 0)",613.125,-90.72058964554326,0.005081166618833066,0.0,613.125,-90.72058964554326,0.005081166618833066,0.0,613.125,-90.72058964554326,0.005081166618833066,0.0,613.125,-90.72058964554326,0.005081166618833066,0.0,0.0,0.0,0.0
1550,"(np.float64(-1.4515294343286922), np.float64(8.129866590132905e-05), np.float64(9.81))","(np.float64(-22.498706232094715), np.float64(0.0012601293214706036), 0)","(np.float64(-175.48990861033855), np.float64(0.009829008707470686), 0)",613.125,-90.72058964554326,0.005081166618833066,0.0,613.125,-90.72058964554326,0.005081166618833066,0.0,613.125,-90.72058964554326,0.005081166618833066,0.0,613.125,-90.72058964554326,0.005081166618833066,0.0,0.0,0.0,0.0
1555,"(np.float64(-1.4515294343286922), np.float64(8.129866590132905e-05), np.float64(9.81))","(np.float64(-22.57128270381115), np.float64(0.00126419425476567), 0)","(np.float64(-176.620287157322), np.float64(0.009892320043541345), 0)",613.125,-90.72058964554326,0.005081166618833066,0.0,613.125,-90.72058964554326,0.005081166618833066,0.0,613.125,-90.72058964554326,0.005081166618833066,0.0,613.125,-90.72058964554326,0.005081166618833066,0.0,0.0,0.0,0.0
1560,"(np.float64(-1.4515294343286922), np.float64(8.129866590132905e-05), np.float64(9.81))","(np.float64(-22.643859175527584), np.float64(0.0012682591880607366), 0)","(np.float64(-177.7542945278913), np.float64(0.009955834626276758), 0)",613.125,-90.72058964554326,0.005081166618833066,0.0,613.125,-90.72058964554326,0.005081166618833066,0.0,613.125,-90.72058964554326,0.005081166618833066,0.0,613.125,-90.72058964554326,0.005081166618833066,0.0,0.0,0.0,0.0
1565,"(np.float64(-1.4515294343286922), np.float64(8.129866590132905e-05), np.float64(9.81))","(np.float64(-22.71643564724402), np.float64(0.001272324121355803), 0)","(np.float64(-178.8919307220464), np.float64(0.010019552455676924), 0)",613.125,-90.72058964554326,0.005081166618833066,0.0,613.125,-90.72058964554326,0.005081166618833066,0.0,613.125,-90.72058964554326,0.005081166618833066,0.0,613.125,-90.72058964554326,0.005081166618833066,0.0,0.0,0.0,0.0
1570,"(np.float64(-1.4515294343286922), np.float64(8.129866590132905e-05), np.float64(9.81))","(np.float64(-22.789012118960454), np.float64(0.0012763890546508695), 0)","(np.float64(-180.03319573978732), np.float64(0.010083473531741844), 0)",613.125,-90.72058964554326,0.005081166618833066,0.0,613.125,-90.72058964554326,0.005081166618833066,0.0,613.125,-90.72058964554326,0.005081166618833066,0.0,613.125,-90.72058964554326,0.005081166618833066,0.0,0.0,0.0,0.0
1575,"(np.float64(-1.4515294343286922), np.float64(8.129866590132905e-05), np.float64(9.81))","(np.float64(-22.861588590676888), np.float64(0.001280453987945936), 0)","(np.float64(-181.17808958111408), np.float64(0.010147597854471517), 0)",613.125,-90.72058964554326,0.005081166618833066,0.0,613.125,-90.72058964554326,0.005081166618833066,0.0,613.125,-90.72058964554326,0.005081166618833066,0.0,613.125,-90.72058964554326,0.005081166618833066,0.0,0.0,0.0,0.0
1580,"(np.float64(-1.4515294343286922), np.float64(8.129866590132905e-05), np.float64(9.81))","(np.float64(-22.934165062393323), np.float64(0.0012845189212410024), 0)","(np.float64(-182.32661224602666), np.float64(0.010211925423865944), 0)",613.125,-90.72058964554326,0.005081166618833066,0.0,613.125,-90.72058964554326,0.005081166618833066,0.0,613.125,-90.72058964554326,0.005081166618833066,0.0,613.125,-90.72058964554326,0.005081166618833066,0.0,0.0,0.0,0.0
1585,"(np.float64(-1.4515294343286922), np.float64(8.129866590132905e-05), np.float64(9.81))","(np.float64(-23.006741534109757), np.float64(0.001288583854536069), 0)","(np.float64(-183.47876373452505), np.float64(0.010276456239925123), 0)",613.125,-90.72058964554326,0.005081166618833066,0.0,613.125,-90.72058964554326,0.005081166618833066,0.0,613.125,-90.72058964554326,0.005081166618833066,0.0,613.125,-90.72058964554326,0.005081166618833066,0.0,0.0,0.0,0.0
1590,"(np.float64(-1.4515294343286922), np.float64(8.129866590132905e-05), np.float64(9.81))","(np.float64(-23.07931800582619), np.float64(0.0012926487878311354), 0)","(np.float64(-184.63454404660925), np.float64(0.010341190302649055), 0)",613.125,-90.72058964554326,0.005081166618833066,0.0,613.125,-90.72058964554326,0.005081166618833066,0.0,613.125,-90.72058964554326,0.005081166618833066,0.0,613.125,-90.72058964554326,0.005081166618833066,0.0,0.0,0.0,0.0
1595,"(np.float64(-1.4515294343286922), np.float64(8.129866590132905e-05), np.float64(9.81))","(np.float64(-23.151894477542626), np.float64(0.0012967137211262018), 0)","(np.float64(-185.7939531822793), np.float64(0.010406127612037741), 0)",613.125,-90.72058964554326,0.005081166618833066,0.0,613.125,-90.72058964554326,0.005081166618833066,0.0,613.125,-90.72058964554326,0.005081166618833066,0.0,613.125,-90.72058964554326,0.005081166618833066,0.0,0.0,0.0,0.0
1600,"(np.float64(-1.4515294343286922), np.float64(8.129866590132905e-05), np.float64(9.81))","(np.float64(-23.22447094925906), np.float64(0.0013007786544212683), 0)","(np.float64(-186.95699114153516), np.float64(0.01047126816809118), 0)",613.125,-90.72058964554326,0.005081166618833066,0.0,613.125,-90.72058964554326,0.005081166618833066,0.0,613.125,-90.72058964554326,0.005081166618833066,0.0,613.125,-90.72058964554326,0.005081166618833066,0.0,0.0,0.0,0.0
1605,"(np.float64(-1.4515294343286922), np.float64(8.129866590132905e-05), np.float64(9.81))","(np.float64(-23.297047420975495), np.float64(0.0013048435877163348), 0)","(np.float64(-188.12365792437683), np.float64(0.010536611970809373), 0)",613.125,-90.72058964554326,0.005081166618833066,0.0,613.125,-90.72058964554326,0.005081166618833066,0.0,613.125,-90.72058964554326,0.005081166618833066,0.0,613.125,-90.72058964554326,0.005081166618833066,0.0,0.0,0.0,0.0
1610,"(np.float64(-1.4515294343286922), np.float64(8.129866590132905e-05), np.float64(9.81))","(np.float64(-23.36962389269193), np.float64(0.0013089085210114012), 0)","(np.float64(-189.29395353080434), np.float64(0.01060215902019232), 0)",613.125,-90.72058964554326,0.005081166618833066,0.0,613.125,-90.72058964554326,0.005081166618833066,0.0,613.125,-90.72058964554326,0.005081166618833066,0.0,613.125,-90.72058964554326,0.005081166618833066,0.0,0.0,0.0,0.0
1615,"(np.float64(-1.4515294343286922), np.float64(8.129866590132905e-05), np.float64(9.81))","(np.float64(-23.442200364408365), np.float64(0.0013129734543064677), 0)","(np.float64(-190.46787796081767), np.float64(0.01066790931624002), 0)",613.125,-90.72058964554326,0.005081166618833066,0.0,613.125,-90.72058964554326,0.005081166618833066,0.0,613.125,-90.72058964554326,0.005081166618833066,0.0,613.125,-90.72058964554326,0.005081166618833066,0.0,0.0,0.0,0.0
1620,"(np.float64(-1.4515294343286922), np.float64(8.129866590132905e-05), np.float64(9.81))","(np.float64(-23.5147768361248), np.float64(0.0013170383876015342), 0)","(np.float64(-191.64543121441682), np.float64(0.010733862858952472), 0)",613.125,-90.72058964554326,0.005081166618833066,0.0,613.125,-90.72058964554326,0.005081166618833066,0.0,613.125,-90.72058964554326,0.005081166618833066,0.0,613.125,-90.72058964554326,0.005081166618833066,0.0,0.0,0.0,0.0
1625,"(np.float64(-1.4515294343286922), np.float64(8.129866590132905e-05), np.float64(9.81))","(np.float64(-23.587353307841234), np.float64(0.0013211033208966006), 0)","(np.float64(-192.82661329160177), np.float64(0.010800019648329677), 0)",613.125,-90.72058964554326,0.005081166618833066,0.0,613.125,-90.72058964554326,0.005081166618833066,0.0,613.125,-90.72058964554326,0.005081166618833066,0.0,613.125,-90.72058964554326,0.005081166618833066,0.0,0.0,0.0,0.0
1630,"(np.float64(-1.4515294343286922), np.float64(8.129866590132905e-05), np.float64(9.81))","(np.float64(-23.659929779557668), np.float64(0.0013251682541916671), 0)","(np.float64(-194.01142419237257), np.float64(0.010866379684371636), 0)",613.125,-90.72058964554326,0.005081166618833066,0.0,613.125,-90.72058964554326,0.005081166618833066,0.0,613.125,-90.72058964554326,0.005081166618833066,0.0,613.125,-90.72058964554326,0.005081166618833066,0.0,0.0,0.0,0.0
1635,"(np.float64(-1.4515294343286922), np.float64(8.129866590132905e-05), np.float64(9.81))","(np.float64(-23.732506251274103), np.float64(0.0013292331874867336), 0)","(np.float64(-195.19986391672919), np.float64(0.010932942967078349), 0)",613.125,-90.72058964554326,0.005081166618833066,0.0,613.125,-90.72058964554326,0.005081166618833066,0.0,613.125,-90.72058964554326,0.005081166618833066,0.0,613.125,-90.72058964554326,0.005081166618833066,0.0,0.0,0.0,0.0
1640,"(np.float64(-1.4515294343286922), np.float64(8.129866590132905e-05), np.float64(9.81))","(np.float64(-23.805082722990537), np.float64(0.0013332981207818), 0)","(np.float64(-196.3919324646716), np.float64(0.010999709496449815), 0)",613.125,-90.72058964554326,0.005081166618833066,0.0,613.125,-90.72058964554326,0.005081166618833066,0.0,613.125,-90.72058964554326,0.005081166618833066,0.0,613.125,-90.72058964554326,0.005081166618833066,0.0,0.0,0.0,0.0
1645,"(np.float64(-1.4515294343286922), np.float64(8.129866590132905e-05), np.float64(9.81))","(np.float64(-23.877659194706972), np.float64(0.0013373630540768665), 0)","(np.float64(-197.58762983619988), np.float64(0.011066679272486035), 0)",613.125,-90.72058964554326,0.005081166618833066,0.0,613.125,-90.72058964554326,0.005081166618833066,0.0,613.125,-90.72058964554326,0.005081166618833066,0.0,613.125,-90.72058964554326,0.005081166618833066,0.0,0.0,0.0,0.0
1650,"(np.float64(-1.4515294343286922), np.float64(8.129866590132905e-05), np.float64(9.81))","(np.float64(-23.950235666423406), np.float64(0.001341427987371933), 0)","(np.float64(-198.78695603131396), np.float64(0.011133852295187008), 0)",613.125,-90.72058964554326,0.005081166618833066,0.0,613.125,-90.72058964554326,0.005081166618833066,0.0,613.125,-90.72058964554326,0.005081166618833066,0.0,613.125,-90.72058964554326,0.005081166618833066,0.0,0.0,0.0,0.0
1655,"(np.float64(-1.4515294343286922), np.float64(8.129866590132905e-05), np.float64(9.81))","(np.float64(-24.02281213813984), np.float64(0.0013454929206669995), 0)","(np.float64(-199.98991105001386), np.float64(0.011201228564552733), 0)",613.125,-90.72058964554326,0.005081166618833066,0.0,613.125,-90.72058964554326,0.005081166618833066,0.0,613.125,-90.72058964554326,0.005081166618833066,0.0,613.125,-90.72058964554326,0.005081166618833066,0.0,0.0,0.0,0.0
1660,"(np.float64(-1.4515294343286922), np.float64(8.129866590132905e-05), np.float64(9.81))","(np.float64(-24.095388609856276), np.float64(0.001349557853962066), 0)","(np.float64(-201.19649489229957), np.float64(0.011268808080583212), 0)",613.125,-90.72058964554326,0.005081166618833066,0.0,613.125,-90.72058964554326,0.005081166618833066,0.0,613.125,-90.72058964554326,0.005081166618833066,0.0,613.125,-90.72058964554326,0.005081166618833066,0.0,0.0,0.0,0.0
1665,"(np.float64(-1.4515294343286922), np.float64(8.129866590132905e-05), np.float64(9.81))","(np.float64(-24.16796508157271), np.float64(0.0013536227872571324), 0)","(np.float64(-202.40670755817112), np.float64(0.011336590843278444), 0)",613.125,-90.72058964554326,0.005081166618833066,0.0,613.125,-90.72058964554326,0.005081166618833066,0.0,613.125,-90.72058964554326,0.005081166618833066,0.0,613.125,-90.72058964554326,0.005081166618833066,0.0,0.0,0.0,0.0
1670,"(np.float64(-1.4515294343286922), np.float64(8.129866590132905e-05), np.float64(9.81))","(np.float64(-24.240541553289145), np.float64(0.0013576877205521989), 0)","(np.float64(-203.6205490476285), np.float64(0.01140457685263843), 0)",613.125,-90.72058964554326,0.005081166618833066,0.0,613.125,-90.72058964554326,0.005081166618833066,0.0,613.125,-90.72058964554326,0.005081166618833066,0.0,613.125,-90.72058964554326,0.005081166618833066,0.0,0.0,0.0,0.0
1675,"(np.float64(-1.4515294343286922), np.float64(8.129866590132905e-05), np.float64(9.81))","(np.float64(-24.31311802500558), np.float64(0.0013617526538472653), 0)","(np.float64(-204.83801936067167), np.float64(0.01147276610866317), 0)",613.125,-90.72058964554326,0.005081166618833066,0.0,613.125,-90.72058964554326,0.005081166618833066,0.0,613.125,-90.72058964554326,0.005081166618833066,0.0,613.125,-90.72058964554326,0.005081166618833066,0.0,0.0,0.0,0.0
1680,"(np.float64(-1.4515294343286922), np.float64(8.129866590132905e-05), np.float64(9.81))","(np.float64(-24.385694496722014), np.float64(0.0013658175871423318), 0)","(np.float64(-206.0591184973007), np.float64(0.011541158611352662), 0)",613.125,-90.72058964554326,0.005081166618833066,0.0,613.125,-90.72058964554326,0.005081166618833066,0.0,613.125,-90.72058964554326,0.005081166618833066,0.0,613.125,-90.72058964554326,0.005081166618833066,0.0,0.0,0.0,0.0
1685,"(np.float64(-1.4515294343286922), np.float64(8.129866590132905e-05), np.float64(9.81))","(np.float64(-24.45827096843845), np.float64(0.0013698825204373983), 0)","(np.float64(-207.28384645751552), np.float64(0.011609754360706909), 0)",613.125,-90.72058964554326,0.005081166618833066,0.0,613.125,-90.72058964554326,0.005081166618833066,0.0,613.125,-90.72058964554326,0.005081166618833066,0.0,613.125,-90.72058964554326,0.005081166618833066,0.0,0.0,0.0,0.0
1690,"(np.float64(-1.4515294343286922), np.float64(8.129866590132905e-05), np.float64(9.81))","(np.float64(-24.530847440154883), np.float64(0.0013739474537324647), 0)","(np.float64(-208.51220324131617), np.float64(0.011678553356725907), 0)",613.125,-90.72058964554326,0.005081166618833066,0.0,613.125,-90.72058964554326,0.005081166618833066,0.0,613.125,-90.72058964554326,0.005081166618833066,0.0,613.125,-90.72058964554326,0.005081166618833066,0.0,0.0,0.0,0.0
1695,"(np.float64(-1.4515294343286922), np.float64(8.129866590132905e-05), np.float64(9.81))","(np.float64(-24.603423911871317), np.float64(0.0013780123870275312), 0)","(np.float64(-209.74418884870263), np.float64(0.011747555599409659), 0)",613.125,-90.72058964554326,0.005081166618833066,0.0,613.125,-90.72058964554326,0.005081166618833066,0.0,613.125,-90.72058964554326,0.005081166618833066,0.0,613.125,-90.72058964554326,0.005081166618833066,0.0,0.0,0.0,0.0
1700,"(np.float64(-1.4515294343286922), np.float64(8.129866590132905e-05), np.float64(9.81))","(np.float64(-24.676000383587752), np.float64(0.0013820773203225977), 0)","(np.float64(-210.97980327967494), np.float64(0.011816761088758164), 0)",613.125,-90.72058964554326,0.005081166618833066,0.0,613.125,-90.72058964554326,0.005081166618833066,0.0,613.125,-90.72058964554326,0.005081166618833066,0.0,613.125,-90.72058964554326,0.005081166618833066,0.0,0.0,0.0,0.0
1705,"(np.float64(-1.4515294343286922), np.float64(8.129866590132905e-05), np.float64(9.81))","(np.float64(-24.748576855304186), np.float64(0.0013861422536176641), 0)","(np.float64(-212.21904653423306), np.float64(0.011886169824771423), 0)",613.125,-90.72058964554326,0.005081166618833066,0.0,613.125,-90.72058964554326,0.005081166618833066,0.0,613.125,-90.72058964554326,0.005081166618833066,0.0,613.125,-90.72058964554326,0.005081166618833066,0.0,0.0,0.0,0.0
1710,"(np.float64(-1.4515294343286922), np.float64(8.129866590132905e-05), np.float64(9.81))","(np.float64(-24.82115332702062), np.float64(0.0013902071869127306), 0)","(np.float64(-213.461918612377), np.float64(0.011955781807449436), 0)",613.125,-90.72058964554326,0.005081166618833066,0.0,613.125,-90.72058964554326,0.005081166618833066,0.0,613.125,-90.72058964554326,0.005081166618833066,0.0,613.125,-90.72058964554326,0.005081166618833066,0.0,0.0,0.0,0.0
1715,"(np.float64(-1.4515294343286922), np.float64(8.129866590132905e-05), np.float64(9.81))","(np.float64(-24.893729798737056), np.float64(0.001394272120207797), 0)","(np.float64(-214.70841951410674), np.float64(0.012025597036792202), 0)",613.125,-90.72058964554326,0.005081166618833066,0.0,613.125,-90.72058964554326,0.005081166618833066,0.0,613.125,-90.72058964554326,0.005081166618833066,0.0,613.125,-90.72058964554326,0.005081166618833066,0.0,0.0,0.0,0.0
1720,"(np.float64(-1.4515294343286922), np.float64(8.129866590132905e-05), np.float64(9.81))","(np.float64(-24.96630627045349), np.float64(0.0013983370535028635), 0)","(np.float64(-215.95854923942233), np.float64(0.012095615512799722), 0)",613.125,-90.72058964554326,0.005081166618833066,0.0,613.125,-90.72058964554326,0.005081166618833066,0.0,613.125,-90.72058964554326,0.005081166618833066,0.0,613.125,-90.72058964554326,0.005081166618833066,0.0,0.0,0.0,0.0
1725,"(np.float64(-1.4515294343286922), np.float64(8.129866590132905e-05), np.float64(9.81))","(np.float64(-25.038882742169925), np.float64(0.00140240198679793), 0)","(np.float64(-217.21230778832373), np.float64(0.012165837235471995), 0)",613.125,-90.72058964554326,0.005081166618833066,0.0,613.125,-90.72058964554326,0.005081166618833066,0.0,613.125,-90.72058964554326,0.005081166618833066,0.0,613.125,-90.72058964554326,0.005081166618833066,0.0,0.0,0.0,0.0
1730,"(np.float64(-1.4515294343286922), np.float64(8.129866590132905e-05), np.float64(9.81))","(np.float64(-25.11145921388636), np.float64(0.0014064669200929965), 0)","(np.float64(-218.46969516081094), np.float64(0.01223626220480902), 0)",613.125,-90.72058964554326,0.005081166618833066,0.0,613.125,-90.72058964554326,0.005081166618833066,0.0,613.125,-90.72058964554326,0.005081166618833066,0.0,613.125,-90.72058964554326,0.005081166618833066,0.0,0.0,0.0,0.0
1735,"(np.float64(-1.4515294343286922), np.float64(8.129866590132905e-05), np.float64(9.81))","(np.float64(-25.184035685602794), np.float64(0.001410531853388063), 0)","(np.float64(-219.730711356884), np.float64(0.012306890420810799), 0)",613.125,-90.72058964554326,0.005081166618833066,0.0,613.125,-90.72058964554326,0.005081166618833066,0.0,613.125,-90.72058964554326,0.005081166618833066,0.0,613.125,-90.72058964554326,0.005081166618833066,0.0,0.0,0.0,0.0
1740,"(np.float64(-1.4515294343286922), np.float64(8.129866590132905e-05), np.float64(9.81))","(np.float64(-25.25661215731923), np.float64(0.0014145967866831294), 0)","(np.float64(-220.99535637654287), np.float64(0.01237772188347733), 0)",613.125,-90.72058964554326,0.005081166618833066,0.0,613.125,-90.72058964554326,0.005081166618833066,0.0,613.125,-90.72058964554326,0.005081166618833066,0.0,613.125,-90.72058964554326,0.005081166618833066,0.0,0.0,0.0,0.0
1745,"(np.float64(-1.4515294343286922), np.float64(8.129866590132905e-05), np.float64(9.81))","(np.float64(-25.329188629035663), np.float64(0.0014186617199781959), 0)","(np.float64(-222.26363021978756), np.float64(0.012448756592808616), 0)",613.125,-90.72058964554326,0.005081166618833066,0.0,613.125,-90.72058964554326,0.005081166618833066,0.0,613.125,-90.72058964554326,0.005081166618833066,0.0,613.125,-90.72058964554326,0.005081166618833066,0.0,0.0,0.0,0.0
1750,"(np.float64(-1.4515294343286922), np.float64(8.129866590132905e-05), np.float64(9.81))","(np.float64(-25.401765100752097), np.float64(0.0014227266532732623), 0)","(np.float64(-223.53553288661806), np.float64(0.012519994548804656), 0)",613.125,-90.72058964554326,0.005081166618833066,0.0,613.125,-90.72058964554326,0.005081166618833066,0.0,613.125,-90.72058964554326,0.005081166618833066,0.0,613.125,-90.72058964554326,0.005081166618833066,0.0,0.0,0.0,0.0
1755,"(np.float64(-1.4515294343286922), np.float64(8.129866590132905e-05), np.float64(9.81))","(np.float64(-25.474341572468532), np.float64(0.0014267915865683288), 0)","(np.float64(-224.8110643770344), np.float64(0.012591435751465449), 0)",613.125,-90.72058964554326,0.005081166618833066,0.0,613.125,-90.72058964554326,0.005081166618833066,0.0,613.125,-90.72058964554326,0.005081166618833066,0.0,613.125,-90.72058964554326,0.005081166618833066,0.0,0.0,0.0,0.0
1760,"(np.float64(-1.4515294343286922), np.float64(8.129866590132905e-05), np.float64(9.81))","(np.float64(-25.546918044184967), np.float64(0.0014308565198633953), 0)","(np.float64(-226.09022469103655), np.float64(0.012663080200790995), 0)",613.125,-90.72058964554326,0.005081166618833066,0.0,613.125,-90.72058964554326,0.005081166618833066,0.0,613.125,-90.72058964554326,0.005081166618833066,0.0,613.125,-90.72058964554326,0.005081166618833066,0.0,0.0,0.0,0.0
1765,"(np.float64(-1.4515294343286922), np.float64(8.129866590132905e-05), np.float64(9.81))","(np.float64(-25.6194945159014), np.float64(0.0014349214531584617), 0)","(np.float64(-227.37301382862452), np.float64(0.012734927896781293), 0)",613.125,-90.72058964554326,0.005081166618833066,0.0,613.125,-90.72058964554326,0.005081166618833066,0.0,613.125,-90.72058964554326,0.005081166618833066,0.0,613.125,-90.72058964554326,0.005081166618833066,0.0,0.0,0.0,0.0
1770,"(np.float64(-1.4515294343286922), np.float64(8.129866590132905e-05), np.float64(9.81))","(np.float64(-25.692070987617836), np.float64(0.0014389863864535282), 0)","(np.float64(-228.65943178979833), np.float64(0.012806978839436345), 0)",613.125,-90.72058964554326,0.005081166618833066,0.0,613.125,-90.72058964554326,0.005081166618833066,0.0,613.125,-90.72058964554326,0.005081166618833066,0.0,613.125,-90.72058964554326,0.005081166618833066,0.0,0.0,0.0,0.0
1775,"(np.float64(-1.4515294343286922), np.float64(8.129866590132905e-05), np.float64(9.81))","(np.float64(-25.76464745933427), np.float64(0.0014430513197485947), 0)","(np.float64(-229.94947857455796), np.float64(0.01287923302875615), 0)",613.125,-90.72058964554326,0.005081166618833066,0.0,613.125,-90.72058964554326,0.005081166618833066,0.0,613.125,-90.72058964554326,0.005081166618833066,0.0,613.125,-90.72058964554326,0.005081166618833066,0.0,0.0,0.0,0.0
1780,"(np.float64(-1.4515294343286922), np.float64(8.129866590132905e-05), np.float64(9.81))","(np.float64(-25.837223931050705), np.float64(0.0014471162530436611), 0)","(np.float64(-231.2431541829034), np.float64(0.01295169046474071), 0)",613.125,-90.72058964554326,0.005081166618833066,0.0,613.125,-90.72058964554326,0.005081166618833066,0.0,613.125,-90.72058964554326,0.005081166618833066,0.0,613.125,-90.72058964554326,0.005081166618833066,0.0,0.0,0.0,0.0
1785,"(np.float64(-1.4515294343286922), np.float64(8.129866590132905e-05), np.float64(9.81))","(np.float64(-25.90980040276714), np.float64(0.0014511811863387276), 0)","(np.float64(-232.54045861483465), np.float64(0.013024351147390022), 0)",613.125,-90.72058964554326,0.005081166618833066,0.0,613.125,-90.72058964554326,0.005081166618833066,0.0,613.125,-90.72058964554326,0.005081166618833066,0.0,613.125,-90.72058964554326,0.005081166618833066,0.0,0.0,0.0,0.0
1790,"(np.float64(-1.4515294343286922), np.float64(8.129866590132905e-05), np.float64(9.81))","(np.float64(-25.982376874483574), np.float64(0.001455246119633794), 0)","(np.float64(-233.84139187035174), np.float64(0.013097215076704088), 0)",613.125,-90.72058964554326,0.005081166618833066,0.0,613.125,-90.72058964554326,0.005081166618833066,0.0,613.125,-90.72058964554326,0.005081166618833066,0.0,613.125,-90.72058964554326,0.005081166618833066,0.0,0.0,0.0,0.0
1795,"(np.float64(-1.4515294343286922), np.float64(8.129866590132905e-05), np.float64(9.81))","(np.float64(-26.05495334620001), np.float64(0.0014593110529288605), 0)","(np.float64(-235.14595394945465), np.float64(0.013170282252682908), 0)",613.125,-90.72058964554326,0.005081166618833066,0.0,613.125,-90.72058964554326,0.005081166618833066,0.0,613.125,-90.72058964554326,0.005081166618833066,0.0,613.125,-90.72058964554326,0.005081166618833066,0.0,0.0,0.0,0.0
1800,"(np.float64(-1.4515294343286922), np.float64(8.129866590132905e-05), np.float64(9.81))","(np.float64(-26.127529817916443), np.float64(0.001463375986223927), 0)","(np.float64(-236.45414485214337), np.float64(0.01324355267532648), 0)",613.125,-90.72058964554326,0.005081166618833066,0.0,613.125,-90.72058964554326,0.005081166618833066,0.0,613.125,-90.72058964554326,0.005081166618833066,0.0,613.125,-90.72058964554326,0.005081166618833066,0.0,0.0,0.0,0.0
1805,"(np.float64(-1.4515294343286922), np.float64(8.129866590132905e-05), np.float64(9.81))","(np.float64(-26.200106289632878), np.float64(0.0014674409195189935), 0)","(np.float64(-237.76596457841794), np.float64(0.013317026344634804), 0)",613.125,-90.72058964554326,0.005081166618833066,0.0,613.125,-90.72058964554326,0.005081166618833066,0.0,613.125,-90.72058964554326,0.005081166618833066,0.0,613.125,-90.72058964554326,0.005081166618833066,0.0,0.0,0.0,0.0
1810,"(np.float64(-1.4515294343286922), np.float64(8.129866590132905e-05), np.float64(9.81))","(np.float64(-26.272682761349312), np.float64(0.00147150585281406), 0)","(np.float64(-239.0814131282783), np.float64(0.013390703260607883), 0)",613.125,-90.72058964554326,0.005081166618833066,0.0,613.125,-90.72058964554326,0.005081166618833066,0.0,613.125,-90.72058964554326,0.005081166618833066,0.0,613.125,-90.72058964554326,0.005081166618833066,0.0,0.0,0.0,0.0
1815,"(np.float64(-1.4515294343286922), np.float64(8.129866590132905e-05), np.float64(9.81))","(np.float64(-26.345259233065747), np.float64(0.0014755707861091264), 0)","(np.float64(-240.4004905017245), np.float64(0.013464583423245715), 0)",613.125,-90.72058964554326,0.005081166618833066,0.0,613.125,-90.72058964554326,0.005081166618833066,0.0,613.125,-90.72058964554326,0.005081166618833066,0.0,613.125,-90.72058964554326,0.005081166618833066,0.0,0.0,0.0,0.0
1820,"(np.float64(-1.4515294343286922), np.float64(8.129866590132905e-05), np.float64(9.81))","(np.float64(-26.41783570478218), np.float64(0.0014796357194041929), 0)","(np.float64(-241.7231966987565), np.float64(0.0135386668325483), 0)",613.125,-90.72058964554326,0.005081166618833066,0.0,613.125,-90.72058964554326,0.005081166618833066,0.0,613.125,-90.72058964554326,0.005081166618833066,0.0,613.125,-90.72058964554326,0.005081166618833066,0.0,0.0,0.0,0.0
1825,"(np.float64(-1.4515294343286922), np.float64(8.129866590132905e-05), np.float64(9.81))","(np.float64(-26.490412176498616), np.float64(0.0014837006526992593), 0)","(np.float64(-243.04953171937436), np.float64(0.01361295348851564), 0)",613.125,-90.72058964554326,0.005081166618833066,0.0,613.125,-90.72058964554326,0.005081166618833066,0.0,613.125,-90.72058964554326,0.005081166618833066,0.0,613.125,-90.72058964554326,0.005081166618833066,0.0,0.0,0.0,0.0
1830,"(np.float64(-1.4515294343286922), np.float64(8.129866590132905e-05), np.float64(9.81))","(np.float64(-26.56298864821505), np.float64(0.0014877655859943258), 0)","(np.float64(-244.37949556357802), np.float64(0.013687443391147733), 0)",613.125,-90.72058964554326,0.005081166618833066,0.0,613.125,-90.72058964554326,0.005081166618833066,0.0,613.125,-90.72058964554326,0.005081166618833066,0.0,613.125,-90.72058964554326,0.005081166618833066,0.0,0.0,0.0,0.0
1835,"(np.float64(-1.4515294343286922), np.float64(8.129866590132905e-05), np.float64(9.81))","(np.float64(-26.635565119931485), np.float64(0.0014918305192893923), 0)","(np.float64(-245.7130882313675), np.float64(0.013762136540444577), 0)",613.125,-90.72058964554326,0.005081166618833066,0.0,613.125,-90.72058964554326,0.005081166618833066,0.0,613.125,-90.72058964554326,0.005081166618833066,0.0,613.125,-90.72058964554326,0.005081166618833066,0.0,0.0,0.0,0.0
1840,"(np.float64(-1.4515294343286922), np.float64(8.129866590132905e-05), np.float64(9.81))","(np.float64(-26.70814159164792), np.float64(0.0014958954525844587), 0)","(np.float64(-247.0503097227428), np.float64(0.013837032936406176), 0)",613.125,-90.72058964554326,0.005081166618833066,0.0,613.125,-90.72058964554326,0.005081166618833066,0.0,613.125,-90.72058964554326,0.005081166618833066,0.0,613.125,-90.72058964554326,0.005081166618833066,0.0,0.0,0.0,0.0
1845,"(np.float64(-1.4515294343286922), np.float64(8.129866590132905e-05), np.float64(9.81))","(np.float64(-26.780718063364354), np.float64(0.0014999603858795252), 0)","(np.float64(-248.39116003770394), np.float64(0.013912132579032527), 0)",613.125,-90.72058964554326,0.005081166618833066,0.0,613.125,-90.72058964554326,0.005081166618833066,0.0,613.125,-90.72058964554326,0.005081166618833066,0.0,613.125,-90.72058964554326,0.005081166618833066,0.0,0.0,0.0,0.0
1850,"(np.float64(-1.4515294343286922), np.float64(8.129866590132905e-05), np.float64(9.81))","(np.float64(-26.85329453508079), np.float64(0.0015040253191745917), 0)","(np.float64(-249.73563917625088), np.float64(0.013987435468323633), 0)",613.125,-90.72058964554326,0.005081166618833066,0.0,613.125,-90.72058964554326,0.005081166618833066,0.0,613.125,-90.72058964554326,0.005081166618833066,0.0,613.125,-90.72058964554326,0.005081166618833066,0.0,0.0,0.0,0.0
1855,"(np.float64(-1.4515294343286922), np.float64(8.129866590132905e-05), np.float64(9.81))","(np.float64(-26.925871006797223), np.float64(0.0015080902524696582), 0)","(np.float64(-251.08374713838364), np.float64(0.014062941604279492), 0)",613.125,-90.72058964554326,0.005081166618833066,0.0,613.125,-90.72058964554326,0.005081166618833066,0.0,613.125,-90.72058964554326,0.005081166618833066,0.0,613.125,-90.72058964554326,0.005081166618833066,0.0,0.0,0.0,0.0
1860,"(np.float64(-1.4515294343286922), np.float64(8.129866590132905e-05), np.float64(9.81))","(np.float64(-26.998447478513658), np.float64(0.0015121551857647246), 0)","(np.float64(-252.43548392410224), np.float64(0.014138650986900104), 0)",613.125,-90.72058964554326,0.005081166618833066,0.0,613.125,-90.72058964554326,0.005081166618833066,0.0,613.125,-90.72058964554326,0.005081166618833066,0.0,613.125,-90.72058964554326,0.005081166618833066,0.0,0.0,0.0,0.0
1865,"(np.float64(-1.4515294343286922), np.float64(8.129866590132905e-05), np.float64(9.81))","(np.float64(-27.071023950230092), np.float64(0.001516220119059791), 0)","(np.float64(-253.79084953340666), np.float64(0.01421456361618547), 0)",613.125,-90.72058964554326,0.005081166618833066,0.0,613.125,-90.72058964554326,0.005081166618833066,0.0,613.125,-90.72058964554326,0.005081166618833066,0.0,613.125,-90.72058964554326,0.005081166618833066,0.0,0.0,0.0,0.0
1870,"(np.float64(-1.4515294343286922), np.float64(8.129866590132905e-05), np.float64(9.81))","(np.float64(-27.143600421946527), np.float64(0.0015202850523548576), 0)","(np.float64(-255.14984396629688), np.float64(0.01429067949213559), 0)",613.125,-90.72058964554326,0.005081166618833066,0.0,613.125,-90.72058964554326,0.005081166618833066,0.0,613.125,-90.72058964554326,0.005081166618833066,0.0,613.125,-90.72058964554326,0.005081166618833066,0.0,0.0,0.0,0.0
1875,"(np.float64(-1.4515294343286922), np.float64(8.129866590132905e-05), np.float64(9.81))","(np.float64(-27.21617689366296), np.float64(0.001524349985649924), 0)","(np.float64(-256.51246722277295), np.float64(0.014366998614750461), 0)",613.125,-90.72058964554326,0.005081166618833066,0.0,613.125,-90.72058964554326,0.005081166618833066,0.0,613.125,-90.72058964554326,0.005081166618833066,0.0,613.125,-90.72058964554326,0.005081166618833066,0.0,0.0,0.0,0.0
1880,"(np.float64(-1.4515294343286922), np.float64(8.129866590132905e-05), np.float64(9.81))","(np.float64(-27.288753365379396), np.float64(0.0015284149189449905), 0)","(np.float64(-257.87871930283484), np.float64(0.014443520984030086), 0)",613.125,-90.72058964554326,0.005081166618833066,0.0,613.125,-90.72058964554326,0.005081166618833066,0.0,613.125,-90.72058964554326,0.005081166618833066,0.0,613.125,-90.72058964554326,0.005081166618833066,0.0,0.0,0.0,0.0
1885,"(np.float64(-1.4515294343286922), np.float64(8.129866590132905e-05), np.float64(9.81))","(np.float64(-27.36132983709583), np.float64(0.001532479852240057), 0)","(np.float64(-259.24860020648254), np.float64(0.014520246599974465), 0)",613.125,-90.72058964554326,0.005081166618833066,0.0,613.125,-90.72058964554326,0.005081166618833066,0.0,613.125,-90.72058964554326,0.005081166618833066,0.0,613.125,-90.72058964554326,0.005081166618833066,0.0,0.0,0.0,0.0
1890,"(np.float64(-1.4515294343286922), np.float64(8.129866590132905e-05), np.float64(9.81))","(np.float64(-27.433906308812265), np.float64(0.0015365447855351234), 0)","(np.float64(-260.62210993371605), np.float64(0.014597175462583597), 0)",613.125,-90.72058964554326,0.005081166618833066,0.0,613.125,-90.72058964554326,0.005081166618833066,0.0,613.125,-90.72058964554326,0.005081166618833066,0.0,613.125,-90.72058964554326,0.005081166618833066,0.0,0.0,0.0,0.0
1895,"(np.float64(-1.4515294343286922), np.float64(8.129866590132905e-05), np.float64(9.81))","(np.float64(-27.5064827805287), np.float64(0.00154060971883019), 0)","(np.float64(-261.99924848453537), np.float64(0.014674307571857483), 0)",613.125,-90.72058964554326,0.005081166618833066,0.0,613.125,-90.72058964554326,0.005081166618833066,0.0,613.125,-90.72058964554326,0.005081166618833066,0.0,613.125,-90.72058964554326,0.005081166618833066,0.0,0.0,0.0,0.0
1900,"(np.float64(-1.4515294343286922), np.float64(8.129866590132905e-05), np.float64(9.81))","(np.float64(-27.579059252245134), np.float64(0.0015446746521252564), 0)","(np.float64(-263.3800158589405), np.float64(0.014751642927796122), 0)",613.125,-90.72058964554326,0.005081166618833066,0.0,613.125,-90.72058964554326,0.005081166618833066,0.0,613.125,-90.72058964554326,0.005081166618833066,0.0,613.125,-90.72058964554326,0.005081166618833066,0.0,0.0,0.0,0.0
1905,"(np.float64(-1.4515294343286922), np.float64(8.129866590132905e-05), np.float64(9.81))","(np.float64(-27.65163572396157), np.float64(0.0015487395854203228), 0)","(np.float64(-264.7644120569315), np.float64(0.014829181530399515), 0)",613.125,-90.72058964554326,0.005081166618833066,0.0,613.125,-90.72058964554326,0.005081166618833066,0.0,613.125,-90.72058964554326,0.005081166618833066,0.0,613.125,-90.72058964554326,0.005081166618833066,0.0,0.0,0.0,0.0
1910,"(np.float64(-1.4515294343286922), np.float64(8.129866590132905e-05), np.float64(9.81))","(np.float64(-27.724212195678003), np.float64(0.0015528045187153893), 0)","(np.float64(-266.15243707850834), np.float64(0.01490692337966766), 0)",613.125,-90.72058964554326,0.005081166618833066,0.0,613.125,-90.72058964554326,0.005081166618833066,0.0,613.125,-90.72058964554326,0.005081166618833066,0.0,613.125,-90.72058964554326,0.005081166618833066,0.0,0.0,0.0,0.0
1915,"(np.float64(-1.4515294343286922), np.float64(8.129866590132905e-05), np.float64(9.81))","(np.float64(-27.796788667394438), np.float64(0.0015568694520104558), 0)","(np.float64(-267.544090923671), np.float64(0.014984868475600557), 0)",613.125,-90.72058964554326,0.005081166618833066,0.0,613.125,-90.72058964554326,0.005081166618833066,0.0,613.125,-90.72058964554326,0.005081166618833066,0.0,613.125,-90.72058964554326,0.005081166618833066,0.0,0.0,0.0,0.0
1920,"(np.float64(-1.4515294343286922), np.float64(8.129866590132905e-05), np.float64(9.81))","(np.float64(-27.869365139110872), np.float64(0.0015609343853055222), 0)","(np.float64(-268.93937359241943), np.float64(0.015063016818198209), 0)",613.125,-90.72058964554326,0.005081166618833066,0.0,613.125,-90.72058964554326,0.005081166618833066,0.0,613.125,-90.72058964554326,0.005081166618833066,0.0,613.125,-90.72058964554326,0.005081166618833066,0.0,0.0,0.0,0.0
1925,"(np.float64(-1.4515294343286922), np.float64(8.129866590132905e-05), np.float64(9.81))","(np.float64(-27.941941610827307), np.float64(0.0015649993186005887), 0)","(np.float64(-270.3382850847537), np.float64(0.015141368407460614), 0)",613.125,-90.72058964554326,0.005081166618833066,0.0,613.125,-90.72058964554326,0.005081166618833066,0.0,613.125,-90.72058964554326,0.005081166618833066,0.0,613.125,-90.72058964554326,0.005081166618833066,0.0,0.0,0.0,0.0
1930,"(np.float64(-1.4515294343286922), np.float64(8.129866590132905e-05), np.float64(9.81))","(np.float64(-28.01451808254374), np.float64(0.0015690642518956552), 0)","(np.float64(-271.74082540067377), np.float64(0.015219923243387773), 0)",613.125,-90.72058964554326,0.005081166618833066,0.0,613.125,-90.72058964554326,0.005081166618833066,0.0,613.125,-90.72058964554326,0.005081166618833066,0.0,613.125,-90.72058964554326,0.005081166618833066,0.0,0.0,0.0,0.0
1935,"(np.float64(-1.4515294343286922), np.float64(8.129866590132905e-05), np.float64(9.81))","(np.float64(-28.087094554260176), np.float64(0.0015731291851907216), 0)","(np.float64(-273.14699454017966), np.float64(0.015298681325979686), 0)",613.125,-90.72058964554326,0.005081166618833066,0.0,613.125,-90.72058964554326,0.005081166618833066,0.0,613.125,-90.72058964554326,0.005081166618833066,0.0,613.125,-90.72058964554326,0.005081166618833066,0.0,0.0,0.0,0.0
1940,"(np.float64(-1.4515294343286922), np.float64(8.129866590132905e-05), np.float64(9.81))","(np.float64(-28.15967102597661), np.float64(0.001577194118485788), 0)","(np.float64(-274.5567925032714), np.float64(0.015377642655236352), 0)",613.125,-90.72058964554326,0.005081166618833066,0.0,613.125,-90.72058964554326,0.005081166618833066,0.0,613.125,-90.72058964554326,0.005081166618833066,0.0,613.125,-90.72058964554326,0.005081166618833066,0.0,0.0,0.0,0.0
1945,"(np.float64(-1.4515294343286922), np.float64(8.129866590132905e-05), np.float64(9.81))","(np.float64(-28.232247497693045), np.float64(0.0015812590517808546), 0)","(np.float64(-275.970219289949), np.float64(0.01545680723115777), 0)",613.125,-90.72058964554326,0.005081166618833066,0.0,613.125,-90.72058964554326,0.005081166618833066,0.0,613.125,-90.72058964554326,0.005081166618833066,0.0,613.125,-90.72058964554326,0.005081166618833066,0.0,0.0,0.0,0.0
1950,"(np.float64(-1.4515294343286922), np.float64(8.129866590132905e-05), np.float64(9.81))","(np.float64(-28.30482396940948), np.float64(0.001585323985075921), 0)","(np.float64(-277.3872749002124), np.float64(0.015536175053743941), 0)",613.125,-90.72058964554326,0.005081166618833066,0.0,613.125,-90.72058964554326,0.005081166618833066,0.0,613.125,-90.72058964554326,0.005081166618833066,0.0,613.125,-90.72058964554326,0.005081166618833066,0.0,0.0,0.0,0.0
1955,"(np.float64(-1.4515294343286922), np.float64(8.129866590132905e-05), np.float64(9.81))","(np.float64(-28.377400441125914), np.float64(0.0015893889183709875), 0)","(np.float64(-278.8079593340616), np.float64(0.015615746122994866), 0)",613.125,-90.72058964554326,0.005081166618833066,0.0,613.125,-90.72058964554326,0.005081166618833066,0.0,613.125,-90.72058964554326,0.005081166618833066,0.0,613.125,-90.72058964554326,0.005081166618833066,0.0,0.0,0.0,0.0
1960,"(np.float64(-1.4515294343286922), np.float64(8.129866590132905e-05), np.float64(9.81))","(np.float64(-28.44997691284235), np.float64(0.001593453851666054), 0)","(np.float64(-280.2322725914966), np.float64(0.015695520438910548), 0)",613.125,-90.72058964554326,0.005081166618833066,0.0,613.125,-90.72058964554326,0.005081166618833066,0.0,613.125,-90.72058964554326,0.005081166618833066,0.0,613.125,-90.72058964554326,0.005081166618833066,0.0,0.0,0.0,0.0
1965,"(np.float64(-1.4515294343286922), np.float64(8.129866590132905e-05), np.float64(9.81))","(np.float64(-28.522553384558783), np.float64(0.0015975187849611204), 0)","(np.float64(-281.66021467251744), np.float64(0.01577549800149098), 0)",613.125,-90.72058964554326,0.005081166618833066,0.0,613.125,-90.72058964554326,0.005081166618833066,0.0,613.125,-90.72058964554326,0.005081166618833066,0.0,613.125,-90.72058964554326,0.005081166618833066,0.0,0.0,0.0,0.0
1970,"(np.float64(-1.4515294343286922), np.float64(8.129866590132905e-05), np.float64(9.81))","(np.float64(-28.595129856275218), np.float64(0.001601583718256187), 0)","(np.float64(-283.0917855771241), np.float64(0.015855678810736167), 0)",613.125,-90.72058964554326,0.005081166618833066,0.0,613.125,-90.72058964554326,0.005081166618833066,0.0,613.125,-90.72058964554326,0.005081166618833066,0.0,613.125,-90.72058964554326,0.005081166618833066,0.0,0.0,0.0,0.0
1975,"(np.float64(-1.4515294343286922), np.float64(8.129866590132905e-05), np.float64(9.81))","(np.float64(-28.667706327991652), np.float64(0.0016056486515512534), 0)","(np.float64(-284.5269853053166), np.float64(0.015936062866646106), 0)",613.125,-90.72058964554326,0.005081166618833066,0.0,613.125,-90.72058964554326,0.005081166618833066,0.0,613.125,-90.72058964554326,0.005081166618833066,0.0,613.125,-90.72058964554326,0.005081166618833066,0.0,0.0,0.0,0.0
1980,"(np.float64(-1.4515294343286922), np.float64(8.129866590132905e-05), np.float64(9.81))","(np.float64(-28.740282799708087), np.float64(0.0016097135848463198), 0)","(np.float64(-285.96581385709493), np.float64(0.0160166501692208), 0)",613.125,-90.72058964554326,0.005081166618833066,0.0,613.125,-90.72058964554326,0.005081166618833066,0.0,613.125,-90.72058964554326,0.005081166618833066,0.0,613.125,-90.72058964554326,0.005081166618833066,0.0,0.0,0.0,0.0
1985,"(np.float64(-1.4515294343286922), np.float64(8.129866590132905e-05), np.float64(9.81))","(np.float64(-28.81285927142452), np.float64(0.0016137785181413863), 0)","(np.float64(-287.4082712324591), np.float64(0.016097440718460247), 0)",613.125,-90.72058964554326,0.005081166618833066,0.0,613.125,-90.72058964554326,0.005081166618833066,0.0,613.125,-90.72058964554326,0.005081166618833066,0.0,613.125,-90.72058964554326,0.005081166618833066,0.0,0.0,0.0,0.0
1990,"(np.float64(-1.4515294343286922), np.float64(8.129866590132905e-05), np.float64(9.81))","(np.float64(-28.885435743140956), np.float64(0.0016178434514364528), 0)","(np.float64(-288.854357431409), np.float64(0.01617843451436445), 0)",613.125,-90.72058964554326,0.005081166618833066,0.0,613.125,-90.72058964554326,0.005081166618833066,0.0,613.125,-90.72058964554326,0.005081166618833066,0.0,613.125,-90.72058964554326,0.005081166618833066,0.0,0.0,0.0,0.0
1995,"(np.float64(-1.4515294343286922), np.float64(8.129866590132905e-05), np.float64(9.81))","(np.float64(-28.95801221485739), np.float64(0.0016219083847315192), 0)","(np.float64(-290.3040724539448), np.float64(0.016259631556933402), 0)",613.125,-90.72058964554326,0.005081166618833066,0.0,613.125,-90.72058964554326,0.005081166618833066,0.0,613.125,-90.72058964554326,0.005081166618833066,0.0,613.125,-90.72058964554326,0.005081166618833066,0.0,0.0,0.0,0.0
2000,"(np.float64(-1.4515294343286922), np.float64(8.129866590132905e-05), np.float64(9.81))","(np.float64(-29.030588686573825), np.float64(0.0016259733180265857), 0)","(np.float64(-291.7574163000664), np.float64(0.016341031846167108), 0)",613.125,-90.72058964554326,0.005081166618833066,0.0,613.125,-90.72058964554326,0.005081166618833066,0.0,613.125,-90.72058964554326,0.005081166618833066,0.0,613.125,-90.72058964554326,0.005081166618833066,0.0,0.0,0.0,0.0
2005,"(np.float64(-1.4515294343286922), np.float64(8.129866590132905e-05), np.float64(9.81))","(np.float64(-29.10316515829026), np.float64(0.0016300382513216522), 0)","(np.float64(-293.2143889697738), np.float64(0.016422635382065568), 0)",613.125,-90.72058964554326,0.005081166618833066,0.0,613.125,-90.72058964554326,0.005081166618833066,0.0,613.125,-90.72058964554326,0.005081166618833066,0.0,613.125,-90.72058964554326,0.005081166618833066,0.0,0.0,0.0,0.0
2010,"(np.float64(-1.4515294343286922), np.float64(8.129866590132905e-05), np.float64(9.81))","(np.float64(-29.175741630006694), np.float64(0.0016341031846167186), 0)","(np.float64(-294.67499046306705), np.float64(0.01650444216462878), 0)",613.125,-90.72058964554326,0.005081166618833066,0.0,613.125,-90.72058964554326,0.005081166618833066,0.0,613.125,-90.72058964554326,0.005081166618833066,0.0,613.125,-90.72058964554326,0.005081166618833066,0.0,0.0,0.0,0.0
2015,"(np.float64(-1.4515294343286922), np.float64(8.129866590132905e-05), np.float64(9.81))","(np.float64(-29.24831810172313), np.float64(0.0016381681179117851), 0)","(np.float64(-296.13922077994613), np.float64(0.016586452193856748), 0)",613.125,-90.72058964554326,0.005081166618833066,0.0,613.125,-90.72058964554326,0.005081166618833066,0.0,613.125,-90.72058964554326,0.005081166618833066,0.0,613.125,-90.72058964554326,0.005081166618833066,0.0,0.0,0.0,0.0
2020,"(np.float64(-1.4515294343286922), np.float64(8.129866590132905e-05), np.float64(9.81))","(np.float64(-29.320894573439563), np.float64(0.0016422330512068516), 0)","(np.float64(-297.607079920411), np.float64(0.016668665469749468), 0)",613.125,-90.72058964554326,0.005081166618833066,0.0,613.125,-90.72058964554326,0.005081166618833066,0.0,613.125,-90.72058964554326,0.005081166618833066,0.0,613.125,-90.72058964554326,0.005081166618833066,0.0,0.0,0.0,0.0
2025,"(np.float64(-1.4515294343286922), np.float64(8.129866590132905e-05), np.float64(9.81))","(np.float64(-29.393471045155998), np.float64(0.001646297984501918), 0)","(np.float64(-299.07856788446173), np.float64(0.016751081992306942), 0)",613.125,-90.72058964554326,0.005081166618833066,0.0,613.125,-90.72058964554326,0.005081166618833066,0.0,613.125,-90.72058964554326,0.005081166618833066,0.0,613.125,-90.72058964554326,0.005081166618833066,0.0,0.0,0.0,0.0
2030,"(np.float64(-1.4515294343286922), np.float64(8.129866590132905e-05), np.float64(9.81))","(np.float64(-29.466047516872433), np.float64(0.0016503629177969845), 0)","(np.float64(-300.55368467209826), np.float64(0.01683370176152917), 0)",613.125,-90.72058964554326,0.005081166618833066,0.0,613.125,-90.72058964554326,0.005081166618833066,0.0,613.125,-90.72058964554326,0.005081166618833066,0.0,613.125,-90.72058964554326,0.005081166618833066,0.0,0.0,0.0,0.0
2035,"(np.float64(-1.4515294343286922), np.float64(8.129866590132905e-05), np.float64(9.81))","(np.float64(-29.538623988588867), np.float64(0.001654427851092051), 0)","(np.float64(-302.0324302833206), np.float64(0.01691652477741615), 0)",613.125,-90.72058964554326,0.005081166618833066,0.0,613.125,-90.72058964554326,0.005081166618833066,0.0,613.125,-90.72058964554326,0.005081166618833066,0.0,613.125,-90.72058964554326,0.005081166618833066,0.0,0.0,0.0,0.0
2040,"(np.float64(-1.4515294343286922), np.float64(8.129866590132905e-05), np.float64(9.81))","(np.float64(-29.6112004603053), np.float64(0.0016584927843871175), 0)","(np.float64(-303.51480471812874), np.float64(0.016999551039967885), 0)",613.125,-90.72058964554326,0.005081166618833066,0.0,613.125,-90.72058964554326,0.005081166618833066,0.0,613.125,-90.72058964554326,0.005081166618833066,0.0,613.125,-90.72058964554326,0.005081166618833066,0.0,0.0,0.0,0.0
2045,"(np.float64(-1.4515294343286922), np.float64(8.129866590132905e-05), np.float64(9.81))","(np.float64(-29.683776932021736), np.float64(0.001662557717682184), 0)","(np.float64(-305.00080797652276), np.float64(0.01708278054918437), 0)",613.125,-90.72058964554326,0.005081166618833066,0.0,613.125,-90.72058964554326,0.005081166618833066,0.0,613.125,-90.72058964554326,0.005081166618833066,0.0,613.125,-90.72058964554326,0.005081166618833066,0.0,0.0,0.0,0.0
2050,"(np.float64(-1.4515294343286922), np.float64(8.129866590132905e-05), np.float64(9.81))","(np.float64(-29.75635340373817), np.float64(0.0016666226509772504), 0)","(np.float64(-306.4904400585026), np.float64(0.01716621330506561), 0)",613.125,-90.72058964554326,0.005081166618833066,0.0,613.125,-90.72058964554326,0.005081166618833066,0.0,613.125,-90.72058964554326,0.005081166618833066,0.0,613.125,-90.72058964554326,0.005081166618833066,0.0,0.0,0.0,0.0
2055,"(np.float64(-1.4515294343286922), np.float64(8.129866590132905e-05), np.float64(9.81))","(np.float64(-29.828929875454605), np.float64(0.0016706875842723169), 0)","(np.float64(-307.98370096406825), np.float64(0.017249849307611604), 0)",613.125,-90.72058964554326,0.005081166618833066,0.0,613.125,-90.72058964554326,0.005081166618833066,0.0,613.125,-90.72058964554326,0.005081166618833066,0.0,613.125,-90.72058964554326,0.005081166618833066,0.0,0.0,0.0,0.0
2060,"(np.float64(-1.4515294343286922), np.float64(8.129866590132905e-05), np.float64(9.81))","(np.float64(-29.90150634717104), np.float64(0.0016747525175673833), 0)","(np.float64(-309.4805906932197), np.float64(0.017333688556822352), 0)",613.125,-90.72058964554326,0.005081166618833066,0.0,613.125,-90.72058964554326,0.005081166618833066,0.0,613.125,-90.72058964554326,0.005081166618833066,0.0,613.125,-90.72058964554326,0.005081166618833066,0.0,0.0,0.0,0.0
2065,"(np.float64(-1.4515294343286922), np.float64(8.129866590132905e-05), np.float64(9.81))","(np.float64(-29.974082818887474), np.float64(0.0016788174508624498), 0)","(np.float64(-310.981109245957), np.float64(0.017417731052697852), 0)",613.125,-90.72058964554326,0.005081166618833066,0.0,613.125,-90.72058964554326,0.005081166618833066,0.0,613.125,-90.72058964554326,0.005081166618833066,0.0,613.125,-90.72058964554326,0.005081166618833066,0.0,0.0,0.0,0.0
2070,"(np.float64(-1.4515294343286922), np.float64(8.129866590132905e-05), np.float64(9.81))","(np.float64(-30.04665929060391), np.float64(0.0016828823841575163), 0)","(np.float64(-312.4852566222801), np.float64(0.017501976795238107), 0)",613.125,-90.72058964554326,0.005081166618833066,0.0,613.125,-90.72058964554326,0.005081166618833066,0.0,613.125,-90.72058964554326,0.005081166618833066,0.0,613.125,-90.72058964554326,0.005081166618833066,0.0,0.0,0.0,0.0
2075,"(np.float64(-1.4515294343286922), np.float64(8.129866590132905e-05), np.float64(9.81))","(np.float64(-30.119235762320343), np.float64(0.0016869473174525827), 0)","(np.float64(-313.993032822189), np.float64(0.017586425784443114), 0)",613.125,-90.72058964554326,0.005081166618833066,0.0,613.125,-90.72058964554326,0.005081166618833066,0.0,613.125,-90.72058964554326,0.005081166618833066,0.0,613.125,-90.72058964554326,0.005081166618833066,0.0,0.0,0.0,0.0
2080,"(np.float64(-1.4515294343286922), np.float64(8.129866590132905e-05), np.float64(9.81))","(np.float64(-30.191812234036778), np.float64(0.0016910122507476492), 0)","(np.float64(-315.50443784568375), np.float64(0.017671078020312873), 0)",613.125,-90.72058964554326,0.005081166618833066,0.0,613.125,-90.72058964554326,0.005081166618833066,0.0,613.125,-90.72058964554326,0.005081166618833066,0.0,613.125,-90.72058964554326,0.005081166618833066,0.0,0.0,0.0,0.0
2085,"(np.float64(-1.4515294343286922), np.float64(8.129866590132905e-05), np.float64(9.81))","(np.float64(-30.264388705753213), np.float64(0.0016950771840427157), 0)","(np.float64(-317.01947169276434), np.float64(0.017755933502847387), 0)",613.125,-90.72058964554326,0.005081166618833066,0.0,613.125,-90.72058964554326,0.005081166618833066,0.0,613.125,-90.72058964554326,0.005081166618833066,0.0,613.125,-90.72058964554326,0.005081166618833066,0.0,0.0,0.0,0.0
2090,"(np.float64(-1.4515294343286922), np.float64(8.129866590132905e-05), np.float64(9.81))","(np.float64(-30.336965177469647), np.float64(0.0016991421173377821), 0)","(np.float64(-318.53813436343074), np.float64(0.017840992232046653), 0)",613.125,-90.72058964554326,0.005081166618833066,0.0,613.125,-90.72058964554326,0.005081166618833066,0.0,613.125,-90.72058964554326,0.005081166618833066,0.0,613.125,-90.72058964554326,0.005081166618833066,0.0,0.0,0.0,0.0
2095,"(np.float64(-1.4515294343286922), np.float64(8.129866590132905e-05), np.float64(9.81))","(np.float64(-30.40954164918608), np.float64(0.0017032070506328486), 0)","(np.float64(-320.06042585768296), np.float64(0.017926254207910674), 0)",613.125,-90.72058964554326,0.005081166618833066,0.0,613.125,-90.72058964554326,0.005081166618833066,0.0,613.125,-90.72058964554326,0.005081166618833066,0.0,613.125,-90.72058964554326,0.005081166618833066,0.0,0.0,0.0,0.0
2100,"(np.float64(-1.4515294343286922), np.float64(8.129866590132905e-05), np.float64(9.81))","(np.float64(-30.482118120902516), np.float64(0.001707271983927915), 0)","(np.float64(-321.586346175521), np.float64(0.018011719430439447), 0)",613.125,-90.72058964554326,0.005081166618833066,0.0,613.125,-90.72058964554326,0.005081166618833066,0.0,613.125,-90.72058964554326,0.005081166618833066,0.0,613.125,-90.72058964554326,0.005081166618833066,0.0,0.0,0.0,0.0
2105,"(np.float64(-1.4515294343286922), np.float64(8.129866590132905e-05), np.float64(9.81))","(np.float64(-30.55469459261895), np.float64(0.0017113369172229815), 0)","(np.float64(-323.11589531694483), np.float64(0.018097387899632975), 0)",613.125,-90.72058964554326,0.005081166618833066,0.0,613.125,-90.72058964554326,0.005081166618833066,0.0,613.125,-90.72058964554326,0.005081166618833066,0.0,613.125,-90.72058964554326,0.005081166618833066,0.0,0.0,0.0,0.0
2110,"(np.float64(-1.4515294343286922), np.float64(8.129866590132905e-05), np.float64(9.81))","(np.float64(-30.627271064335385), np.float64(0.001715401850518048), 0)","(np.float64(-324.6490732819545), np.float64(0.018183259615491255), 0)",613.125,-90.72058964554326,0.005081166618833066,0.0,613.125,-90.72058964554326,0.005081166618833066,0.0,613.125,-90.72058964554326,0.005081166618833066,0.0,613.125,-90.72058964554326,0.005081166618833066,0.0,0.0,0.0,0.0
2115,"(np.float64(-1.4515294343286922), np.float64(8.129866590132905e-05), np.float64(9.81))","(np.float64(-30.69984753605182), np.float64(0.0017194667838131145), 0)","(np.float64(-326.18588007054996), np.float64(0.018269334578014287), 0)",613.125,-90.72058964554326,0.005081166618833066,0.0,613.125,-90.72058964554326,0.005081166618833066,0.0,613.125,-90.72058964554326,0.005081166618833066,0.0,613.125,-90.72058964554326,0.005081166618833066,0.0,0.0,0.0,0.0
2120,"(np.float64(-1.4515294343286922), np.float64(8.129866590132905e-05), np.float64(9.81))","(np.float64(-30.772424007768254), np.float64(0.001723531717108181), 0)","(np.float64(-327.7263156827313), np.float64(0.018355612787202075), 0)",613.125,-90.72058964554326,0.005081166618833066,0.0,613.125,-90.72058964554326,0.005081166618833066,0.0,613.125,-90.72058964554326,0.005081166618833066,0.0,613.125,-90.72058964554326,0.005081166618833066,0.0,0.0,0.0,0.0
2125,"(np.float64(-1.4515294343286922), np.float64(8.129866590132905e-05), np.float64(9.81))","(np.float64(-30.84500047948469), np.float64(0.0017275966504032474), 0)","(np.float64(-329.27038011849845), np.float64(0.018442094243054614), 0)",613.125,-90.72058964554326,0.005081166618833066,0.0,613.125,-90.72058964554326,0.005081166618833066,0.0,613.125,-90.72058964554326,0.005081166618833066,0.0,613.125,-90.72058964554326,0.005081166618833066,0.0,0.0,0.0,0.0
2130,"(np.float64(-1.4515294343286922), np.float64(8.129866590132905e-05), np.float64(9.81))","(np.float64(-30.917576951201124), np.float64(0.0017316615836983139), 0)","(np.float64(-330.8180733778514), np.float64(0.018528778945571908), 0)",613.125,-90.72058964554326,0.005081166618833066,0.0,613.125,-90.72058964554326,0.005081166618833066,0.0,613.125,-90.72058964554326,0.005081166618833066,0.0,613.125,-90.72058964554326,0.005081166618833066,0.0,0.0,0.0,0.0
2135,"(np.float64(-1.4515294343286922), np.float64(8.129866590132905e-05), np.float64(9.81))","(np.float64(-30.990153422917558), np.float64(0.0017357265169933803), 0)","(np.float64(-332.3693954607902), np.float64(0.018615666894753954), 0)",613.125,-90.72058964554326,0.005081166618833066,0.0,613.125,-90.72058964554326,0.005081166618833066,0.0,613.125,-90.72058964554326,0.005081166618833066,0.0,613.125,-90.72058964554326,0.005081166618833066,0.0,0.0,0.0,0.0
2140,"(np.float64(-1.4515294343286922), np.float64(8.129866590132905e-05), np.float64(9.81))","(np.float64(-31.062729894633993), np.float64(0.0017397914502884468), 0)","(np.float64(-333.9243463673148), np.float64(0.018702758090600756), 0)",613.125,-90.72058964554326,0.005081166618833066,0.0,613.125,-90.72058964554326,0.005081166618833066,0.0,613.125,-90.72058964554326,0.005081166618833066,0.0,613.125,-90.72058964554326,0.005081166618833066,0.0,0.0,0.0,0.0
2145,"(np.float64(-1.4515294343286922), np.float64(8.129866590132905e-05), np.float64(9.81))","(np.float64(-31.135306366350427), np.float64(0.0017438563835835133), 0)","(np.float64(-335.4829260974252), np.float64(0.01879005253311231), 0)",613.125,-90.72058964554326,0.005081166618833066,0.0,613.125,-90.72058964554326,0.005081166618833066,0.0,613.125,-90.72058964554326,0.005081166618833066,0.0,613.125,-90.72058964554326,0.005081166618833066,0.0,0.0,0.0,0.0
2150,"(np.float64(-1.4515294343286922), np.float64(8.129866590132905e-05), np.float64(9.81))","(np.float64(-31.207882838066862), np.float64(0.0017479213168785797), 0)","(np.float64(-337.04513465112143), np.float64(0.018877550222288614), 0)",613.125,-90.72058964554326,0.005081166618833066,0.0,613.125,-90.72058964554326,0.005081166618833066,0.0,613.125,-90.72058964554326,0.005081166618833066,0.0,613.125,-90.72058964554326,0.005081166618833066,0.0,0.0,0.0,0.0
2155,"(np.float64(-1.4515294343286922), np.float64(8.129866590132905e-05), np.float64(9.81))","(np.float64(-31.280459309783296), np.float64(0.0017519862501736462), 0)","(np.float64(-338.6109720284035), np.float64(0.018965251158129675), 0)",613.125,-90.72058964554326,0.005081166618833066,0.0,613.125,-90.72058964554326,0.005081166618833066,0.0,613.125,-90.72058964554326,0.005081166618833066,0.0,613.125,-90.72058964554326,0.005081166618833066,0.0,0.0,0.0,0.0
2160,"(np.float64(-1.4515294343286922), np.float64(8.129866590132905e-05), np.float64(9.81))","(np.float64(-31.35303578149973), np.float64(0.0017560511834687127), 0)","(np.float64(-340.18043822927143), np.float64(0.019053155340635487), 0)",613.125,-90.72058964554326,0.005081166618833066,0.0,613.125,-90.72058964554326,0.005081166618833066,0.0,613.125,-90.72058964554326,0.005081166618833066,0.0,613.125,-90.72058964554326,0.005081166618833066,0.0,0.0,0.0,0.0
2165,"(np.float64(-1.4515294343286922), np.float64(8.129866590132905e-05), np.float64(9.81))","(np.float64(-31.425612253216165), np.float64(0.0017601161167637791), 0)","(np.float64(-341.75353325372515), np.float64(0.019141262769806055), 0)",613.125,-90.72058964554326,0.005081166618833066,0.0,613.125,-90.72058964554326,0.005081166618833066,0.0,613.125,-90.72058964554326,0.005081166618833066,0.0,613.125,-90.72058964554326,0.005081166618833066,0.0,0.0,0.0,0.0
2170,"(np.float64(-1.4515294343286922), np.float64(8.129866590132905e-05), np.float64(9.81))","(np.float64(-31.4981887249326), np.float64(0.0017641810500588456), 0)","(np.float64(-343.3302571017647), np.float64(0.019229573445641374), 0)",613.125,-90.72058964554326,0.005081166618833066,0.0,613.125,-90.72058964554326,0.005081166618833066,0.0,613.125,-90.72058964554326,0.005081166618833066,0.0,613.125,-90.72058964554326,0.005081166618833066,0.0,0.0,0.0,0.0
2175,"(np.float64(-1.4515294343286922), np.float64(8.129866590132905e-05), np.float64(9.81))","(np.float64(-31.570765196649035), np.float64(0.001768245983353912), 0)","(np.float64(-344.91060977339004), np.float64(0.01931808736814145), 0)",613.125,-90.72058964554326,0.005081166618833066,0.0,613.125,-90.72058964554326,0.005081166618833066,0.0,613.125,-90.72058964554326,0.005081166618833066,0.0,613.125,-90.72058964554326,0.005081166618833066,0.0,0.0,0.0,0.0
2180,"(np.float64(-1.4515294343286922), np.float64(8.129866590132905e-05), np.float64(9.81))","(np.float64(-31.64334166836547), np.float64(0.0017723109166489785), 0)","(np.float64(-346.4945912686012), np.float64(0.019406804537306276), 0)",613.125,-90.72058964554326,0.005081166618833066,0.0,613.125,-90.72058964554326,0.005081166618833066,0.0,613.125,-90.72058964554326,0.005081166618833066,0.0,613.125,-90.72058964554326,0.005081166618833066,0.0,0.0,0.0,0.0
2185,"(np.float64(-1.4515294343286922), np.float64(8.129866590132905e-05), np.float64(9.81))","(np.float64(-31.715918140081904), np.float64(0.001776375849944045), 0)","(np.float64(-348.0822015873982), np.float64(0.019495724953135854), 0)",613.125,-90.72058964554326,0.005081166618833066,0.0,613.125,-90.72058964554326,0.005081166618833066,0.0,613.125,-90.72058964554326,0.005081166618833066,0.0,613.125,-90.72058964554326,0.005081166618833066,0.0,0.0,0.0,0.0
2190,"(np.float64(-1.4515294343286922), np.float64(8.129866590132905e-05), np.float64(9.81))","(np.float64(-31.78849461179834), np.float64(0.0017804407832391115), 0)","(np.float64(-349.673440729781), np.float64(0.019584848615630188), 0)",613.125,-90.72058964554326,0.005081166618833066,0.0,613.125,-90.72058964554326,0.005081166618833066,0.0,613.125,-90.72058964554326,0.005081166618833066,0.0,613.125,-90.72058964554326,0.005081166618833066,0.0,0.0,0.0,0.0
2195,"(np.float64(-1.4515294343286922), np.float64(8.129866590132905e-05), np.float64(9.81))","(np.float64(-31.861071083514773), np.float64(0.001784505716534178), 0)","(np.float64(-351.2683086957497), np.float64(0.019674175524789273), 0)",613.125,-90.72058964554326,0.005081166618833066,0.0,613.125,-90.72058964554326,0.005081166618833066,0.0,613.125,-90.72058964554326,0.005081166618833066,0.0,613.125,-90.72058964554326,0.005081166618833066,0.0,0.0,0.0,0.0
2200,"(np.float64(-1.4515294343286922), np.float64(8.129866590132905e-05), np.float64(9.81))","(np.float64(-31.933647555231207), np.float64(0.0017885706498292444), 0)","(np.float64(-352.86680548530416), np.float64(0.019763705680613114), 0)",613.125,-90.72058964554326,0.005081166618833066,0.0,613.125,-90.72058964554326,0.005081166618833066,0.0,613.125,-90.72058964554326,0.005081166618833066,0.0,613.125,-90.72058964554326,0.005081166618833066,0.0,0.0,0.0,0.0
2205,"(np.float64(-1.4515294343286922), np.float64(8.129866590132905e-05), np.float64(9.81))","(np.float64(-32.00622402694764), np.float64(0.0017926355831243109), 0)","(np.float64(-354.46893109844444), np.float64(0.019853439083101707), 0)",613.125,-90.72058964554326,0.005081166618833066,0.0,613.125,-90.72058964554326,0.005081166618833066,0.0,613.125,-90.72058964554326,0.005081166618833066,0.0,613.125,-90.72058964554326,0.005081166618833066,0.0,0.0,0.0,0.0
2210,"(np.float64(-1.4515294343286922), np.float64(8.129866590132905e-05), np.float64(9.81))","(np.float64(-32.07880049866408), np.float64(0.0017967005164193773), 0)","(np.float64(-356.07468553517054), np.float64(0.019943375732255054), 0)",613.125,-90.72058964554326,0.005081166618833066,0.0,613.125,-90.72058964554326,0.005081166618833066,0.0,613.125,-90.72058964554326,0.005081166618833066,0.0,613.125,-90.72058964554326,0.005081166618833066,0.0,0.0,0.0,0.0
2215,"(np.float64(-1.4515294343286922), np.float64(8.129866590132905e-05), np.float64(9.81))","(np.float64(-32.15137697038052), np.float64(0.0018007654497144438), 0)","(np.float64(-357.68406879548246), np.float64(0.020033515628073154), 0)",613.125,-90.72058964554326,0.005081166618833066,0.0,613.125,-90.72058964554326,0.005081166618833066,0.0,613.125,-90.72058964554326,0.005081166618833066,0.0,613.125,-90.72058964554326,0.005081166618833066,0.0,0.0,0.0,0.0
2220,"(np.float64(-1.4515294343286922), np.float64(8.129866590132905e-05), np.float64(9.81))","(np.float64(-32.223953442096956), np.float64(0.0018048303830095103), 0)","(np.float64(-359.2970808793802), np.float64(0.020123858770556006), 0)",613.125,-90.72058964554326,0.005081166618833066,0.0,613.125,-90.72058964554326,0.005081166618833066,0.0,613.125,-90.72058964554326,0.005081166618833066,0.0,613.125,-90.72058964554326,0.005081166618833066,0.0,0.0,0.0,0.0
2225,"(np.float64(-1.4515294343286922), np.float64(8.129866590132905e-05), np.float64(9.81))","(np.float64(-32.296529913813394), np.float64(0.0018088953163045767), 0)","(np.float64(-360.9137217868638), np.float64(0.020214405159703613), 0)",613.125,-90.72058964554326,0.005081166618833066,0.0,613.125,-90.72058964554326,0.005081166618833066,0.0,613.125,-90.72058964554326,0.005081166618833066,0.0,613.125,-90.72058964554326,0.005081166618833066,0.0,0.0,0.0,0.0
2230,"(np.float64(-1.4515294343286922), np.float64(8.129866590132905e-05), np.float64(9.81))","(np.float64(-32.36910638552983), np.float64(0.0018129602495996432), 0)","(np.float64(-362.5339915179332), np.float64(0.02030515479551597), 0)",613.125,-90.72058964554326,0.005081166618833066,0.0,613.125,-90.72058964554326,0.005081166618833066,0.0,613.125,-90.72058964554326,0.005081166618833066,0.0,613.125,-90.72058964554326,0.005081166618833066,0.0,0.0,0.0,0.0
2235,"(np.float64(-1.4515294343286922), np.float64(8.129866590132905e-05), np.float64(9.81))","(np.float64(-32.44168285724627), np.float64(0.0018170251828947097), 0)","(np.float64(-364.15789007258843), np.float64(0.020396107677993085), 0)",613.125,-90.72058964554326,0.005081166618833066,0.0,613.125,-90.72058964554326,0.005081166618833066,0.0,613.125,-90.72058964554326,0.005081166618833066,0.0,613.125,-90.72058964554326,0.005081166618833066,0.0,0.0,0.0,0.0
2240,"(np.float64(-1.4515294343286922), np.float64(8.129866590132905e-05), np.float64(9.81))","(np.float64(-32.51425932896271), np.float64(0.0018210901161897762), 0)","(np.float64(-365.78541745082947), np.float64(0.02048726380713495), 0)",613.125,-90.72058964554326,0.005081166618833066,0.0,613.125,-90.72058964554326,0.005081166618833066,0.0,613.125,-90.72058964554326,0.005081166618833066,0.0,613.125,-90.72058964554326,0.005081166618833066,0.0,0.0,0.0,0.0
2245,"(np.float64(-1.4515294343286922), np.float64(8.129866590132905e-05), np.float64(9.81))","(np.float64(-32.58683580067915), np.float64(0.0018251550494848426), 0)","(np.float64(-367.4165736526563), np.float64(0.020578623182941572), 0)",613.125,-90.72058964554326,0.005081166618833066,0.0,613.125,-90.72058964554326,0.005081166618833066,0.0,613.125,-90.72058964554326,0.005081166618833066,0.0,613.125,-90.72058964554326,0.005081166618833066,0.0,0.0,0.0,0.0
2250,"(np.float64(-1.4515294343286922), np.float64(8.129866590132905e-05), np.float64(9.81))","(np.float64(-32.659412272395585), np.float64(0.001829219982779909), 0)","(np.float64(-369.051358678069), np.float64(0.020670185805412945), 0)",613.125,-90.72058964554326,0.005081166618833066,0.0,613.125,-90.72058964554326,0.005081166618833066,0.0,613.125,-90.72058964554326,0.005081166618833066,0.0,613.125,-90.72058964554326,0.005081166618833066,0.0,0.0,0.0,0.0
2255,"(np.float64(-1.4515294343286922), np.float64(8.129866590132905e-05), np.float64(9.81))","(np.float64(-32.73198874411202), np.float64(0.0018332849160749756), 0)","(np.float64(-370.6897725270675), np.float64(0.02076195167454907), 0)",613.125,-90.72058964554326,0.005081166618833066,0.0,613.125,-90.72058964554326,0.005081166618833066,0.0,613.125,-90.72058964554326,0.005081166618833066,0.0,613.125,-90.72058964554326,0.005081166618833066,0.0,0.0,0.0,0.0
2260,"(np.float64(-1.4515294343286922), np.float64(8.129866590132905e-05), np.float64(9.81))","(np.float64(-32.80456521582846), np.float64(0.001837349849370042), 0)","(np.float64(-372.3318151996518), np.float64(0.02085392079034995), 0)",613.125,-90.72058964554326,0.005081166618833066,0.0,613.125,-90.72058964554326,0.005081166618833066,0.0,613.125,-90.72058964554326,0.005081166618833066,0.0,613.125,-90.72058964554326,0.005081166618833066,0.0,0.0,0.0,0.0
2265,"(np.float64(-1.4515294343286922), np.float64(8.129866590132905e-05), np.float64(9.81))","(np.float64(-32.8771416875449), np.float64(0.0018414147826651085), 0)","(np.float64(-373.977486695822), np.float64(0.020946093152815582), 0)",613.125,-90.72058964554326,0.005081166618833066,0.0,613.125,-90.72058964554326,0.005081166618833066,0.0,613.125,-90.72058964554326,0.005081166618833066,0.0,613.125,-90.72058964554326,0.005081166618833066,0.0,0.0,0.0,0.0
2270,"(np.float64(-1.4515294343286922), np.float64(8.129866590132905e-05), np.float64(9.81))","(np.float64(-32.94971815926134), np.float64(0.001845479715960175), 0)","(np.float64(-375.626787015578), np.float64(0.02103846876194597), 0)",613.125,-90.72058964554326,0.005081166618833066,0.0,613.125,-90.72058964554326,0.005081166618833066,0.0,613.125,-90.72058964554326,0.005081166618833066,0.0,613.125,-90.72058964554326,0.005081166618833066,0.0,0.0,0.0,0.0
2275,"(np.float64(-1.4515294343286922), np.float64(8.129866590132905e-05), np.float64(9.81))","(np.float64(-33.022294630977775), np.float64(0.0018495446492552414), 0)","(np.float64(-377.27971615891977), np.float64(0.02113104761774111), 0)",613.125,-90.72058964554326,0.005081166618833066,0.0,613.125,-90.72058964554326,0.005081166618833066,0.0,613.125,-90.72058964554326,0.005081166618833066,0.0,613.125,-90.72058964554326,0.005081166618833066,0.0,0.0,0.0,0.0
2280,"(np.float64(-1.4515294343286922), np.float64(8.129866590132905e-05), np.float64(9.81))","(np.float64(-33.09487110269421), np.float64(0.001853609582550308), 0)","(np.float64(-378.9362741258474), np.float64(0.021223829720201003), 0)",613.125,-90.72058964554326,0.005081166618833066,0.0,613.125,-90.72058964554326,0.005081166618833066,0.0,613.125,-90.72058964554326,0.005081166618833066,0.0,613.125,-90.72058964554326,0.005081166618833066,0.0,0.0,0.0,0.0
2285,"(np.float64(-1.4515294343286922), np.float64(8.129866590132905e-05), np.float64(9.81))","(np.float64(-33.16744757441065), np.float64(0.0018576745158453744), 0)","(np.float64(-380.5964609163608), np.float64(0.02131681506932565), 0)",613.125,-90.72058964554326,0.005081166618833066,0.0,613.125,-90.72058964554326,0.005081166618833066,0.0,613.125,-90.72058964554326,0.005081166618833066,0.0,613.125,-90.72058964554326,0.005081166618833066,0.0,0.0,0.0,0.0
2290,"(np.float64(-1.4515294343286922), np.float64(8.129866590132905e-05), np.float64(9.81))","(np.float64(-33.24002404612709), np.float64(0.0018617394491404408), 0)","(np.float64(-382.26027653046003), np.float64(0.021410003665115047), 0)",613.125,-90.72058964554326,0.005081166618833066,0.0,613.125,-90.72058964554326,0.005081166618833066,0.0,613.125,-90.72058964554326,0.005081166618833066,0.0,613.125,-90.72058964554326,0.005081166618833066,0.0,0.0,0.0,0.0
2295,"(np.float64(-1.4515294343286922), np.float64(8.129866590132905e-05), np.float64(9.81))","(np.float64(-33.31260051784353), np.float64(0.0018658043824355073), 0)","(np.float64(-383.92772096814514), np.float64(0.0215033955075692), 0)",613.125,-90.72058964554326,0.005081166618833066,0.0,613.125,-90.72058964554326,0.005081166618833066,0.0,613.125,-90.72058964554326,0.005081166618833066,0.0,613.125,-90.72058964554326,0.005081166618833066,0.0,0.0,0.0,0.0
2300,"(np.float64(-1.4515294343286922), np.float64(8.129866590132905e-05), np.float64(9.81))","(np.float64(-33.385176989559966), np.float64(0.0018698693157305738), 0)","(np.float64(-385.59879422941606), np.float64(0.021596990596688105), 0)",613.125,-90.72058964554326,0.005081166618833066,0.0,613.125,-90.72058964554326,0.005081166618833066,0.0,613.125,-90.72058964554326,0.005081166618833066,0.0,613.125,-90.72058964554326,0.005081166618833066,0.0,0.0,0.0,0.0
2305,"(np.float64(-1.4515294343286922), np.float64(8.129866590132905e-05), np.float64(9.81))","(np.float64(-33.457753461276404), np.float64(0.0018739342490256402), 0)","(np.float64(-387.2734963142728), np.float64(0.021690788932471766), 0)",613.125,-90.72058964554326,0.005081166618833066,0.0,613.125,-90.72058964554326,0.005081166618833066,0.0,613.125,-90.72058964554326,0.005081166618833066,0.0,613.125,-90.72058964554326,0.005081166618833066,0.0,0.0,0.0,0.0
2310,"(np.float64(-1.4515294343286922), np.float64(8.129866590132905e-05), np.float64(9.81))","(np.float64(-33.53032993299284), np.float64(0.0018779991823207067), 0)","(np.float64(-388.95182722271534), np.float64(0.021784790514920178), 0)",613.125,-90.72058964554326,0.005081166618833066,0.0,613.125,-90.72058964554326,0.005081166618833066,0.0,613.125,-90.72058964554326,0.005081166618833066,0.0,613.125,-90.72058964554326,0.005081166618833066,0.0,0.0,0.0,0.0
2315,"(np.float64(-1.4515294343286922), np.float64(8.129866590132905e-05), np.float64(9.81))","(np.float64(-33.60290640470928), np.float64(0.0018820641156157732), 0)","(np.float64(-390.6337869547437), np.float64(0.021878995344033345), 0)",613.125,-90.72058964554326,0.005081166618833066,0.0,613.125,-90.72058964554326,0.005081166618833066,0.0,613.125,-90.72058964554326,0.005081166618833066,0.0,613.125,-90.72058964554326,0.005081166618833066,0.0,0.0,0.0,0.0
2320,"(np.float64(-1.4515294343286922), np.float64(8.129866590132905e-05), np.float64(9.81))","(np.float64(-33.67548287642572), np.float64(0.0018861290489108396), 0)","(np.float64(-392.3193755103579), np.float64(0.021973403419811265), 0)",613.125,-90.72058964554326,0.005081166618833066,0.0,613.125,-90.72058964554326,0.005081166618833066,0.0,613.125,-90.72058964554326,0.005081166618833066,0.0,613.125,-90.72058964554326,0.005081166618833066,0.0,0.0,0.0,0.0
2325,"(np.float64(-1.4515294343286922), np.float64(8.129866590132905e-05), np.float64(9.81))","(np.float64(-33.74805934814216), np.float64(0.001890193982205906), 0)","(np.float64(-394.00859288955786), np.float64(0.02206801474225394), 0)",613.125,-90.72058964554326,0.005081166618833066,0.0,613.125,-90.72058964554326,0.005081166618833066,0.0,613.125,-90.72058964554326,0.005081166618833066,0.0,613.125,-90.72058964554326,0.005081166618833066,0.0,0.0,0.0,0.0
2330,"(np.float64(-1.4515294343286922), np.float64(8.129866590132905e-05), np.float64(9.81))","(np.float64(-33.820635819858595), np.float64(0.0018942589155009726), 0)","(np.float64(-395.7014390923437), np.float64(0.022162829311361366), 0)",613.125,-90.72058964554326,0.005081166618833066,0.0,613.125,-90.72058964554326,0.005081166618833066,0.0,613.125,-90.72058964554326,0.005081166618833066,0.0,613.125,-90.72058964554326,0.005081166618833066,0.0,0.0,0.0,0.0
2335,"(np.float64(-1.4515294343286922), np.float64(8.129866590132905e-05), np.float64(9.81))","(np.float64(-33.89321229157503), np.float64(0.001898323848796039), 0)","(np.float64(-397.3979141187154), np.float64(0.022257847127133544), 0)",613.125,-90.72058964554326,0.005081166618833066,0.0,613.125,-90.72058964554326,0.005081166618833066,0.0,613.125,-90.72058964554326,0.005081166618833066,0.0,613.125,-90.72058964554326,0.005081166618833066,0.0,0.0,0.0,0.0
2340,"(np.float64(-1.4515294343286922), np.float64(8.129866590132905e-05), np.float64(9.81))","(np.float64(-33.96578876329147), np.float64(0.0019023887820911055), 0)","(np.float64(-399.0980179686729), np.float64(0.022353068189570478), 0)",613.125,-90.72058964554326,0.005081166618833066,0.0,613.125,-90.72058964554326,0.005081166618833066,0.0,613.125,-90.72058964554326,0.005081166618833066,0.0,613.125,-90.72058964554326,0.005081166618833066,0.0,0.0,0.0,0.0
2345,"(np.float64(-1.4515294343286922), np.float64(8.129866590132905e-05), np.float64(9.81))","(np.float64(-34.03836523500791), np.float64(0.001906453715386172), 0)","(np.float64(-400.8017506422162), np.float64(0.022448492498672163), 0)",613.125,-90.72058964554326,0.005081166618833066,0.0,613.125,-90.72058964554326,0.005081166618833066,0.0,613.125,-90.72058964554326,0.005081166618833066,0.0,613.125,-90.72058964554326,0.005081166618833066,0.0,0.0,0.0,0.0
2350,"(np.float64(-1.4515294343286922), np.float64(8.129866590132905e-05), np.float64(9.81))","(np.float64(-34.11094170672435), np.float64(0.0019105186486812384), 0)","(np.float64(-402.5091121393453), np.float64(0.022544120054438604), 0)",613.125,-90.72058964554326,0.005081166618833066,0.0,613.125,-90.72058964554326,0.005081166618833066,0.0,613.125,-90.72058964554326,0.005081166618833066,0.0,613.125,-90.72058964554326,0.005081166618833066,0.0,0.0,0.0,0.0
2355,"(np.float64(-1.4515294343286922), np.float64(8.129866590132905e-05), np.float64(9.81))","(np.float64(-34.183518178440785), np.float64(0.001914583581976305), 0)","(np.float64(-404.2201024600602), np.float64(0.022639950856869796), 0)",613.125,-90.72058964554326,0.005081166618833066,0.0,613.125,-90.72058964554326,0.005081166618833066,0.0,613.125,-90.72058964554326,0.005081166618833066,0.0,613.125,-90.72058964554326,0.005081166618833066,0.0,0.0,0.0,0.0
2360,"(np.float64(-1.4515294343286922), np.float64(8.129866590132905e-05), np.float64(9.81))","(np.float64(-34.25609465015722), np.float64(0.0019186485152713714), 0)","(np.float64(-405.93472160436096), np.float64(0.022735984905965744), 0)",613.125,-90.72058964554326,0.005081166618833066,0.0,613.125,-90.72058964554326,0.005081166618833066,0.0,613.125,-90.72058964554326,0.005081166618833066,0.0,613.125,-90.72058964554326,0.005081166618833066,0.0,0.0,0.0,0.0
2365,"(np.float64(-1.4515294343286922), np.float64(8.129866590132905e-05), np.float64(9.81))","(np.float64(-34.32867112187366), np.float64(0.0019227134485664378), 0)","(np.float64(-407.65296957224757), np.float64(0.022832222201726444), 0)",613.125,-90.72058964554326,0.005081166618833066,0.0,613.125,-90.72058964554326,0.005081166618833066,0.0,613.125,-90.72058964554326,0.005081166618833066,0.0,613.125,-90.72058964554326,0.005081166618833066,0.0,0.0,0.0,0.0
2370,"(np.float64(-1.4515294343286922), np.float64(8.129866590132905e-05), np.float64(9.81))","(np.float64(-34.4012475935901), np.float64(0.0019267783818615043), 0)","(np.float64(-409.37484636372), np.float64(0.022928662744151895), 0)",613.125,-90.72058964554326,0.005081166618833066,0.0,613.125,-90.72058964554326,0.005081166618833066,0.0,613.125,-90.72058964554326,0.005081166618833066,0.0,613.125,-90.72058964554326,0.005081166618833066,0.0,0.0,0.0,0.0
2375,"(np.float64(-1.4515294343286922), np.float64(8.129866590132905e-05), np.float64(9.81))","(np.float64(-34.47382406530654), np.float64(0.0019308433151565708), 0)","(np.float64(-411.10035197877824), np.float64(0.023025306533242102), 0)",613.125,-90.72058964554326,0.005081166618833066,0.0,613.125,-90.72058964554326,0.005081166618833066,0.0,613.125,-90.72058964554326,0.005081166618833066,0.0,613.125,-90.72058964554326,0.005081166618833066,0.0,0.0,0.0,0.0
2380,"(np.float64(-1.4515294343286922), np.float64(8.129866590132905e-05), np.float64(9.81))","(np.float64(-34.546400537022976), np.float64(0.0019349082484516372), 0)","(np.float64(-412.8294864174223), np.float64(0.02312215356899706), 0)",613.125,-90.72058964554326,0.005081166618833066,0.0,613.125,-90.72058964554326,0.005081166618833066,0.0,613.125,-90.72058964554326,0.005081166618833066,0.0,613.125,-90.72058964554326,0.005081166618833066,0.0,0.0,0.0,0.0
2385,"(np.float64(-1.4515294343286922), np.float64(8.129866590132905e-05), np.float64(9.81))","(np.float64(-34.618977008739414), np.float64(0.0019389731817467037), 0)","(np.float64(-414.56224967965215), np.float64(0.023219203851416775), 0)",613.125,-90.72058964554326,0.005081166618833066,0.0,613.125,-90.72058964554326,0.005081166618833066,0.0,613.125,-90.72058964554326,0.005081166618833066,0.0,613.125,-90.72058964554326,0.005081166618833066,0.0,0.0,0.0,0.0
2390,"(np.float64(-1.4515294343286922), np.float64(8.129866590132905e-05), np.float64(9.81))","(np.float64(-34.69155348045585), np.float64(0.0019430381150417702), 0)","(np.float64(-416.29864176546783), np.float64(0.02331645738050124), 0)",613.125,-90.72058964554326,0.005081166618833066,0.0,613.125,-90.72058964554326,0.005081166618833066,0.0,613.125,-90.72058964554326,0.005081166618833066,0.0,613.125,-90.72058964554326,0.005081166618833066,0.0,0.0,0.0,0.0
2395,"(np.float64(-1.4515294343286922), np.float64(8.129866590132905e-05), np.float64(9.81))","(np.float64(-34.76412995217229), np.float64(0.0019471030483368366), 0)","(np.float64(-418.03866267486933), np.float64(0.02341391415625046), 0)",613.125,-90.72058964554326,0.005081166618833066,0.0,613.125,-90.72058964554326,0.005081166618833066,0.0,613.125,-90.72058964554326,0.005081166618833066,0.0,613.125,-90.72058964554326,0.005081166618833066,0.0,0.0,0.0,0.0
2400,"(np.float64(-1.4515294343286922), np.float64(8.129866590132905e-05), np.float64(9.81))","(np.float64(-34.83670642388873), np.float64(0.0019511679816319031), 0)","(np.float64(-419.7823124078567), np.float64(0.023511574178664434), 0)",613.125,-90.72058964554326,0.005081166618833066,0.0,613.125,-90.72058964554326,0.005081166618833066,0.0,613.125,-90.72058964554326,0.005081166618833066,0.0,613.125,-90.72058964554326,0.005081166618833066,0.0,0.0,0.0,0.0
2405,"(np.float64(-1.4515294343286922), np.float64(8.129866590132905e-05), np.float64(9.81))","(np.float64(-34.909282895605166), np.float64(0.0019552329149269696), 0)","(np.float64(-421.5295909644299), np.float64(0.02360943744774316), 0)",613.125,-90.72058964554326,0.005081166618833066,0.0,613.125,-90.72058964554326,0.005081166618833066,0.0,613.125,-90.72058964554326,0.005081166618833066,0.0,613.125,-90.72058964554326,0.005081166618833066,0.0,0.0,0.0,0.0
2410,"(np.float64(-1.4515294343286922), np.float64(8.129866590132905e-05), np.float64(9.81))","(np.float64(-34.981859367321604), np.float64(0.001959297848222036), 0)","(np.float64(-423.28049834458886), np.float64(0.02370750396348664), 0)",613.125,-90.72058964554326,0.005081166618833066,0.0,613.125,-90.72058964554326,0.005081166618833066,0.0,613.125,-90.72058964554326,0.005081166618833066,0.0,613.125,-90.72058964554326,0.005081166618833066,0.0,0.0,0.0,0.0
2415,"(np.float64(-1.4515294343286922), np.float64(8.129866590132905e-05), np.float64(9.81))","(np.float64(-35.05443583903804), np.float64(0.0019633627815171025), 0)","(np.float64(-425.03503454833367), np.float64(0.02380577372589487), 0)",613.125,-90.72058964554326,0.005081166618833066,0.0,613.125,-90.72058964554326,0.005081166618833066,0.0,613.125,-90.72058964554326,0.005081166618833066,0.0,613.125,-90.72058964554326,0.005081166618833066,0.0,0.0,0.0,0.0
2420,"(np.float64(-1.4515294343286922), np.float64(8.129866590132905e-05), np.float64(9.81))","(np.float64(-35.12701231075448), np.float64(0.001967427714812169), 0)","(np.float64(-426.7931995756643), np.float64(0.023904246734967858), 0)",613.125,-90.72058964554326,0.005081166618833066,0.0,613.125,-90.72058964554326,0.005081166618833066,0.0,613.125,-90.72058964554326,0.005081166618833066,0.0,613.125,-90.72058964554326,0.005081166618833066,0.0,0.0,0.0,0.0
2425,"(np.float64(-1.4515294343286922), np.float64(8.129866590132905e-05), np.float64(9.81))","(np.float64(-35.19958878247092), np.float64(0.0019714926481072354), 0)","(np.float64(-428.5549934265807), np.float64(0.024002922990705597), 0)",613.125,-90.72058964554326,0.005081166618833066,0.0,613.125,-90.72058964554326,0.005081166618833066,0.0,613.125,-90.72058964554326,0.005081166618833066,0.0,613.125,-90.72058964554326,0.005081166618833066,0.0,0.0,0.0,0.0
2430,"(np.float64(-1.4515294343286922), np.float64(8.129866590132905e-05), np.float64(9.81))","(np.float64(-35.27216525418736), np.float64(0.001975557581402302), 0)","(np.float64(-430.32041610108297), np.float64(0.02410180249310809), 0)",613.125,-90.72058964554326,0.005081166618833066,0.0,613.125,-90.72058964554326,0.005081166618833066,0.0,613.125,-90.72058964554326,0.005081166618833066,0.0,613.125,-90.72058964554326,0.005081166618833066,0.0,0.0,0.0,0.0
2435,"(np.float64(-1.4515294343286922), np.float64(8.129866590132905e-05), np.float64(9.81))","(np.float64(-35.344741725903795), np.float64(0.0019796225146973684), 0)","(np.float64(-432.0894675991711), np.float64(0.024200885242175337), 0)",613.125,-90.72058964554326,0.005081166618833066,0.0,613.125,-90.72058964554326,0.005081166618833066,0.0,613.125,-90.72058964554326,0.005081166618833066,0.0,613.125,-90.72058964554326,0.005081166618833066,0.0,0.0,0.0,0.0
2440,"(np.float64(-1.4515294343286922), np.float64(8.129866590132905e-05), np.float64(9.81))","(np.float64(-35.41731819762023), np.float64(0.001983687447992435), 0)","(np.float64(-433.862147920845), np.float64(0.024300171237907335), 0)",613.125,-90.72058964554326,0.005081166618833066,0.0,613.125,-90.72058964554326,0.005081166618833066,0.0,613.125,-90.72058964554326,0.005081166618833066,0.0,613.125,-90.72058964554326,0.005081166618833066,0.0,0.0,0.0,0.0
2445,"(np.float64(-1.4515294343286922), np.float64(8.129866590132905e-05), np.float64(9.81))","(np.float64(-35.48989466933667), np.float64(0.0019877523812875013), 0)","(np.float64(-435.63845706610476), np.float64(0.02439966048030409), 0)",613.125,-90.72058964554326,0.005081166618833066,0.0,613.125,-90.72058964554326,0.005081166618833066,0.0,613.125,-90.72058964554326,0.005081166618833066,0.0,613.125,-90.72058964554326,0.005081166618833066,0.0,0.0,0.0,0.0
2450,"(np.float64(-1.4515294343286922), np.float64(8.129866590132905e-05), np.float64(9.81))","(np.float64(-35.56247114105311), np.float64(0.001991817314582568), 0)","(np.float64(-437.4183950349503), np.float64(0.024499352969365593), 0)",613.125,-90.72058964554326,0.005081166618833066,0.0,613.125,-90.72058964554326,0.005081166618833066,0.0,613.125,-90.72058964554326,0.005081166618833066,0.0,613.125,-90.72058964554326,0.005081166618833066,0.0,0.0,0.0,0.0
2455,"(np.float64(-1.4515294343286922), np.float64(8.129866590132905e-05), np.float64(9.81))","(np.float64(-35.63504761276955), np.float64(0.0019958822478776343), 0)","(np.float64(-439.2019618273817), np.float64(0.024599248705091854), 0)",613.125,-90.72058964554326,0.005081166618833066,0.0,613.125,-90.72058964554326,0.005081166618833066,0.0,613.125,-90.72058964554326,0.005081166618833066,0.0,613.125,-90.72058964554326,0.005081166618833066,0.0,0.0,0.0,0.0
2460,"(np.float64(-1.4515294343286922), np.float64(8.129866590132905e-05), np.float64(9.81))","(np.float64(-35.707624084485985), np.float64(0.0019999471811727007), 0)","(np.float64(-440.9891574433989), np.float64(0.024699347687482866), 0)",613.125,-90.72058964554326,0.005081166618833066,0.0,613.125,-90.72058964554326,0.005081166618833066,0.0,613.125,-90.72058964554326,0.005081166618833066,0.0,613.125,-90.72058964554326,0.005081166618833066,0.0,0.0,0.0,0.0
2465,"(np.float64(-1.4515294343286922), np.float64(8.129866590132905e-05), np.float64(9.81))","(np.float64(-35.78020055620242), np.float64(0.002004012114467767), 0)","(np.float64(-442.7799818830019), np.float64(0.024799649916538633), 0)",613.125,-90.72058964554326,0.005081166618833066,0.0,613.125,-90.72058964554326,0.005081166618833066,0.0,613.125,-90.72058964554326,0.005081166618833066,0.0,613.125,-90.72058964554326,0.005081166618833066,0.0,0.0,0.0,0.0
2470,"(np.float64(-1.4515294343286922), np.float64(8.129866590132905e-05), np.float64(9.81))","(np.float64(-35.85277702791886), np.float64(0.0020080770477628337), 0)","(np.float64(-444.57443514619075), np.float64(0.024900155392259152), 0)",613.125,-90.72058964554326,0.005081166618833066,0.0,613.125,-90.72058964554326,0.005081166618833066,0.0,613.125,-90.72058964554326,0.005081166618833066,0.0,613.125,-90.72058964554326,0.005081166618833066,0.0,0.0,0.0,0.0
2475,"(np.float64(-1.4515294343286922), np.float64(8.129866590132905e-05), np.float64(9.81))","(np.float64(-35.9253534996353), np.float64(0.0020121419810579), 0)","(np.float64(-446.37251723296544), np.float64(0.025000864114644424), 0)",613.125,-90.72058964554326,0.005081166618833066,0.0,613.125,-90.72058964554326,0.005081166618833066,0.0,613.125,-90.72058964554326,0.005081166618833066,0.0,613.125,-90.72058964554326,0.005081166618833066,0.0,0.0,0.0,0.0
2480,"(np.float64(-1.4515294343286922), np.float64(8.129866590132905e-05), np.float64(9.81))","(np.float64(-35.99792997135174), np.float64(0.0020162069143529666), 0)","(np.float64(-448.17422814332593), np.float64(0.02510177608369445), 0)",613.125,-90.72058964554326,0.005081166618833066,0.0,613.125,-90.72058964554326,0.005081166618833066,0.0,613.125,-90.72058964554326,0.005081166618833066,0.0,613.125,-90.72058964554326,0.005081166618833066,0.0,0.0,0.0,0.0
2485,"(np.float64(-1.4515294343286922), np.float64(8.129866590132905e-05), np.float64(9.81))","(np.float64(-36.070506443068176), np.float64(0.002020271847648033), 0)","(np.float64(-449.97956787727225), np.float64(0.025202891299409228), 0)",613.125,-90.72058964554326,0.005081166618833066,0.0,613.125,-90.72058964554326,0.005081166618833066,0.0,613.125,-90.72058964554326,0.005081166618833066,0.0,613.125,-90.72058964554326,0.005081166618833066,0.0,0.0,0.0,0.0
2490,"(np.float64(-1.4515294343286922), np.float64(8.129866590132905e-05), np.float64(9.81))","(np.float64(-36.143082914784614), np.float64(0.0020243367809430995), 0)","(np.float64(-451.78853643480437), np.float64(0.02530420976178876), 0)",613.125,-90.72058964554326,0.005081166618833066,0.0,613.125,-90.72058964554326,0.005081166618833066,0.0,613.125,-90.72058964554326,0.005081166618833066,0.0,613.125,-90.72058964554326,0.005081166618833066,0.0,0.0,0.0,0.0
2495,"(np.float64(-1.4515294343286922), np.float64(8.129866590132905e-05), np.float64(9.81))","(np.float64(-36.21565938650105), np.float64(0.002028401714238166), 0)","(np.float64(-453.6011338159223), np.float64(0.025405731470833047), 0)",613.125,-90.72058964554326,0.005081166618833066,0.0,613.125,-90.72058964554326,0.005081166618833066,0.0,613.125,-90.72058964554326,0.005081166618833066,0.0,613.125,-90.72058964554326,0.005081166618833066,0.0,0.0,0.0,0.0
2500,"(np.float64(-1.4515294343286922), np.float64(8.129866590132905e-05), np.float64(9.81))","(np.float64(-36.28823585821749), np.float64(0.0020324666475332325), 0)","(np.float64(-455.4173600206261), np.float64(0.025507456426542088), 0)",613.125,-90.72058964554326,0.005081166618833066,0.0,613.125,-90.72058964554326,0.005081166618833066,0.0,613.125,-90.72058964554326,0.005081166618833066,0.0,613.125,-90.72058964554326,0.005081166618833066,0.0,0.0,0.0,0.0
2505,"(np.float64(-1.4515294343286922), np.float64(8.129866590132905e-05), np.float64(9.81))","(np.float64(-36.36081232993393), np.float64(0.002036531580828299), 0)","(np.float64(-457.23721504891574), np.float64(0.02560938462891588), 0)",613.125,-90.72058964554326,0.005081166618833066,0.0,613.125,-90.72058964554326,0.005081166618833066,0.0,613.125,-90.72058964554326,0.005081166618833066,0.0,613.125,-90.72058964554326,0.005081166618833066,0.0,0.0,0.0,0.0
2510,"(np.float64(-1.4515294343286922), np.float64(8.129866590132905e-05), np.float64(9.81))","(np.float64(-36.433388801650366), np.float64(0.0020405965141233654), 0)","(np.float64(-459.0606989007912), np.float64(0.025711516077954424), 0)",613.125,-90.72058964554326,0.005081166618833066,0.0,613.125,-90.72058964554326,0.005081166618833066,0.0,613.125,-90.72058964554326,0.005081166618833066,0.0,613.125,-90.72058964554326,0.005081166618833066,0.0,0.0,0.0,0.0
2515,"(np.float64(-1.4515294343286922), np.float64(8.129866590132905e-05), np.float64(9.81))","(np.float64(-36.505965273366805), np.float64(0.002044661447418432), 0)","(np.float64(-460.88781157625243), np.float64(0.025813850773657724), 0)",613.125,-90.72058964554326,0.005081166618833066,0.0,613.125,-90.72058964554326,0.005081166618833066,0.0,613.125,-90.72058964554326,0.005081166618833066,0.0,613.125,-90.72058964554326,0.005081166618833066,0.0,0.0,0.0,0.0
2520,"(np.float64(-1.4515294343286922), np.float64(8.129866590132905e-05), np.float64(9.81))","(np.float64(-36.57854174508324), np.float64(0.0020487263807134983), 0)","(np.float64(-462.7185530752995), np.float64(0.025916388716025775), 0)",613.125,-90.72058964554326,0.005081166618833066,0.0,613.125,-90.72058964554326,0.005081166618833066,0.0,613.125,-90.72058964554326,0.005081166618833066,0.0,613.125,-90.72058964554326,0.005081166618833066,0.0,0.0,0.0,0.0
2525,"(np.float64(-1.4515294343286922), np.float64(8.129866590132905e-05), np.float64(9.81))","(np.float64(-36.65111821679968), np.float64(0.002052791314008565), 0)","(np.float64(-464.5529233979324), np.float64(0.026019129905058582), 0)",613.125,-90.72058964554326,0.005081166618833066,0.0,613.125,-90.72058964554326,0.005081166618833066,0.0,613.125,-90.72058964554326,0.005081166618833066,0.0,613.125,-90.72058964554326,0.005081166618833066,0.0,0.0,0.0,0.0
2530,"(np.float64(-1.4515294343286922), np.float64(8.129866590132905e-05), np.float64(9.81))","(np.float64(-36.72369468851612), np.float64(0.0020568562473036313), 0)","(np.float64(-466.39092254415107), np.float64(0.02612207434075614), 0)",613.125,-90.72058964554326,0.005081166618833066,0.0,613.125,-90.72058964554326,0.005081166618833066,0.0,613.125,-90.72058964554326,0.005081166618833066,0.0,613.125,-90.72058964554326,0.005081166618833066,0.0,0.0,0.0,0.0
2535,"(np.float64(-1.4515294343286922), np.float64(8.129866590132905e-05), np.float64(9.81))","(np.float64(-36.79627116023256), np.float64(0.0020609211805986977), 0)","(np.float64(-468.23255051395563), np.float64(0.026225222023118454), 0)",613.125,-90.72058964554326,0.005081166618833066,0.0,613.125,-90.72058964554326,0.005081166618833066,0.0,613.125,-90.72058964554326,0.005081166618833066,0.0,613.125,-90.72058964554326,0.005081166618833066,0.0,0.0,0.0,0.0
2540,"(np.float64(-1.4515294343286922), np.float64(8.129866590132905e-05), np.float64(9.81))","(np.float64(-36.868847631948995), np.float64(0.002064986113893764), 0)","(np.float64(-470.077807307346), np.float64(0.02632857295214552), 0)",613.125,-90.72058964554326,0.005081166618833066,0.0,613.125,-90.72058964554326,0.005081166618833066,0.0,613.125,-90.72058964554326,0.005081166618833066,0.0,613.125,-90.72058964554326,0.005081166618833066,0.0,0.0,0.0,0.0
2545,"(np.float64(-1.4515294343286922), np.float64(8.129866590132905e-05), np.float64(9.81))","(np.float64(-36.94142410366543), np.float64(0.0020690510471888307), 0)","(np.float64(-471.9266929243222), np.float64(0.026432127127837338), 0)",613.125,-90.72058964554326,0.005081166618833066,0.0,613.125,-90.72058964554326,0.005081166618833066,0.0,613.125,-90.72058964554326,0.005081166618833066,0.0,613.125,-90.72058964554326,0.005081166618833066,0.0,0.0,0.0,0.0
2550,"(np.float64(-1.4515294343286922), np.float64(8.129866590132905e-05), np.float64(9.81))","(np.float64(-37.01400057538187), np.float64(0.002073115980483897), 0)","(np.float64(-473.7792073648842), np.float64(0.02653588455019391), 0)",613.125,-90.72058964554326,0.005081166618833066,0.0,613.125,-90.72058964554326,0.005081166618833066,0.0,613.125,-90.72058964554326,0.005081166618833066,0.0,613.125,-90.72058964554326,0.005081166618833066,0.0,0.0,0.0,0.0
2555,"(np.float64(-1.4515294343286922), np.float64(8.129866590132905e-05), np.float64(9.81))","(np.float64(-37.08657704709831), np.float64(0.0020771809137789636), 0)","(np.float64(-475.635350629032), np.float64(0.026639845219215235), 0)",613.125,-90.72058964554326,0.005081166618833066,0.0,613.125,-90.72058964554326,0.005081166618833066,0.0,613.125,-90.72058964554326,0.005081166618833066,0.0,613.125,-90.72058964554326,0.005081166618833066,0.0,0.0,0.0,0.0
2560,"(np.float64(-1.4515294343286922), np.float64(8.129866590132905e-05), np.float64(9.81))","(np.float64(-37.15915351881475), np.float64(0.00208124584707403), 0)","(np.float64(-477.49512271676565), np.float64(0.026744009134901315), 0)",613.125,-90.72058964554326,0.005081166618833066,0.0,613.125,-90.72058964554326,0.005081166618833066,0.0,613.125,-90.72058964554326,0.005081166618833066,0.0,613.125,-90.72058964554326,0.005081166618833066,0.0,0.0,0.0,0.0
2565,"(np.float64(-1.4515294343286922), np.float64(8.129866590132905e-05), np.float64(9.81))","(np.float64(-37.231729990531186), np.float64(0.0020853107803690965), 0)","(np.float64(-479.3585236280851), np.float64(0.026848376297252147), 0)",613.125,-90.72058964554326,0.005081166618833066,0.0,613.125,-90.72058964554326,0.005081166618833066,0.0,613.125,-90.72058964554326,0.005081166618833066,0.0,613.125,-90.72058964554326,0.005081166618833066,0.0,0.0,0.0,0.0
2570,"(np.float64(-1.4515294343286922), np.float64(8.129866590132905e-05), np.float64(9.81))","(np.float64(-37.304306462247624), np.float64(0.002089375713664163), 0)","(np.float64(-481.2255533629904), np.float64(0.026952946706267734), 0)",613.125,-90.72058964554326,0.005081166618833066,0.0,613.125,-90.72058964554326,0.005081166618833066,0.0,613.125,-90.72058964554326,0.005081166618833066,0.0,613.125,-90.72058964554326,0.005081166618833066,0.0,0.0,0.0,0.0
2575,"(np.float64(-1.4515294343286922), np.float64(8.129866590132905e-05), np.float64(9.81))","(np.float64(-37.37688293396406), np.float64(0.0020934406469592295), 0)","(np.float64(-483.09621192148154), np.float64(0.027057720361948073), 0)",613.125,-90.72058964554326,0.005081166618833066,0.0,613.125,-90.72058964554326,0.005081166618833066,0.0,613.125,-90.72058964554326,0.005081166618833066,0.0,613.125,-90.72058964554326,0.005081166618833066,0.0,0.0,0.0,0.0
2580,"(np.float64(-1.4515294343286922), np.float64(8.129866590132905e-05), np.float64(9.81))","(np.float64(-37.4494594056805), np.float64(0.002097505580254296), 0)","(np.float64(-484.9704993035585), np.float64(0.027162697264293167), 0)",613.125,-90.72058964554326,0.005081166618833066,0.0,613.125,-90.72058964554326,0.005081166618833066,0.0,613.125,-90.72058964554326,0.005081166618833066,0.0,613.125,-90.72058964554326,0.005081166618833066,0.0,0.0,0.0,0.0
2585,"(np.float64(-1.4515294343286922), np.float64(8.129866590132905e-05), np.float64(9.81))","(np.float64(-37.52203587739694), np.float64(0.0021015705135493624), 0)","(np.float64(-486.84841550922124), np.float64(0.027267877413303013), 0)",613.125,-90.72058964554326,0.005081166618833066,0.0,613.125,-90.72058964554326,0.005081166618833066,0.0,613.125,-90.72058964554326,0.005081166618833066,0.0,613.125,-90.72058964554326,0.005081166618833066,0.0,0.0,0.0,0.0
2590,"(np.float64(-1.4515294343286922), np.float64(8.129866590132905e-05), np.float64(9.81))","(np.float64(-37.594612349113376), np.float64(0.002105635446844429), 0)","(np.float64(-488.7299605384698), np.float64(0.02737326080897761), 0)",613.125,-90.72058964554326,0.005081166618833066,0.0,613.125,-90.72058964554326,0.005081166618833066,0.0,613.125,-90.72058964554326,0.005081166618833066,0.0,613.125,-90.72058964554326,0.005081166618833066,0.0,0.0,0.0,0.0
2595,"(np.float64(-1.4515294343286922), np.float64(8.129866590132905e-05), np.float64(9.81))","(np.float64(-37.667188820829814), np.float64(0.0021097003801394953), 0)","(np.float64(-490.6151343913042), np.float64(0.027478847451316964), 0)",613.125,-90.72058964554326,0.005081166618833066,0.0,613.125,-90.72058964554326,0.005081166618833066,0.0,613.125,-90.72058964554326,0.005081166618833066,0.0,613.125,-90.72058964554326,0.005081166618833066,0.0,0.0,0.0,0.0
2600,"(np.float64(-1.4515294343286922), np.float64(8.129866590132905e-05), np.float64(9.81))","(np.float64(-37.73976529254625), np.float64(0.002113765313434562), 0)","(np.float64(-492.5039370677244), np.float64(0.02758463734032107), 0)",613.125,-90.72058964554326,0.005081166618833066,0.0,613.125,-90.72058964554326,0.005081166618833066,0.0,613.125,-90.72058964554326,0.005081166618833066,0.0,613.125,-90.72058964554326,0.005081166618833066,0.0,0.0,0.0,0.0
2605,"(np.float64(-1.4515294343286922), np.float64(8.129866590132905e-05), np.float64(9.81))","(np.float64(-37.81234176426269), np.float64(0.0021178302467296283), 0)","(np.float64(-494.39636856773046), np.float64(0.02769063047598993), 0)",613.125,-90.72058964554326,0.005081166618833066,0.0,613.125,-90.72058964554326,0.005081166618833066,0.0,613.125,-90.72058964554326,0.005081166618833066,0.0,613.125,-90.72058964554326,0.005081166618833066,0.0,0.0,0.0,0.0
2610,"(np.float64(-1.4515294343286922), np.float64(8.129866590132905e-05), np.float64(9.81))","(np.float64(-37.88491823597913), np.float64(0.0021218951800246947), 0)","(np.float64(-496.29242889132234), np.float64(0.02779682685832354), 0)",613.125,-90.72058964554326,0.005081166618833066,0.0,613.125,-90.72058964554326,0.005081166618833066,0.0,613.125,-90.72058964554326,0.005081166618833066,0.0,613.125,-90.72058964554326,0.005081166618833066,0.0,0.0,0.0,0.0
2615,"(np.float64(-1.4515294343286922), np.float64(8.129866590132905e-05), np.float64(9.81))","(np.float64(-37.95749470769557), np.float64(0.002125960113319761), 0)","(np.float64(-498.19211803850004), np.float64(0.027903226487321908), 0)",613.125,-90.72058964554326,0.005081166618833066,0.0,613.125,-90.72058964554326,0.005081166618833066,0.0,613.125,-90.72058964554326,0.005081166618833066,0.0,613.125,-90.72058964554326,0.005081166618833066,0.0,0.0,0.0,0.0
2620,"(np.float64(-1.4515294343286922), np.float64(8.129866590132905e-05), np.float64(9.81))","(np.float64(-38.030071179412005), np.float64(0.0021300250466148277), 0)","(np.float64(-500.09543600926355), np.float64(0.028009829362985027), 0)",613.125,-90.72058964554326,0.005081166618833066,0.0,613.125,-90.72058964554326,0.005081166618833066,0.0,613.125,-90.72058964554326,0.005081166618833066,0.0,613.125,-90.72058964554326,0.005081166618833066,0.0,0.0,0.0,0.0
2625,"(np.float64(-1.4515294343286922), np.float64(8.129866590132905e-05), np.float64(9.81))","(np.float64(-38.10264765112844), np.float64(0.002134089979909894), 0)","(np.float64(-502.0023828036129), np.float64(0.0281166354853129), 0)",613.125,-90.72058964554326,0.005081166618833066,0.0,613.125,-90.72058964554326,0.005081166618833066,0.0,613.125,-90.72058964554326,0.005081166618833066,0.0,613.125,-90.72058964554326,0.005081166618833066,0.0,0.0,0.0,0.0
2630,"(np.float64(-1.4515294343286922), np.float64(8.129866590132905e-05), np.float64(9.81))","(np.float64(-38.17522412284488), np.float64(0.0021381549132049606), 0)","(np.float64(-503.912958421548), np.float64(0.028223644854305525), 0)",613.125,-90.72058964554326,0.005081166618833066,0.0,613.125,-90.72058964554326,0.005081166618833066,0.0,613.125,-90.72058964554326,0.005081166618833066,0.0,613.125,-90.72058964554326,0.005081166618833066,0.0,0.0,0.0,0.0
2635,"(np.float64(-1.4515294343286922), np.float64(8.129866590132905e-05), np.float64(9.81))","(np.float64(-38.24780059456132), np.float64(0.002142219846500027), 0)","(np.float64(-505.82716286306896), np.float64(0.028330857469962903), 0)",613.125,-90.72058964554326,0.005081166618833066,0.0,613.125,-90.72058964554326,0.005081166618833066,0.0,613.125,-90.72058964554326,0.005081166618833066,0.0,613.125,-90.72058964554326,0.005081166618833066,0.0,0.0,0.0,0.0
2640,"(np.float64(-1.4515294343286922), np.float64(8.129866590132905e-05), np.float64(9.81))","(np.float64(-38.32037706627776), np.float64(0.0021462847797950936), 0)","(np.float64(-507.7449961281758), np.float64(0.028438273332285036), 0)",613.125,-90.72058964554326,0.005081166618833066,0.0,613.125,-90.72058964554326,0.005081166618833066,0.0,613.125,-90.72058964554326,0.005081166618833066,0.0,613.125,-90.72058964554326,0.005081166618833066,0.0,0.0,0.0,0.0
2645,"(np.float64(-1.4515294343286922), np.float64(8.129866590132905e-05), np.float64(9.81))","(np.float64(-38.392953537994195), np.float64(0.00215034971309016), 0)","(np.float64(-509.6664582168684), np.float64(0.02854589244127192), 0)",613.125,-90.72058964554326,0.005081166618833066,0.0,613.125,-90.72058964554326,0.005081166618833066,0.0,613.125,-90.72058964554326,0.005081166618833066,0.0,613.125,-90.72058964554326,0.005081166618833066,0.0,0.0,0.0,0.0
2650,"(np.float64(-1.4515294343286922), np.float64(8.129866590132905e-05), np.float64(9.81))","(np.float64(-38.46553000971063), np.float64(0.0021544146463852265), 0)","(np.float64(-511.59154912914687), np.float64(0.028653714796923562), 0)",613.125,-90.72058964554326,0.005081166618833066,0.0,613.125,-90.72058964554326,0.005081166618833066,0.0,613.125,-90.72058964554326,0.005081166618833066,0.0,613.125,-90.72058964554326,0.005081166618833066,0.0,0.0,0.0,0.0
2655,"(np.float64(-1.4515294343286922), np.float64(8.129866590132905e-05), np.float64(9.81))","(np.float64(-38.53810648142707), np.float64(0.002158479579680293), 0)","(np.float64(-513.5202688650111), np.float64(0.028761740399239955), 0)",613.125,-90.72058964554326,0.005081166618833066,0.0,613.125,-90.72058964554326,0.005081166618833066,0.0,613.125,-90.72058964554326,0.005081166618833066,0.0,613.125,-90.72058964554326,0.005081166618833066,0.0,0.0,0.0,0.0
2660,"(np.float64(-1.4515294343286922), np.float64(8.129866590132905e-05), np.float64(9.81))","(np.float64(-38.61068295314351), np.float64(0.0021625445129753594), 0)","(np.float64(-515.4526174244612), np.float64(0.0288699692482211), 0)",613.125,-90.72058964554326,0.005081166618833066,0.0,613.125,-90.72058964554326,0.005081166618833066,0.0,613.125,-90.72058964554326,0.005081166618833066,0.0,613.125,-90.72058964554326,0.005081166618833066,0.0,0.0,0.0,0.0
2665,"(np.float64(-1.4515294343286922), np.float64(8.129866590132905e-05), np.float64(9.81))","(np.float64(-38.68325942485995), np.float64(0.002166609446270426), 0)","(np.float64(-517.3885948074972), np.float64(0.028978401343866998), 0)",613.125,-90.72058964554326,0.005081166618833066,0.0,613.125,-90.72058964554326,0.005081166618833066,0.0,613.125,-90.72058964554326,0.005081166618833066,0.0,613.125,-90.72058964554326,0.005081166618833066,0.0,0.0,0.0,0.0
2670,"(np.float64(-1.4515294343286922), np.float64(8.129866590132905e-05), np.float64(9.81))","(np.float64(-38.755835896576386), np.float64(0.0021706743795654924), 0)","(np.float64(-519.3282010141189), np.float64(0.02908703668617765), 0)",613.125,-90.72058964554326,0.005081166618833066,0.0,613.125,-90.72058964554326,0.005081166618833066,0.0,613.125,-90.72058964554326,0.005081166618833066,0.0,613.125,-90.72058964554326,0.005081166618833066,0.0,0.0,0.0,0.0
2675,"(np.float64(-1.4515294343286922), np.float64(8.129866590132905e-05), np.float64(9.81))","(np.float64(-38.828412368292824), np.float64(0.002174739312860559), 0)","(np.float64(-521.2714360443265), np.float64(0.029195875275153056), 0)",613.125,-90.72058964554326,0.005081166618833066,0.0,613.125,-90.72058964554326,0.005081166618833066,0.0,613.125,-90.72058964554326,0.005081166618833066,0.0,613.125,-90.72058964554326,0.005081166618833066,0.0,0.0,0.0,0.0
2680,"(np.float64(-1.4515294343286922), np.float64(8.129866590132905e-05), np.float64(9.81))","(np.float64(-38.90098884000926), np.float64(0.0021788042461556253), 0)","(np.float64(-523.2182998981199), np.float64(0.029304917110793215), 0)",613.125,-90.72058964554326,0.005081166618833066,0.0,613.125,-90.72058964554326,0.005081166618833066,0.0,613.125,-90.72058964554326,0.005081166618833066,0.0,613.125,-90.72058964554326,0.005081166618833066,0.0,0.0,0.0,0.0
2685,"(np.float64(-1.4515294343286922), np.float64(8.129866590132905e-05), np.float64(9.81))","(np.float64(-38.9735653117257), np.float64(0.0021828691794506918), 0)","(np.float64(-525.1687925754991), np.float64(0.02941416219309813), 0)",613.125,-90.72058964554326,0.005081166618833066,0.0,613.125,-90.72058964554326,0.005081166618833066,0.0,613.125,-90.72058964554326,0.005081166618833066,0.0,613.125,-90.72058964554326,0.005081166618833066,0.0,0.0,0.0,0.0
2690,"(np.float64(-1.4515294343286922), np.float64(8.129866590132905e-05), np.float64(9.81))","(np.float64(-39.04614178344214), np.float64(0.0021869341127457582), 0)","(np.float64(-527.1229140764641), np.float64(0.029523610522067794), 0)",613.125,-90.72058964554326,0.005081166618833066,0.0,613.125,-90.72058964554326,0.005081166618833066,0.0,613.125,-90.72058964554326,0.005081166618833066,0.0,613.125,-90.72058964554326,0.005081166618833066,0.0,0.0,0.0,0.0
2695,"(np.float64(-1.4515294343286922), np.float64(8.129866590132905e-05), np.float64(9.81))","(np.float64(-39.118718255158576), np.float64(0.0021909990460408247), 0)","(np.float64(-529.0806644010149), np.float64(0.02963326209770221), 0)",613.125,-90.72058964554326,0.005081166618833066,0.0,613.125,-90.72058964554326,0.005081166618833066,0.0,613.125,-90.72058964554326,0.005081166618833066,0.0,613.125,-90.72058964554326,0.005081166618833066,0.0,0.0,0.0,0.0
2700,"(np.float64(-1.4515294343286922), np.float64(8.129866590132905e-05), np.float64(9.81))","(np.float64(-39.191294726875014), np.float64(0.002195063979335891), 0)","(np.float64(-531.0420435491516), np.float64(0.029743116920001384), 0)",613.125,-90.72058964554326,0.005081166618833066,0.0,613.125,-90.72058964554326,0.005081166618833066,0.0,613.125,-90.72058964554326,0.005081166618833066,0.0,613.125,-90.72058964554326,0.005081166618833066,0.0,0.0,0.0,0.0
2705,"(np.float64(-1.4515294343286922), np.float64(8.129866590132905e-05), np.float64(9.81))","(np.float64(-39.26387119859145), np.float64(0.0021991289126309576), 0)","(np.float64(-533.007051520874), np.float64(0.02985317498896531), 0)",613.125,-90.72058964554326,0.005081166618833066,0.0,613.125,-90.72058964554326,0.005081166618833066,0.0,613.125,-90.72058964554326,0.005081166618833066,0.0,613.125,-90.72058964554326,0.005081166618833066,0.0,0.0,0.0,0.0
2710,"(np.float64(-1.4515294343286922), np.float64(8.129866590132905e-05), np.float64(9.81))","(np.float64(-39.33644767030789), np.float64(0.002203193845926024), 0)","(np.float64(-534.9756883161823), np.float64(0.02996343630459399), 0)",613.125,-90.72058964554326,0.005081166618833066,0.0,613.125,-90.72058964554326,0.005081166618833066,0.0,613.125,-90.72058964554326,0.005081166618833066,0.0,613.125,-90.72058964554326,0.005081166618833066,0.0,0.0,0.0,0.0
2715,"(np.float64(-1.4515294343286922), np.float64(8.129866590132905e-05), np.float64(9.81))","(np.float64(-39.40902414202433), np.float64(0.0022072587792210906), 0)","(np.float64(-536.9479539350764), np.float64(0.03007390086688742), 0)",613.125,-90.72058964554326,0.005081166618833066,0.0,613.125,-90.72058964554326,0.005081166618833066,0.0,613.125,-90.72058964554326,0.005081166618833066,0.0,613.125,-90.72058964554326,0.005081166618833066,0.0,0.0,0.0,0.0
2720,"(np.float64(-1.4515294343286922), np.float64(8.129866590132905e-05), np.float64(9.81))","(np.float64(-39.48160061374077), np.float64(0.002211323712516157), 0)","(np.float64(-538.9238483775563), np.float64(0.030184568675845607), 0)",613.125,-90.72058964554326,0.005081166618833066,0.0,613.125,-90.72058964554326,0.005081166618833066,0.0,613.125,-90.72058964554326,0.005081166618833066,0.0,613.125,-90.72058964554326,0.005081166618833066,0.0,0.0,0.0,0.0
2725,"(np.float64(-1.4515294343286922), np.float64(8.129866590132905e-05), np.float64(9.81))","(np.float64(-39.554177085457205), np.float64(0.0022153886458112235), 0)","(np.float64(-540.903371643622), np.float64(0.030295439731468546), 0)",613.125,-90.72058964554326,0.005081166618833066,0.0,613.125,-90.72058964554326,0.005081166618833066,0.0,613.125,-90.72058964554326,0.005081166618833066,0.0,613.125,-90.72058964554326,0.005081166618833066,0.0,0.0,0.0,0.0
2730,"(np.float64(-1.4515294343286922), np.float64(8.129866590132905e-05), np.float64(9.81))","(np.float64(-39.62675355717364), np.float64(0.00221945357910629), 0)","(np.float64(-542.8865237332736), np.float64(0.030406514033756236), 0)",613.125,-90.72058964554326,0.005081166618833066,0.0,613.125,-90.72058964554326,0.005081166618833066,0.0,613.125,-90.72058964554326,0.005081166618833066,0.0,613.125,-90.72058964554326,0.005081166618833066,0.0,0.0,0.0,0.0
2735,"(np.float64(-1.4515294343286922), np.float64(8.129866590132905e-05), np.float64(9.81))","(np.float64(-39.69933002889008), np.float64(0.0022235185124013564), 0)","(np.float64(-544.8733046465111), np.float64(0.030517791582708682), 0)",613.125,-90.72058964554326,0.005081166618833066,0.0,613.125,-90.72058964554326,0.005081166618833066,0.0,613.125,-90.72058964554326,0.005081166618833066,0.0,613.125,-90.72058964554326,0.005081166618833066,0.0,0.0,0.0,0.0
2740,"(np.float64(-1.4515294343286922), np.float64(8.129866590132905e-05), np.float64(9.81))","(np.float64(-39.77190650060652), np.float64(0.002227583445696423), 0)","(np.float64(-546.8637143833344), np.float64(0.03062927237832588), 0)",613.125,-90.72058964554326,0.005081166618833066,0.0,613.125,-90.72058964554326,0.005081166618833066,0.0,613.125,-90.72058964554326,0.005081166618833066,0.0,613.125,-90.72058964554326,0.005081166618833066,0.0,0.0,0.0,0.0
2745,"(np.float64(-1.4515294343286922), np.float64(8.129866590132905e-05), np.float64(9.81))","(np.float64(-39.84448297232296), np.float64(0.0022316483789914894), 0)","(np.float64(-548.8577529437434), np.float64(0.030740956420607833), 0)",613.125,-90.72058964554326,0.005081166618833066,0.0,613.125,-90.72058964554326,0.005081166618833066,0.0,613.125,-90.72058964554326,0.005081166618833066,0.0,613.125,-90.72058964554326,0.005081166618833066,0.0,0.0,0.0,0.0
2750,"(np.float64(-1.4515294343286922), np.float64(8.129866590132905e-05), np.float64(9.81))","(np.float64(-39.917059444039396), np.float64(0.002235713312286556), 0)","(np.float64(-550.8554203277383), np.float64(0.030852843709554538), 0)",613.125,-90.72058964554326,0.005081166618833066,0.0,613.125,-90.72058964554326,0.005081166618833066,0.0,613.125,-90.72058964554326,0.005081166618833066,0.0,613.125,-90.72058964554326,0.005081166618833066,0.0,0.0,0.0,0.0
2755,"(np.float64(-1.4515294343286922), np.float64(8.129866590132905e-05), np.float64(9.81))","(np.float64(-39.989635915755834), np.float64(0.0022397782455816223), 0)","(np.float64(-552.856716535319), np.float64(0.030964934245165998), 0)",613.125,-90.72058964554326,0.005081166618833066,0.0,613.125,-90.72058964554326,0.005081166618833066,0.0,613.125,-90.72058964554326,0.005081166618833066,0.0,613.125,-90.72058964554326,0.005081166618833066,0.0,0.0,0.0,0.0
2760,"(np.float64(-1.4515294343286922), np.float64(8.129866590132905e-05), np.float64(9.81))","(np.float64(-40.06221238747227), np.float64(0.0022438431788766888), 0)","(np.float64(-554.8616415664856), np.float64(0.03107722802744221), 0)",613.125,-90.72058964554326,0.005081166618833066,0.0,613.125,-90.72058964554326,0.005081166618833066,0.0,613.125,-90.72058964554326,0.005081166618833066,0.0,613.125,-90.72058964554326,0.005081166618833066,0.0,0.0,0.0,0.0
2765,"(np.float64(-1.4515294343286922), np.float64(8.129866590132905e-05), np.float64(9.81))","(np.float64(-40.13478885918871), np.float64(0.0022479081121717552), 0)","(np.float64(-556.8701954212379), np.float64(0.031189725056383174), 0)",613.125,-90.72058964554326,0.005081166618833066,0.0,613.125,-90.72058964554326,0.005081166618833066,0.0,613.125,-90.72058964554326,0.005081166618833066,0.0,613.125,-90.72058964554326,0.005081166618833066,0.0,0.0,0.0,0.0
2770,"(np.float64(-1.4515294343286922), np.float64(8.129866590132905e-05), np.float64(9.81))","(np.float64(-40.20736533090515), np.float64(0.0022519730454668217), 0)","(np.float64(-558.882378099576), np.float64(0.03130242533198889), 0)",613.125,-90.72058964554326,0.005081166618833066,0.0,613.125,-90.72058964554326,0.005081166618833066,0.0,613.125,-90.72058964554326,0.005081166618833066,0.0,613.125,-90.72058964554326,0.005081166618833066,0.0,0.0,0.0,0.0
2775,"(np.float64(-1.4515294343286922), np.float64(8.129866590132905e-05), np.float64(9.81))","(np.float64(-40.279941802621586), np.float64(0.002256037978761888), 0)","(np.float64(-560.8981896015), np.float64(0.03141532885425936), 0)",613.125,-90.72058964554326,0.005081166618833066,0.0,613.125,-90.72058964554326,0.005081166618833066,0.0,613.125,-90.72058964554326,0.005081166618833066,0.0,613.125,-90.72058964554326,0.005081166618833066,0.0,0.0,0.0,0.0
2780,"(np.float64(-1.4515294343286922), np.float64(8.129866590132905e-05), np.float64(9.81))","(np.float64(-40.352518274338024), np.float64(0.0022601029120569546), 0)","(np.float64(-562.9176299270098), np.float64(0.03152843562319458), 0)",613.125,-90.72058964554326,0.005081166618833066,0.0,613.125,-90.72058964554326,0.005081166618833066,0.0,613.125,-90.72058964554326,0.005081166618833066,0.0,613.125,-90.72058964554326,0.005081166618833066,0.0,0.0,0.0,0.0
2785,"(np.float64(-1.4515294343286922), np.float64(8.129866590132905e-05), np.float64(9.81))","(np.float64(-40.42509474605446), np.float64(0.002264167845352021), 0)","(np.float64(-564.9406990761054), np.float64(0.03164174563879456), 0)",613.125,-90.72058964554326,0.005081166618833066,0.0,613.125,-90.72058964554326,0.005081166618833066,0.0,613.125,-90.72058964554326,0.005081166618833066,0.0,613.125,-90.72058964554326,0.005081166618833066,0.0,0.0,0.0,0.0
2790,"(np.float64(-1.4515294343286922), np.float64(8.129866590132905e-05), np.float64(9.81))","(np.float64(-40.4976712177709), np.float64(0.0022682327786470876), 0)","(np.float64(-566.9673970487868), np.float64(0.031755258901059284), 0)",613.125,-90.72058964554326,0.005081166618833066,0.0,613.125,-90.72058964554326,0.005081166618833066,0.0,613.125,-90.72058964554326,0.005081166618833066,0.0,613.125,-90.72058964554326,0.005081166618833066,0.0,0.0,0.0,0.0
2795,"(np.float64(-1.4515294343286922), np.float64(8.129866590132905e-05), np.float64(9.81))","(np.float64(-40.57024768948734), np.float64(0.002272297711942154), 0)","(np.float64(-568.997723845054), np.float64(0.031868975409988766), 0)",613.125,-90.72058964554326,0.005081166618833066,0.0,613.125,-90.72058964554326,0.005081166618833066,0.0,613.125,-90.72058964554326,0.005081166618833066,0.0,613.125,-90.72058964554326,0.005081166618833066,0.0,0.0,0.0,0.0
2800,"(np.float64(-1.4515294343286922), np.float64(8.129866590132905e-05), np.float64(9.81))","(np.float64(-40.64282416120378), np.float64(0.0022763626452372205), 0)","(np.float64(-571.0316794649071), np.float64(0.031982895165583), 0)",613.125,-90.72058964554326,0.005081166618833066,0.0,613.125,-90.72058964554326,0.005081166618833066,0.0,613.125,-90.72058964554326,0.005081166618833066,0.0,613.125,-90.72058964554326,0.005081166618833066,0.0,0.0,0.0,0.0
2805,"(np.float64(-1.4515294343286922), np.float64(8.129866590132905e-05), np.float64(9.81))","(np.float64(-40.715400632920215), np.float64(0.002280427578532287), 0)","(np.float64(-573.0692639083461), np.float64(0.03209701816784199), 0)",613.125,-90.72058964554326,0.005081166618833066,0.0,613.125,-90.72058964554326,0.005081166618833066,0.0,613.125,-90.72058964554326,0.005081166618833066,0.0,613.125,-90.72058964554326,0.005081166618833066,0.0,0.0,0.0,0.0
2810,"(np.float64(-1.4515294343286922), np.float64(8.129866590132905e-05), np.float64(9.81))","(np.float64(-40.78797710463665), np.float64(0.0022844925118273534), 0)","(np.float64(-575.1104771753709), np.float64(0.03221134441676573), 0)",613.125,-90.72058964554326,0.005081166618833066,0.0,613.125,-90.72058964554326,0.005081166618833066,0.0,613.125,-90.72058964554326,0.005081166618833066,0.0,613.125,-90.72058964554326,0.005081166618833066,0.0,0.0,0.0,0.0
2815,"(np.float64(-1.4515294343286922), np.float64(8.129866590132905e-05), np.float64(9.81))","(np.float64(-40.86055357635309), np.float64(0.00228855744512242), 0)","(np.float64(-577.1553192659815), np.float64(0.032325873912354225), 0)",613.125,-90.72058964554326,0.005081166618833066,0.0,613.125,-90.72058964554326,0.005081166618833066,0.0,613.125,-90.72058964554326,0.005081166618833066,0.0,613.125,-90.72058964554326,0.005081166618833066,0.0,0.0,0.0,0.0
2820,"(np.float64(-1.4515294343286922), np.float64(8.129866590132905e-05), np.float64(9.81))","(np.float64(-40.93313004806953), np.float64(0.0022926223784174864), 0)","(np.float64(-579.2037901801779), np.float64(0.032440606654607476), 0)",613.125,-90.72058964554326,0.005081166618833066,0.0,613.125,-90.72058964554326,0.005081166618833066,0.0,613.125,-90.72058964554326,0.005081166618833066,0.0,613.125,-90.72058964554326,0.005081166618833066,0.0,0.0,0.0,0.0
2825,"(np.float64(-1.4515294343286922), np.float64(8.129866590132905e-05), np.float64(9.81))","(np.float64(-41.00570651978597), np.float64(0.002296687311712553), 0)","(np.float64(-581.2558899179601), np.float64(0.032555542643525476), 0)",613.125,-90.72058964554326,0.005081166618833066,0.0,613.125,-90.72058964554326,0.005081166618833066,0.0,613.125,-90.72058964554326,0.005081166618833066,0.0,613.125,-90.72058964554326,0.005081166618833066,0.0,0.0,0.0,0.0
2830,"(np.float64(-1.4515294343286922), np.float64(8.129866590132905e-05), np.float64(9.81))","(np.float64(-41.078282991502405), np.float64(0.0023007522450076193), 0)","(np.float64(-583.3116184793281), np.float64(0.03267068187910823), 0)",613.125,-90.72058964554326,0.005081166618833066,0.0,613.125,-90.72058964554326,0.005081166618833066,0.0,613.125,-90.72058964554326,0.005081166618833066,0.0,613.125,-90.72058964554326,0.005081166618833066,0.0,0.0,0.0,0.0
2835,"(np.float64(-1.4515294343286922), np.float64(8.129866590132905e-05), np.float64(9.81))","(np.float64(-41.15085946321884), np.float64(0.002304817178302686), 0)","(np.float64(-585.370975864282), np.float64(0.03278602436135574), 0)",613.125,-90.72058964554326,0.005081166618833066,0.0,613.125,-90.72058964554326,0.005081166618833066,0.0,613.125,-90.72058964554326,0.005081166618833066,0.0,613.125,-90.72058964554326,0.005081166618833066,0.0,0.0,0.0,0.0
2840,"(np.float64(-1.4515294343286922), np.float64(8.129866590132905e-05), np.float64(9.81))","(np.float64(-41.22343593493528), np.float64(0.0023088821115977523), 0)","(np.float64(-587.4339620728216), np.float64(0.032901570090268), 0)",613.125,-90.72058964554326,0.005081166618833066,0.0,613.125,-90.72058964554326,0.005081166618833066,0.0,613.125,-90.72058964554326,0.005081166618833066,0.0,613.125,-90.72058964554326,0.005081166618833066,0.0,0.0,0.0,0.0
2845,"(np.float64(-1.4515294343286922), np.float64(8.129866590132905e-05), np.float64(9.81))","(np.float64(-41.29601240665172), np.float64(0.0023129470448928187), 0)","(np.float64(-589.5005771049471), np.float64(0.03301731906584501), 0)",613.125,-90.72058964554326,0.005081166618833066,0.0,613.125,-90.72058964554326,0.005081166618833066,0.0,613.125,-90.72058964554326,0.005081166618833066,0.0,613.125,-90.72058964554326,0.005081166618833066,0.0,0.0,0.0,0.0
2850,"(np.float64(-1.4515294343286922), np.float64(8.129866590132905e-05), np.float64(9.81))","(np.float64(-41.36858887836816), np.float64(0.002317011978187885), 0)","(np.float64(-591.5708209606584), np.float64(0.03313327128808678), 0)",613.125,-90.72058964554326,0.005081166618833066,0.0,613.125,-90.72058964554326,0.005081166618833066,0.0,613.125,-90.72058964554326,0.005081166618833066,0.0,613.125,-90.72058964554326,0.005081166618833066,0.0,0.0,0.0,0.0
2855,"(np.float64(-1.4515294343286922), np.float64(8.129866590132905e-05), np.float64(9.81))","(np.float64(-41.441165350084596), np.float64(0.0023210769114829517), 0)","(np.float64(-593.6446936399554), np.float64(0.03324942675699331), 0)",613.125,-90.72058964554326,0.005081166618833066,0.0,613.125,-90.72058964554326,0.005081166618833066,0.0,613.125,-90.72058964554326,0.005081166618833066,0.0,613.125,-90.72058964554326,0.005081166618833066,0.0,0.0,0.0,0.0
2860,"(np.float64(-1.4515294343286922), np.float64(8.129866590132905e-05), np.float64(9.81))","(np.float64(-41.513741821801034), np.float64(0.002325141844778018), 0)","(np.float64(-595.7221951428384), np.float64(0.03336578547256458), 0)",613.125,-90.72058964554326,0.005081166618833066,0.0,613.125,-90.72058964554326,0.005081166618833066,0.0,613.125,-90.72058964554326,0.005081166618833066,0.0,613.125,-90.72058964554326,0.005081166618833066,0.0,0.0,0.0,0.0
2865,"(np.float64(-1.4515294343286922), np.float64(8.129866590132905e-05), np.float64(9.81))","(np.float64(-41.58631829351747), np.float64(0.0023292067780730846), 0)","(np.float64(-597.8033254693071), np.float64(0.03348234743480061), 0)",613.125,-90.72058964554326,0.005081166618833066,0.0,613.125,-90.72058964554326,0.005081166618833066,0.0,613.125,-90.72058964554326,0.005081166618833066,0.0,613.125,-90.72058964554326,0.005081166618833066,0.0,0.0,0.0,0.0
2870,"(np.float64(-1.4515294343286922), np.float64(8.129866590132905e-05), np.float64(9.81))","(np.float64(-41.65889476523391), np.float64(0.002333271711368151), 0)","(np.float64(-599.8880846193617), np.float64(0.03359911264370139), 0)",613.125,-90.72058964554326,0.005081166618833066,0.0,613.125,-90.72058964554326,0.005081166618833066,0.0,613.125,-90.72058964554326,0.005081166618833066,0.0,613.125,-90.72058964554326,0.005081166618833066,0.0,0.0,0.0,0.0
2875,"(np.float64(-1.4515294343286922), np.float64(8.129866590132905e-05), np.float64(9.81))","(np.float64(-41.73147123695035), np.float64(0.0023373366446632175), 0)","(np.float64(-601.9764725930022), np.float64(0.03371608109926692), 0)",613.125,-90.72058964554326,0.005081166618833066,0.0,613.125,-90.72058964554326,0.005081166618833066,0.0,613.125,-90.72058964554326,0.005081166618833066,0.0,613.125,-90.72058964554326,0.005081166618833066,0.0,0.0,0.0,0.0
2880,"(np.float64(-1.4515294343286922), np.float64(8.129866590132905e-05), np.float64(9.81))","(np.float64(-41.804047708666786), np.float64(0.002341401577958284), 0)","(np.float64(-604.0684893902285), np.float64(0.03383325280149721), 0)",613.125,-90.72058964554326,0.005081166618833066,0.0,613.125,-90.72058964554326,0.005081166618833066,0.0,613.125,-90.72058964554326,0.005081166618833066,0.0,613.125,-90.72058964554326,0.005081166618833066,0.0,0.0,0.0,0.0
2885,"(np.float64(-1.4515294343286922), np.float64(8.129866590132905e-05), np.float64(9.81))","(np.float64(-41.876624180383224), np.float64(0.0023454665112533505), 0)","(np.float64(-606.1641350110406), np.float64(0.03395062775039225), 0)",613.125,-90.72058964554326,0.005081166618833066,0.0,613.125,-90.72058964554326,0.005081166618833066,0.0,613.125,-90.72058964554326,0.005081166618833066,0.0,613.125,-90.72058964554326,0.005081166618833066,0.0,0.0,0.0,0.0
2890,"(np.float64(-1.4515294343286922), np.float64(8.129866590132905e-05), np.float64(9.81))","(np.float64(-41.94920065209966), np.float64(0.002349531444548417), 0)","(np.float64(-608.2634094554385), np.float64(0.03406820594595205), 0)",613.125,-90.72058964554326,0.005081166618833066,0.0,613.125,-90.72058964554326,0.005081166618833066,0.0,613.125,-90.72058964554326,0.005081166618833066,0.0,613.125,-90.72058964554326,0.005081166618833066,0.0,0.0,0.0,0.0
2895,"(np.float64(-1.4515294343286922), np.float64(8.129866590132905e-05), np.float64(9.81))","(np.float64(-42.0217771238161), np.float64(0.0023535963778434834), 0)","(np.float64(-610.3663127234222), np.float64(0.034185987388176596), 0)",613.125,-90.72058964554326,0.005081166618833066,0.0,613.125,-90.72058964554326,0.005081166618833066,0.0,613.125,-90.72058964554326,0.005081166618833066,0.0,613.125,-90.72058964554326,0.005081166618833066,0.0,0.0,0.0,0.0
2900,"(np.float64(-1.4515294343286922), np.float64(8.129866590132905e-05), np.float64(9.81))","(np.float64(-42.09435359553254), np.float64(0.00235766131113855), 0)","(np.float64(-612.4728448149917), np.float64(0.0343039720770659), 0)",613.125,-90.72058964554326,0.005081166618833066,0.0,613.125,-90.72058964554326,0.005081166618833066,0.0,613.125,-90.72058964554326,0.005081166618833066,0.0,613.125,-90.72058964554326,0.005081166618833066,0.0,0.0,0.0,0.0
2905,"(np.float64(-1.4515294343286922), np.float64(8.129866590132905e-05), np.float64(9.81))","(np.float64(-42.16693006724898), np.float64(0.0023617262444336163), 0)","(np.float64(-614.5830057301471), np.float64(0.034422160012619954), 0)",613.125,-90.72058964554326,0.005081166618833066,0.0,613.125,-90.72058964554326,0.005081166618833066,0.0,613.125,-90.72058964554326,0.005081166618833066,0.0,613.125,-90.72058964554326,0.005081166618833066,0.0,0.0,0.0,0.0
2910,"(np.float64(-1.4515294343286922), np.float64(8.129866590132905e-05), np.float64(9.81))","(np.float64(-42.239506538965415), np.float64(0.002365791177728683), 0)","(np.float64(-616.6967954688882), np.float64(0.03454055119483876), 0)",613.125,-90.72058964554326,0.005081166618833066,0.0,613.125,-90.72058964554326,0.005081166618833066,0.0,613.125,-90.72058964554326,0.005081166618833066,0.0,613.125,-90.72058964554326,0.005081166618833066,0.0,0.0,0.0,0.0
2915,"(np.float64(-1.4515294343286922), np.float64(8.129866590132905e-05), np.float64(9.81))","(np.float64(-42.31208301068185), np.float64(0.0023698561110237493), 0)","(np.float64(-618.8142140312152), np.float64(0.03465914562372232), 0)",613.125,-90.72058964554326,0.005081166618833066,0.0,613.125,-90.72058964554326,0.005081166618833066,0.0,613.125,-90.72058964554326,0.005081166618833066,0.0,613.125,-90.72058964554326,0.005081166618833066,0.0,0.0,0.0,0.0
2920,"(np.float64(-1.4515294343286922), np.float64(8.129866590132905e-05), np.float64(9.81))","(np.float64(-42.38465948239829), np.float64(0.0023739210443188157), 0)","(np.float64(-620.935261417128), np.float64(0.034777943299270635), 0)",613.125,-90.72058964554326,0.005081166618833066,0.0,613.125,-90.72058964554326,0.005081166618833066,0.0,613.125,-90.72058964554326,0.005081166618833066,0.0,613.125,-90.72058964554326,0.005081166618833066,0.0,0.0,0.0,0.0
2925,"(np.float64(-1.4515294343286922), np.float64(8.129866590132905e-05), np.float64(9.81))","(np.float64(-42.45723595411473), np.float64(0.002377985977613882), 0)","(np.float64(-623.0599376266266), np.float64(0.034896944221483706), 0)",613.125,-90.72058964554326,0.005081166618833066,0.0,613.125,-90.72058964554326,0.005081166618833066,0.0,613.125,-90.72058964554326,0.005081166618833066,0.0,613.125,-90.72058964554326,0.005081166618833066,0.0,0.0,0.0,0.0
2930,"(np.float64(-1.4515294343286922), np.float64(8.129866590132905e-05), np.float64(9.81))","(np.float64(-42.52981242583117), np.float64(0.0023820509109089487), 0)","(np.float64(-625.188242659711), np.float64(0.035016148390361525), 0)",613.125,-90.72058964554326,0.005081166618833066,0.0,613.125,-90.72058964554326,0.005081166618833066,0.0,613.125,-90.72058964554326,0.005081166618833066,0.0,613.125,-90.72058964554326,0.005081166618833066,0.0,0.0,0.0,0.0
2935,"(np.float64(-1.4515294343286922), np.float64(8.129866590132905e-05), np.float64(9.81))","(np.float64(-42.602388897547605), np.float64(0.002386115844204015), 0)","(np.float64(-627.3201765163814), np.float64(0.0351355558059041), 0)",613.125,-90.72058964554326,0.005081166618833066,0.0,613.125,-90.72058964554326,0.005081166618833066,0.0,613.125,-90.72058964554326,0.005081166618833066,0.0,613.125,-90.72058964554326,0.005081166618833066,0.0,0.0,0.0,0.0
2940,"(np.float64(-1.4515294343286922), np.float64(8.129866590132905e-05), np.float64(9.81))","(np.float64(-42.674965369264044), np.float64(0.0023901807774990816), 0)","(np.float64(-629.4557391966375), np.float64(0.03525516646811143), 0)",613.125,-90.72058964554326,0.005081166618833066,0.0,613.125,-90.72058964554326,0.005081166618833066,0.0,613.125,-90.72058964554326,0.005081166618833066,0.0,613.125,-90.72058964554326,0.005081166618833066,0.0,0.0,0.0,0.0
2945,"(np.float64(-1.4515294343286922), np.float64(8.129866590132905e-05), np.float64(9.81))","(np.float64(-42.74754184098048), np.float64(0.002394245710794148), 0)","(np.float64(-631.5949307004795), np.float64(0.03537498037698351), 0)",613.125,-90.72058964554326,0.005081166618833066,0.0,613.125,-90.72058964554326,0.005081166618833066,0.0,613.125,-90.72058964554326,0.005081166618833066,0.0,613.125,-90.72058964554326,0.005081166618833066,0.0,0.0,0.0,0.0
2950,"(np.float64(-1.4515294343286922), np.float64(8.129866590132905e-05), np.float64(9.81))","(np.float64(-42.82011831269692), np.float64(0.0023983106440892145), 0)","(np.float64(-633.7377510279073), np.float64(0.03549499753252034), 0)",613.125,-90.72058964554326,0.005081166618833066,0.0,613.125,-90.72058964554326,0.005081166618833066,0.0,613.125,-90.72058964554326,0.005081166618833066,0.0,613.125,-90.72058964554326,0.005081166618833066,0.0,0.0,0.0,0.0
2955,"(np.float64(-1.4515294343286922), np.float64(8.129866590132905e-05), np.float64(9.81))","(np.float64(-42.89269478441336), np.float64(0.002402375577384281), 0)","(np.float64(-635.8842001789209), np.float64(0.03561521793472193), 0)",613.125,-90.72058964554326,0.005081166618833066,0.0,613.125,-90.72058964554326,0.005081166618833066,0.0,613.125,-90.72058964554326,0.005081166618833066,0.0,613.125,-90.72058964554326,0.005081166618833066,0.0,0.0,0.0,0.0
2960,"(np.float64(-1.4515294343286922), np.float64(8.129866590132905e-05), np.float64(9.81))","(np.float64(-42.965271256129796), np.float64(0.0024064405106793475), 0)","(np.float64(-638.0342781535203), np.float64(0.035735641583588273), 0)",613.125,-90.72058964554326,0.005081166618833066,0.0,613.125,-90.72058964554326,0.005081166618833066,0.0,613.125,-90.72058964554326,0.005081166618833066,0.0,613.125,-90.72058964554326,0.005081166618833066,0.0,0.0,0.0,0.0
2965,"(np.float64(-1.4515294343286922), np.float64(8.129866590132905e-05), np.float64(9.81))","(np.float64(-43.037847727846234), np.float64(0.002410505443974414), 0)","(np.float64(-640.1879849517055), np.float64(0.035856268479119366), 0)",613.125,-90.72058964554326,0.005081166618833066,0.0,613.125,-90.72058964554326,0.005081166618833066,0.0,613.125,-90.72058964554326,0.005081166618833066,0.0,613.125,-90.72058964554326,0.005081166618833066,0.0,0.0,0.0,0.0
2970,"(np.float64(-1.4515294343286922), np.float64(8.129866590132905e-05), np.float64(9.81))","(np.float64(-43.11042419956267), np.float64(0.0024145703772694804), 0)","(np.float64(-642.3453205734766), np.float64(0.035977098621315214), 0)",613.125,-90.72058964554326,0.005081166618833066,0.0,613.125,-90.72058964554326,0.005081166618833066,0.0,613.125,-90.72058964554326,0.005081166618833066,0.0,613.125,-90.72058964554326,0.005081166618833066,0.0,0.0,0.0,0.0
2975,"(np.float64(-1.4515294343286922), np.float64(8.129866590132905e-05), np.float64(9.81))","(np.float64(-43.18300067127911), np.float64(0.002418635310564547), 0)","(np.float64(-644.5062850188334), np.float64(0.03609813201017582), 0)",613.125,-90.72058964554326,0.005081166618833066,0.0,613.125,-90.72058964554326,0.005081166618833066,0.0,613.125,-90.72058964554326,0.005081166618833066,0.0,613.125,-90.72058964554326,0.005081166618833066,0.0,0.0,0.0,0.0
2980,"(np.float64(-1.4515294343286922), np.float64(8.129866590132905e-05), np.float64(9.81))","(np.float64(-43.25557714299555), np.float64(0.0024227002438596133), 0)","(np.float64(-646.6708782877761), np.float64(0.036219368645701175), 0)",613.125,-90.72058964554326,0.005081166618833066,0.0,613.125,-90.72058964554326,0.005081166618833066,0.0,613.125,-90.72058964554326,0.005081166618833066,0.0,613.125,-90.72058964554326,0.005081166618833066,0.0,0.0,0.0,0.0
2985,"(np.float64(-1.4515294343286922), np.float64(8.129866590132905e-05), np.float64(9.81))","(np.float64(-43.32815361471199), np.float64(0.00242676517715468), 0)","(np.float64(-648.8391003803046), np.float64(0.03634080852789128), 0)",613.125,-90.72058964554326,0.005081166618833066,0.0,613.125,-90.72058964554326,0.005081166618833066,0.0,613.125,-90.72058964554326,0.005081166618833066,0.0,613.125,-90.72058964554326,0.005081166618833066,0.0,0.0,0.0,0.0
2990,"(np.float64(-1.4515294343286922), np.float64(8.129866590132905e-05), np.float64(9.81))","(np.float64(-43.400730086428425), np.float64(0.0024308301104497463), 0)","(np.float64(-651.0109512964189), np.float64(0.03646245165674614), 0)",613.125,-90.72058964554326,0.005081166618833066,0.0,613.125,-90.72058964554326,0.005081166618833066,0.0,613.125,-90.72058964554326,0.005081166618833066,0.0,613.125,-90.72058964554326,0.005081166618833066,0.0,0.0,0.0,0.0
2995,"(np.float64(-1.4515294343286922), np.float64(8.129866590132905e-05), np.float64(9.81))","(np.float64(-43.47330655814486), np.float64(0.0024348950437448127), 0)","(np.float64(-653.186431036119), np.float64(0.03658429803226576), 0)",613.125,-90.72058964554326,0.005081166618833066,0.0,613.125,-90.72058964554326,0.005081166618833066,0.0,613.125,-90.72058964554326,0.005081166618833066,0.0,613.125,-90.72058964554326,0.005081166618833066,0.0,0.0,0.0,0.0
3000,"(np.float64(-1.4515294343286922), np.float64(8.129866590132905e-05), np.float64(9.81))","(np.float64(-43.5458830298613), np.float64(0.002438959977039879), 0)","(np.float64(-655.3655395994049), np.float64(0.036706347654450126), 0)",613.125,-90.72058964554326,0.005081166618833066,0.0,613.125,-90.72058964554326,0.005081166618833066,0.0,613.125,-90.72058964554326,0.005081166618833066,0.0,613.125,-90.72058964554326,0.005081166618833066,0.0,0.0,0.0,0.0
3005,"(np.float64(-1.4515294343286922), np.float64(8.129866590132905e-05), np.float64(9.81))","(np.float64(-43.61845950157774), np.float64(0.0024430249103349457), 0)","(np.float64(-657.5482769862767), np.float64(0.03682860052329925), 0)",613.125,-90.72058964554326,0.005081166618833066,0.0,613.125,-90.72058964554326,0.005081166618833066,0.0,613.125,-90.72058964554326,0.005081166618833066,0.0,613.125,-90.72058964554326,0.005081166618833066,0.0,0.0,0.0,0.0
3010,"(np.float64(-1.4515294343286922), np.float64(8.129866590132905e-05), np.float64(9.81))","(np.float64(-43.69103597329418), np.float64(0.002447089843630012), 0)","(np.float64(-659.7346431967344), np.float64(0.03695105663881312), 0)",613.125,-90.72058964554326,0.005081166618833066,0.0,613.125,-90.72058964554326,0.005081166618833066,0.0,613.125,-90.72058964554326,0.005081166618833066,0.0,613.125,-90.72058964554326,0.005081166618833066,0.0,0.0,0.0,0.0
3015,"(np.float64(-1.4515294343286922), np.float64(8.129866590132905e-05), np.float64(9.81))","(np.float64(-43.763612445010615), np.float64(0.0024511547769250786), 0)","(np.float64(-661.9246382307779), np.float64(0.037073716000991755), 0)",613.125,-90.72058964554326,0.005081166618833066,0.0,613.125,-90.72058964554326,0.005081166618833066,0.0,613.125,-90.72058964554326,0.005081166618833066,0.0,613.125,-90.72058964554326,0.005081166618833066,0.0,0.0,0.0,0.0
3020,"(np.float64(-1.4515294343286922), np.float64(8.129866590132905e-05), np.float64(9.81))","(np.float64(-43.83618891672705), np.float64(0.002455219710220145), 0)","(np.float64(-664.1182620884072), np.float64(0.037196578609835135), 0)",613.125,-90.72058964554326,0.005081166618833066,0.0,613.125,-90.72058964554326,0.005081166618833066,0.0,613.125,-90.72058964554326,0.005081166618833066,0.0,613.125,-90.72058964554326,0.005081166618833066,0.0,0.0,0.0,0.0
3025,"(np.float64(-1.4515294343286922), np.float64(8.129866590132905e-05), np.float64(9.81))","(np.float64(-43.90876538844349), np.float64(0.0024592846435152116), 0)","(np.float64(-666.3155147696223), np.float64(0.03731964446534327), 0)",613.125,-90.72058964554326,0.005081166618833066,0.0,613.125,-90.72058964554326,0.005081166618833066,0.0,613.125,-90.72058964554326,0.005081166618833066,0.0,613.125,-90.72058964554326,0.005081166618833066,0.0,0.0,0.0,0.0
3030,"(np.float64(-1.4515294343286922), np.float64(8.129866590132905e-05), np.float64(9.81))","(np.float64(-43.98134186015993), np.float64(0.002463349576810278), 0)","(np.float64(-668.5163962744232), np.float64(0.03744291356751616), 0)",613.125,-90.72058964554326,0.005081166618833066,0.0,613.125,-90.72058964554326,0.005081166618833066,0.0,613.125,-90.72058964554326,0.005081166618833066,0.0,613.125,-90.72058964554326,0.005081166618833066,0.0,0.0,0.0,0.0
3035,"(np.float64(-1.4515294343286922), np.float64(8.129866590132905e-05), np.float64(9.81))","(np.float64(-44.05391833187637), np.float64(0.0024674145101053445), 0)","(np.float64(-670.7209066028099), np.float64(0.0375663859163538), 0)",613.125,-90.72058964554326,0.005081166618833066,0.0,613.125,-90.72058964554326,0.005081166618833066,0.0,613.125,-90.72058964554326,0.005081166618833066,0.0,613.125,-90.72058964554326,0.005081166618833066,0.0,0.0,0.0,0.0
3040,"(np.float64(-1.4515294343286922), np.float64(8.129866590132905e-05), np.float64(9.81))","(np.float64(-44.126494803592806), np.float64(0.002471479443400411), 0)","(np.float64(-672.9290457547825), np.float64(0.03769006151185619), 0)",613.125,-90.72058964554326,0.005081166618833066,0.0,613.125,-90.72058964554326,0.005081166618833066,0.0,613.125,-90.72058964554326,0.005081166618833066,0.0,613.125,-90.72058964554326,0.005081166618833066,0.0,0.0,0.0,0.0
3045,"(np.float64(-1.4515294343286922), np.float64(8.129866590132905e-05), np.float64(9.81))","(np.float64(-44.199071275309244), np.float64(0.0024755443766954774), 0)","(np.float64(-675.1408137303408), np.float64(0.03781394035402334), 0)",613.125,-90.72058964554326,0.005081166618833066,0.0,613.125,-90.72058964554326,0.005081166618833066,0.0,613.125,-90.72058964554326,0.005081166618833066,0.0,613.125,-90.72058964554326,0.005081166618833066,0.0,0.0,0.0,0.0
3050,"(np.float64(-1.4515294343286922), np.float64(8.129866590132905e-05), np.float64(9.81))","(np.float64(-44.27164774702568), np.float64(0.002479609309990544), 0)","(np.float64(-677.356210529485), np.float64(0.03793802244285525), 0)",613.125,-90.72058964554326,0.005081166618833066,0.0,613.125,-90.72058964554326,0.005081166618833066,0.0,613.125,-90.72058964554326,0.005081166618833066,0.0,613.125,-90.72058964554326,0.005081166618833066,0.0,0.0,0.0,0.0
3055,"(np.float64(-1.4515294343286922), np.float64(8.129866590132905e-05), np.float64(9.81))","(np.float64(-44.34422421874212), np.float64(0.0024836742432856104), 0)","(np.float64(-679.575236152215), np.float64(0.0380623077783519), 0)",613.125,-90.72058964554326,0.005081166618833066,0.0,613.125,-90.72058964554326,0.005081166618833066,0.0,613.125,-90.72058964554326,0.005081166618833066,0.0,613.125,-90.72058964554326,0.005081166618833066,0.0,0.0,0.0,0.0
3060,"(np.float64(-1.4515294343286922), np.float64(8.129866590132905e-05), np.float64(9.81))","(np.float64(-44.41680069045856), np.float64(0.002487739176580677), 0)","(np.float64(-681.7978905985308), np.float64(0.03818679636051331), 0)",613.125,-90.72058964554326,0.005081166618833066,0.0,613.125,-90.72058964554326,0.005081166618833066,0.0,613.125,-90.72058964554326,0.005081166618833066,0.0,613.125,-90.72058964554326,0.005081166618833066,0.0,0.0,0.0,0.0
3065,"(np.float64(-1.4515294343286922), np.float64(8.129866590132905e-05), np.float64(9.81))","(np.float64(-44.489377162174996), np.float64(0.0024918041098757433), 0)","(np.float64(-684.0241738684324), np.float64(0.03831148818933947), 0)",613.125,-90.72058964554326,0.005081166618833066,0.0,613.125,-90.72058964554326,0.005081166618833066,0.0,613.125,-90.72058964554326,0.005081166618833066,0.0,613.125,-90.72058964554326,0.005081166618833066,0.0,0.0,0.0,0.0
3070,"(np.float64(-1.4515294343286922), np.float64(8.129866590132905e-05), np.float64(9.81))","(np.float64(-44.561953633891434), np.float64(0.0024958690431708098), 0)","(np.float64(-686.2540859619198), np.float64(0.038436383264830384), 0)",613.125,-90.72058964554326,0.005081166618833066,0.0,613.125,-90.72058964554326,0.005081166618833066,0.0,613.125,-90.72058964554326,0.005081166618833066,0.0,613.125,-90.72058964554326,0.005081166618833066,0.0,0.0,0.0,0.0
3075,"(np.float64(-1.4515294343286922), np.float64(8.129866590132905e-05), np.float64(9.81))","(np.float64(-44.63453010560787), np.float64(0.0024999339764658762), 0)","(np.float64(-688.4876268789932), np.float64(0.03856148158698605), 0)",613.125,-90.72058964554326,0.005081166618833066,0.0,613.125,-90.72058964554326,0.005081166618833066,0.0,613.125,-90.72058964554326,0.005081166618833066,0.0,613.125,-90.72058964554326,0.005081166618833066,0.0,0.0,0.0,0.0
3080,"(np.float64(-1.4515294343286922), np.float64(8.129866590132905e-05), np.float64(9.81))","(np.float64(-44.70710657732431), np.float64(0.0025039989097609427), 0)","(np.float64(-690.7247966196524), np.float64(0.038686783155806474), 0)",613.125,-90.72058964554326,0.005081166618833066,0.0,613.125,-90.72058964554326,0.005081166618833066,0.0,613.125,-90.72058964554326,0.005081166618833066,0.0,613.125,-90.72058964554326,0.005081166618833066,0.0,0.0,0.0,0.0
3085,"(np.float64(-1.4515294343286922), np.float64(8.129866590132905e-05), np.float64(9.81))","(np.float64(-44.77968304904075), np.float64(0.002508063843056009), 0)","(np.float64(-692.9655951838973), np.float64(0.03881228797129165), 0)",613.125,-90.72058964554326,0.005081166618833066,0.0,613.125,-90.72058964554326,0.005081166618833066,0.0,613.125,-90.72058964554326,0.005081166618833066,0.0,613.125,-90.72058964554326,0.005081166618833066,0.0,0.0,0.0,0.0
3090,"(np.float64(-1.4515294343286922), np.float64(8.129866590132905e-05), np.float64(9.81))","(np.float64(-44.85225952075719), np.float64(0.0025121287763510756), 0)","(np.float64(-695.2100225717281), np.float64(0.03893799603344158), 0)",613.125,-90.72058964554326,0.005081166618833066,0.0,613.125,-90.72058964554326,0.005081166618833066,0.0,613.125,-90.72058964554326,0.005081166618833066,0.0,613.125,-90.72058964554326,0.005081166618833066,0.0,0.0,0.0,0.0
3095,"(np.float64(-1.4515294343286922), np.float64(8.129866590132905e-05), np.float64(9.81))","(np.float64(-44.924835992473625), np.float64(0.002516193709646142), 0)","(np.float64(-697.4580787831447), np.float64(0.03906390734225626), 0)",613.125,-90.72058964554326,0.005081166618833066,0.0,613.125,-90.72058964554326,0.005081166618833066,0.0,613.125,-90.72058964554326,0.005081166618833066,0.0,613.125,-90.72058964554326,0.005081166618833066,0.0,0.0,0.0,0.0
3100,"(np.float64(-1.4515294343286922), np.float64(8.129866590132905e-05), np.float64(9.81))","(np.float64(-44.99741246419006), np.float64(0.0025202586429412086), 0)","(np.float64(-699.7097638181472), np.float64(0.0391900218977357), 0)",613.125,-90.72058964554326,0.005081166618833066,0.0,613.125,-90.72058964554326,0.005081166618833066,0.0,613.125,-90.72058964554326,0.005081166618833066,0.0,613.125,-90.72058964554326,0.005081166618833066,0.0,0.0,0.0,0.0
3105,"(np.float64(-1.4515294343286922), np.float64(8.129866590132905e-05), np.float64(9.81))","(np.float64(-45.0699889359065), np.float64(0.002524323576236275), 0)","(np.float64(-701.9650776767354), np.float64(0.03931633969987988), 0)",613.125,-90.72058964554326,0.005081166618833066,0.0,613.125,-90.72058964554326,0.005081166618833066,0.0,613.125,-90.72058964554326,0.005081166618833066,0.0,613.125,-90.72058964554326,0.005081166618833066,0.0,0.0,0.0,0.0
3110,"(np.float64(-1.4515294343286922), np.float64(8.129866590132905e-05), np.float64(9.81))","(np.float64(-45.14256540762294), np.float64(0.0025283885095313415), 0)","(np.float64(-704.2240203589095), np.float64(0.03944286074868882), 0)",613.125,-90.72058964554326,0.005081166618833066,0.0,613.125,-90.72058964554326,0.005081166618833066,0.0,613.125,-90.72058964554326,0.005081166618833066,0.0,613.125,-90.72058964554326,0.005081166618833066,0.0,0.0,0.0,0.0
3115,"(np.float64(-1.4515294343286922), np.float64(8.129866590132905e-05), np.float64(9.81))","(np.float64(-45.21514187933938), np.float64(0.002532453442826408), 0)","(np.float64(-706.4865918646693), np.float64(0.03956958504416252), 0)",613.125,-90.72058964554326,0.005081166618833066,0.0,613.125,-90.72058964554326,0.005081166618833066,0.0,613.125,-90.72058964554326,0.005081166618833066,0.0,613.125,-90.72058964554326,0.005081166618833066,0.0,0.0,0.0,0.0
3120,"(np.float64(-1.4515294343286922), np.float64(8.129866590132905e-05), np.float64(9.81))","(np.float64(-45.287718351055815), np.float64(0.0025365183761214744), 0)","(np.float64(-708.752792194015), np.float64(0.03969651258630097), 0)",613.125,-90.72058964554326,0.005081166618833066,0.0,613.125,-90.72058964554326,0.005081166618833066,0.0,613.125,-90.72058964554326,0.005081166618833066,0.0,613.125,-90.72058964554326,0.005081166618833066,0.0,0.0,0.0,0.0
3125,"(np.float64(-1.4515294343286922), np.float64(8.129866590132905e-05), np.float64(9.81))","(np.float64(-45.360294822772254), np.float64(0.002540583309416541), 0)","(np.float64(-711.0226213469465), np.float64(0.03982364337510417), 0)",613.125,-90.72058964554326,0.005081166618833066,0.0,613.125,-90.72058964554326,0.005081166618833066,0.0,613.125,-90.72058964554326,0.005081166618833066,0.0,613.125,-90.72058964554326,0.005081166618833066,0.0,0.0,0.0,0.0
3130,"(np.float64(-1.4515294343286922), np.float64(8.129866590132905e-05), np.float64(9.81))","(np.float64(-45.43287129448869), np.float64(0.0025446482427116074), 0)","(np.float64(-713.2960793234638), np.float64(0.039950977410572124), 0)",613.125,-90.72058964554326,0.005081166618833066,0.0,613.125,-90.72058964554326,0.005081166618833066,0.0,613.125,-90.72058964554326,0.005081166618833066,0.0,613.125,-90.72058964554326,0.005081166618833066,0.0,0.0,0.0,0.0
3135,"(np.float64(-1.4515294343286922), np.float64(8.129866590132905e-05), np.float64(9.81))","(np.float64(-45.50544776620513), np.float64(0.002548713176006674), 0)","(np.float64(-715.5731661235669), np.float64(0.040078514692704834), 0)",613.125,-90.72058964554326,0.005081166618833066,0.0,613.125,-90.72058964554326,0.005081166618833066,0.0,613.125,-90.72058964554326,0.005081166618833066,0.0,613.125,-90.72058964554326,0.005081166618833066,0.0,0.0,0.0,0.0
3140,"(np.float64(-1.4515294343286922), np.float64(8.129866590132905e-05), np.float64(9.81))","(np.float64(-45.57802423792157), np.float64(0.0025527781093017403), 0)","(np.float64(-717.8538817472559), np.float64(0.04020625522150229), 0)",613.125,-90.72058964554326,0.005081166618833066,0.0,613.125,-90.72058964554326,0.005081166618833066,0.0,613.125,-90.72058964554326,0.005081166618833066,0.0,613.125,-90.72058964554326,0.005081166618833066,0.0,0.0,0.0,0.0
3145,"(np.float64(-1.4515294343286922), np.float64(8.129866590132905e-05), np.float64(9.81))","(np.float64(-45.650600709638006), np.float64(0.0025568430425968068), 0)","(np.float64(-720.1382261945307), np.float64(0.040334198996964506), 0)",613.125,-90.72058964554326,0.005081166618833066,0.0,613.125,-90.72058964554326,0.005081166618833066,0.0,613.125,-90.72058964554326,0.005081166618833066,0.0,613.125,-90.72058964554326,0.005081166618833066,0.0,0.0,0.0,0.0
3150,"(np.float64(-1.4515294343286922), np.float64(8.129866590132905e-05), np.float64(9.81))","(np.float64(-45.723177181354444), np.float64(0.0025609079758918732), 0)","(np.float64(-722.4261994653914), np.float64(0.040462346019091475), 0)",613.125,-90.72058964554326,0.005081166618833066,0.0,613.125,-90.72058964554326,0.005081166618833066,0.0,613.125,-90.72058964554326,0.005081166618833066,0.0,613.125,-90.72058964554326,0.005081166618833066,0.0,0.0,0.0,0.0
3155,"(np.float64(-1.4515294343286922), np.float64(8.129866590132905e-05), np.float64(9.81))","(np.float64(-45.79575365307088), np.float64(0.0025649729091869397), 0)","(np.float64(-724.7178015598379), np.float64(0.0405906962878832), 0)",613.125,-90.72058964554326,0.005081166618833066,0.0,613.125,-90.72058964554326,0.005081166618833066,0.0,613.125,-90.72058964554326,0.005081166618833066,0.0,613.125,-90.72058964554326,0.005081166618833066,0.0,0.0,0.0,0.0
3160,"(np.float64(-1.4515294343286922), np.float64(8.129866590132905e-05), np.float64(9.81))","(np.float64(-45.86833012478732), np.float64(0.002569037842482006), 0)","(np.float64(-727.0130324778702), np.float64(0.04071924980333967), 0)",613.125,-90.72058964554326,0.005081166618833066,0.0,613.125,-90.72058964554326,0.005081166618833066,0.0,613.125,-90.72058964554326,0.005081166618833066,0.0,613.125,-90.72058964554326,0.005081166618833066,0.0,0.0,0.0,0.0
3165,"(np.float64(-1.4515294343286922), np.float64(8.129866590132905e-05), np.float64(9.81))","(np.float64(-45.94090659650376), np.float64(0.0025731027757770726), 0)","(np.float64(-729.3118922194883), np.float64(0.0408480065654609), 0)",613.125,-90.72058964554326,0.005081166618833066,0.0,613.125,-90.72058964554326,0.005081166618833066,0.0,613.125,-90.72058964554326,0.005081166618833066,0.0,613.125,-90.72058964554326,0.005081166618833066,0.0,0.0,0.0,0.0
3170,"(np.float64(-1.4515294343286922), np.float64(8.129866590132905e-05), np.float64(9.81))","(np.float64(-46.0134830682202), np.float64(0.002577167709072139), 0)","(np.float64(-731.6143807846922), np.float64(0.04097696657424688), 0)",613.125,-90.72058964554326,0.005081166618833066,0.0,613.125,-90.72058964554326,0.005081166618833066,0.0,613.125,-90.72058964554326,0.005081166618833066,0.0,613.125,-90.72058964554326,0.005081166618833066,0.0,0.0,0.0,0.0
3175,"(np.float64(-1.4515294343286922), np.float64(8.129866590132905e-05), np.float64(9.81))","(np.float64(-46.086059539936635), np.float64(0.0025812326423672056), 0)","(np.float64(-733.920498173482), np.float64(0.041106129829697614), 0)",613.125,-90.72058964554326,0.005081166618833066,0.0,613.125,-90.72058964554326,0.005081166618833066,0.0,613.125,-90.72058964554326,0.005081166618833066,0.0,613.125,-90.72058964554326,0.005081166618833066,0.0,0.0,0.0,0.0
3180,"(np.float64(-1.4515294343286922), np.float64(8.129866590132905e-05), np.float64(9.81))","(np.float64(-46.15863601165307), np.float64(0.002585297575662272), 0)","(np.float64(-736.2302443858575), np.float64(0.0412354963318131), 0)",613.125,-90.72058964554326,0.005081166618833066,0.0,613.125,-90.72058964554326,0.005081166618833066,0.0,613.125,-90.72058964554326,0.005081166618833066,0.0,613.125,-90.72058964554326,0.005081166618833066,0.0,0.0,0.0,0.0
3185,"(np.float64(-1.4515294343286922), np.float64(8.129866590132905e-05), np.float64(9.81))","(np.float64(-46.23121248336951), np.float64(0.0025893625089573385), 0)","(np.float64(-738.5436194218189), np.float64(0.04136506608059334), 0)",613.125,-90.72058964554326,0.005081166618833066,0.0,613.125,-90.72058964554326,0.005081166618833066,0.0,613.125,-90.72058964554326,0.005081166618833066,0.0,613.125,-90.72058964554326,0.005081166618833066,0.0,0.0,0.0,0.0
3190,"(np.float64(-1.4515294343286922), np.float64(8.129866590132905e-05), np.float64(9.81))","(np.float64(-46.30378895508595), np.float64(0.002593427442252405), 0)","(np.float64(-740.8606232813661), np.float64(0.04149483907603834), 0)",613.125,-90.72058964554326,0.005081166618833066,0.0,613.125,-90.72058964554326,0.005081166618833066,0.0,613.125,-90.72058964554326,0.005081166618833066,0.0,613.125,-90.72058964554326,0.005081166618833066,0.0,0.0,0.0,0.0
3195,"(np.float64(-1.4515294343286922), np.float64(8.129866590132905e-05), np.float64(9.81))","(np.float64(-46.37636542680239), np.float64(0.0025974923755474714), 0)","(np.float64(-743.1812559644991), np.float64(0.04162481531814809), 0)",613.125,-90.72058964554326,0.005081166618833066,0.0,613.125,-90.72058964554326,0.005081166618833066,0.0,613.125,-90.72058964554326,0.005081166618833066,0.0,613.125,-90.72058964554326,0.005081166618833066,0.0,0.0,0.0,0.0
3200,"(np.float64(-1.4515294343286922), np.float64(8.129866590132905e-05), np.float64(9.81))","(np.float64(-46.448941898518825), np.float64(0.002601557308842538), 0)","(np.float64(-745.5055174712179), np.float64(0.04175499480692259), 0)",613.125,-90.72058964554326,0.005081166618833066,0.0,613.125,-90.72058964554326,0.005081166618833066,0.0,613.125,-90.72058964554326,0.005081166618833066,0.0,613.125,-90.72058964554326,0.005081166618833066,0.0,0.0,0.0,0.0
3205,"(np.float64(-1.4515294343286922), np.float64(8.129866590132905e-05), np.float64(9.81))","(np.float64(-46.52151837023526), np.float64(0.0026056222421376044), 0)","(np.float64(-747.8334078015225), np.float64(0.041885377542361844), 0)",613.125,-90.72058964554326,0.005081166618833066,0.0,613.125,-90.72058964554326,0.005081166618833066,0.0,613.125,-90.72058964554326,0.005081166618833066,0.0,613.125,-90.72058964554326,0.005081166618833066,0.0,0.0,0.0,0.0
3210,"(np.float64(-1.4515294343286922), np.float64(8.129866590132905e-05), np.float64(9.81))","(np.float64(-46.5940948419517), np.float64(0.002609687175432671), 0)","(np.float64(-750.164926955413), np.float64(0.04201596352446585), 0)",613.125,-90.72058964554326,0.005081166618833066,0.0,613.125,-90.72058964554326,0.005081166618833066,0.0,613.125,-90.72058964554326,0.005081166618833066,0.0,613.125,-90.72058964554326,0.005081166618833066,0.0,0.0,0.0,0.0
3215,"(np.float64(-1.4515294343286922), np.float64(8.129866590132905e-05), np.float64(9.81))","(np.float64(-46.66667131366814), np.float64(0.0026137521087277373), 0)","(np.float64(-752.5000749328893), np.float64(0.04214675275323461), 0)",613.125,-90.72058964554326,0.005081166618833066,0.0,613.125,-90.72058964554326,0.005081166618833066,0.0,613.125,-90.72058964554326,0.005081166618833066,0.0,613.125,-90.72058964554326,0.005081166618833066,0.0,0.0,0.0,0.0
3220,"(np.float64(-1.4515294343286922), np.float64(8.129866590132905e-05), np.float64(9.81))","(np.float64(-46.73924778538458), np.float64(0.002617817042022804), 0)","(np.float64(-754.8388517339515), np.float64(0.042277745228668125), 0)",613.125,-90.72058964554326,0.005081166618833066,0.0,613.125,-90.72058964554326,0.005081166618833066,0.0,613.125,-90.72058964554326,0.005081166618833066,0.0,613.125,-90.72058964554326,0.005081166618833066,0.0,0.0,0.0,0.0
3225,"(np.float64(-1.4515294343286922), np.float64(8.129866590132905e-05), np.float64(9.81))","(np.float64(-46.811824257101016), np.float64(0.0026218819753178703), 0)","(np.float64(-757.1812573585995), np.float64(0.042408940950766395), 0)",613.125,-90.72058964554326,0.005081166618833066,0.0,613.125,-90.72058964554326,0.005081166618833066,0.0,613.125,-90.72058964554326,0.005081166618833066,0.0,613.125,-90.72058964554326,0.005081166618833066,0.0,0.0,0.0,0.0
3230,"(np.float64(-1.4515294343286922), np.float64(8.129866590132905e-05), np.float64(9.81))","(np.float64(-46.884400728817454), np.float64(0.0026259469086129367), 0)","(np.float64(-759.5272918068333), np.float64(0.042540339919529414), 0)",613.125,-90.72058964554326,0.005081166618833066,0.0,613.125,-90.72058964554326,0.005081166618833066,0.0,613.125,-90.72058964554326,0.005081166618833066,0.0,613.125,-90.72058964554326,0.005081166618833066,0.0,0.0,0.0,0.0
3235,"(np.float64(-1.4515294343286922), np.float64(8.129866590132905e-05), np.float64(9.81))","(np.float64(-46.95697720053389), np.float64(0.002630011841908003), 0)","(np.float64(-761.8769550786529), np.float64(0.04267194213495719), 0)",613.125,-90.72058964554326,0.005081166618833066,0.0,613.125,-90.72058964554326,0.005081166618833066,0.0,613.125,-90.72058964554326,0.005081166618833066,0.0,613.125,-90.72058964554326,0.005081166618833066,0.0,0.0,0.0,0.0
3240,"(np.float64(-1.4515294343286922), np.float64(8.129866590132905e-05), np.float64(9.81))","(np.float64(-47.02955367225033), np.float64(0.0026340767752030697), 0)","(np.float64(-764.2302471740584), np.float64(0.04280374759704972), 0)",613.125,-90.72058964554326,0.005081166618833066,0.0,613.125,-90.72058964554326,0.005081166618833066,0.0,613.125,-90.72058964554326,0.005081166618833066,0.0,613.125,-90.72058964554326,0.005081166618833066,0.0,0.0,0.0,0.0
3245,"(np.float64(-1.4515294343286922), np.float64(8.129866590132905e-05), np.float64(9.81))","(np.float64(-47.10213014396677), np.float64(0.002638141708498136), 0)","(np.float64(-766.5871680930496), np.float64(0.042935756305806996), 0)",613.125,-90.72058964554326,0.005081166618833066,0.0,613.125,-90.72058964554326,0.005081166618833066,0.0,613.125,-90.72058964554326,0.005081166618833066,0.0,613.125,-90.72058964554326,0.005081166618833066,0.0,0.0,0.0,0.0
3250,"(np.float64(-1.4515294343286922), np.float64(8.129866590132905e-05), np.float64(9.81))","(np.float64(-47.174706615683206), np.float64(0.0026422066417932026), 0)","(np.float64(-768.9477178356267), np.float64(0.04306796826122903), 0)",613.125,-90.72058964554326,0.005081166618833066,0.0,613.125,-90.72058964554326,0.005081166618833066,0.0,613.125,-90.72058964554326,0.005081166618833066,0.0,613.125,-90.72058964554326,0.005081166618833066,0.0,0.0,0.0,0.0
3255,"(np.float64(-1.4515294343286922), np.float64(8.129866590132905e-05), np.float64(9.81))","(np.float64(-47.247283087399644), np.float64(0.002646271575088269), 0)","(np.float64(-771.3118964017896), np.float64(0.04320038346331582), 0)",613.125,-90.72058964554326,0.005081166618833066,0.0,613.125,-90.72058964554326,0.005081166618833066,0.0,613.125,-90.72058964554326,0.005081166618833066,0.0,613.125,-90.72058964554326,0.005081166618833066,0.0,0.0,0.0,0.0
3260,"(np.float64(-1.4515294343286922), np.float64(8.129866590132905e-05), np.float64(9.81))","(np.float64(-47.31985955911608), np.float64(0.0026503365083833355), 0)","(np.float64(-773.6797037915383), np.float64(0.04333300191206736), 0)",613.125,-90.72058964554326,0.005081166618833066,0.0,613.125,-90.72058964554326,0.005081166618833066,0.0,613.125,-90.72058964554326,0.005081166618833066,0.0,613.125,-90.72058964554326,0.005081166618833066,0.0,0.0,0.0,0.0
3265,"(np.float64(-1.4515294343286922), np.float64(8.129866590132905e-05), np.float64(9.81))","(np.float64(-47.39243603083252), np.float64(0.002654401441678402), 0)","(np.float64(-776.0511400048728), np.float64(0.043465823607483654), 0)",613.125,-90.72058964554326,0.005081166618833066,0.0,613.125,-90.72058964554326,0.005081166618833066,0.0,613.125,-90.72058964554326,0.005081166618833066,0.0,613.125,-90.72058964554326,0.005081166618833066,0.0,0.0,0.0,0.0
3270,"(np.float64(-1.4515294343286922), np.float64(8.129866590132905e-05), np.float64(9.81))","(np.float64(-47.46501250254896), np.float64(0.0026584663749734685), 0)","(np.float64(-778.4262050417931), np.float64(0.0435988485495647), 0)",613.125,-90.72058964554326,0.005081166618833066,0.0,613.125,-90.72058964554326,0.005081166618833066,0.0,613.125,-90.72058964554326,0.005081166618833066,0.0,613.125,-90.72058964554326,0.005081166618833066,0.0,0.0,0.0,0.0
3275,"(np.float64(-1.4515294343286922), np.float64(8.129866590132905e-05), np.float64(9.81))","(np.float64(-47.5375889742654), np.float64(0.002662531308268535), 0)","(np.float64(-780.8048989022992), np.float64(0.043732076738310505), 0)",613.125,-90.72058964554326,0.005081166618833066,0.0,613.125,-90.72058964554326,0.005081166618833066,0.0,613.125,-90.72058964554326,0.005081166618833066,0.0,613.125,-90.72058964554326,0.005081166618833066,0.0,0.0,0.0,0.0
3280,"(np.float64(-1.4515294343286922), np.float64(8.129866590132905e-05), np.float64(9.81))","(np.float64(-47.610165445981835), np.float64(0.0026665962415636014), 0)","(np.float64(-783.1872215863912), np.float64(0.043865508173721056), 0)",613.125,-90.72058964554326,0.005081166618833066,0.0,613.125,-90.72058964554326,0.005081166618833066,0.0,613.125,-90.72058964554326,0.005081166618833066,0.0,613.125,-90.72058964554326,0.005081166618833066,0.0,0.0,0.0,0.0
3285,"(np.float64(-1.4515294343286922), np.float64(8.129866590132905e-05), np.float64(9.81))","(np.float64(-47.68274191769827), np.float64(0.002670661174858668), 0)","(np.float64(-785.573173094069), np.float64(0.04399914285579636), 0)",613.125,-90.72058964554326,0.005081166618833066,0.0,613.125,-90.72058964554326,0.005081166618833066,0.0,613.125,-90.72058964554326,0.005081166618833066,0.0,613.125,-90.72058964554326,0.005081166618833066,0.0,0.0,0.0,0.0
3290,"(np.float64(-1.4515294343286922), np.float64(8.129866590132905e-05), np.float64(9.81))","(np.float64(-47.75531838941471), np.float64(0.0026747261081537343), 0)","(np.float64(-787.9627534253327), np.float64(0.044132980784536424), 0)",613.125,-90.72058964554326,0.005081166618833066,0.0,613.125,-90.72058964554326,0.005081166618833066,0.0,613.125,-90.72058964554326,0.005081166618833066,0.0,613.125,-90.72058964554326,0.005081166618833066,0.0,0.0,0.0,0.0
3295,"(np.float64(-1.4515294343286922), np.float64(8.129866590132905e-05), np.float64(9.81))","(np.float64(-47.82789486113115), np.float64(0.002678791041448801), 0)","(np.float64(-790.3559625801822), np.float64(0.04426702195994124), 0)",613.125,-90.72058964554326,0.005081166618833066,0.0,613.125,-90.72058964554326,0.005081166618833066,0.0,613.125,-90.72058964554326,0.005081166618833066,0.0,613.125,-90.72058964554326,0.005081166618833066,0.0,0.0,0.0,0.0
3300,"(np.float64(-1.4515294343286922), np.float64(8.129866590132905e-05), np.float64(9.81))","(np.float64(-47.90047133284759), np.float64(0.0026828559747438673), 0)","(np.float64(-792.7528005586175), np.float64(0.04440126638201081), 0)",613.125,-90.72058964554326,0.005081166618833066,0.0,613.125,-90.72058964554326,0.005081166618833066,0.0,613.125,-90.72058964554326,0.005081166618833066,0.0,613.125,-90.72058964554326,0.005081166618833066,0.0,0.0,0.0,0.0
3305,"(np.float64(-1.4515294343286922), np.float64(8.129866590132905e-05), np.float64(9.81))","(np.float64(-47.973047804564025), np.float64(0.0026869209080389337), 0)","(np.float64(-795.1532673606387), np.float64(0.04453571405074513), 0)",613.125,-90.72058964554326,0.005081166618833066,0.0,613.125,-90.72058964554326,0.005081166618833066,0.0,613.125,-90.72058964554326,0.005081166618833066,0.0,613.125,-90.72058964554326,0.005081166618833066,0.0,0.0,0.0,0.0
3310,"(np.float64(-1.4515294343286922), np.float64(8.129866590132905e-05), np.float64(9.81))","(np.float64(-48.04562427628046), np.float64(0.002690985841334), 0)","(np.float64(-797.5573629862456), np.float64(0.0446703649661442), 0)",613.125,-90.72058964554326,0.005081166618833066,0.0,613.125,-90.72058964554326,0.005081166618833066,0.0,613.125,-90.72058964554326,0.005081166618833066,0.0,613.125,-90.72058964554326,0.005081166618833066,0.0,0.0,0.0,0.0
3315,"(np.float64(-1.4515294343286922), np.float64(8.129866590132905e-05), np.float64(9.81))","(np.float64(-48.1182007479969), np.float64(0.0026950507746290667), 0)","(np.float64(-799.9650874354384), np.float64(0.04480521912820803), 0)",613.125,-90.72058964554326,0.005081166618833066,0.0,613.125,-90.72058964554326,0.005081166618833066,0.0,613.125,-90.72058964554326,0.005081166618833066,0.0,613.125,-90.72058964554326,0.005081166618833066,0.0,0.0,0.0,0.0
3320,"(np.float64(-1.4515294343286922), np.float64(8.129866590132905e-05), np.float64(9.81))","(np.float64(-48.19077721971334), np.float64(0.002699115707924133), 0)","(np.float64(-802.3764407082169), np.float64(0.04494027653693661), 0)",613.125,-90.72058964554326,0.005081166618833066,0.0,613.125,-90.72058964554326,0.005081166618833066,0.0,613.125,-90.72058964554326,0.005081166618833066,0.0,613.125,-90.72058964554326,0.005081166618833066,0.0,0.0,0.0,0.0
3325,"(np.float64(-1.4515294343286922), np.float64(8.129866590132905e-05), np.float64(9.81))","(np.float64(-48.26335369142978), np.float64(0.0027031806412191996), 0)","(np.float64(-804.7914228045813), np.float64(0.04507553719232994), 0)",613.125,-90.72058964554326,0.005081166618833066,0.0,613.125,-90.72058964554326,0.005081166618833066,0.0,613.125,-90.72058964554326,0.005081166618833066,0.0,613.125,-90.72058964554326,0.005081166618833066,0.0,0.0,0.0,0.0
3330,"(np.float64(-1.4515294343286922), np.float64(8.129866590132905e-05), np.float64(9.81))","(np.float64(-48.335930163146216), np.float64(0.002707245574514266), 0)","(np.float64(-807.2100337245315), np.float64(0.04521100109438803), 0)",613.125,-90.72058964554326,0.005081166618833066,0.0,613.125,-90.72058964554326,0.005081166618833066,0.0,613.125,-90.72058964554326,0.005081166618833066,0.0,613.125,-90.72058964554326,0.005081166618833066,0.0,0.0,0.0,0.0
3335,"(np.float64(-1.4515294343286922), np.float64(8.129866590132905e-05), np.float64(9.81))","(np.float64(-48.408506634862654), np.float64(0.0027113105078093325), 0)","(np.float64(-809.6322734680675), np.float64(0.04534666824311087), 0)",613.125,-90.72058964554326,0.005081166618833066,0.0,613.125,-90.72058964554326,0.005081166618833066,0.0,613.125,-90.72058964554326,0.005081166618833066,0.0,613.125,-90.72058964554326,0.005081166618833066,0.0,0.0,0.0,0.0
3340,"(np.float64(-1.4515294343286922), np.float64(8.129866590132905e-05), np.float64(9.81))","(np.float64(-48.48108310657909), np.float64(0.002715375441104399), 0)","(np.float64(-812.0581420351893), np.float64(0.045482538638498465), 0)",613.125,-90.72058964554326,0.005081166618833066,0.0,613.125,-90.72058964554326,0.005081166618833066,0.0,613.125,-90.72058964554326,0.005081166618833066,0.0,613.125,-90.72058964554326,0.005081166618833066,0.0,0.0,0.0,0.0
3345,"(np.float64(-1.4515294343286922), np.float64(8.129866590132905e-05), np.float64(9.81))","(np.float64(-48.55365957829553), np.float64(0.0027194403743994655), 0)","(np.float64(-814.487639425897), np.float64(0.045618612280550815), 0)",613.125,-90.72058964554326,0.005081166618833066,0.0,613.125,-90.72058964554326,0.005081166618833066,0.0,613.125,-90.72058964554326,0.005081166618833066,0.0,613.125,-90.72058964554326,0.005081166618833066,0.0,0.0,0.0,0.0
3350,"(np.float64(-1.4515294343286922), np.float64(8.129866590132905e-05), np.float64(9.81))","(np.float64(-48.62623605001197), np.float64(0.002723505307694532), 0)","(np.float64(-816.9207656401904), np.float64(0.04575488916926791), 0)",613.125,-90.72058964554326,0.005081166618833066,0.0,613.125,-90.72058964554326,0.005081166618833066,0.0,613.125,-90.72058964554326,0.005081166618833066,0.0,613.125,-90.72058964554326,0.005081166618833066,0.0,0.0,0.0,0.0
3355,"(np.float64(-1.4515294343286922), np.float64(8.129866590132905e-05), np.float64(9.81))","(np.float64(-48.69881252172841), np.float64(0.0027275702409895984), 0)","(np.float64(-819.3575206780698), np.float64(0.045891369304649765), 0)",613.125,-90.72058964554326,0.005081166618833066,0.0,613.125,-90.72058964554326,0.005081166618833066,0.0,613.125,-90.72058964554326,0.005081166618833066,0.0,613.125,-90.72058964554326,0.005081166618833066,0.0,0.0,0.0,0.0
3360,"(np.float64(-1.4515294343286922), np.float64(8.129866590132905e-05), np.float64(9.81))","(np.float64(-48.771388993444845), np.float64(0.002731635174284665), 0)","(np.float64(-821.797904539535), np.float64(0.04602805268669637), 0)",613.125,-90.72058964554326,0.005081166618833066,0.0,613.125,-90.72058964554326,0.005081166618833066,0.0,613.125,-90.72058964554326,0.005081166618833066,0.0,613.125,-90.72058964554326,0.005081166618833066,0.0,0.0,0.0,0.0
3365,"(np.float64(-1.4515294343286922), np.float64(8.129866590132905e-05), np.float64(9.81))","(np.float64(-48.84396546516128), np.float64(0.0027357001075797313), 0)","(np.float64(-824.241917224586), np.float64(0.04616493931540774), 0)",613.125,-90.72058964554326,0.005081166618833066,0.0,613.125,-90.72058964554326,0.005081166618833066,0.0,613.125,-90.72058964554326,0.005081166618833066,0.0,613.125,-90.72058964554326,0.005081166618833066,0.0,0.0,0.0,0.0
3370,"(np.float64(-1.4515294343286922), np.float64(8.129866590132905e-05), np.float64(9.81))","(np.float64(-48.91654193687772), np.float64(0.002739765040874798), 0)","(np.float64(-826.6895587332228), np.float64(0.04630202919078385), 0)",613.125,-90.72058964554326,0.005081166618833066,0.0,613.125,-90.72058964554326,0.005081166618833066,0.0,613.125,-90.72058964554326,0.005081166618833066,0.0,613.125,-90.72058964554326,0.005081166618833066,0.0,0.0,0.0,0.0
3375,"(np.float64(-1.4515294343286922), np.float64(8.129866590132905e-05), np.float64(9.81))","(np.float64(-48.98911840859416), np.float64(0.0027438299741698643), 0)","(np.float64(-829.1408290654455), np.float64(0.046439322312824716), 0)",613.125,-90.72058964554326,0.005081166618833066,0.0,613.125,-90.72058964554326,0.005081166618833066,0.0,613.125,-90.72058964554326,0.005081166618833066,0.0,613.125,-90.72058964554326,0.005081166618833066,0.0,0.0,0.0,0.0
3380,"(np.float64(-1.4515294343286922), np.float64(8.129866590132905e-05), np.float64(9.81))","(np.float64(-49.0616948803106), np.float64(0.0027478949074649307), 0)","(np.float64(-831.5957282212539), np.float64(0.04657681868153034), 0)",613.125,-90.72058964554326,0.005081166618833066,0.0,613.125,-90.72058964554326,0.005081166618833066,0.0,613.125,-90.72058964554326,0.005081166618833066,0.0,613.125,-90.72058964554326,0.005081166618833066,0.0,0.0,0.0,0.0
3385,"(np.float64(-1.4515294343286922), np.float64(8.129866590132905e-05), np.float64(9.81))","(np.float64(-49.134271352027035), np.float64(0.002751959840759997), 0)","(np.float64(-834.0542562006482), np.float64(0.04671451829690071), 0)",613.125,-90.72058964554326,0.005081166618833066,0.0,613.125,-90.72058964554326,0.005081166618833066,0.0,613.125,-90.72058964554326,0.005081166618833066,0.0,613.125,-90.72058964554326,0.005081166618833066,0.0,0.0,0.0,0.0
3390,"(np.float64(-1.4515294343286922), np.float64(8.129866590132905e-05), np.float64(9.81))","(np.float64(-49.20684782374347), np.float64(0.0027560247740550637), 0)","(np.float64(-836.5164130036283), np.float64(0.046852421158935835), 0)",613.125,-90.72058964554326,0.005081166618833066,0.0,613.125,-90.72058964554326,0.005081166618833066,0.0,613.125,-90.72058964554326,0.005081166618833066,0.0,613.125,-90.72058964554326,0.005081166618833066,0.0,0.0,0.0,0.0
3395,"(np.float64(-1.4515294343286922), np.float64(8.129866590132905e-05), np.float64(9.81))","(np.float64(-49.27942429545991), np.float64(0.00276008970735013), 0)","(np.float64(-838.9821986301941), np.float64(0.046990527267635716), 0)",613.125,-90.72058964554326,0.005081166618833066,0.0,613.125,-90.72058964554326,0.005081166618833066,0.0,613.125,-90.72058964554326,0.005081166618833066,0.0,613.125,-90.72058964554326,0.005081166618833066,0.0,0.0,0.0,0.0
3400,"(np.float64(-1.4515294343286922), np.float64(8.129866590132905e-05), np.float64(9.81))","(np.float64(-49.35200076717635), np.float64(0.0027641546406451966), 0)","(np.float64(-841.4516130803459), np.float64(0.04712883662300035), 0)",613.125,-90.72058964554326,0.005081166618833066,0.0,613.125,-90.72058964554326,0.005081166618833066,0.0,613.125,-90.72058964554326,0.005081166618833066,0.0,613.125,-90.72058964554326,0.005081166618833066,0.0,0.0,0.0,0.0
3405,"(np.float64(-1.4515294343286922), np.float64(8.129866590132905e-05), np.float64(9.81))","(np.float64(-49.42457723889279), np.float64(0.002768219573940263), 0)","(np.float64(-843.9246563540834), np.float64(0.04726734922502974), 0)",613.125,-90.72058964554326,0.005081166618833066,0.0,613.125,-90.72058964554326,0.005081166618833066,0.0,613.125,-90.72058964554326,0.005081166618833066,0.0,613.125,-90.72058964554326,0.005081166618833066,0.0,0.0,0.0,0.0
3410,"(np.float64(-1.4515294343286922), np.float64(8.129866590132905e-05), np.float64(9.81))","(np.float64(-49.497153710609226), np.float64(0.0027722845072353296), 0)","(np.float64(-846.4013284514067), np.float64(0.04740606507372388), 0)",613.125,-90.72058964554326,0.005081166618833066,0.0,613.125,-90.72058964554326,0.005081166618833066,0.0,613.125,-90.72058964554326,0.005081166618833066,0.0,613.125,-90.72058964554326,0.005081166618833066,0.0,0.0,0.0,0.0
3415,"(np.float64(-1.4515294343286922), np.float64(8.129866590132905e-05), np.float64(9.81))","(np.float64(-49.569730182325664), np.float64(0.002776349440530396), 0)","(np.float64(-848.8816293723158), np.float64(0.047544984169082774), 0)",613.125,-90.72058964554326,0.005081166618833066,0.0,613.125,-90.72058964554326,0.005081166618833066,0.0,613.125,-90.72058964554326,0.005081166618833066,0.0,613.125,-90.72058964554326,0.005081166618833066,0.0,0.0,0.0,0.0
3420,"(np.float64(-1.4515294343286922), np.float64(8.129866590132905e-05), np.float64(9.81))","(np.float64(-49.6423066540421), np.float64(0.0027804143738254625), 0)","(np.float64(-851.3655591168108), np.float64(0.04768410651110642), 0)",613.125,-90.72058964554326,0.005081166618833066,0.0,613.125,-90.72058964554326,0.005081166618833066,0.0,613.125,-90.72058964554326,0.005081166618833066,0.0,613.125,-90.72058964554326,0.005081166618833066,0.0,0.0,0.0,0.0
3425,"(np.float64(-1.4515294343286922), np.float64(8.129866590132905e-05), np.float64(9.81))","(np.float64(-49.71488312575854), np.float64(0.002784479307120529), 0)","(np.float64(-853.8531176848917), np.float64(0.04782343209979482), 0)",613.125,-90.72058964554326,0.005081166618833066,0.0,613.125,-90.72058964554326,0.005081166618833066,0.0,613.125,-90.72058964554326,0.005081166618833066,0.0,613.125,-90.72058964554326,0.005081166618833066,0.0,0.0,0.0,0.0
3430,"(np.float64(-1.4515294343286922), np.float64(8.129866590132905e-05), np.float64(9.81))","(np.float64(-49.78745959747498), np.float64(0.0027885442404155954), 0)","(np.float64(-856.3443050765584), np.float64(0.04796296093514797), 0)",613.125,-90.72058964554326,0.005081166618833066,0.0,613.125,-90.72058964554326,0.005081166618833066,0.0,613.125,-90.72058964554326,0.005081166618833066,0.0,613.125,-90.72058964554326,0.005081166618833066,0.0,0.0,0.0,0.0
3435,"(np.float64(-1.4515294343286922), np.float64(8.129866590132905e-05), np.float64(9.81))","(np.float64(-49.860036069191416), np.float64(0.002792609173710662), 0)","(np.float64(-858.8391212918109), np.float64(0.04810269301716588), 0)",613.125,-90.72058964554326,0.005081166618833066,0.0,613.125,-90.72058964554326,0.005081166618833066,0.0,613.125,-90.72058964554326,0.005081166618833066,0.0,613.125,-90.72058964554326,0.005081166618833066,0.0,0.0,0.0,0.0
3440,"(np.float64(-1.4515294343286922), np.float64(8.129866590132905e-05), np.float64(9.81))","(np.float64(-49.932612540907854), np.float64(0.0027966741070057284), 0)","(np.float64(-861.3375663306492), np.float64(0.04824262834584854), 0)",613.125,-90.72058964554326,0.005081166618833066,0.0,613.125,-90.72058964554326,0.005081166618833066,0.0,613.125,-90.72058964554326,0.005081166618833066,0.0,613.125,-90.72058964554326,0.005081166618833066,0.0,0.0,0.0,0.0
3445,"(np.float64(-1.4515294343286922), np.float64(8.129866590132905e-05), np.float64(9.81))","(np.float64(-50.00518901262429), np.float64(0.002800739040300795), 0)","(np.float64(-863.8396401930734), np.float64(0.048382766921195954), 0)",613.125,-90.72058964554326,0.005081166618833066,0.0,613.125,-90.72058964554326,0.005081166618833066,0.0,613.125,-90.72058964554326,0.005081166618833066,0.0,613.125,-90.72058964554326,0.005081166618833066,0.0,0.0,0.0,0.0
3450,"(np.float64(-1.4515294343286922), np.float64(8.129866590132905e-05), np.float64(9.81))","(np.float64(-50.07776548434073), np.float64(0.0028048039735958613), 0)","(np.float64(-866.3453428790833), np.float64(0.04852310874320812), 0)",613.125,-90.72058964554326,0.005081166618833066,0.0,613.125,-90.72058964554326,0.005081166618833066,0.0,613.125,-90.72058964554326,0.005081166618833066,0.0,613.125,-90.72058964554326,0.005081166618833066,0.0,0.0,0.0,0.0
3455,"(np.float64(-1.4515294343286922), np.float64(8.129866590132905e-05), np.float64(9.81))","(np.float64(-50.15034195605717), np.float64(0.0028088689068909278), 0)","(np.float64(-868.8546743886791), np.float64(0.04866365381188504), 0)",613.125,-90.72058964554326,0.005081166618833066,0.0,613.125,-90.72058964554326,0.005081166618833066,0.0,613.125,-90.72058964554326,0.005081166618833066,0.0,613.125,-90.72058964554326,0.005081166618833066,0.0,0.0,0.0,0.0
3460,"(np.float64(-1.4515294343286922), np.float64(8.129866590132905e-05), np.float64(9.81))","(np.float64(-50.22291842777361), np.float64(0.0028129338401859942), 0)","(np.float64(-871.3676347218607), np.float64(0.04880440212722671), 0)",613.125,-90.72058964554326,0.005081166618833066,0.0,613.125,-90.72058964554326,0.005081166618833066,0.0,613.125,-90.72058964554326,0.005081166618833066,0.0,613.125,-90.72058964554326,0.005081166618833066,0.0,0.0,0.0,0.0
3465,"(np.float64(-1.4515294343286922), np.float64(8.129866590132905e-05), np.float64(9.81))","(np.float64(-50.295494899490045), np.float64(0.0028169987734810607), 0)","(np.float64(-873.8842238786281), np.float64(0.04894535368923314), 0)",613.125,-90.72058964554326,0.005081166618833066,0.0,613.125,-90.72058964554326,0.005081166618833066,0.0,613.125,-90.72058964554326,0.005081166618833066,0.0,613.125,-90.72058964554326,0.005081166618833066,0.0,0.0,0.0,0.0
3470,"(np.float64(-1.4515294343286922), np.float64(8.129866590132905e-05), np.float64(9.81))","(np.float64(-50.36807137120648), np.float64(0.002821063706776127), 0)","(np.float64(-876.4044418589813), np.float64(0.04908650849790432), 0)",613.125,-90.72058964554326,0.005081166618833066,0.0,613.125,-90.72058964554326,0.005081166618833066,0.0,613.125,-90.72058964554326,0.005081166618833066,0.0,613.125,-90.72058964554326,0.005081166618833066,0.0,0.0,0.0,0.0
3475,"(np.float64(-1.4515294343286922), np.float64(8.129866590132905e-05), np.float64(9.81))","(np.float64(-50.44064784292292), np.float64(0.0028251286400711936), 0)","(np.float64(-878.9282886629203), np.float64(0.049227866553240254), 0)",613.125,-90.72058964554326,0.005081166618833066,0.0,613.125,-90.72058964554326,0.005081166618833066,0.0,613.125,-90.72058964554326,0.005081166618833066,0.0,613.125,-90.72058964554326,0.005081166618833066,0.0,0.0,0.0,0.0
3480,"(np.float64(-1.4515294343286922), np.float64(8.129866590132905e-05), np.float64(9.81))","(np.float64(-50.51322431463936), np.float64(0.00282919357336626), 0)","(np.float64(-881.4557642904451), np.float64(0.04936942785524094), 0)",613.125,-90.72058964554326,0.005081166618833066,0.0,613.125,-90.72058964554326,0.005081166618833066,0.0,613.125,-90.72058964554326,0.005081166618833066,0.0,613.125,-90.72058964554326,0.005081166618833066,0.0,0.0,0.0,0.0
3485,"(np.float64(-1.4515294343286922), np.float64(8.129866590132905e-05), np.float64(9.81))","(np.float64(-50.5858007863558), np.float64(0.0028332585066613266), 0)","(np.float64(-883.9868687415558), np.float64(0.04951119240390638), 0)",613.125,-90.72058964554326,0.005081166618833066,0.0,613.125,-90.72058964554326,0.005081166618833066,0.0,613.125,-90.72058964554326,0.005081166618833066,0.0,613.125,-90.72058964554326,0.005081166618833066,0.0,0.0,0.0,0.0
3490,"(np.float64(-1.4515294343286922), np.float64(8.129866590132905e-05), np.float64(9.81))","(np.float64(-50.658377258072235), np.float64(0.002837323439956393), 0)","(np.float64(-886.5216020162522), np.float64(0.04965316019923657), 0)",613.125,-90.72058964554326,0.005081166618833066,0.0,613.125,-90.72058964554326,0.005081166618833066,0.0,613.125,-90.72058964554326,0.005081166618833066,0.0,613.125,-90.72058964554326,0.005081166618833066,0.0,0.0,0.0,0.0
3495,"(np.float64(-1.4515294343286922), np.float64(8.129866590132905e-05), np.float64(9.81))","(np.float64(-50.73095372978867), np.float64(0.0028413883732514595), 0)","(np.float64(-889.0599641145346), np.float64(0.04979533124123152), 0)",613.125,-90.72058964554326,0.005081166618833066,0.0,613.125,-90.72058964554326,0.005081166618833066,0.0,613.125,-90.72058964554326,0.005081166618833066,0.0,613.125,-90.72058964554326,0.005081166618833066,0.0,0.0,0.0,0.0
3500,"(np.float64(-1.4515294343286922), np.float64(8.129866590132905e-05), np.float64(9.81))","(np.float64(-50.80353020150511), np.float64(0.002845453306546526), 0)","(np.float64(-891.6019550364028), np.float64(0.04993770552989122), 0)",613.125,-90.72058964554326,0.005081166618833066,0.0,613.125,-90.72058964554326,0.005081166618833066,0.0,613.125,-90.72058964554326,0.005081166618833066,0.0,613.125,-90.72058964554326,0.005081166618833066,0.0,0.0,0.0,0.0
3505,"(np.float64(-1.4515294343286922), np.float64(8.129866590132905e-05), np.float64(9.81))","(np.float64(-50.87610667322155), np.float64(0.0028495182398415924), 0)","(np.float64(-894.1475747818569), np.float64(0.050080283065215676), 0)",613.125,-90.72058964554326,0.005081166618833066,0.0,613.125,-90.72058964554326,0.005081166618833066,0.0,613.125,-90.72058964554326,0.005081166618833066,0.0,613.125,-90.72058964554326,0.005081166618833066,0.0,0.0,0.0,0.0
3510,"(np.float64(-1.4515294343286922), np.float64(8.129866590132905e-05), np.float64(9.81))","(np.float64(-50.94868314493799), np.float64(0.002853583173136659), 0)","(np.float64(-896.6968233508967), np.float64(0.05022306384720488), 0)",613.125,-90.72058964554326,0.005081166618833066,0.0,613.125,-90.72058964554326,0.005081166618833066,0.0,613.125,-90.72058964554326,0.005081166618833066,0.0,613.125,-90.72058964554326,0.005081166618833066,0.0,0.0,0.0,0.0
3515,"(np.float64(-1.4515294343286922), np.float64(8.129866590132905e-05), np.float64(9.81))","(np.float64(-51.021259616654426), np.float64(0.0028576481064317254), 0)","(np.float64(-899.2497007435223), np.float64(0.05036604787585884), 0)",613.125,-90.72058964554326,0.005081166618833066,0.0,613.125,-90.72058964554326,0.005081166618833066,0.0,613.125,-90.72058964554326,0.005081166618833066,0.0,613.125,-90.72058964554326,0.005081166618833066,0.0,0.0,0.0,0.0
3520,"(np.float64(-1.4515294343286922), np.float64(8.129866590132905e-05), np.float64(9.81))","(np.float64(-51.093836088370864), np.float64(0.002861713039726792), 0)","(np.float64(-901.8062069597338), np.float64(0.050509235151177556), 0)",613.125,-90.72058964554326,0.005081166618833066,0.0,613.125,-90.72058964554326,0.005081166618833066,0.0,613.125,-90.72058964554326,0.005081166618833066,0.0,613.125,-90.72058964554326,0.005081166618833066,0.0,0.0,0.0,0.0
3525,"(np.float64(-1.4515294343286922), np.float64(8.129866590132905e-05), np.float64(9.81))","(np.float64(-51.1664125600873), np.float64(0.0028657779730218583), 0)","(np.float64(-904.3663419995311), np.float64(0.05065262567316103), 0)",613.125,-90.72058964554326,0.005081166618833066,0.0,613.125,-90.72058964554326,0.005081166618833066,0.0,613.125,-90.72058964554326,0.005081166618833066,0.0,613.125,-90.72058964554326,0.005081166618833066,0.0,0.0,0.0,0.0
3530,"(np.float64(-1.4515294343286922), np.float64(8.129866590132905e-05), np.float64(9.81))","(np.float64(-51.23898903180374), np.float64(0.0028698429063169248), 0)","(np.float64(-906.9301058629142), np.float64(0.050796219441809246), 0)",613.125,-90.72058964554326,0.005081166618833066,0.0,613.125,-90.72058964554326,0.005081166618833066,0.0,613.125,-90.72058964554326,0.005081166618833066,0.0,613.125,-90.72058964554326,0.005081166618833066,0.0,0.0,0.0,0.0
3535,"(np.float64(-1.4515294343286922), np.float64(8.129866590132905e-05), np.float64(9.81))","(np.float64(-51.31156550352018), np.float64(0.0028739078396119912), 0)","(np.float64(-909.4974985498831), np.float64(0.05094001645712222), 0)",613.125,-90.72058964554326,0.005081166618833066,0.0,613.125,-90.72058964554326,0.005081166618833066,0.0,613.125,-90.72058964554326,0.005081166618833066,0.0,613.125,-90.72058964554326,0.005081166618833066,0.0,0.0,0.0,0.0
3540,"(np.float64(-1.4515294343286922), np.float64(8.129866590132905e-05), np.float64(9.81))","(np.float64(-51.384141975236616), np.float64(0.0028779727729070577), 0)","(np.float64(-912.0685200604378), np.float64(0.05108401671909995), 0)",613.125,-90.72058964554326,0.005081166618833066,0.0,613.125,-90.72058964554326,0.005081166618833066,0.0,613.125,-90.72058964554326,0.005081166618833066,0.0,613.125,-90.72058964554326,0.005081166618833066,0.0,0.0,0.0,0.0
3545,"(np.float64(-1.4515294343286922), np.float64(8.129866590132905e-05), np.float64(9.81))","(np.float64(-51.456718446953055), np.float64(0.002882037706202124), 0)","(np.float64(-914.6431703945783), np.float64(0.05122822022774243), 0)",613.125,-90.72058964554326,0.005081166618833066,0.0,613.125,-90.72058964554326,0.005081166618833066,0.0,613.125,-90.72058964554326,0.005081166618833066,0.0,613.125,-90.72058964554326,0.005081166618833066,0.0,0.0,0.0,0.0
3550,"(np.float64(-1.4515294343286922), np.float64(8.129866590132905e-05), np.float64(9.81))","(np.float64(-51.52929491866949), np.float64(0.0028861026394971906), 0)","(np.float64(-917.2214495523046), np.float64(0.05137262698304966), 0)",613.125,-90.72058964554326,0.005081166618833066,0.0,613.125,-90.72058964554326,0.005081166618833066,0.0,613.125,-90.72058964554326,0.005081166618833066,0.0,613.125,-90.72058964554326,0.005081166618833066,0.0,0.0,0.0,0.0
3555,"(np.float64(-1.4515294343286922), np.float64(8.129866590132905e-05), np.float64(9.81))","(np.float64(-51.60187139038593), np.float64(0.002890167572792257), 0)","(np.float64(-919.8033575336168), np.float64(0.05151723698502165), 0)",613.125,-90.72058964554326,0.005081166618833066,0.0,613.125,-90.72058964554326,0.005081166618833066,0.0,613.125,-90.72058964554326,0.005081166618833066,0.0,613.125,-90.72058964554326,0.005081166618833066,0.0,0.0,0.0,0.0
3560,"(np.float64(-1.4515294343286922), np.float64(8.129866590132905e-05), np.float64(9.81))","(np.float64(-51.67444786210237), np.float64(0.0028942325060873236), 0)","(np.float64(-922.3888943385148), np.float64(0.05166205023365839), 0)",613.125,-90.72058964554326,0.005081166618833066,0.0,613.125,-90.72058964554326,0.005081166618833066,0.0,613.125,-90.72058964554326,0.005081166618833066,0.0,613.125,-90.72058964554326,0.005081166618833066,0.0,0.0,0.0,0.0
3565,"(np.float64(-1.4515294343286922), np.float64(8.129866590132905e-05), np.float64(9.81))","(np.float64(-51.74702433381881), np.float64(0.00289829743938239), 0)","(np.float64(-924.9780599669987), np.float64(0.051807066728959884), 0)",613.125,-90.72058964554326,0.005081166618833066,0.0,613.125,-90.72058964554326,0.005081166618833066,0.0,613.125,-90.72058964554326,0.005081166618833066,0.0,613.125,-90.72058964554326,0.005081166618833066,0.0,0.0,0.0,0.0
3570,"(np.float64(-1.4515294343286922), np.float64(8.129866590132905e-05), np.float64(9.81))","(np.float64(-51.819600805535245), np.float64(0.0029023623726774565), 0)","(np.float64(-927.5708544190684), np.float64(0.05195228647092613), 0)",613.125,-90.72058964554326,0.005081166618833066,0.0,613.125,-90.72058964554326,0.005081166618833066,0.0,613.125,-90.72058964554326,0.005081166618833066,0.0,613.125,-90.72058964554326,0.005081166618833066,0.0,0.0,0.0,0.0
3575,"(np.float64(-1.4515294343286922), np.float64(8.129866590132905e-05), np.float64(9.81))","(np.float64(-51.89217727725168), np.float64(0.002906427305972523), 0)","(np.float64(-930.1672776947239), np.float64(0.052097709459557134), 0)",613.125,-90.72058964554326,0.005081166618833066,0.0,613.125,-90.72058964554326,0.005081166618833066,0.0,613.125,-90.72058964554326,0.005081166618833066,0.0,613.125,-90.72058964554326,0.005081166618833066,0.0,0.0,0.0,0.0
3580,"(np.float64(-1.4515294343286922), np.float64(8.129866590132905e-05), np.float64(9.81))","(np.float64(-51.96475374896812), np.float64(0.0029104922392675894), 0)","(np.float64(-932.7673297939652), np.float64(0.052243335694852885), 0)",613.125,-90.72058964554326,0.005081166618833066,0.0,613.125,-90.72058964554326,0.005081166618833066,0.0,613.125,-90.72058964554326,0.005081166618833066,0.0,613.125,-90.72058964554326,0.005081166618833066,0.0,0.0,0.0,0.0
3585,"(np.float64(-1.4515294343286922), np.float64(8.129866590132905e-05), np.float64(9.81))","(np.float64(-52.03733022068456), np.float64(0.002914557172562656), 0)","(np.float64(-935.3710107167924), np.float64(0.05238916517681339), 0)",613.125,-90.72058964554326,0.005081166618833066,0.0,613.125,-90.72058964554326,0.005081166618833066,0.0,613.125,-90.72058964554326,0.005081166618833066,0.0,613.125,-90.72058964554326,0.005081166618833066,0.0,0.0,0.0,0.0
3590,"(np.float64(-1.4515294343286922), np.float64(8.129866590132905e-05), np.float64(9.81))","(np.float64(-52.109906692401), np.float64(0.0029186221058577224), 0)","(np.float64(-937.9783204632054), np.float64(0.05253519790543865), 0)",613.125,-90.72058964554326,0.005081166618833066,0.0,613.125,-90.72058964554326,0.005081166618833066,0.0,613.125,-90.72058964554326,0.005081166618833066,0.0,613.125,-90.72058964554326,0.005081166618833066,0.0,0.0,0.0,0.0
3595,"(np.float64(-1.4515294343286922), np.float64(8.129866590132905e-05), np.float64(9.81))","(np.float64(-52.182483164117436), np.float64(0.002922687039152789), 0)","(np.float64(-940.5892590332041), np.float64(0.05268143388072867), 0)",613.125,-90.72058964554326,0.005081166618833066,0.0,613.125,-90.72058964554326,0.005081166618833066,0.0,613.125,-90.72058964554326,0.005081166618833066,0.0,613.125,-90.72058964554326,0.005081166618833066,0.0,0.0,0.0,0.0
3600,"(np.float64(-1.4515294343286922), np.float64(8.129866590132905e-05), np.float64(9.81))","(np.float64(-52.255059635833874), np.float64(0.0029267519724478553), 0)","(np.float64(-943.2038264267887), np.float64(0.052827873102683436), 0)",613.125,-90.72058964554326,0.005081166618833066,0.0,613.125,-90.72058964554326,0.005081166618833066,0.0,613.125,-90.72058964554326,0.005081166618833066,0.0,613.125,-90.72058964554326,0.005081166618833066,0.0,0.0,0.0,0.0
3605,"(np.float64(-1.4515294343286922), np.float64(8.129866590132905e-05), np.float64(9.81))","(np.float64(-52.32763610755031), np.float64(0.002930816905742922), 0)","(np.float64(-945.8220226439591), np.float64(0.052974515571302956), 0)",613.125,-90.72058964554326,0.005081166618833066,0.0,613.125,-90.72058964554326,0.005081166618833066,0.0,613.125,-90.72058964554326,0.005081166618833066,0.0,613.125,-90.72058964554326,0.005081166618833066,0.0,0.0,0.0,0.0
3610,"(np.float64(-1.4515294343286922), np.float64(8.129866590132905e-05), np.float64(9.81))","(np.float64(-52.40021257926675), np.float64(0.0029348818390379883), 0)","(np.float64(-948.4438476847154), np.float64(0.05312136128658723), 0)",613.125,-90.72058964554326,0.005081166618833066,0.0,613.125,-90.72058964554326,0.005081166618833066,0.0,613.125,-90.72058964554326,0.005081166618833066,0.0,613.125,-90.72058964554326,0.005081166618833066,0.0,0.0,0.0,0.0
3615,"(np.float64(-1.4515294343286922), np.float64(8.129866590132905e-05), np.float64(9.81))","(np.float64(-52.47278905098319), np.float64(0.0029389467723330547), 0)","(np.float64(-951.0693015490574), np.float64(0.053268410248536256), 0)",613.125,-90.72058964554326,0.005081166618833066,0.0,613.125,-90.72058964554326,0.005081166618833066,0.0,613.125,-90.72058964554326,0.005081166618833066,0.0,613.125,-90.72058964554326,0.005081166618833066,0.0,0.0,0.0,0.0
3620,"(np.float64(-1.4515294343286922), np.float64(8.129866590132905e-05), np.float64(9.81))","(np.float64(-52.545365522699626), np.float64(0.002943011705628121), 0)","(np.float64(-953.6983842369852), np.float64(0.053415662457150036), 0)",613.125,-90.72058964554326,0.005081166618833066,0.0,613.125,-90.72058964554326,0.005081166618833066,0.0,613.125,-90.72058964554326,0.005081166618833066,0.0,613.125,-90.72058964554326,0.005081166618833066,0.0,0.0,0.0,0.0
3625,"(np.float64(-1.4515294343286922), np.float64(8.129866590132905e-05), np.float64(9.81))","(np.float64(-52.617941994416064), np.float64(0.0029470766389231877), 0)","(np.float64(-956.3310957484989), np.float64(0.05356311791242857), 0)",613.125,-90.72058964554326,0.005081166618833066,0.0,613.125,-90.72058964554326,0.005081166618833066,0.0,613.125,-90.72058964554326,0.005081166618833066,0.0,613.125,-90.72058964554326,0.005081166618833066,0.0,0.0,0.0,0.0
3630,"(np.float64(-1.4515294343286922), np.float64(8.129866590132905e-05), np.float64(9.81))","(np.float64(-52.6905184661325), np.float64(0.002951141572218254), 0)","(np.float64(-958.9674360835984), np.float64(0.05371077661437186), 0)",613.125,-90.72058964554326,0.005081166618833066,0.0,613.125,-90.72058964554326,0.005081166618833066,0.0,613.125,-90.72058964554326,0.005081166618833066,0.0,613.125,-90.72058964554326,0.005081166618833066,0.0,0.0,0.0,0.0
3635,"(np.float64(-1.4515294343286922), np.float64(8.129866590132905e-05), np.float64(9.81))","(np.float64(-52.76309493784894), np.float64(0.0029552065055133206), 0)","(np.float64(-961.6074052422838), np.float64(0.0538586385629799), 0)",613.125,-90.72058964554326,0.005081166618833066,0.0,613.125,-90.72058964554326,0.005081166618833066,0.0,613.125,-90.72058964554326,0.005081166618833066,0.0,613.125,-90.72058964554326,0.005081166618833066,0.0,0.0,0.0,0.0
3640,"(np.float64(-1.4515294343286922), np.float64(8.129866590132905e-05), np.float64(9.81))","(np.float64(-52.83567140956538), np.float64(0.002959271438808387), 0)","(np.float64(-964.251003224555), np.float64(0.05400670375825269), 0)",613.125,-90.72058964554326,0.005081166618833066,0.0,613.125,-90.72058964554326,0.005081166618833066,0.0,613.125,-90.72058964554326,0.005081166618833066,0.0,613.125,-90.72058964554326,0.005081166618833066,0.0,0.0,0.0,0.0
3645,"(np.float64(-1.4515294343286922), np.float64(8.129866590132905e-05), np.float64(9.81))","(np.float64(-52.90824788128182), np.float64(0.0029633363721034535), 0)","(np.float64(-966.898230030412), np.float64(0.05415497220019024), 0)",613.125,-90.72058964554326,0.005081166618833066,0.0,613.125,-90.72058964554326,0.005081166618833066,0.0,613.125,-90.72058964554326,0.005081166618833066,0.0,613.125,-90.72058964554326,0.005081166618833066,0.0,0.0,0.0,0.0
3650,"(np.float64(-1.4515294343286922), np.float64(8.129866590132905e-05), np.float64(9.81))","(np.float64(-52.980824352998255), np.float64(0.00296740130539852), 0)","(np.float64(-969.5490856598549), np.float64(0.05430344388879254), 0)",613.125,-90.72058964554326,0.005081166618833066,0.0,613.125,-90.72058964554326,0.005081166618833066,0.0,613.125,-90.72058964554326,0.005081166618833066,0.0,613.125,-90.72058964554326,0.005081166618833066,0.0,0.0,0.0,0.0
3655,"(np.float64(-1.4515294343286922), np.float64(8.129866590132905e-05), np.float64(9.81))","(np.float64(-53.05340082471469), np.float64(0.0029714662386935865), 0)","(np.float64(-972.2035701128835), np.float64(0.05445211882405959), 0)",613.125,-90.72058964554326,0.005081166618833066,0.0,613.125,-90.72058964554326,0.005081166618833066,0.0,613.125,-90.72058964554326,0.005081166618833066,0.0,613.125,-90.72058964554326,0.005081166618833066,0.0,0.0,0.0,0.0
3660,"(np.float64(-1.4515294343286922), np.float64(8.129866590132905e-05), np.float64(9.81))","(np.float64(-53.12597729643113), np.float64(0.002975531171988653), 0)","(np.float64(-974.861683389498), np.float64(0.0546009970059914), 0)",613.125,-90.72058964554326,0.005081166618833066,0.0,613.125,-90.72058964554326,0.005081166618833066,0.0,613.125,-90.72058964554326,0.005081166618833066,0.0,613.125,-90.72058964554326,0.005081166618833066,0.0,0.0,0.0,0.0
3665,"(np.float64(-1.4515294343286922), np.float64(8.129866590132905e-05), np.float64(9.81))","(np.float64(-53.19855376814757), np.float64(0.0029795961052837194), 0)","(np.float64(-977.5234254896983), np.float64(0.054750078434587963), 0)",613.125,-90.72058964554326,0.005081166618833066,0.0,613.125,-90.72058964554326,0.005081166618833066,0.0,613.125,-90.72058964554326,0.005081166618833066,0.0,613.125,-90.72058964554326,0.005081166618833066,0.0,0.0,0.0,0.0
3670,"(np.float64(-1.4515294343286922), np.float64(8.129866590132905e-05), np.float64(9.81))","(np.float64(-53.27113023986401), np.float64(0.002983661038578786), 0)","(np.float64(-980.1887964134844), np.float64(0.054899363109849275), 0)",613.125,-90.72058964554326,0.005081166618833066,0.0,613.125,-90.72058964554326,0.005081166618833066,0.0,613.125,-90.72058964554326,0.005081166618833066,0.0,613.125,-90.72058964554326,0.005081166618833066,0.0,0.0,0.0,0.0
3675,"(np.float64(-1.4515294343286922), np.float64(8.129866590132905e-05), np.float64(9.81))","(np.float64(-53.343706711580445), np.float64(0.0029877259718738523), 0)","(np.float64(-982.8577961608563), np.float64(0.05504885103177534), 0)",613.125,-90.72058964554326,0.005081166618833066,0.0,613.125,-90.72058964554326,0.005081166618833066,0.0,613.125,-90.72058964554326,0.005081166618833066,0.0,613.125,-90.72058964554326,0.005081166618833066,0.0,0.0,0.0,0.0
3680,"(np.float64(-1.4515294343286922), np.float64(8.129866590132905e-05), np.float64(9.81))","(np.float64(-53.41628318329688), np.float64(0.002991790905168919), 0)","(np.float64(-985.530424731814), np.float64(0.055198542200366164), 0)",613.125,-90.72058964554326,0.005081166618833066,0.0,613.125,-90.72058964554326,0.005081166618833066,0.0,613.125,-90.72058964554326,0.005081166618833066,0.0,613.125,-90.72058964554326,0.005081166618833066,0.0,0.0,0.0,0.0
3685,"(np.float64(-1.4515294343286922), np.float64(8.129866590132905e-05), np.float64(9.81))","(np.float64(-53.48885965501332), np.float64(0.0029958558384639853), 0)","(np.float64(-988.2066821263576), np.float64(0.055348436615621735), 0)",613.125,-90.72058964554326,0.005081166618833066,0.0,613.125,-90.72058964554326,0.005081166618833066,0.0,613.125,-90.72058964554326,0.005081166618833066,0.0,613.125,-90.72058964554326,0.005081166618833066,0.0,0.0,0.0,0.0
3690,"(np.float64(-1.4515294343286922), np.float64(8.129866590132905e-05), np.float64(9.81))","(np.float64(-53.56143612672976), np.float64(0.0029999207717590517), 0)","(np.float64(-990.8865683444869), np.float64(0.05549853427754206), 0)",613.125,-90.72058964554326,0.005081166618833066,0.0,613.125,-90.72058964554326,0.005081166618833066,0.0,613.125,-90.72058964554326,0.005081166618833066,0.0,613.125,-90.72058964554326,0.005081166618833066,0.0,0.0,0.0,0.0
3695,"(np.float64(-1.4515294343286922), np.float64(8.129866590132905e-05), np.float64(9.81))","(np.float64(-53.6340125984462), np.float64(0.003003985705054118), 0)","(np.float64(-993.5700833862021), np.float64(0.05564883518612714), 0)",613.125,-90.72058964554326,0.005081166618833066,0.0,613.125,-90.72058964554326,0.005081166618833066,0.0,613.125,-90.72058964554326,0.005081166618833066,0.0,613.125,-90.72058964554326,0.005081166618833066,0.0,0.0,0.0,0.0
3700,"(np.float64(-1.4515294343286922), np.float64(8.129866590132905e-05), np.float64(9.81))","(np.float64(-53.706589070162636), np.float64(0.0030080506383491847), 0)","(np.float64(-996.2572272515032), np.float64(0.05579933934137698), 0)",613.125,-90.72058964554326,0.005081166618833066,0.0,613.125,-90.72058964554326,0.005081166618833066,0.0,613.125,-90.72058964554326,0.005081166618833066,0.0,613.125,-90.72058964554326,0.005081166618833066,0.0,0.0,0.0,0.0
3705,"(np.float64(-1.4515294343286922), np.float64(8.129866590132905e-05), np.float64(9.81))","(np.float64(-53.779165541879074), np.float64(0.003012115571644251), 0)","(np.float64(-998.9479999403901), np.float64(0.055950046743291564), 0)",613.125,-90.72058964554326,0.005081166618833066,0.0,613.125,-90.72058964554326,0.005081166618833066,0.0,613.125,-90.72058964554326,0.005081166618833066,0.0,613.125,-90.72058964554326,0.005081166618833066,0.0,0.0,0.0,0.0
3710,"(np.float64(-1.4515294343286922), np.float64(8.129866590132905e-05), np.float64(9.81))","(np.float64(-53.85174201359551), np.float64(0.0030161805049393176), 0)","(np.float64(-1001.6424014528628), np.float64(0.056100957391870904), 0)",613.125,-90.72058964554326,0.005081166618833066,0.0,613.125,-90.72058964554326,0.005081166618833066,0.0,613.125,-90.72058964554326,0.005081166618833066,0.0,613.125,-90.72058964554326,0.005081166618833066,0.0,0.0,0.0,0.0
3715,"(np.float64(-1.4515294343286922), np.float64(8.129866590132905e-05), np.float64(9.81))","(np.float64(-53.92431848531195), np.float64(0.003020245438234384), 0)","(np.float64(-1004.3404317889214), np.float64(0.056252071287115), 0)",613.125,-90.72058964554326,0.005081166618833066,0.0,613.125,-90.72058964554326,0.005081166618833066,0.0,613.125,-90.72058964554326,0.005081166618833066,0.0,613.125,-90.72058964554326,0.005081166618833066,0.0,0.0,0.0,0.0
3720,"(np.float64(-1.4515294343286922), np.float64(8.129866590132905e-05), np.float64(9.81))","(np.float64(-53.99689495702839), np.float64(0.0030243103715294505), 0)","(np.float64(-1007.0420909485657), np.float64(0.05640338842902384), 0)",613.125,-90.72058964554326,0.005081166618833066,0.0,613.125,-90.72058964554326,0.005081166618833066,0.0,613.125,-90.72058964554326,0.005081166618833066,0.0,613.125,-90.72058964554326,0.005081166618833066,0.0,0.0,0.0,0.0
3725,"(np.float64(-1.4515294343286922), np.float64(8.129866590132905e-05), np.float64(9.81))","(np.float64(-54.069471428744826), np.float64(0.003028375304824517), 0)","(np.float64(-1009.7473789317959), np.float64(0.05655490881759744), 0)",613.125,-90.72058964554326,0.005081166618833066,0.0,613.125,-90.72058964554326,0.005081166618833066,0.0,613.125,-90.72058964554326,0.005081166618833066,0.0,613.125,-90.72058964554326,0.005081166618833066,0.0,0.0,0.0,0.0
3730,"(np.float64(-1.4515294343286922), np.float64(8.129866590132905e-05), np.float64(9.81))","(np.float64(-54.142047900461264), np.float64(0.0030324402381195835), 0)","(np.float64(-1012.4562957386119), np.float64(0.056706632452835797), 0)",613.125,-90.72058964554326,0.005081166618833066,0.0,613.125,-90.72058964554326,0.005081166618833066,0.0,613.125,-90.72058964554326,0.005081166618833066,0.0,613.125,-90.72058964554326,0.005081166618833066,0.0,0.0,0.0,0.0
3735,"(np.float64(-1.4515294343286922), np.float64(8.129866590132905e-05), np.float64(9.81))","(np.float64(-54.2146243721777), np.float64(0.00303650517141465), 0)","(np.float64(-1015.1688413690136), np.float64(0.056858559334738906), 0)",613.125,-90.72058964554326,0.005081166618833066,0.0,613.125,-90.72058964554326,0.005081166618833066,0.0,613.125,-90.72058964554326,0.005081166618833066,0.0,613.125,-90.72058964554326,0.005081166618833066,0.0,0.0,0.0,0.0
3740,"(np.float64(-1.4515294343286922), np.float64(8.129866590132905e-05), np.float64(9.81))","(np.float64(-54.28720084389414), np.float64(0.0030405701047097164), 0)","(np.float64(-1017.8850158230013), np.float64(0.057010689463306764), 0)",613.125,-90.72058964554326,0.005081166618833066,0.0,613.125,-90.72058964554326,0.005081166618833066,0.0,613.125,-90.72058964554326,0.005081166618833066,0.0,613.125,-90.72058964554326,0.005081166618833066,0.0,0.0,0.0,0.0
3745,"(np.float64(-1.4515294343286922), np.float64(8.129866590132905e-05), np.float64(9.81))","(np.float64(-54.35977731561058), np.float64(0.003044635038004783), 0)","(np.float64(-1020.6048191005747), np.float64(0.05716302283853938), 0)",613.125,-90.72058964554326,0.005081166618833066,0.0,613.125,-90.72058964554326,0.005081166618833066,0.0,613.125,-90.72058964554326,0.005081166618833066,0.0,613.125,-90.72058964554326,0.005081166618833066,0.0,0.0,0.0,0.0
3750,"(np.float64(-1.4515294343286922), np.float64(8.129866590132905e-05), np.float64(9.81))","(np.float64(-54.43235378732702), np.float64(0.0030486999712998493), 0)","(np.float64(-1023.3282512017339), np.float64(0.057315559460436746), 0)",613.125,-90.72058964554326,0.005081166618833066,0.0,613.125,-90.72058964554326,0.005081166618833066,0.0,613.125,-90.72058964554326,0.005081166618833066,0.0,613.125,-90.72058964554326,0.005081166618833066,0.0,0.0,0.0,0.0
3755,"(np.float64(-1.4515294343286922), np.float64(8.129866590132905e-05), np.float64(9.81))","(np.float64(-54.504930259043455), np.float64(0.003052764904594916), 0)","(np.float64(-1026.055312126479), np.float64(0.05746829932899886), 0)",613.125,-90.72058964554326,0.005081166618833066,0.0,613.125,-90.72058964554326,0.005081166618833066,0.0,613.125,-90.72058964554326,0.005081166618833066,0.0,613.125,-90.72058964554326,0.005081166618833066,0.0,0.0,0.0,0.0
3760,"(np.float64(-1.4515294343286922), np.float64(8.129866590132905e-05), np.float64(9.81))","(np.float64(-54.57750673075989), np.float64(0.0030568298378899823), 0)","(np.float64(-1028.7860018748102), np.float64(0.057621242444225736), 0)",613.125,-90.72058964554326,0.005081166618833066,0.0,613.125,-90.72058964554326,0.005081166618833066,0.0,613.125,-90.72058964554326,0.005081166618833066,0.0,613.125,-90.72058964554326,0.005081166618833066,0.0,0.0,0.0,0.0
3765,"(np.float64(-1.4515294343286922), np.float64(8.129866590132905e-05), np.float64(9.81))","(np.float64(-54.65008320247633), np.float64(0.0030608947711850487), 0)","(np.float64(-1031.520320446727), np.float64(0.05777438880611736), 0)",613.125,-90.72058964554326,0.005081166618833066,0.0,613.125,-90.72058964554326,0.005081166618833066,0.0,613.125,-90.72058964554326,0.005081166618833066,0.0,613.125,-90.72058964554326,0.005081166618833066,0.0,0.0,0.0,0.0
3770,"(np.float64(-1.4515294343286922), np.float64(8.129866590132905e-05), np.float64(9.81))","(np.float64(-54.72265967419277), np.float64(0.003064959704480115), 0)","(np.float64(-1034.2582678422298), np.float64(0.057927738414673746), 0)",613.125,-90.72058964554326,0.005081166618833066,0.0,613.125,-90.72058964554326,0.005081166618833066,0.0,613.125,-90.72058964554326,0.005081166618833066,0.0,613.125,-90.72058964554326,0.005081166618833066,0.0,0.0,0.0,0.0
3775,"(np.float64(-1.4515294343286922), np.float64(8.129866590132905e-05), np.float64(9.81))","(np.float64(-54.79523614590921), np.float64(0.0030690246377751817), 0)","(np.float64(-1036.9998440613183), np.float64(0.05808129126989488), 0)",613.125,-90.72058964554326,0.005081166618833066,0.0,613.125,-90.72058964554326,0.005081166618833066,0.0,613.125,-90.72058964554326,0.005081166618833066,0.0,613.125,-90.72058964554326,0.005081166618833066,0.0,0.0,0.0,0.0
3780,"(np.float64(-1.4515294343286922), np.float64(8.129866590132905e-05), np.float64(9.81))","(np.float64(-54.867812617625646), np.float64(0.003073089571070248), 0)","(np.float64(-1039.7450491039926), np.float64(0.058235047371780764), 0)",613.125,-90.72058964554326,0.005081166618833066,0.0,613.125,-90.72058964554326,0.005081166618833066,0.0,613.125,-90.72058964554326,0.005081166618833066,0.0,613.125,-90.72058964554326,0.005081166618833066,0.0,0.0,0.0,0.0
3785,"(np.float64(-1.4515294343286922), np.float64(8.129866590132905e-05), np.float64(9.81))","(np.float64(-54.940389089342084), np.float64(0.0030771545043653146), 0)","(np.float64(-1042.4938829702528), np.float64(0.058389006720331406), 0)",613.125,-90.72058964554326,0.005081166618833066,0.0,613.125,-90.72058964554326,0.005081166618833066,0.0,613.125,-90.72058964554326,0.005081166618833066,0.0,613.125,-90.72058964554326,0.005081166618833066,0.0,0.0,0.0,0.0
3790,"(np.float64(-1.4515294343286922), np.float64(8.129866590132905e-05), np.float64(9.81))","(np.float64(-55.01296556105852), np.float64(0.003081219437660381), 0)","(np.float64(-1045.2463456600988), np.float64(0.058543169315546796), 0)",613.125,-90.72058964554326,0.005081166618833066,0.0,613.125,-90.72058964554326,0.005081166618833066,0.0,613.125,-90.72058964554326,0.005081166618833066,0.0,613.125,-90.72058964554326,0.005081166618833066,0.0,0.0,0.0,0.0
3795,"(np.float64(-1.4515294343286922), np.float64(8.129866590132905e-05), np.float64(9.81))","(np.float64(-55.08554203277496), np.float64(0.0030852843709554476), 0)","(np.float64(-1048.0024371735306), np.float64(0.05869753515742694), 0)",613.125,-90.72058964554326,0.005081166618833066,0.0,613.125,-90.72058964554326,0.005081166618833066,0.0,613.125,-90.72058964554326,0.005081166618833066,0.0,613.125,-90.72058964554326,0.005081166618833066,0.0,0.0,0.0,0.0
3800,"(np.float64(-1.4515294343286922), np.float64(8.129866590132905e-05), np.float64(9.81))","(np.float64(-55.1581185044914), np.float64(0.003089349304250514), 0)","(np.float64(-1050.7621575105481), np.float64(0.05885210424597184), 0)",613.125,-90.72058964554326,0.005081166618833066,0.0,613.125,-90.72058964554326,0.005081166618833066,0.0,613.125,-90.72058964554326,0.005081166618833066,0.0,613.125,-90.72058964554326,0.005081166618833066,0.0,0.0,0.0,0.0
3805,"(np.float64(-1.4515294343286922), np.float64(8.129866590132905e-05), np.float64(9.81))","(np.float64(-55.230694976207836), np.float64(0.0030934142375455805), 0)","(np.float64(-1053.5255066711516), np.float64(0.0590068765811815), 0)",613.125,-90.72058964554326,0.005081166618833066,0.0,613.125,-90.72058964554326,0.005081166618833066,0.0,613.125,-90.72058964554326,0.005081166618833066,0.0,613.125,-90.72058964554326,0.005081166618833066,0.0,0.0,0.0,0.0
3810,"(np.float64(-1.4515294343286922), np.float64(8.129866590132905e-05), np.float64(9.81))","(np.float64(-55.303271447924274), np.float64(0.003097479170840647), 0)","(np.float64(-1056.2924846553408), np.float64(0.0591618521630559), 0)",613.125,-90.72058964554326,0.005081166618833066,0.0,613.125,-90.72058964554326,0.005081166618833066,0.0,613.125,-90.72058964554326,0.005081166618833066,0.0,613.125,-90.72058964554326,0.005081166618833066,0.0,0.0,0.0,0.0
3815,"(np.float64(-1.4515294343286922), np.float64(8.129866590132905e-05), np.float64(9.81))","(np.float64(-55.37584791964071), np.float64(0.0031015441041357134), 0)","(np.float64(-1059.0630914631158), np.float64(0.05931703099159506), 0)",613.125,-90.72058964554326,0.005081166618833066,0.0,613.125,-90.72058964554326,0.005081166618833066,0.0,613.125,-90.72058964554326,0.005081166618833066,0.0,613.125,-90.72058964554326,0.005081166618833066,0.0,0.0,0.0,0.0
3820,"(np.float64(-1.4515294343286922), np.float64(8.129866590132905e-05), np.float64(9.81))","(np.float64(-55.44842439135715), np.float64(0.00310560903743078), 0)","(np.float64(-1061.8373270944767), np.float64(0.05947241306679898), 0)",613.125,-90.72058964554326,0.005081166618833066,0.0,613.125,-90.72058964554326,0.005081166618833066,0.0,613.125,-90.72058964554326,0.005081166618833066,0.0,613.125,-90.72058964554326,0.005081166618833066,0.0,0.0,0.0,0.0
3825,"(np.float64(-1.4515294343286922), np.float64(8.129866590132905e-05), np.float64(9.81))","(np.float64(-55.52100086307359), np.float64(0.0031096739707258464), 0)","(np.float64(-1064.6151915494233), np.float64(0.05962799838866764), 0)",613.125,-90.72058964554326,0.005081166618833066,0.0,613.125,-90.72058964554326,0.005081166618833066,0.0,613.125,-90.72058964554326,0.005081166618833066,0.0,613.125,-90.72058964554326,0.005081166618833066,0.0,0.0,0.0,0.0
3830,"(np.float64(-1.4515294343286922), np.float64(8.129866590132905e-05), np.float64(9.81))","(np.float64(-55.59357733479003), np.float64(0.003113738904020913), 0)","(np.float64(-1067.3966848279558), np.float64(0.05978378695720106), 0)",613.125,-90.72058964554326,0.005081166618833066,0.0,613.125,-90.72058964554326,0.005081166618833066,0.0,613.125,-90.72058964554326,0.005081166618833066,0.0,613.125,-90.72058964554326,0.005081166618833066,0.0,0.0,0.0,0.0
3835,"(np.float64(-1.4515294343286922), np.float64(8.129866590132905e-05), np.float64(9.81))","(np.float64(-55.666153806506465), np.float64(0.0031178038373159793), 0)","(np.float64(-1070.1818069300741), np.float64(0.059939778772399234), 0)",613.125,-90.72058964554326,0.005081166618833066,0.0,613.125,-90.72058964554326,0.005081166618833066,0.0,613.125,-90.72058964554326,0.005081166618833066,0.0,613.125,-90.72058964554326,0.005081166618833066,0.0,0.0,0.0,0.0
3840,"(np.float64(-1.4515294343286922), np.float64(8.129866590132905e-05), np.float64(9.81))","(np.float64(-55.7387302782229), np.float64(0.0031218687706110458), 0)","(np.float64(-1072.9705578557782), np.float64(0.06009597383426216), 0)",613.125,-90.72058964554326,0.005081166618833066,0.0,613.125,-90.72058964554326,0.005081166618833066,0.0,613.125,-90.72058964554326,0.005081166618833066,0.0,613.125,-90.72058964554326,0.005081166618833066,0.0,0.0,0.0,0.0
3845,"(np.float64(-1.4515294343286922), np.float64(8.129866590132905e-05), np.float64(9.81))","(np.float64(-55.81130674993934), np.float64(0.0031259337039061122), 0)","(np.float64(-1075.7629376050681), np.float64(0.06025237214278984), 0)",613.125,-90.72058964554326,0.005081166618833066,0.0,613.125,-90.72058964554326,0.005081166618833066,0.0,613.125,-90.72058964554326,0.005081166618833066,0.0,613.125,-90.72058964554326,0.005081166618833066,0.0,0.0,0.0,0.0
3850,"(np.float64(-1.4515294343286922), np.float64(8.129866590132905e-05), np.float64(9.81))","(np.float64(-55.88388322165578), np.float64(0.0031299986372011787), 0)","(np.float64(-1078.5589461779439), np.float64(0.060408973697982274), 0)",613.125,-90.72058964554326,0.005081166618833066,0.0,613.125,-90.72058964554326,0.005081166618833066,0.0,613.125,-90.72058964554326,0.005081166618833066,0.0,613.125,-90.72058964554326,0.005081166618833066,0.0,0.0,0.0,0.0
3855,"(np.float64(-1.4515294343286922), np.float64(8.129866590132905e-05), np.float64(9.81))","(np.float64(-55.95645969337222), np.float64(0.003134063570496245), 0)","(np.float64(-1081.3585835744054), np.float64(0.06056577849983946), 0)",613.125,-90.72058964554326,0.005081166618833066,0.0,613.125,-90.72058964554326,0.005081166618833066,0.0,613.125,-90.72058964554326,0.005081166618833066,0.0,613.125,-90.72058964554326,0.005081166618833066,0.0,0.0,0.0,0.0
3860,"(np.float64(-1.4515294343286922), np.float64(8.129866590132905e-05), np.float64(9.81))","(np.float64(-56.029036165088655), np.float64(0.0031381285037913116), 0)","(np.float64(-1084.1618497944528), np.float64(0.0607227865483614), 0)",613.125,-90.72058964554326,0.005081166618833066,0.0,613.125,-90.72058964554326,0.005081166618833066,0.0,613.125,-90.72058964554326,0.005081166618833066,0.0,613.125,-90.72058964554326,0.005081166618833066,0.0,0.0,0.0,0.0
3865,"(np.float64(-1.4515294343286922), np.float64(8.129866590132905e-05), np.float64(9.81))","(np.float64(-56.10161263680509), np.float64(0.003142193437086378), 0)","(np.float64(-1086.968744838086), np.float64(0.06087999784354809), 0)",613.125,-90.72058964554326,0.005081166618833066,0.0,613.125,-90.72058964554326,0.005081166618833066,0.0,613.125,-90.72058964554326,0.005081166618833066,0.0,613.125,-90.72058964554326,0.005081166618833066,0.0,0.0,0.0,0.0
3870,"(np.float64(-1.4515294343286922), np.float64(8.129866590132905e-05), np.float64(9.81))","(np.float64(-56.17418910852153), np.float64(0.0031462583703814446), 0)","(np.float64(-1089.779268705305), np.float64(0.06103741238539954), 0)",613.125,-90.72058964554326,0.005081166618833066,0.0,613.125,-90.72058964554326,0.005081166618833066,0.0,613.125,-90.72058964554326,0.005081166618833066,0.0,613.125,-90.72058964554326,0.005081166618833066,0.0,0.0,0.0,0.0
3875,"(np.float64(-1.4515294343286922), np.float64(8.129866590132905e-05), np.float64(9.81))","(np.float64(-56.24676558023797), np.float64(0.003150323303676511), 0)","(np.float64(-1092.59342139611), np.float64(0.06119503017391574), 0)",613.125,-90.72058964554326,0.005081166618833066,0.0,613.125,-90.72058964554326,0.005081166618833066,0.0,613.125,-90.72058964554326,0.005081166618833066,0.0,613.125,-90.72058964554326,0.005081166618833066,0.0,0.0,0.0,0.0
3880,"(np.float64(-1.4515294343286922), np.float64(8.129866590132905e-05), np.float64(9.81))","(np.float64(-56.31934205195441), np.float64(0.0031543882369715775), 0)","(np.float64(-1095.4112029105008), np.float64(0.06135285120909669), 0)",613.125,-90.72058964554326,0.005081166618833066,0.0,613.125,-90.72058964554326,0.005081166618833066,0.0,613.125,-90.72058964554326,0.005081166618833066,0.0,613.125,-90.72058964554326,0.005081166618833066,0.0,0.0,0.0,0.0
3885,"(np.float64(-1.4515294343286922), np.float64(8.129866590132905e-05), np.float64(9.81))","(np.float64(-56.391918523670846), np.float64(0.003158453170266644), 0)","(np.float64(-1098.2326132484775), np.float64(0.0615108754909424), 0)",613.125,-90.72058964554326,0.005081166618833066,0.0,613.125,-90.72058964554326,0.005081166618833066,0.0,613.125,-90.72058964554326,0.005081166618833066,0.0,613.125,-90.72058964554326,0.005081166618833066,0.0,0.0,0.0,0.0
3890,"(np.float64(-1.4515294343286922), np.float64(8.129866590132905e-05), np.float64(9.81))","(np.float64(-56.464494995387284), np.float64(0.0031625181035617104), 0)","(np.float64(-1101.05765241004), np.float64(0.06166910301945286), 0)",613.125,-90.72058964554326,0.005081166618833066,0.0,613.125,-90.72058964554326,0.005081166618833066,0.0,613.125,-90.72058964554326,0.005081166618833066,0.0,613.125,-90.72058964554326,0.005081166618833066,0.0,0.0,0.0,0.0
3895,"(np.float64(-1.4515294343286922), np.float64(8.129866590132905e-05), np.float64(9.81))","(np.float64(-56.53707146710372), np.float64(0.003166583036856777), 0)","(np.float64(-1103.8863203951882), np.float64(0.06182753379462807), 0)",613.125,-90.72058964554326,0.005081166618833066,0.0,613.125,-90.72058964554326,0.005081166618833066,0.0,613.125,-90.72058964554326,0.005081166618833066,0.0,613.125,-90.72058964554326,0.005081166618833066,0.0,0.0,0.0,0.0
3900,"(np.float64(-1.4515294343286922), np.float64(8.129866590132905e-05), np.float64(9.81))","(np.float64(-56.60964793882016), np.float64(0.0031706479701518434), 0)","(np.float64(-1106.7186172039223), np.float64(0.061986167816468034), 0)",613.125,-90.72058964554326,0.005081166618833066,0.0,613.125,-90.72058964554326,0.005081166618833066,0.0,613.125,-90.72058964554326,0.005081166618833066,0.0,613.125,-90.72058964554326,0.005081166618833066,0.0,0.0,0.0,0.0
3905,"(np.float64(-1.4515294343286922), np.float64(8.129866590132905e-05), np.float64(9.81))","(np.float64(-56.6822244105366), np.float64(0.00317471290344691), 0)","(np.float64(-1109.5545428362423), np.float64(0.062145005084972754), 0)",613.125,-90.72058964554326,0.005081166618833066,0.0,613.125,-90.72058964554326,0.005081166618833066,0.0,613.125,-90.72058964554326,0.005081166618833066,0.0,613.125,-90.72058964554326,0.005081166618833066,0.0,0.0,0.0,0.0
3910,"(np.float64(-1.4515294343286922), np.float64(8.129866590132905e-05), np.float64(9.81))","(np.float64(-56.754800882253036), np.float64(0.0031787778367419763), 0)","(np.float64(-1112.394097292148), np.float64(0.06230404560014223), 0)",613.125,-90.72058964554326,0.005081166618833066,0.0,613.125,-90.72058964554326,0.005081166618833066,0.0,613.125,-90.72058964554326,0.005081166618833066,0.0,613.125,-90.72058964554326,0.005081166618833066,0.0,0.0,0.0,0.0
3915,"(np.float64(-1.4515294343286922), np.float64(8.129866590132905e-05), np.float64(9.81))","(np.float64(-56.827377353969474), np.float64(0.0031828427700370428), 0)","(np.float64(-1115.2372805716395), np.float64(0.062463289361976454), 0)",613.125,-90.72058964554326,0.005081166618833066,0.0,613.125,-90.72058964554326,0.005081166618833066,0.0,613.125,-90.72058964554326,0.005081166618833066,0.0,613.125,-90.72058964554326,0.005081166618833066,0.0,0.0,0.0,0.0
3920,"(np.float64(-1.4515294343286922), np.float64(8.129866590132905e-05), np.float64(9.81))","(np.float64(-56.89995382568591), np.float64(0.0031869077033321092), 0)","(np.float64(-1118.0840926747169), np.float64(0.06262273637047544), 0)",613.125,-90.72058964554326,0.005081166618833066,0.0,613.125,-90.72058964554326,0.005081166618833066,0.0,613.125,-90.72058964554326,0.005081166618833066,0.0,613.125,-90.72058964554326,0.005081166618833066,0.0,0.0,0.0,0.0
3925,"(np.float64(-1.4515294343286922), np.float64(8.129866590132905e-05), np.float64(9.81))","(np.float64(-56.97253029740235), np.float64(0.0031909726366271757), 0)","(np.float64(-1120.93453360138), np.float64(0.06278238662563917), 0)",613.125,-90.72058964554326,0.005081166618833066,0.0,613.125,-90.72058964554326,0.005081166618833066,0.0,613.125,-90.72058964554326,0.005081166618833066,0.0,613.125,-90.72058964554326,0.005081166618833066,0.0,0.0,0.0,0.0
3930,"(np.float64(-1.4515294343286922), np.float64(8.129866590132905e-05), np.float64(9.81))","(np.float64(-57.04510676911879), np.float64(0.003195037569922242), 0)","(np.float64(-1123.788603351629), np.float64(0.06294224012746766), 0)",613.125,-90.72058964554326,0.005081166618833066,0.0,613.125,-90.72058964554326,0.005081166618833066,0.0,613.125,-90.72058964554326,0.005081166618833066,0.0,613.125,-90.72058964554326,0.005081166618833066,0.0,0.0,0.0,0.0
3935,"(np.float64(-1.4515294343286922), np.float64(8.129866590132905e-05), np.float64(9.81))","(np.float64(-57.11768324083523), np.float64(0.0031991025032173086), 0)","(np.float64(-1126.6463019254638), np.float64(0.0631022968759609), 0)",613.125,-90.72058964554326,0.005081166618833066,0.0,613.125,-90.72058964554326,0.005081166618833066,0.0,613.125,-90.72058964554326,0.005081166618833066,0.0,613.125,-90.72058964554326,0.005081166618833066,0.0,0.0,0.0,0.0
3940,"(np.float64(-1.4515294343286922), np.float64(8.129866590132905e-05), np.float64(9.81))","(np.float64(-57.190259712551665), np.float64(0.003203167436512375), 0)","(np.float64(-1129.5076293228844), np.float64(0.0632625568711189), 0)",613.125,-90.72058964554326,0.005081166618833066,0.0,613.125,-90.72058964554326,0.005081166618833066,0.0,613.125,-90.72058964554326,0.005081166618833066,0.0,613.125,-90.72058964554326,0.005081166618833066,0.0,0.0,0.0,0.0
3945,"(np.float64(-1.4515294343286922), np.float64(8.129866590132905e-05), np.float64(9.81))","(np.float64(-57.2628361842681), np.float64(0.0032072323698074416), 0)","(np.float64(-1132.3725855438909), np.float64(0.06342302011294164), 0)",613.125,-90.72058964554326,0.005081166618833066,0.0,613.125,-90.72058964554326,0.005081166618833066,0.0,613.125,-90.72058964554326,0.005081166618833066,0.0,613.125,-90.72058964554326,0.005081166618833066,0.0,0.0,0.0,0.0
3950,"(np.float64(-1.4515294343286922), np.float64(8.129866590132905e-05), np.float64(9.81))","(np.float64(-57.33541265598454), np.float64(0.003211297303102508), 0)","(np.float64(-1135.241170588483), np.float64(0.06358368660142914), 0)",613.125,-90.72058964554326,0.005081166618833066,0.0,613.125,-90.72058964554326,0.005081166618833066,0.0,613.125,-90.72058964554326,0.005081166618833066,0.0,613.125,-90.72058964554326,0.005081166618833066,0.0,0.0,0.0,0.0
3955,"(np.float64(-1.4515294343286922), np.float64(8.129866590132905e-05), np.float64(9.81))","(np.float64(-57.40798912770098), np.float64(0.0032153622363975745), 0)","(np.float64(-1138.1133844566612), np.float64(0.0637445563365814), 0)",613.125,-90.72058964554326,0.005081166618833066,0.0,613.125,-90.72058964554326,0.005081166618833066,0.0,613.125,-90.72058964554326,0.005081166618833066,0.0,613.125,-90.72058964554326,0.005081166618833066,0.0,0.0,0.0,0.0
3960,"(np.float64(-1.4515294343286922), np.float64(8.129866590132905e-05), np.float64(9.81))","(np.float64(-57.48056559941742), np.float64(0.003219427169692641), 0)","(np.float64(-1140.989227148425), np.float64(0.0639056293183984), 0)",613.125,-90.72058964554326,0.005081166618833066,0.0,613.125,-90.72058964554326,0.005081166618833066,0.0,613.125,-90.72058964554326,0.005081166618833066,0.0,613.125,-90.72058964554326,0.005081166618833066,0.0,0.0,0.0,0.0
3965,"(np.float64(-1.4515294343286922), np.float64(8.129866590132905e-05), np.float64(9.81))","(np.float64(-57.553142071133855), np.float64(0.0032234921029877074), 0)","(np.float64(-1143.8686986637747), np.float64(0.06406690554688016), 0)",613.125,-90.72058964554326,0.005081166618833066,0.0,613.125,-90.72058964554326,0.005081166618833066,0.0,613.125,-90.72058964554326,0.005081166618833066,0.0,613.125,-90.72058964554326,0.005081166618833066,0.0,0.0,0.0,0.0
3970,"(np.float64(-1.4515294343286922), np.float64(8.129866590132905e-05), np.float64(9.81))","(np.float64(-57.625718542850294), np.float64(0.003227557036282774), 0)","(np.float64(-1146.7517990027102), np.float64(0.06422838502202667), 0)",613.125,-90.72058964554326,0.005081166618833066,0.0,613.125,-90.72058964554326,0.005081166618833066,0.0,613.125,-90.72058964554326,0.005081166618833066,0.0,613.125,-90.72058964554326,0.005081166618833066,0.0,0.0,0.0,0.0
3975,"(np.float64(-1.4515294343286922), np.float64(8.129866590132905e-05), np.float64(9.81))","(np.float64(-57.69829501456673), np.float64(0.0032316219695778404), 0)","(np.float64(-1149.6385281652315), np.float64(0.06439006774383793), 0)",613.125,-90.72058964554326,0.005081166618833066,0.0,613.125,-90.72058964554326,0.005081166618833066,0.0,613.125,-90.72058964554326,0.005081166618833066,0.0,613.125,-90.72058964554326,0.005081166618833066,0.0,0.0,0.0,0.0
3980,"(np.float64(-1.4515294343286922), np.float64(8.129866590132905e-05), np.float64(9.81))","(np.float64(-57.77087148628317), np.float64(0.003235686902872907), 0)","(np.float64(-1152.5288861513386), np.float64(0.06455195371231395), 0)",613.125,-90.72058964554326,0.005081166618833066,0.0,613.125,-90.72058964554326,0.005081166618833066,0.0,613.125,-90.72058964554326,0.005081166618833066,0.0,613.125,-90.72058964554326,0.005081166618833066,0.0,0.0,0.0,0.0
3985,"(np.float64(-1.4515294343286922), np.float64(8.129866590132905e-05), np.float64(9.81))","(np.float64(-57.84344795799961), np.float64(0.0032397518361679733), 0)","(np.float64(-1155.4228729610315), np.float64(0.06471404292745472), 0)",613.125,-90.72058964554326,0.005081166618833066,0.0,613.125,-90.72058964554326,0.005081166618833066,0.0,613.125,-90.72058964554326,0.005081166618833066,0.0,613.125,-90.72058964554326,0.005081166618833066,0.0,0.0,0.0,0.0
3990,"(np.float64(-1.4515294343286922), np.float64(8.129866590132905e-05), np.float64(9.81))","(np.float64(-57.916024429716046), np.float64(0.00324381676946304), 0)","(np.float64(-1158.3204885943103), np.float64(0.06487633538926026), 0)",613.125,-90.72058964554326,0.005081166618833066,0.0,613.125,-90.72058964554326,0.005081166618833066,0.0,613.125,-90.72058964554326,0.005081166618833066,0.0,613.125,-90.72058964554326,0.005081166618833066,0.0,0.0,0.0,0.0
3995,"(np.float64(-1.4515294343286922), np.float64(8.129866590132905e-05), np.float64(9.81))","(np.float64(-57.988600901432484), np.float64(0.0032478817027581063), 0)","(np.float64(-1161.2217330511749), np.float64(0.06503883109773054), 0)",613.125,-90.72058964554326,0.005081166618833066,0.0,613.125,-90.72058964554326,0.005081166618833066,0.0,613.125,-90.72058964554326,0.005081166618833066,0.0,613.125,-90.72058964554326,0.005081166618833066,0.0,0.0,0.0,0.0
4000,"(np.float64(-1.4515294343286922), np.float64(8.129866590132905e-05), np.float64(9.81))","(np.float64(-58.06117737314892), np.float64(0.0032519466360531727), 0)","(np.float64(-1164.1266063316252), np.float64(0.06520153005286557), 0)",613.125,-90.72058964554326,0.005081166618833066,0.0,613.125,-90.72058964554326,0.005081166618833066,0.0,613.125,-90.72058964554326,0.005081166618833066,0.0,613.125,-90.72058964554326,0.005081166618833066,0.0,0.0,0.0,0.0
4005,"(np.float64(-1.4515294343286922), np.float64(8.129866590132905e-05), np.float64(9.81))","(np.float64(-58.13375384486536), np.float64(0.003256011569348239), 0)","(np.float64(-1167.0351084356614), np.float64(0.06536443225466536), 0)",613.125,-90.72058964554326,0.005081166618833066,0.0,613.125,-90.72058964554326,0.005081166618833066,0.0,613.125,-90.72058964554326,0.005081166618833066,0.0,613.125,-90.72058964554326,0.005081166618833066,0.0,0.0,0.0,0.0
4010,"(np.float64(-1.4515294343286922), np.float64(8.129866590132905e-05), np.float64(9.81))","(np.float64(-58.2063303165818), np.float64(0.0032600765026433057), 0)","(np.float64(-1169.9472393632834), np.float64(0.0655275377031299), 0)",613.125,-90.72058964554326,0.005081166618833066,0.0,613.125,-90.72058964554326,0.005081166618833066,0.0,613.125,-90.72058964554326,0.005081166618833066,0.0,613.125,-90.72058964554326,0.005081166618833066,0.0,0.0,0.0,0.0
4015,"(np.float64(-1.4515294343286922), np.float64(8.129866590132905e-05), np.float64(9.81))","(np.float64(-58.27890678829824), np.float64(0.003264141435938372), 0)","(np.float64(-1172.8629991144915), np.float64(0.06569084639825919), 0)",613.125,-90.72058964554326,0.005081166618833066,0.0,613.125,-90.72058964554326,0.005081166618833066,0.0,613.125,-90.72058964554326,0.005081166618833066,0.0,613.125,-90.72058964554326,0.005081166618833066,0.0,0.0,0.0,0.0
4020,"(np.float64(-1.4515294343286922), np.float64(8.129866590132905e-05), np.float64(9.81))","(np.float64(-58.351483260014675), np.float64(0.0032682063692334386), 0)","(np.float64(-1175.7823876892853), np.float64(0.06585435834005324), 0)",613.125,-90.72058964554326,0.005081166618833066,0.0,613.125,-90.72058964554326,0.005081166618833066,0.0,613.125,-90.72058964554326,0.005081166618833066,0.0,613.125,-90.72058964554326,0.005081166618833066,0.0,0.0,0.0,0.0
4025,"(np.float64(-1.4515294343286922), np.float64(8.129866590132905e-05), np.float64(9.81))","(np.float64(-58.42405973173111), np.float64(0.003272271302528505), 0)","(np.float64(-1178.705405087665), np.float64(0.06601807352851204), 0)",613.125,-90.72058964554326,0.005081166618833066,0.0,613.125,-90.72058964554326,0.005081166618833066,0.0,613.125,-90.72058964554326,0.005081166618833066,0.0,613.125,-90.72058964554326,0.005081166618833066,0.0,0.0,0.0,0.0
4030,"(np.float64(-1.4515294343286922), np.float64(8.129866590132905e-05), np.float64(9.81))","(np.float64(-58.49663620344755), np.float64(0.0032763362358235715), 0)","(np.float64(-1181.6320513096305), np.float64(0.06618199196363558), 0)",613.125,-90.72058964554326,0.005081166618833066,0.0,613.125,-90.72058964554326,0.005081166618833066,0.0,613.125,-90.72058964554326,0.005081166618833066,0.0,613.125,-90.72058964554326,0.005081166618833066,0.0,0.0,0.0,0.0
4035,"(np.float64(-1.4515294343286922), np.float64(8.129866590132905e-05), np.float64(9.81))","(np.float64(-58.56921267516399), np.float64(0.003280401169118638), 0)","(np.float64(-1184.5623263551818), np.float64(0.0663461136454239), 0)",613.125,-90.72058964554326,0.005081166618833066,0.0,613.125,-90.72058964554326,0.005081166618833066,0.0,613.125,-90.72058964554326,0.005081166618833066,0.0,613.125,-90.72058964554326,0.005081166618833066,0.0,0.0,0.0,0.0
4040,"(np.float64(-1.4515294343286922), np.float64(8.129866590132905e-05), np.float64(9.81))","(np.float64(-58.64178914688043), np.float64(0.0032844661024137045), 0)","(np.float64(-1187.4962302243189), np.float64(0.06651043857387695), 0)",613.125,-90.72058964554326,0.005081166618833066,0.0,613.125,-90.72058964554326,0.005081166618833066,0.0,613.125,-90.72058964554326,0.005081166618833066,0.0,613.125,-90.72058964554326,0.005081166618833066,0.0,0.0,0.0,0.0
4045,"(np.float64(-1.4515294343286922), np.float64(8.129866590132905e-05), np.float64(9.81))","(np.float64(-58.714365618596865), np.float64(0.003288531035708771), 0)","(np.float64(-1190.4337629170418), np.float64(0.06667496674899476), 0)",613.125,-90.72058964554326,0.005081166618833066,0.0,613.125,-90.72058964554326,0.005081166618833066,0.0,613.125,-90.72058964554326,0.005081166618833066,0.0,613.125,-90.72058964554326,0.005081166618833066,0.0,0.0,0.0,0.0
4050,"(np.float64(-1.4515294343286922), np.float64(8.129866590132905e-05), np.float64(9.81))","(np.float64(-58.7869420903133), np.float64(0.0032925959690038374), 0)","(np.float64(-1193.3749244333505), np.float64(0.06683969817077733), 0)",613.125,-90.72058964554326,0.005081166618833066,0.0,613.125,-90.72058964554326,0.005081166618833066,0.0,613.125,-90.72058964554326,0.005081166618833066,0.0,613.125,-90.72058964554326,0.005081166618833066,0.0,0.0,0.0,0.0
4055,"(np.float64(-1.4515294343286922), np.float64(8.129866590132905e-05), np.float64(9.81))","(np.float64(-58.85951856202974), np.float64(0.003296660902298904), 0)","(np.float64(-1196.319714773245), np.float64(0.06700463283922464), 0)",613.125,-90.72058964554326,0.005081166618833066,0.0,613.125,-90.72058964554326,0.005081166618833066,0.0,613.125,-90.72058964554326,0.005081166618833066,0.0,613.125,-90.72058964554326,0.005081166618833066,0.0,0.0,0.0,0.0
4060,"(np.float64(-1.4515294343286922), np.float64(8.129866590132905e-05), np.float64(9.81))","(np.float64(-58.93209503374618), np.float64(0.0033007258355939703), 0)","(np.float64(-1199.2681339367255), np.float64(0.06716977075433672), 0)",613.125,-90.72058964554326,0.005081166618833066,0.0,613.125,-90.72058964554326,0.005081166618833066,0.0,613.125,-90.72058964554326,0.005081166618833066,0.0,613.125,-90.72058964554326,0.005081166618833066,0.0,0.0,0.0,0.0
4065,"(np.float64(-1.4515294343286922), np.float64(8.129866590132905e-05), np.float64(9.81))","(np.float64(-59.00467150546262), np.float64(0.003304790768889037), 0)","(np.float64(-1202.2201819237916), np.float64(0.06733511191611355), 0)",613.125,-90.72058964554326,0.005081166618833066,0.0,613.125,-90.72058964554326,0.005081166618833066,0.0,613.125,-90.72058964554326,0.005081166618833066,0.0,613.125,-90.72058964554326,0.005081166618833066,0.0,0.0,0.0,0.0
4070,"(np.float64(-1.4515294343286922), np.float64(8.129866590132905e-05), np.float64(9.81))","(np.float64(-59.077247977179056), np.float64(0.0033088557021841033), 0)","(np.float64(-1205.1758587344436), np.float64(0.06750065632455512), 0)",613.125,-90.72058964554326,0.005081166618833066,0.0,613.125,-90.72058964554326,0.005081166618833066,0.0,613.125,-90.72058964554326,0.005081166618833066,0.0,613.125,-90.72058964554326,0.005081166618833066,0.0,0.0,0.0,0.0
4075,"(np.float64(-1.4515294343286922), np.float64(8.129866590132905e-05), np.float64(9.81))","(np.float64(-59.149824448895494), np.float64(0.0033129206354791697), 0)","(np.float64(-1208.1351643686814), np.float64(0.06766640397966146), 0)",613.125,-90.72058964554326,0.005081166618833066,0.0,613.125,-90.72058964554326,0.005081166618833066,0.0,613.125,-90.72058964554326,0.005081166618833066,0.0,613.125,-90.72058964554326,0.005081166618833066,0.0,0.0,0.0,0.0
4080,"(np.float64(-1.4515294343286922), np.float64(8.129866590132905e-05), np.float64(9.81))","(np.float64(-59.22240092061193), np.float64(0.003316985568774236), 0)","(np.float64(-1211.098098826505), np.float64(0.06783235488143255), 0)",613.125,-90.72058964554326,0.005081166618833066,0.0,613.125,-90.72058964554326,0.005081166618833066,0.0,613.125,-90.72058964554326,0.005081166618833066,0.0,613.125,-90.72058964554326,0.005081166618833066,0.0,0.0,0.0,0.0
4085,"(np.float64(-1.4515294343286922), np.float64(8.129866590132905e-05), np.float64(9.81))","(np.float64(-59.29497739232837), np.float64(0.0033210505020693027), 0)","(np.float64(-1214.0646621079145), np.float64(0.06799850902986838), 0)",613.125,-90.72058964554326,0.005081166618833066,0.0,613.125,-90.72058964554326,0.005081166618833066,0.0,613.125,-90.72058964554326,0.005081166618833066,0.0,613.125,-90.72058964554326,0.005081166618833066,0.0,0.0,0.0,0.0
4090,"(np.float64(-1.4515294343286922), np.float64(8.129866590132905e-05), np.float64(9.81))","(np.float64(-59.36755386404481), np.float64(0.003325115435364369), 0)","(np.float64(-1217.0348542129097), np.float64(0.06816486642496898), 0)",613.125,-90.72058964554326,0.005081166618833066,0.0,613.125,-90.72058964554326,0.005081166618833066,0.0,613.125,-90.72058964554326,0.005081166618833066,0.0,613.125,-90.72058964554326,0.005081166618833066,0.0,0.0,0.0,0.0
4095,"(np.float64(-1.4515294343286922), np.float64(8.129866590132905e-05), np.float64(9.81))","(np.float64(-59.440130335761246), np.float64(0.0033291803686594356), 0)","(np.float64(-1220.0086751414908), np.float64(0.06833142706673433), 0)",613.125,-90.72058964554326,0.005081166618833066,0.0,613.125,-90.72058964554326,0.005081166618833066,0.0,613.125,-90.72058964554326,0.005081166618833066,0.0,613.125,-90.72058964554326,0.005081166618833066,0.0,0.0,0.0,0.0
4100,"(np.float64(-1.4515294343286922), np.float64(8.129866590132905e-05), np.float64(9.81))","(np.float64(-59.512706807477684), np.float64(0.003333245301954502), 0)","(np.float64(-1222.9861248936577), np.float64(0.06849819095516442), 0)",613.125,-90.72058964554326,0.005081166618833066,0.0,613.125,-90.72058964554326,0.005081166618833066,0.0,613.125,-90.72058964554326,0.005081166618833066,0.0,613.125,-90.72058964554326,0.005081166618833066,0.0,0.0,0.0,0.0
4105,"(np.float64(-1.4515294343286922), np.float64(8.129866590132905e-05), np.float64(9.81))","(np.float64(-59.58528327919412), np.float64(0.0033373102352495685), 0)","(np.float64(-1225.9672034694104), np.float64(0.06866515809025928), 0)",613.125,-90.72058964554326,0.005081166618833066,0.0,613.125,-90.72058964554326,0.005081166618833066,0.0,613.125,-90.72058964554326,0.005081166618833066,0.0,613.125,-90.72058964554326,0.005081166618833066,0.0,0.0,0.0,0.0
4110,"(np.float64(-1.4515294343286922), np.float64(8.129866590132905e-05), np.float64(9.81))","(np.float64(-59.65785975091056), np.float64(0.003341375168544635), 0)","(np.float64(-1228.9519108687489), np.float64(0.06883232847201888), 0)",613.125,-90.72058964554326,0.005081166618833066,0.0,613.125,-90.72058964554326,0.005081166618833066,0.0,613.125,-90.72058964554326,0.005081166618833066,0.0,613.125,-90.72058964554326,0.005081166618833066,0.0,0.0,0.0,0.0
4115,"(np.float64(-1.4515294343286922), np.float64(8.129866590132905e-05), np.float64(9.81))","(np.float64(-59.730436222627), np.float64(0.0033454401018397015), 0)","(np.float64(-1231.9402470916732), np.float64(0.06899970210044323), 0)",613.125,-90.72058964554326,0.005081166618833066,0.0,613.125,-90.72058964554326,0.005081166618833066,0.0,613.125,-90.72058964554326,0.005081166618833066,0.0,613.125,-90.72058964554326,0.005081166618833066,0.0,0.0,0.0,0.0
4120,"(np.float64(-1.4515294343286922), np.float64(8.129866590132905e-05), np.float64(9.81))","(np.float64(-59.80301269434344), np.float64(0.003349505035134768), 0)","(np.float64(-1234.9322121381833), np.float64(0.06916727897553235), 0)",613.125,-90.72058964554326,0.005081166618833066,0.0,613.125,-90.72058964554326,0.005081166618833066,0.0,613.125,-90.72058964554326,0.005081166618833066,0.0,613.125,-90.72058964554326,0.005081166618833066,0.0,0.0,0.0,0.0
4125,"(np.float64(-1.4515294343286922), np.float64(8.129866590132905e-05), np.float64(9.81))","(np.float64(-59.875589166059875), np.float64(0.0033535699684298344), 0)","(np.float64(-1237.9278060082793), np.float64(0.06933505909728621), 0)",613.125,-90.72058964554326,0.005081166618833066,0.0,613.125,-90.72058964554326,0.005081166618833066,0.0,613.125,-90.72058964554326,0.005081166618833066,0.0,613.125,-90.72058964554326,0.005081166618833066,0.0,0.0,0.0,0.0
4130,"(np.float64(-1.4515294343286922), np.float64(8.129866590132905e-05), np.float64(9.81))","(np.float64(-59.94816563777631), np.float64(0.003357634901724901), 0)","(np.float64(-1240.927028701961), np.float64(0.06950304246570484), 0)",613.125,-90.72058964554326,0.005081166618833066,0.0,613.125,-90.72058964554326,0.005081166618833066,0.0,613.125,-90.72058964554326,0.005081166618833066,0.0,613.125,-90.72058964554326,0.005081166618833066,0.0,0.0,0.0,0.0
4135,"(np.float64(-1.4515294343286922), np.float64(8.129866590132905e-05), np.float64(9.81))","(np.float64(-60.02074210949275), np.float64(0.0033616998350199673), 0)","(np.float64(-1243.9298802192286), np.float64(0.06967122908078821), 0)",613.125,-90.72058964554326,0.005081166618833066,0.0,613.125,-90.72058964554326,0.005081166618833066,0.0,613.125,-90.72058964554326,0.005081166618833066,0.0,613.125,-90.72058964554326,0.005081166618833066,0.0,0.0,0.0,0.0
4140,"(np.float64(-1.4515294343286922), np.float64(8.129866590132905e-05), np.float64(9.81))","(np.float64(-60.09331858120919), np.float64(0.003365764768315034), 0)","(np.float64(-1246.936360560082), np.float64(0.06983961894253633), 0)",613.125,-90.72058964554326,0.005081166618833066,0.0,613.125,-90.72058964554326,0.005081166618833066,0.0,613.125,-90.72058964554326,0.005081166618833066,0.0,613.125,-90.72058964554326,0.005081166618833066,0.0,0.0,0.0,0.0
4145,"(np.float64(-1.4515294343286922), np.float64(8.129866590132905e-05), np.float64(9.81))","(np.float64(-60.16589505292563), np.float64(0.0033698297016101003), 0)","(np.float64(-1249.9464697245212), np.float64(0.07000821205094922), 0)",613.125,-90.72058964554326,0.005081166618833066,0.0,613.125,-90.72058964554326,0.005081166618833066,0.0,613.125,-90.72058964554326,0.005081166618833066,0.0,613.125,-90.72058964554326,0.005081166618833066,0.0,0.0,0.0,0.0
4150,"(np.float64(-1.4515294343286922), np.float64(8.129866590132905e-05), np.float64(9.81))","(np.float64(-60.238471524642065), np.float64(0.0033738946349051667), 0)","(np.float64(-1252.9602077125462), np.float64(0.07017700840602685), 0)",613.125,-90.72058964554326,0.005081166618833066,0.0,613.125,-90.72058964554326,0.005081166618833066,0.0,613.125,-90.72058964554326,0.005081166618833066,0.0,613.125,-90.72058964554326,0.005081166618833066,0.0,0.0,0.0,0.0
4155,"(np.float64(-1.4515294343286922), np.float64(8.129866590132905e-05), np.float64(9.81))","(np.float64(-60.311047996358504), np.float64(0.003377959568200233), 0)","(np.float64(-1255.9775745241573), np.float64(0.07034600800776923), 0)",613.125,-90.72058964554326,0.005081166618833066,0.0,613.125,-90.72058964554326,0.005081166618833066,0.0,613.125,-90.72058964554326,0.005081166618833066,0.0,613.125,-90.72058964554326,0.005081166618833066,0.0,0.0,0.0,0.0
4160,"(np.float64(-1.4515294343286922), np.float64(8.129866590132905e-05), np.float64(9.81))","(np.float64(-60.38362446807494), np.float64(0.0033820245014952997), 0)","(np.float64(-1258.9985701593541), np.float64(0.07051521085617637), 0)",613.125,-90.72058964554326,0.005081166618833066,0.0,613.125,-90.72058964554326,0.005081166618833066,0.0,613.125,-90.72058964554326,0.005081166618833066,0.0,613.125,-90.72058964554326,0.005081166618833066,0.0,0.0,0.0,0.0
4165,"(np.float64(-1.4515294343286922), np.float64(8.129866590132905e-05), np.float64(9.81))","(np.float64(-60.45620093979138), np.float64(0.003386089434790366), 0)","(np.float64(-1262.0231946181368), np.float64(0.07068461695124827), 0)",613.125,-90.72058964554326,0.005081166618833066,0.0,613.125,-90.72058964554326,0.005081166618833066,0.0,613.125,-90.72058964554326,0.005081166618833066,0.0,613.125,-90.72058964554326,0.005081166618833066,0.0,0.0,0.0,0.0
4170,"(np.float64(-1.4515294343286922), np.float64(8.129866590132905e-05), np.float64(9.81))","(np.float64(-60.52877741150782), np.float64(0.0033901543680854326), 0)","(np.float64(-1265.0514479005053), np.float64(0.0708542262929849), 0)",613.125,-90.72058964554326,0.005081166618833066,0.0,613.125,-90.72058964554326,0.005081166618833066,0.0,613.125,-90.72058964554326,0.005081166618833066,0.0,613.125,-90.72058964554326,0.005081166618833066,0.0,0.0,0.0,0.0
4175,"(np.float64(-1.4515294343286922), np.float64(8.129866590132905e-05), np.float64(9.81))","(np.float64(-60.601353883224256), np.float64(0.003394219301380499), 0)","(np.float64(-1268.0833300064596), np.float64(0.07102403888138631), 0)",613.125,-90.72058964554326,0.005081166618833066,0.0,613.125,-90.72058964554326,0.005081166618833066,0.0,613.125,-90.72058964554326,0.005081166618833066,0.0,613.125,-90.72058964554326,0.005081166618833066,0.0,0.0,0.0,0.0
4180,"(np.float64(-1.4515294343286922), np.float64(8.129866590132905e-05), np.float64(9.81))","(np.float64(-60.673930354940694), np.float64(0.0033982842346755656), 0)","(np.float64(-1271.1188409359997), np.float64(0.07119405471645246), 0)",613.125,-90.72058964554326,0.005081166618833066,0.0,613.125,-90.72058964554326,0.005081166618833066,0.0,613.125,-90.72058964554326,0.005081166618833066,0.0,613.125,-90.72058964554326,0.005081166618833066,0.0,0.0,0.0,0.0
4185,"(np.float64(-1.4515294343286922), np.float64(8.129866590132905e-05), np.float64(9.81))","(np.float64(-60.74650682665713), np.float64(0.003402349167970632), 0)","(np.float64(-1274.1579806891257), np.float64(0.07136427379818336), 0)",613.125,-90.72058964554326,0.005081166618833066,0.0,613.125,-90.72058964554326,0.005081166618833066,0.0,613.125,-90.72058964554326,0.005081166618833066,0.0,613.125,-90.72058964554326,0.005081166618833066,0.0,0.0,0.0,0.0
4190,"(np.float64(-1.4515294343286922), np.float64(8.129866590132905e-05), np.float64(9.81))","(np.float64(-60.81908329837357), np.float64(0.0034064141012656985), 0)","(np.float64(-1277.2007492658374), np.float64(0.07153469612657902), 0)",613.125,-90.72058964554326,0.005081166618833066,0.0,613.125,-90.72058964554326,0.005081166618833066,0.0,613.125,-90.72058964554326,0.005081166618833066,0.0,613.125,-90.72058964554326,0.005081166618833066,0.0,0.0,0.0,0.0
4195,"(np.float64(-1.4515294343286922), np.float64(8.129866590132905e-05), np.float64(9.81))","(np.float64(-60.89165977009001), np.float64(0.003410479034560765), 0)","(np.float64(-1280.247146666135), np.float64(0.07170532170163943), 0)",613.125,-90.72058964554326,0.005081166618833066,0.0,613.125,-90.72058964554326,0.005081166618833066,0.0,613.125,-90.72058964554326,0.005081166618833066,0.0,613.125,-90.72058964554326,0.005081166618833066,0.0,0.0,0.0,0.0
4200,"(np.float64(-1.4515294343286922), np.float64(8.129866590132905e-05), np.float64(9.81))","(np.float64(-60.96423624180645), np.float64(0.0034145439678558314), 0)","(np.float64(-1283.2971728900184), np.float64(0.0718761505233646), 0)",613.125,-90.72058964554326,0.005081166618833066,0.0,613.125,-90.72058964554326,0.005081166618833066,0.0,613.125,-90.72058964554326,0.005081166618833066,0.0,613.125,-90.72058964554326,0.005081166618833066,0.0,0.0,0.0,0.0
4205,"(np.float64(-1.4515294343286922), np.float64(8.129866590132905e-05), np.float64(9.81))","(np.float64(-61.036812713522885), np.float64(0.003418608901150898), 0)","(np.float64(-1286.3508279374876), np.float64(0.07204718259175452), 0)",613.125,-90.72058964554326,0.005081166618833066,0.0,613.125,-90.72058964554326,0.005081166618833066,0.0,613.125,-90.72058964554326,0.005081166618833066,0.0,613.125,-90.72058964554326,0.005081166618833066,0.0,0.0,0.0,0.0
4210,"(np.float64(-1.4515294343286922), np.float64(8.129866590132905e-05), np.float64(9.81))","(np.float64(-61.10938918523932), np.float64(0.0034226738344459644), 0)","(np.float64(-1289.4081118085426), np.float64(0.07221841790680919), 0)",613.125,-90.72058964554326,0.005081166618833066,0.0,613.125,-90.72058964554326,0.005081166618833066,0.0,613.125,-90.72058964554326,0.005081166618833066,0.0,613.125,-90.72058964554326,0.005081166618833066,0.0,0.0,0.0,0.0
4215,"(np.float64(-1.4515294343286922), np.float64(8.129866590132905e-05), np.float64(9.81))","(np.float64(-61.18196565695576), np.float64(0.003426738767741031), 0)","(np.float64(-1292.4690245031834), np.float64(0.07238985646852862), 0)",613.125,-90.72058964554326,0.005081166618833066,0.0,613.125,-90.72058964554326,0.005081166618833066,0.0,613.125,-90.72058964554326,0.005081166618833066,0.0,613.125,-90.72058964554326,0.005081166618833066,0.0,0.0,0.0,0.0
4220,"(np.float64(-1.4515294343286922), np.float64(8.129866590132905e-05), np.float64(9.81))","(np.float64(-61.2545421286722), np.float64(0.0034308037010360973), 0)","(np.float64(-1295.53356602141), np.float64(0.0725614982769128), 0)",613.125,-90.72058964554326,0.005081166618833066,0.0,613.125,-90.72058964554326,0.005081166618833066,0.0,613.125,-90.72058964554326,0.005081166618833066,0.0,613.125,-90.72058964554326,0.005081166618833066,0.0,0.0,0.0,0.0
4225,"(np.float64(-1.4515294343286922), np.float64(8.129866590132905e-05), np.float64(9.81))","(np.float64(-61.32711860038864), np.float64(0.0034348686343311638), 0)","(np.float64(-1298.6017363632225), np.float64(0.07273334333196173), 0)",613.125,-90.72058964554326,0.005081166618833066,0.0,613.125,-90.72058964554326,0.005081166618833066,0.0,613.125,-90.72058964554326,0.005081166618833066,0.0,613.125,-90.72058964554326,0.005081166618833066,0.0,0.0,0.0,0.0
4230,"(np.float64(-1.4515294343286922), np.float64(8.129866590132905e-05), np.float64(9.81))","(np.float64(-61.399695072105075), np.float64(0.0034389335676262302), 0)","(np.float64(-1301.6735355286207), np.float64(0.07290539163367542), 0)",613.125,-90.72058964554326,0.005081166618833066,0.0,613.125,-90.72058964554326,0.005081166618833066,0.0,613.125,-90.72058964554326,0.005081166618833066,0.0,613.125,-90.72058964554326,0.005081166618833066,0.0,0.0,0.0,0.0
4235,"(np.float64(-1.4515294343286922), np.float64(8.129866590132905e-05), np.float64(9.81))","(np.float64(-61.47227154382151), np.float64(0.0034429985009212967), 0)","(np.float64(-1304.7489635176048), np.float64(0.07307764318205386), 0)",613.125,-90.72058964554326,0.005081166618833066,0.0,613.125,-90.72058964554326,0.005081166618833066,0.0,613.125,-90.72058964554326,0.005081166618833066,0.0,613.125,-90.72058964554326,0.005081166618833066,0.0,0.0,0.0,0.0
4240,"(np.float64(-1.4515294343286922), np.float64(8.129866590132905e-05), np.float64(9.81))","(np.float64(-61.54484801553795), np.float64(0.003447063434216363), 0)","(np.float64(-1307.8280203301747), np.float64(0.07325009797709704), 0)",613.125,-90.72058964554326,0.005081166618833066,0.0,613.125,-90.72058964554326,0.005081166618833066,0.0,613.125,-90.72058964554326,0.005081166618833066,0.0,613.125,-90.72058964554326,0.005081166618833066,0.0,0.0,0.0,0.0
4245,"(np.float64(-1.4515294343286922), np.float64(8.129866590132905e-05), np.float64(9.81))","(np.float64(-61.61742448725439), np.float64(0.0034511283675114296), 0)","(np.float64(-1310.9107059663304), np.float64(0.07342275601880499), 0)",613.125,-90.72058964554326,0.005081166618833066,0.0,613.125,-90.72058964554326,0.005081166618833066,0.0,613.125,-90.72058964554326,0.005081166618833066,0.0,613.125,-90.72058964554326,0.005081166618833066,0.0,0.0,0.0,0.0
4250,"(np.float64(-1.4515294343286922), np.float64(8.129866590132905e-05), np.float64(9.81))","(np.float64(-61.69000095897083), np.float64(0.003455193300806496), 0)","(np.float64(-1313.997020426072), np.float64(0.07359561730717769), 0)",613.125,-90.72058964554326,0.005081166618833066,0.0,613.125,-90.72058964554326,0.005081166618833066,0.0,613.125,-90.72058964554326,0.005081166618833066,0.0,613.125,-90.72058964554326,0.005081166618833066,0.0,0.0,0.0,0.0
4255,"(np.float64(-1.4515294343286922), np.float64(8.129866590132905e-05), np.float64(9.81))","(np.float64(-61.762577430687266), np.float64(0.0034592582341015626), 0)","(np.float64(-1317.0869637093992), np.float64(0.07376868184221513), 0)",613.125,-90.72058964554326,0.005081166618833066,0.0,613.125,-90.72058964554326,0.005081166618833066,0.0,613.125,-90.72058964554326,0.005081166618833066,0.0,613.125,-90.72058964554326,0.005081166618833066,0.0,0.0,0.0,0.0
4260,"(np.float64(-1.4515294343286922), np.float64(8.129866590132905e-05), np.float64(9.81))","(np.float64(-61.835153902403704), np.float64(0.003463323167396629), 0)","(np.float64(-1320.1805358163124), np.float64(0.07394194962391734), 0)",613.125,-90.72058964554326,0.005081166618833066,0.0,613.125,-90.72058964554326,0.005081166618833066,0.0,613.125,-90.72058964554326,0.005081166618833066,0.0,613.125,-90.72058964554326,0.005081166618833066,0.0,0.0,0.0,0.0
4265,"(np.float64(-1.4515294343286922), np.float64(8.129866590132905e-05), np.float64(9.81))","(np.float64(-61.90773037412014), np.float64(0.0034673881006916955), 0)","(np.float64(-1323.2777367468113), np.float64(0.0741154206522843), 0)",613.125,-90.72058964554326,0.005081166618833066,0.0,613.125,-90.72058964554326,0.005081166618833066,0.0,613.125,-90.72058964554326,0.005081166618833066,0.0,613.125,-90.72058964554326,0.005081166618833066,0.0,0.0,0.0,0.0
4270,"(np.float64(-1.4515294343286922), np.float64(8.129866590132905e-05), np.float64(9.81))","(np.float64(-61.98030684583658), np.float64(0.003471453033986762), 0)","(np.float64(-1326.378566500896), np.float64(0.07428909492731602), 0)",613.125,-90.72058964554326,0.005081166618833066,0.0,613.125,-90.72058964554326,0.005081166618833066,0.0,613.125,-90.72058964554326,0.005081166618833066,0.0,613.125,-90.72058964554326,0.005081166618833066,0.0,0.0,0.0,0.0
4275,"(np.float64(-1.4515294343286922), np.float64(8.129866590132905e-05), np.float64(9.81))","(np.float64(-62.05288331755302), np.float64(0.0034755179672818284), 0)","(np.float64(-1329.4830250785667), np.float64(0.07446297244901248), 0)",613.125,-90.72058964554326,0.005081166618833066,0.0,613.125,-90.72058964554326,0.005081166618833066,0.0,613.125,-90.72058964554326,0.005081166618833066,0.0,613.125,-90.72058964554326,0.005081166618833066,0.0,0.0,0.0,0.0
4280,"(np.float64(-1.4515294343286922), np.float64(8.129866590132905e-05), np.float64(9.81))","(np.float64(-62.125459789269456), np.float64(0.003479582900576895), 0)","(np.float64(-1332.591112479823), np.float64(0.0746370532173737), 0)",613.125,-90.72058964554326,0.005081166618833066,0.0,613.125,-90.72058964554326,0.005081166618833066,0.0,613.125,-90.72058964554326,0.005081166618833066,0.0,613.125,-90.72058964554326,0.005081166618833066,0.0,0.0,0.0,0.0
4285,"(np.float64(-1.4515294343286922), np.float64(8.129866590132905e-05), np.float64(9.81))","(np.float64(-62.198036260985894), np.float64(0.0034836478338719614), 0)","(np.float64(-1335.7028287046653), np.float64(0.07481133723239967), 0)",613.125,-90.72058964554326,0.005081166618833066,0.0,613.125,-90.72058964554326,0.005081166618833066,0.0,613.125,-90.72058964554326,0.005081166618833066,0.0,613.125,-90.72058964554326,0.005081166618833066,0.0,0.0,0.0,0.0
4290,"(np.float64(-1.4515294343286922), np.float64(8.129866590132905e-05), np.float64(9.81))","(np.float64(-62.27061273270233), np.float64(0.003487712767167028), 0)","(np.float64(-1338.8181737530933), np.float64(0.0749858244940904), 0)",613.125,-90.72058964554326,0.005081166618833066,0.0,613.125,-90.72058964554326,0.005081166618833066,0.0,613.125,-90.72058964554326,0.005081166618833066,0.0,613.125,-90.72058964554326,0.005081166618833066,0.0,0.0,0.0,0.0
4295,"(np.float64(-1.4515294343286922), np.float64(8.129866590132905e-05), np.float64(9.81))","(np.float64(-62.34318920441877), np.float64(0.0034917777004620943), 0)","(np.float64(-1341.9371476251074), np.float64(0.07516051500244587), 0)",613.125,-90.72058964554326,0.005081166618833066,0.0,613.125,-90.72058964554326,0.005081166618833066,0.0,613.125,-90.72058964554326,0.005081166618833066,0.0,613.125,-90.72058964554326,0.005081166618833066,0.0,0.0,0.0,0.0
4300,"(np.float64(-1.4515294343286922), np.float64(8.129866590132905e-05), np.float64(9.81))","(np.float64(-62.41576567613521), np.float64(0.0034958426337571608), 0)","(np.float64(-1345.0597503207073), np.float64(0.07533540875746611), 0)",613.125,-90.72058964554326,0.005081166618833066,0.0,613.125,-90.72058964554326,0.005081166618833066,0.0,613.125,-90.72058964554326,0.005081166618833066,0.0,613.125,-90.72058964554326,0.005081166618833066,0.0,0.0,0.0,0.0
4305,"(np.float64(-1.4515294343286922), np.float64(8.129866590132905e-05), np.float64(9.81))","(np.float64(-62.48834214785165), np.float64(0.0034999075670522272), 0)","(np.float64(-1348.185981839893), np.float64(0.0755105057591511), 0)",613.125,-90.72058964554326,0.005081166618833066,0.0,613.125,-90.72058964554326,0.005081166618833066,0.0,613.125,-90.72058964554326,0.005081166618833066,0.0,613.125,-90.72058964554326,0.005081166618833066,0.0,0.0,0.0,0.0
4310,"(np.float64(-1.4515294343286922), np.float64(8.129866590132905e-05), np.float64(9.81))","(np.float64(-62.560918619568085), np.float64(0.0035039725003472937), 0)","(np.float64(-1351.3158421826645), np.float64(0.07568580600750083), 0)",613.125,-90.72058964554326,0.005081166618833066,0.0,613.125,-90.72058964554326,0.005081166618833066,0.0,613.125,-90.72058964554326,0.005081166618833066,0.0,613.125,-90.72058964554326,0.005081166618833066,0.0,0.0,0.0,0.0
4315,"(np.float64(-1.4515294343286922), np.float64(8.129866590132905e-05), np.float64(9.81))","(np.float64(-62.63349509128452), np.float64(0.00350803743364236), 0)","(np.float64(-1354.4493313490218), np.float64(0.07586130950251532), 0)",613.125,-90.72058964554326,0.005081166618833066,0.0,613.125,-90.72058964554326,0.005081166618833066,0.0,613.125,-90.72058964554326,0.005081166618833066,0.0,613.125,-90.72058964554326,0.005081166618833066,0.0,0.0,0.0,0.0
4320,"(np.float64(-1.4515294343286922), np.float64(8.129866590132905e-05), np.float64(9.81))","(np.float64(-62.70607156300096), np.float64(0.0035121023669374266), 0)","(np.float64(-1357.586449338965), np.float64(0.07603701624419457), 0)",613.125,-90.72058964554326,0.005081166618833066,0.0,613.125,-90.72058964554326,0.005081166618833066,0.0,613.125,-90.72058964554326,0.005081166618833066,0.0,613.125,-90.72058964554326,0.005081166618833066,0.0,0.0,0.0,0.0
4325,"(np.float64(-1.4515294343286922), np.float64(8.129866590132905e-05), np.float64(9.81))","(np.float64(-62.7786480347174), np.float64(0.003516167300232493), 0)","(np.float64(-1360.727196152494), np.float64(0.07621292623253857), 0)",613.125,-90.72058964554326,0.005081166618833066,0.0,613.125,-90.72058964554326,0.005081166618833066,0.0,613.125,-90.72058964554326,0.005081166618833066,0.0,613.125,-90.72058964554326,0.005081166618833066,0.0,0.0,0.0,0.0
4330,"(np.float64(-1.4515294343286922), np.float64(8.129866590132905e-05), np.float64(9.81))","(np.float64(-62.85122450643384), np.float64(0.0035202322335275596), 0)","(np.float64(-1363.8715717896087), np.float64(0.07638903946754733), 0)",613.125,-90.72058964554326,0.005081166618833066,0.0,613.125,-90.72058964554326,0.005081166618833066,0.0,613.125,-90.72058964554326,0.005081166618833066,0.0,613.125,-90.72058964554326,0.005081166618833066,0.0,0.0,0.0,0.0
4335,"(np.float64(-1.4515294343286922), np.float64(8.129866590132905e-05), np.float64(9.81))","(np.float64(-62.923800978150275), np.float64(0.003524297166822626), 0)","(np.float64(-1367.0195762503092), np.float64(0.07656535594922083), 0)",613.125,-90.72058964554326,0.005081166618833066,0.0,613.125,-90.72058964554326,0.005081166618833066,0.0,613.125,-90.72058964554326,0.005081166618833066,0.0,613.125,-90.72058964554326,0.005081166618833066,0.0,0.0,0.0,0.0
4340,"(np.float64(-1.4515294343286922), np.float64(8.129866590132905e-05), np.float64(9.81))","(np.float64(-62.99637744986671), np.float64(0.0035283621001176925), 0)","(np.float64(-1370.1712095345956), np.float64(0.0767418756775591), 0)",613.125,-90.72058964554326,0.005081166618833066,0.0,613.125,-90.72058964554326,0.005081166618833066,0.0,613.125,-90.72058964554326,0.005081166618833066,0.0,613.125,-90.72058964554326,0.005081166618833066,0.0,0.0,0.0,0.0
4345,"(np.float64(-1.4515294343286922), np.float64(8.129866590132905e-05), np.float64(9.81))","(np.float64(-63.06895392158315), np.float64(0.003532427033412759), 0)","(np.float64(-1373.3264716424678), np.float64(0.0769185986525621), 0)",613.125,-90.72058964554326,0.005081166618833066,0.0,613.125,-90.72058964554326,0.005081166618833066,0.0,613.125,-90.72058964554326,0.005081166618833066,0.0,613.125,-90.72058964554326,0.005081166618833066,0.0,0.0,0.0,0.0
4350,"(np.float64(-1.4515294343286922), np.float64(8.129866590132905e-05), np.float64(9.81))","(np.float64(-63.14153039329959), np.float64(0.0035364919667078254), 0)","(np.float64(-1376.4853625739258), np.float64(0.07709552487422987), 0)",613.125,-90.72058964554326,0.005081166618833066,0.0,613.125,-90.72058964554326,0.005081166618833066,0.0,613.125,-90.72058964554326,0.005081166618833066,0.0,613.125,-90.72058964554326,0.005081166618833066,0.0,0.0,0.0,0.0
4355,"(np.float64(-1.4515294343286922), np.float64(8.129866590132905e-05), np.float64(9.81))","(np.float64(-63.21410686501603), np.float64(0.003540556900002892), 0)","(np.float64(-1379.6478823289697), np.float64(0.07727265434256239), 0)",613.125,-90.72058964554326,0.005081166618833066,0.0,613.125,-90.72058964554326,0.005081166618833066,0.0,613.125,-90.72058964554326,0.005081166618833066,0.0,613.125,-90.72058964554326,0.005081166618833066,0.0,0.0,0.0,0.0
4360,"(np.float64(-1.4515294343286922), np.float64(8.129866590132905e-05), np.float64(9.81))","(np.float64(-63.286683336732466), np.float64(0.0035446218332979584), 0)","(np.float64(-1382.8140309075993), np.float64(0.07744998705755966), 0)",613.125,-90.72058964554326,0.005081166618833066,0.0,613.125,-90.72058964554326,0.005081166618833066,0.0,613.125,-90.72058964554326,0.005081166618833066,0.0,613.125,-90.72058964554326,0.005081166618833066,0.0,0.0,0.0,0.0
4365,"(np.float64(-1.4515294343286922), np.float64(8.129866590132905e-05), np.float64(9.81))","(np.float64(-63.359259808448904), np.float64(0.003548686766593025), 0)","(np.float64(-1385.9838083098148), np.float64(0.07762752301922168), 0)",613.125,-90.72058964554326,0.005081166618833066,0.0,613.125,-90.72058964554326,0.005081166618833066,0.0,613.125,-90.72058964554326,0.005081166618833066,0.0,613.125,-90.72058964554326,0.005081166618833066,0.0,0.0,0.0,0.0
4370,"(np.float64(-1.4515294343286922), np.float64(8.129866590132905e-05), np.float64(9.81))","(np.float64(-63.43183628016534), np.float64(0.0035527516998880913), 0)","(np.float64(-1389.157214535616), np.float64(0.07780526222754847), 0)",613.125,-90.72058964554326,0.005081166618833066,0.0,613.125,-90.72058964554326,0.005081166618833066,0.0,613.125,-90.72058964554326,0.005081166618833066,0.0,613.125,-90.72058964554326,0.005081166618833066,0.0,0.0,0.0,0.0
4375,"(np.float64(-1.4515294343286922), np.float64(8.129866590132905e-05), np.float64(9.81))","(np.float64(-63.50441275188178), np.float64(0.003556816633183158), 0)","(np.float64(-1392.3342495850031), np.float64(0.07798320468254), 0)",613.125,-90.72058964554326,0.005081166618833066,0.0,613.125,-90.72058964554326,0.005081166618833066,0.0,613.125,-90.72058964554326,0.005081166618833066,0.0,613.125,-90.72058964554326,0.005081166618833066,0.0,0.0,0.0,0.0
4380,"(np.float64(-1.4515294343286922), np.float64(8.129866590132905e-05), np.float64(9.81))","(np.float64(-63.57698922359822), np.float64(0.0035608815664782243), 0)","(np.float64(-1395.514913457976), np.float64(0.07816135038419628), 0)",613.125,-90.72058964554326,0.005081166618833066,0.0,613.125,-90.72058964554326,0.005081166618833066,0.0,613.125,-90.72058964554326,0.005081166618833066,0.0,613.125,-90.72058964554326,0.005081166618833066,0.0,0.0,0.0,0.0
4385,"(np.float64(-1.4515294343286922), np.float64(8.129866590132905e-05), np.float64(9.81))","(np.float64(-63.64956569531466), np.float64(0.0035649464997732907), 0)","(np.float64(-1398.6992061545347), np.float64(0.07833969933251732), 0)",613.125,-90.72058964554326,0.005081166618833066,0.0,613.125,-90.72058964554326,0.005081166618833066,0.0,613.125,-90.72058964554326,0.005081166618833066,0.0,613.125,-90.72058964554326,0.005081166618833066,0.0,0.0,0.0,0.0
4390,"(np.float64(-1.4515294343286922), np.float64(8.129866590132905e-05), np.float64(9.81))","(np.float64(-63.722142167031095), np.float64(0.003569011433068357), 0)","(np.float64(-1401.8871276746793), np.float64(0.07851825152750311), 0)",613.125,-90.72058964554326,0.005081166618833066,0.0,613.125,-90.72058964554326,0.005081166618833066,0.0,613.125,-90.72058964554326,0.005081166618833066,0.0,613.125,-90.72058964554326,0.005081166618833066,0.0,0.0,0.0,0.0
4395,"(np.float64(-1.4515294343286922), np.float64(8.129866590132905e-05), np.float64(9.81))","(np.float64(-63.79471863874753), np.float64(0.0035730763663634237), 0)","(np.float64(-1405.0786780184096), np.float64(0.07869700696915366), 0)",613.125,-90.72058964554326,0.005081166618833066,0.0,613.125,-90.72058964554326,0.005081166618833066,0.0,613.125,-90.72058964554326,0.005081166618833066,0.0,613.125,-90.72058964554326,0.005081166618833066,0.0,0.0,0.0,0.0
4400,"(np.float64(-1.4515294343286922), np.float64(8.129866590132905e-05), np.float64(9.81))","(np.float64(-63.86729511046397), np.float64(0.00357714129965849), 0)","(np.float64(-1408.2738571857258), np.float64(0.07887596565746896), 0)",613.125,-90.72058964554326,0.005081166618833066,0.0,613.125,-90.72058964554326,0.005081166618833066,0.0,613.125,-90.72058964554326,0.005081166618833066,0.0,613.125,-90.72058964554326,0.005081166618833066,0.0,0.0,0.0,0.0
4405,"(np.float64(-1.4515294343286922), np.float64(8.129866590132905e-05), np.float64(9.81))","(np.float64(-63.93987158218041), np.float64(0.0035812062329535566), 0)","(np.float64(-1411.4726651766277), np.float64(0.07905512759244901), 0)",613.125,-90.72058964554326,0.005081166618833066,0.0,613.125,-90.72058964554326,0.005081166618833066,0.0,613.125,-90.72058964554326,0.005081166618833066,0.0,613.125,-90.72058964554326,0.005081166618833066,0.0,0.0,0.0,0.0
4410,"(np.float64(-1.4515294343286922), np.float64(8.129866590132905e-05), np.float64(9.81))","(np.float64(-64.01244805389685), np.float64(0.003585271166248623), 0)","(np.float64(-1414.6751019911155), np.float64(0.07923449277409382), 0)",613.125,-90.72058964554326,0.005081166618833066,0.0,613.125,-90.72058964554326,0.005081166618833066,0.0,613.125,-90.72058964554326,0.005081166618833066,0.0,613.125,-90.72058964554326,0.005081166618833066,0.0,0.0,0.0,0.0
4415,"(np.float64(-1.4515294343286922), np.float64(8.129866590132905e-05), np.float64(9.81))","(np.float64(-64.08502452561328), np.float64(0.0035893360995436895), 0)","(np.float64(-1417.8811676291891), np.float64(0.07941406120240338), 0)",613.125,-90.72058964554326,0.005081166618833066,0.0,613.125,-90.72058964554326,0.005081166618833066,0.0,613.125,-90.72058964554326,0.005081166618833066,0.0,613.125,-90.72058964554326,0.005081166618833066,0.0,0.0,0.0,0.0
4420,"(np.float64(-1.4515294343286922), np.float64(8.129866590132905e-05), np.float64(9.81))","(np.float64(-64.15760099732971), np.float64(0.003593401032838756), 0)","(np.float64(-1421.0908620908485), np.float64(0.07959383287737769), 0)",613.125,-90.72058964554326,0.005081166618833066,0.0,613.125,-90.72058964554326,0.005081166618833066,0.0,613.125,-90.72058964554326,0.005081166618833066,0.0,613.125,-90.72058964554326,0.005081166618833066,0.0,0.0,0.0,0.0
4425,"(np.float64(-1.4515294343286922), np.float64(8.129866590132905e-05), np.float64(9.81))","(np.float64(-64.23017746904614), np.float64(0.0035974659661338225), 0)","(np.float64(-1424.3041853760938), np.float64(0.07977380779901676), 0)",613.125,-90.72058964554326,0.005081166618833066,0.0,613.125,-90.72058964554326,0.005081166618833066,0.0,613.125,-90.72058964554326,0.005081166618833066,0.0,613.125,-90.72058964554326,0.005081166618833066,0.0,0.0,0.0,0.0
4430,"(np.float64(-1.4515294343286922), np.float64(8.129866590132905e-05), np.float64(9.81))","(np.float64(-64.30275394076257), np.float64(0.003601530899428889), 0)","(np.float64(-1427.5211374849248), np.float64(0.07995398596732058), 0)",613.125,-90.72058964554326,0.005081166618833066,0.0,613.125,-90.72058964554326,0.005081166618833066,0.0,613.125,-90.72058964554326,0.005081166618833066,0.0,613.125,-90.72058964554326,0.005081166618833066,0.0,0.0,0.0,0.0
4435,"(np.float64(-1.4515294343286922), np.float64(8.129866590132905e-05), np.float64(9.81))","(np.float64(-64.375330412479), np.float64(0.0036055958327239554), 0)","(np.float64(-1430.7417184173419), np.float64(0.08013436738228914), 0)",613.125,-90.72058964554326,0.005081166618833066,0.0,613.125,-90.72058964554326,0.005081166618833066,0.0,613.125,-90.72058964554326,0.005081166618833066,0.0,613.125,-90.72058964554326,0.005081166618833066,0.0,0.0,0.0,0.0
4440,"(np.float64(-1.4515294343286922), np.float64(8.129866590132905e-05), np.float64(9.81))","(np.float64(-64.44790688419543), np.float64(0.003609660766019022), 0)","(np.float64(-1433.9659281733448), np.float64(0.08031495204392247), 0)",613.125,-90.72058964554326,0.005081166618833066,0.0,613.125,-90.72058964554326,0.005081166618833066,0.0,613.125,-90.72058964554326,0.005081166618833066,0.0,613.125,-90.72058964554326,0.005081166618833066,0.0,0.0,0.0,0.0
4445,"(np.float64(-1.4515294343286922), np.float64(8.129866590132905e-05), np.float64(9.81))","(np.float64(-64.52048335591186), np.float64(0.0036137256993140883), 0)","(np.float64(-1437.1937667529335), np.float64(0.08049573995222055), 0)",613.125,-90.72058964554326,0.005081166618833066,0.0,613.125,-90.72058964554326,0.005081166618833066,0.0,613.125,-90.72058964554326,0.005081166618833066,0.0,613.125,-90.72058964554326,0.005081166618833066,0.0,0.0,0.0,0.0
4450,"(np.float64(-1.4515294343286922), np.float64(8.129866590132905e-05), np.float64(9.81))","(np.float64(-64.5930598276283), np.float64(0.003617790632609155), 0)","(np.float64(-1440.425234156108), np.float64(0.08067673110718337), 0)",613.125,-90.72058964554326,0.005081166618833066,0.0,613.125,-90.72058964554326,0.005081166618833066,0.0,613.125,-90.72058964554326,0.005081166618833066,0.0,613.125,-90.72058964554326,0.005081166618833066,0.0,0.0,0.0,0.0
4455,"(np.float64(-1.4515294343286922), np.float64(8.129866590132905e-05), np.float64(9.81))","(np.float64(-64.66563629934473), np.float64(0.0036218555659042213), 0)","(np.float64(-1443.6603303828683), np.float64(0.08085792550881096), 0)",613.125,-90.72058964554326,0.005081166618833066,0.0,613.125,-90.72058964554326,0.005081166618833066,0.0,613.125,-90.72058964554326,0.005081166618833066,0.0,613.125,-90.72058964554326,0.005081166618833066,0.0,0.0,0.0,0.0
4460,"(np.float64(-1.4515294343286922), np.float64(8.129866590132905e-05), np.float64(9.81))","(np.float64(-64.73821277106116), np.float64(0.0036259204991992877), 0)","(np.float64(-1446.8990554332145), np.float64(0.0810393231571033), 0)",613.125,-90.72058964554326,0.005081166618833066,0.0,613.125,-90.72058964554326,0.005081166618833066,0.0,613.125,-90.72058964554326,0.005081166618833066,0.0,613.125,-90.72058964554326,0.005081166618833066,0.0,0.0,0.0,0.0
4465,"(np.float64(-1.4515294343286922), np.float64(8.129866590132905e-05), np.float64(9.81))","(np.float64(-64.81078924277759), np.float64(0.003629985432494354), 0)","(np.float64(-1450.1414093071464), np.float64(0.0812209240520604), 0)",613.125,-90.72058964554326,0.005081166618833066,0.0,613.125,-90.72058964554326,0.005081166618833066,0.0,613.125,-90.72058964554326,0.005081166618833066,0.0,613.125,-90.72058964554326,0.005081166618833066,0.0,0.0,0.0,0.0
4470,"(np.float64(-1.4515294343286922), np.float64(8.129866590132905e-05), np.float64(9.81))","(np.float64(-64.88336571449402), np.float64(0.0036340503657894207), 0)","(np.float64(-1453.3873920046642), np.float64(0.08140272819368224), 0)",613.125,-90.72058964554326,0.005081166618833066,0.0,613.125,-90.72058964554326,0.005081166618833066,0.0,613.125,-90.72058964554326,0.005081166618833066,0.0,613.125,-90.72058964554326,0.005081166618833066,0.0,0.0,0.0,0.0
4475,"(np.float64(-1.4515294343286922), np.float64(8.129866590132905e-05), np.float64(9.81))","(np.float64(-64.95594218621045), np.float64(0.003638115299084487), 0)","(np.float64(-1456.6370035257678), np.float64(0.08158473558196884), 0)",613.125,-90.72058964554326,0.005081166618833066,0.0,613.125,-90.72058964554326,0.005081166618833066,0.0,613.125,-90.72058964554326,0.005081166618833066,0.0,613.125,-90.72058964554326,0.005081166618833066,0.0,0.0,0.0,0.0
4480,"(np.float64(-1.4515294343286922), np.float64(8.129866590132905e-05), np.float64(9.81))","(np.float64(-65.02851865792688), np.float64(0.0036421802323795536), 0)","(np.float64(-1459.8902438704572), np.float64(0.0817669462169202), 0)",613.125,-90.72058964554326,0.005081166618833066,0.0,613.125,-90.72058964554326,0.005081166618833066,0.0,613.125,-90.72058964554326,0.005081166618833066,0.0,613.125,-90.72058964554326,0.005081166618833066,0.0,0.0,0.0,0.0
4485,"(np.float64(-1.4515294343286922), np.float64(8.129866590132905e-05), np.float64(9.81))","(np.float64(-65.10109512964331), np.float64(0.00364624516567462), 0)","(np.float64(-1463.1471130387324), np.float64(0.0819493600985363), 0)",613.125,-90.72058964554326,0.005081166618833066,0.0,613.125,-90.72058964554326,0.005081166618833066,0.0,613.125,-90.72058964554326,0.005081166618833066,0.0,613.125,-90.72058964554326,0.005081166618833066,0.0,0.0,0.0,0.0
4490,"(np.float64(-1.4515294343286922), np.float64(8.129866590132905e-05), np.float64(9.81))","(np.float64(-65.17367160135974), np.float64(0.0036503100989696865), 0)","(np.float64(-1466.4076110305934), np.float64(0.08213197722681716), 0)",613.125,-90.72058964554326,0.005081166618833066,0.0,613.125,-90.72058964554326,0.005081166618833066,0.0,613.125,-90.72058964554326,0.005081166618833066,0.0,613.125,-90.72058964554326,0.005081166618833066,0.0,0.0,0.0,0.0
4495,"(np.float64(-1.4515294343286922), np.float64(8.129866590132905e-05), np.float64(9.81))","(np.float64(-65.24624807307617), np.float64(0.003654375032264753), 0)","(np.float64(-1469.6717378460403), np.float64(0.08231479760176277), 0)",613.125,-90.72058964554326,0.005081166618833066,0.0,613.125,-90.72058964554326,0.005081166618833066,0.0,613.125,-90.72058964554326,0.005081166618833066,0.0,613.125,-90.72058964554326,0.005081166618833066,0.0,0.0,0.0,0.0
4500,"(np.float64(-1.4515294343286922), np.float64(8.129866590132905e-05), np.float64(9.81))","(np.float64(-65.3188245447926), np.float64(0.0036584399655598195), 0)","(np.float64(-1472.939493485073), np.float64(0.08249782122337314), 0)",613.125,-90.72058964554326,0.005081166618833066,0.0,613.125,-90.72058964554326,0.005081166618833066,0.0,613.125,-90.72058964554326,0.005081166618833066,0.0,613.125,-90.72058964554326,0.005081166618833066,0.0,0.0,0.0,0.0
4505,"(np.float64(-1.4515294343286922), np.float64(8.129866590132905e-05), np.float64(9.81))","(np.float64(-65.39140101650904), np.float64(0.003662504898854886), 0)","(np.float64(-1476.2108779476914), np.float64(0.08268104809164825), 0)",613.125,-90.72058964554326,0.005081166618833066,0.0,613.125,-90.72058964554326,0.005081166618833066,0.0,613.125,-90.72058964554326,0.005081166618833066,0.0,613.125,-90.72058964554326,0.005081166618833066,0.0,0.0,0.0,0.0
4510,"(np.float64(-1.4515294343286922), np.float64(8.129866590132905e-05), np.float64(9.81))","(np.float64(-65.46397748822547), np.float64(0.0036665698321499524), 0)","(np.float64(-1479.4858912338957), np.float64(0.08286447820658813), 0)",613.125,-90.72058964554326,0.005081166618833066,0.0,613.125,-90.72058964554326,0.005081166618833066,0.0,613.125,-90.72058964554326,0.005081166618833066,0.0,613.125,-90.72058964554326,0.005081166618833066,0.0,0.0,0.0,0.0
4515,"(np.float64(-1.4515294343286922), np.float64(8.129866590132905e-05), np.float64(9.81))","(np.float64(-65.5365539599419), np.float64(0.003670634765445019), 0)","(np.float64(-1482.7645333436858), np.float64(0.08304811156819275), 0)",613.125,-90.72058964554326,0.005081166618833066,0.0,613.125,-90.72058964554326,0.005081166618833066,0.0,613.125,-90.72058964554326,0.005081166618833066,0.0,613.125,-90.72058964554326,0.005081166618833066,0.0,0.0,0.0,0.0
4520,"(np.float64(-1.4515294343286922), np.float64(8.129866590132905e-05), np.float64(9.81))","(np.float64(-65.60913043165833), np.float64(0.0036746996987400853), 0)","(np.float64(-1486.0468042770617), np.float64(0.08323194817646212), 0)",613.125,-90.72058964554326,0.005081166618833066,0.0,613.125,-90.72058964554326,0.005081166618833066,0.0,613.125,-90.72058964554326,0.005081166618833066,0.0,613.125,-90.72058964554326,0.005081166618833066,0.0,0.0,0.0,0.0
4525,"(np.float64(-1.4515294343286922), np.float64(8.129866590132905e-05), np.float64(9.81))","(np.float64(-65.68170690337476), np.float64(0.003678764632035152), 0)","(np.float64(-1489.3327040340234), np.float64(0.08341598803139626), 0)",613.125,-90.72058964554326,0.005081166618833066,0.0,613.125,-90.72058964554326,0.005081166618833066,0.0,613.125,-90.72058964554326,0.005081166618833066,0.0,613.125,-90.72058964554326,0.005081166618833066,0.0,0.0,0.0,0.0
4530,"(np.float64(-1.4515294343286922), np.float64(8.129866590132905e-05), np.float64(9.81))","(np.float64(-65.75428337509119), np.float64(0.0036828295653302183), 0)","(np.float64(-1492.622232614571), np.float64(0.08360023113299514), 0)",613.125,-90.72058964554326,0.005081166618833066,0.0,613.125,-90.72058964554326,0.005081166618833066,0.0,613.125,-90.72058964554326,0.005081166618833066,0.0,613.125,-90.72058964554326,0.005081166618833066,0.0,0.0,0.0,0.0
4535,"(np.float64(-1.4515294343286922), np.float64(8.129866590132905e-05), np.float64(9.81))","(np.float64(-65.82685984680762), np.float64(0.0036868944986252847), 0)","(np.float64(-1495.9153900187043), np.float64(0.08378467748125878), 0)",613.125,-90.72058964554326,0.005081166618833066,0.0,613.125,-90.72058964554326,0.005081166618833066,0.0,613.125,-90.72058964554326,0.005081166618833066,0.0,613.125,-90.72058964554326,0.005081166618833066,0.0,0.0,0.0,0.0
4540,"(np.float64(-1.4515294343286922), np.float64(8.129866590132905e-05), np.float64(9.81))","(np.float64(-65.89943631852405), np.float64(0.003690959431920351), 0)","(np.float64(-1499.2121762464235), np.float64(0.08396932707618718), 0)",613.125,-90.72058964554326,0.005081166618833066,0.0,613.125,-90.72058964554326,0.005081166618833066,0.0,613.125,-90.72058964554326,0.005081166618833066,0.0,613.125,-90.72058964554326,0.005081166618833066,0.0,0.0,0.0,0.0
4545,"(np.float64(-1.4515294343286922), np.float64(8.129866590132905e-05), np.float64(9.81))","(np.float64(-65.97201279024048), np.float64(0.0036950243652154177), 0)","(np.float64(-1502.5125912977285), np.float64(0.08415417991778032), 0)",613.125,-90.72058964554326,0.005081166618833066,0.0,613.125,-90.72058964554326,0.005081166618833066,0.0,613.125,-90.72058964554326,0.005081166618833066,0.0,613.125,-90.72058964554326,0.005081166618833066,0.0,0.0,0.0,0.0
4550,"(np.float64(-1.4515294343286922), np.float64(8.129866590132905e-05), np.float64(9.81))","(np.float64(-66.04458926195692), np.float64(0.003699089298510484), 0)","(np.float64(-1505.8166351726193), np.float64(0.08433923600603822), 0)",613.125,-90.72058964554326,0.005081166618833066,0.0,613.125,-90.72058964554326,0.005081166618833066,0.0,613.125,-90.72058964554326,0.005081166618833066,0.0,613.125,-90.72058964554326,0.005081166618833066,0.0,0.0,0.0,0.0
4555,"(np.float64(-1.4515294343286922), np.float64(8.129866590132905e-05), np.float64(9.81))","(np.float64(-66.11716573367335), np.float64(0.0037031542318055506), 0)","(np.float64(-1509.1243078710959), np.float64(0.08452449534096088), 0)",613.125,-90.72058964554326,0.005081166618833066,0.0,613.125,-90.72058964554326,0.005081166618833066,0.0,613.125,-90.72058964554326,0.005081166618833066,0.0,613.125,-90.72058964554326,0.005081166618833066,0.0,0.0,0.0,0.0
4560,"(np.float64(-1.4515294343286922), np.float64(8.129866590132905e-05), np.float64(9.81))","(np.float64(-66.18974220538978), np.float64(0.003707219165100617), 0)","(np.float64(-1512.4356093931583), np.float64(0.08470995792254828), 0)",613.125,-90.72058964554326,0.005081166618833066,0.0,613.125,-90.72058964554326,0.005081166618833066,0.0,613.125,-90.72058964554326,0.005081166618833066,0.0,613.125,-90.72058964554326,0.005081166618833066,0.0,0.0,0.0,0.0
4565,"(np.float64(-1.4515294343286922), np.float64(8.129866590132905e-05), np.float64(9.81))","(np.float64(-66.26231867710621), np.float64(0.0037112840983956836), 0)","(np.float64(-1515.7505397388065), np.float64(0.08489562375080044), 0)",613.125,-90.72058964554326,0.005081166618833066,0.0,613.125,-90.72058964554326,0.005081166618833066,0.0,613.125,-90.72058964554326,0.005081166618833066,0.0,613.125,-90.72058964554326,0.005081166618833066,0.0,0.0,0.0,0.0
4570,"(np.float64(-1.4515294343286922), np.float64(8.129866590132905e-05), np.float64(9.81))","(np.float64(-66.33489514882264), np.float64(0.00371534903169075), 0)","(np.float64(-1519.0690989080406), np.float64(0.08508149282571735), 0)",613.125,-90.72058964554326,0.005081166618833066,0.0,613.125,-90.72058964554326,0.005081166618833066,0.0,613.125,-90.72058964554326,0.005081166618833066,0.0,613.125,-90.72058964554326,0.005081166618833066,0.0,0.0,0.0,0.0
4575,"(np.float64(-1.4515294343286922), np.float64(8.129866590132905e-05), np.float64(9.81))","(np.float64(-66.40747162053907), np.float64(0.0037194139649858165), 0)","(np.float64(-1522.3912869008605), np.float64(0.08526756514729901), 0)",613.125,-90.72058964554326,0.005081166618833066,0.0,613.125,-90.72058964554326,0.005081166618833066,0.0,613.125,-90.72058964554326,0.005081166618833066,0.0,613.125,-90.72058964554326,0.005081166618833066,0.0,0.0,0.0,0.0
4580,"(np.float64(-1.4515294343286922), np.float64(8.129866590132905e-05), np.float64(9.81))","(np.float64(-66.4800480922555), np.float64(0.003723478898280883), 0)","(np.float64(-1525.7171037172664), np.float64(0.08545384071554543), 0)",613.125,-90.72058964554326,0.005081166618833066,0.0,613.125,-90.72058964554326,0.005081166618833066,0.0,613.125,-90.72058964554326,0.005081166618833066,0.0,613.125,-90.72058964554326,0.005081166618833066,0.0,0.0,0.0,0.0
4585,"(np.float64(-1.4515294343286922), np.float64(8.129866590132905e-05), np.float64(9.81))","(np.float64(-66.55262456397193), np.float64(0.0037275438315759494), 0)","(np.float64(-1529.046549357258), np.float64(0.0856403195304566), 0)",613.125,-90.72058964554326,0.005081166618833066,0.0,613.125,-90.72058964554326,0.005081166618833066,0.0,613.125,-90.72058964554326,0.005081166618833066,0.0,613.125,-90.72058964554326,0.005081166618833066,0.0,0.0,0.0,0.0
4590,"(np.float64(-1.4515294343286922), np.float64(8.129866590132905e-05), np.float64(9.81))","(np.float64(-66.62520103568836), np.float64(0.003731608764871016), 0)","(np.float64(-1532.3796238208356), np.float64(0.08582700159203252), 0)",613.125,-90.72058964554326,0.005081166618833066,0.0,613.125,-90.72058964554326,0.005081166618833066,0.0,613.125,-90.72058964554326,0.005081166618833066,0.0,613.125,-90.72058964554326,0.005081166618833066,0.0,0.0,0.0,0.0
4595,"(np.float64(-1.4515294343286922), np.float64(8.129866590132905e-05), np.float64(9.81))","(np.float64(-66.6977775074048), np.float64(0.0037356736981660824), 0)","(np.float64(-1535.716327107999), np.float64(0.0860138869002732), 0)",613.125,-90.72058964554326,0.005081166618833066,0.0,613.125,-90.72058964554326,0.005081166618833066,0.0,613.125,-90.72058964554326,0.005081166618833066,0.0,613.125,-90.72058964554326,0.005081166618833066,0.0,0.0,0.0,0.0
4600,"(np.float64(-1.4515294343286922), np.float64(8.129866590132905e-05), np.float64(9.81))","(np.float64(-66.77035397912123), np.float64(0.003739738631461149), 0)","(np.float64(-1539.056659218748), np.float64(0.08620097545517863), 0)",613.125,-90.72058964554326,0.005081166618833066,0.0,613.125,-90.72058964554326,0.005081166618833066,0.0,613.125,-90.72058964554326,0.005081166618833066,0.0,613.125,-90.72058964554326,0.005081166618833066,0.0,0.0,0.0,0.0
4605,"(np.float64(-1.4515294343286922), np.float64(8.129866590132905e-05), np.float64(9.81))","(np.float64(-66.84293045083766), np.float64(0.0037438035647562153), 0)","(np.float64(-1542.400620153083), np.float64(0.08638826725674882), 0)",613.125,-90.72058964554326,0.005081166618833066,0.0,613.125,-90.72058964554326,0.005081166618833066,0.0,613.125,-90.72058964554326,0.005081166618833066,0.0,613.125,-90.72058964554326,0.005081166618833066,0.0,0.0,0.0,0.0
4610,"(np.float64(-1.4515294343286922), np.float64(8.129866590132905e-05), np.float64(9.81))","(np.float64(-66.91550692255409), np.float64(0.0037478684980512818), 0)","(np.float64(-1545.7482099110039), np.float64(0.08657576230498376), 0)",613.125,-90.72058964554326,0.005081166618833066,0.0,613.125,-90.72058964554326,0.005081166618833066,0.0,613.125,-90.72058964554326,0.005081166618833066,0.0,613.125,-90.72058964554326,0.005081166618833066,0.0,0.0,0.0,0.0
4615,"(np.float64(-1.4515294343286922), np.float64(8.129866590132905e-05), np.float64(9.81))","(np.float64(-66.98808339427052), np.float64(0.0037519334313463482), 0)","(np.float64(-1549.0994284925105), np.float64(0.08676346059988345), 0)",613.125,-90.72058964554326,0.005081166618833066,0.0,613.125,-90.72058964554326,0.005081166618833066,0.0,613.125,-90.72058964554326,0.005081166618833066,0.0,613.125,-90.72058964554326,0.005081166618833066,0.0,0.0,0.0,0.0
4620,"(np.float64(-1.4515294343286922), np.float64(8.129866590132905e-05), np.float64(9.81))","(np.float64(-67.06065986598695), np.float64(0.0037559983646414147), 0)","(np.float64(-1552.4542758976029), np.float64(0.0869513621414479), 0)",613.125,-90.72058964554326,0.005081166618833066,0.0,613.125,-90.72058964554326,0.005081166618833066,0.0,613.125,-90.72058964554326,0.005081166618833066,0.0,613.125,-90.72058964554326,0.005081166618833066,0.0,0.0,0.0,0.0
4625,"(np.float64(-1.4515294343286922), np.float64(8.129866590132905e-05), np.float64(9.81))","(np.float64(-67.13323633770338), np.float64(0.003760063297936481), 0)","(np.float64(-1555.812752126281), np.float64(0.0871394669296771), 0)",613.125,-90.72058964554326,0.005081166618833066,0.0,613.125,-90.72058964554326,0.005081166618833066,0.0,613.125,-90.72058964554326,0.005081166618833066,0.0,613.125,-90.72058964554326,0.005081166618833066,0.0,0.0,0.0,0.0
4630,"(np.float64(-1.4515294343286922), np.float64(8.129866590132905e-05), np.float64(9.81))","(np.float64(-67.20581280941981), np.float64(0.0037641282312315476), 0)","(np.float64(-1559.1748571785452), np.float64(0.08732777496457104), 0)",613.125,-90.72058964554326,0.005081166618833066,0.0,613.125,-90.72058964554326,0.005081166618833066,0.0,613.125,-90.72058964554326,0.005081166618833066,0.0,613.125,-90.72058964554326,0.005081166618833066,0.0,0.0,0.0,0.0
4635,"(np.float64(-1.4515294343286922), np.float64(8.129866590132905e-05), np.float64(9.81))","(np.float64(-67.27838928113624), np.float64(0.003768193164526614), 0)","(np.float64(-1562.540591054395), np.float64(0.08751628624612975), 0)",613.125,-90.72058964554326,0.005081166618833066,0.0,613.125,-90.72058964554326,0.005081166618833066,0.0,613.125,-90.72058964554326,0.005081166618833066,0.0,613.125,-90.72058964554326,0.005081166618833066,0.0,0.0,0.0,0.0
4640,"(np.float64(-1.4515294343286922), np.float64(8.129866590132905e-05), np.float64(9.81))","(np.float64(-67.35096575285267), np.float64(0.0037722580978216806), 0)","(np.float64(-1565.9099537538307), np.float64(0.08770500077435321), 0)",613.125,-90.72058964554326,0.005081166618833066,0.0,613.125,-90.72058964554326,0.005081166618833066,0.0,613.125,-90.72058964554326,0.005081166618833066,0.0,613.125,-90.72058964554326,0.005081166618833066,0.0,0.0,0.0,0.0
4645,"(np.float64(-1.4515294343286922), np.float64(8.129866590132905e-05), np.float64(9.81))","(np.float64(-67.4235422245691), np.float64(0.003776323031116747), 0)","(np.float64(-1569.2829452768522), np.float64(0.08789391854924142), 0)",613.125,-90.72058964554326,0.005081166618833066,0.0,613.125,-90.72058964554326,0.005081166618833066,0.0,613.125,-90.72058964554326,0.005081166618833066,0.0,613.125,-90.72058964554326,0.005081166618833066,0.0,0.0,0.0,0.0
4650,"(np.float64(-1.4515294343286922), np.float64(8.129866590132905e-05), np.float64(9.81))","(np.float64(-67.49611869628554), np.float64(0.0037803879644118135), 0)","(np.float64(-1572.6595656234595), np.float64(0.08808303957079439), 0)",613.125,-90.72058964554326,0.005081166618833066,0.0,613.125,-90.72058964554326,0.005081166618833066,0.0,613.125,-90.72058964554326,0.005081166618833066,0.0,613.125,-90.72058964554326,0.005081166618833066,0.0,0.0,0.0,0.0
4655,"(np.float64(-1.4515294343286922), np.float64(8.129866590132905e-05), np.float64(9.81))","(np.float64(-67.56869516800197), np.float64(0.00378445289770688), 0)","(np.float64(-1576.0398147936526), np.float64(0.0882723638390121), 0)",613.125,-90.72058964554326,0.005081166618833066,0.0,613.125,-90.72058964554326,0.005081166618833066,0.0,613.125,-90.72058964554326,0.005081166618833066,0.0,613.125,-90.72058964554326,0.005081166618833066,0.0,0.0,0.0,0.0
4660,"(np.float64(-1.4515294343286922), np.float64(8.129866590132905e-05), np.float64(9.81))","(np.float64(-67.6412716397184), np.float64(0.0037885178310019464), 0)","(np.float64(-1579.4236927874315), np.float64(0.08846189135389457), 0)",613.125,-90.72058964554326,0.005081166618833066,0.0,613.125,-90.72058964554326,0.005081166618833066,0.0,613.125,-90.72058964554326,0.005081166618833066,0.0,613.125,-90.72058964554326,0.005081166618833066,0.0,0.0,0.0,0.0
4665,"(np.float64(-1.4515294343286922), np.float64(8.129866590132905e-05), np.float64(9.81))","(np.float64(-67.71384811143483), np.float64(0.003792582764297013), 0)","(np.float64(-1582.8111996047962), np.float64(0.0886516221154418), 0)",613.125,-90.72058964554326,0.005081166618833066,0.0,613.125,-90.72058964554326,0.005081166618833066,0.0,613.125,-90.72058964554326,0.005081166618833066,0.0,613.125,-90.72058964554326,0.005081166618833066,0.0,0.0,0.0,0.0
4670,"(np.float64(-1.4515294343286922), np.float64(8.129866590132905e-05), np.float64(9.81))","(np.float64(-67.78642458315126), np.float64(0.0037966476975920794), 0)","(np.float64(-1586.2023352457468), np.float64(0.08884155612365377), 0)",613.125,-90.72058964554326,0.005081166618833066,0.0,613.125,-90.72058964554326,0.005081166618833066,0.0,613.125,-90.72058964554326,0.005081166618833066,0.0,613.125,-90.72058964554326,0.005081166618833066,0.0,0.0,0.0,0.0
4675,"(np.float64(-1.4515294343286922), np.float64(8.129866590132905e-05), np.float64(9.81))","(np.float64(-67.85900105486769), np.float64(0.003800712630887146), 0)","(np.float64(-1589.5970997102831), np.float64(0.08903169337853051), 0)",613.125,-90.72058964554326,0.005081166618833066,0.0,613.125,-90.72058964554326,0.005081166618833066,0.0,613.125,-90.72058964554326,0.005081166618833066,0.0,613.125,-90.72058964554326,0.005081166618833066,0.0,0.0,0.0,0.0
4680,"(np.float64(-1.4515294343286922), np.float64(8.129866590132905e-05), np.float64(9.81))","(np.float64(-67.93157752658412), np.float64(0.0038047775641822123), 0)","(np.float64(-1592.9954929984053), np.float64(0.089222033880072), 0)",613.125,-90.72058964554326,0.005081166618833066,0.0,613.125,-90.72058964554326,0.005081166618833066,0.0,613.125,-90.72058964554326,0.005081166618833066,0.0,613.125,-90.72058964554326,0.005081166618833066,0.0,0.0,0.0,0.0
4685,"(np.float64(-1.4515294343286922), np.float64(8.129866590132905e-05), np.float64(9.81))","(np.float64(-68.00415399830055), np.float64(0.0038088424974772788), 0)","(np.float64(-1596.3975151101133), np.float64(0.08941257762827823), 0)",613.125,-90.72058964554326,0.005081166618833066,0.0,613.125,-90.72058964554326,0.005081166618833066,0.0,613.125,-90.72058964554326,0.005081166618833066,0.0,613.125,-90.72058964554326,0.005081166618833066,0.0,0.0,0.0,0.0
4690,"(np.float64(-1.4515294343286922), np.float64(8.129866590132905e-05), np.float64(9.81))","(np.float64(-68.07673047001698), np.float64(0.0038129074307723452), 0)","(np.float64(-1599.8031660454071), np.float64(0.08960332462314922), 0)",613.125,-90.72058964554326,0.005081166618833066,0.0,613.125,-90.72058964554326,0.005081166618833066,0.0,613.125,-90.72058964554326,0.005081166618833066,0.0,613.125,-90.72058964554326,0.005081166618833066,0.0,0.0,0.0,0.0
4695,"(np.float64(-1.4515294343286922), np.float64(8.129866590132905e-05), np.float64(9.81))","(np.float64(-68.14930694173341), np.float64(0.0038169723640674117), 0)","(np.float64(-1603.2124458042867), np.float64(0.08979427486468497), 0)",613.125,-90.72058964554326,0.005081166618833066,0.0,613.125,-90.72058964554326,0.005081166618833066,0.0,613.125,-90.72058964554326,0.005081166618833066,0.0,613.125,-90.72058964554326,0.005081166618833066,0.0,0.0,0.0,0.0
4700,"(np.float64(-1.4515294343286922), np.float64(8.129866590132905e-05), np.float64(9.81))","(np.float64(-68.22188341344985), np.float64(0.003821037297362478), 0)","(np.float64(-1606.6253543867522), np.float64(0.08998542835288546), 0)",613.125,-90.72058964554326,0.005081166618833066,0.0,613.125,-90.72058964554326,0.005081166618833066,0.0,613.125,-90.72058964554326,0.005081166618833066,0.0,613.125,-90.72058964554326,0.005081166618833066,0.0,0.0,0.0,0.0
4705,"(np.float64(-1.4515294343286922), np.float64(8.129866590132905e-05), np.float64(9.81))","(np.float64(-68.29445988516628), np.float64(0.0038251022306575446), 0)","(np.float64(-1610.0418917928034), np.float64(0.09017678508775072), 0)",613.125,-90.72058964554326,0.005081166618833066,0.0,613.125,-90.72058964554326,0.005081166618833066,0.0,613.125,-90.72058964554326,0.005081166618833066,0.0,613.125,-90.72058964554326,0.005081166618833066,0.0,0.0,0.0,0.0
4710,"(np.float64(-1.4515294343286922), np.float64(8.129866590132905e-05), np.float64(9.81))","(np.float64(-68.3670363568827), np.float64(0.003829167163952611), 0)","(np.float64(-1613.4620580224405), np.float64(0.09036834506928072), 0)",613.125,-90.72058964554326,0.005081166618833066,0.0,613.125,-90.72058964554326,0.005081166618833066,0.0,613.125,-90.72058964554326,0.005081166618833066,0.0,613.125,-90.72058964554326,0.005081166618833066,0.0,0.0,0.0,0.0
4715,"(np.float64(-1.4515294343286922), np.float64(8.129866590132905e-05), np.float64(9.81))","(np.float64(-68.43961282859914), np.float64(0.0038332320972476776), 0)","(np.float64(-1616.8858530756634), np.float64(0.09056010829747548), 0)",613.125,-90.72058964554326,0.005081166618833066,0.0,613.125,-90.72058964554326,0.005081166618833066,0.0,613.125,-90.72058964554326,0.005081166618833066,0.0,613.125,-90.72058964554326,0.005081166618833066,0.0,0.0,0.0,0.0
4720,"(np.float64(-1.4515294343286922), np.float64(8.129866590132905e-05), np.float64(9.81))","(np.float64(-68.51218930031557), np.float64(0.003837297030542744), 0)","(np.float64(-1620.313276952472), np.float64(0.09075207477233499), 0)",613.125,-90.72058964554326,0.005081166618833066,0.0,613.125,-90.72058964554326,0.005081166618833066,0.0,613.125,-90.72058964554326,0.005081166618833066,0.0,613.125,-90.72058964554326,0.005081166618833066,0.0,0.0,0.0,0.0
4725,"(np.float64(-1.4515294343286922), np.float64(8.129866590132905e-05), np.float64(9.81))","(np.float64(-68.584765772032), np.float64(0.0038413619638378105), 0)","(np.float64(-1623.7443296528668), np.float64(0.09094424449385925), 0)",613.125,-90.72058964554326,0.005081166618833066,0.0,613.125,-90.72058964554326,0.005081166618833066,0.0,613.125,-90.72058964554326,0.005081166618833066,0.0,613.125,-90.72058964554326,0.005081166618833066,0.0,0.0,0.0,0.0
4730,"(np.float64(-1.4515294343286922), np.float64(8.129866590132905e-05), np.float64(9.81))","(np.float64(-68.65734224374843), np.float64(0.003845426897132877), 0)","(np.float64(-1627.1790111768473), np.float64(0.09113661746204826), 0)",613.125,-90.72058964554326,0.005081166618833066,0.0,613.125,-90.72058964554326,0.005081166618833066,0.0,613.125,-90.72058964554326,0.005081166618833066,0.0,613.125,-90.72058964554326,0.005081166618833066,0.0,0.0,0.0,0.0
4735,"(np.float64(-1.4515294343286922), np.float64(8.129866590132905e-05), np.float64(9.81))","(np.float64(-68.72991871546486), np.float64(0.0038494918304279434), 0)","(np.float64(-1630.6173215244137), np.float64(0.09132919367690204), 0)",613.125,-90.72058964554326,0.005081166618833066,0.0,613.125,-90.72058964554326,0.005081166618833066,0.0,613.125,-90.72058964554326,0.005081166618833066,0.0,613.125,-90.72058964554326,0.005081166618833066,0.0,0.0,0.0,0.0
4740,"(np.float64(-1.4515294343286922), np.float64(8.129866590132905e-05), np.float64(9.81))","(np.float64(-68.8024951871813), np.float64(0.00385355676372301), 0)","(np.float64(-1634.0592606955659), np.float64(0.09152197313842056), 0)",613.125,-90.72058964554326,0.005081166618833066,0.0,613.125,-90.72058964554326,0.005081166618833066,0.0,613.125,-90.72058964554326,0.005081166618833066,0.0,613.125,-90.72058964554326,0.005081166618833066,0.0,0.0,0.0,0.0
4745,"(np.float64(-1.4515294343286922), np.float64(8.129866590132905e-05), np.float64(9.81))","(np.float64(-68.87507165889772), np.float64(0.0038576216970180764), 0)","(np.float64(-1637.5048286903038), np.float64(0.09171495584660384), 0)",613.125,-90.72058964554326,0.005081166618833066,0.0,613.125,-90.72058964554326,0.005081166618833066,0.0,613.125,-90.72058964554326,0.005081166618833066,0.0,613.125,-90.72058964554326,0.005081166618833066,0.0,0.0,0.0,0.0
4750,"(np.float64(-1.4515294343286922), np.float64(8.129866590132905e-05), np.float64(9.81))","(np.float64(-68.94764813061416), np.float64(0.003861686630313143), 0)","(np.float64(-1640.9540255086276), np.float64(0.09190814180145188), 0)",613.125,-90.72058964554326,0.005081166618833066,0.0,613.125,-90.72058964554326,0.005081166618833066,0.0,613.125,-90.72058964554326,0.005081166618833066,0.0,613.125,-90.72058964554326,0.005081166618833066,0.0,0.0,0.0,0.0
4755,"(np.float64(-1.4515294343286922), np.float64(8.129866590132905e-05), np.float64(9.81))","(np.float64(-69.02022460233059), np.float64(0.0038657515636082093), 0)","(np.float64(-1644.4068511505372), np.float64(0.09210153100296466), 0)",613.125,-90.72058964554326,0.005081166618833066,0.0,613.125,-90.72058964554326,0.005081166618833066,0.0,613.125,-90.72058964554326,0.005081166618833066,0.0,613.125,-90.72058964554326,0.005081166618833066,0.0,0.0,0.0,0.0
4760,"(np.float64(-1.4515294343286922), np.float64(8.129866590132905e-05), np.float64(9.81))","(np.float64(-69.09280107404702), np.float64(0.003869816496903276), 0)","(np.float64(-1647.8633056160327), np.float64(0.0922951234511422), 0)",613.125,-90.72058964554326,0.005081166618833066,0.0,613.125,-90.72058964554326,0.005081166618833066,0.0,613.125,-90.72058964554326,0.005081166618833066,0.0,613.125,-90.72058964554326,0.005081166618833066,0.0,0.0,0.0,0.0
4765,"(np.float64(-1.4515294343286922), np.float64(8.129866590132905e-05), np.float64(9.81))","(np.float64(-69.16537754576345), np.float64(0.0038738814301983423), 0)","(np.float64(-1651.323388905114), np.float64(0.09248891914598449), 0)",613.125,-90.72058964554326,0.005081166618833066,0.0,613.125,-90.72058964554326,0.005081166618833066,0.0,613.125,-90.72058964554326,0.005081166618833066,0.0,613.125,-90.72058964554326,0.005081166618833066,0.0,0.0,0.0,0.0
4770,"(np.float64(-1.4515294343286922), np.float64(8.129866590132905e-05), np.float64(9.81))","(np.float64(-69.23795401747988), np.float64(0.0038779463634934087), 0)","(np.float64(-1654.787101017781), np.float64(0.09268291808749153), 0)",613.125,-90.72058964554326,0.005081166618833066,0.0,613.125,-90.72058964554326,0.005081166618833066,0.0,613.125,-90.72058964554326,0.005081166618833066,0.0,613.125,-90.72058964554326,0.005081166618833066,0.0,0.0,0.0,0.0
4775,"(np.float64(-1.4515294343286922), np.float64(8.129866590132905e-05), np.float64(9.81))","(np.float64(-69.31053048919631), np.float64(0.003882011296788475), 0)","(np.float64(-1658.2544419540338), np.float64(0.09287712027566333), 0)",613.125,-90.72058964554326,0.005081166618833066,0.0,613.125,-90.72058964554326,0.005081166618833066,0.0,613.125,-90.72058964554326,0.005081166618833066,0.0,613.125,-90.72058964554326,0.005081166618833066,0.0,0.0,0.0,0.0
4780,"(np.float64(-1.4515294343286922), np.float64(8.129866590132905e-05), np.float64(9.81))","(np.float64(-69.38310696091274), np.float64(0.0038860762300835417), 0)","(np.float64(-1661.7254117138725), np.float64(0.09307152571049988), 0)",613.125,-90.72058964554326,0.005081166618833066,0.0,613.125,-90.72058964554326,0.005081166618833066,0.0,613.125,-90.72058964554326,0.005081166618833066,0.0,613.125,-90.72058964554326,0.005081166618833066,0.0,0.0,0.0,0.0
4785,"(np.float64(-1.4515294343286922), np.float64(8.129866590132905e-05), np.float64(9.81))","(np.float64(-69.45568343262917), np.float64(0.003890141163378608), 0)","(np.float64(-1665.200010297297), np.float64(0.09326613439200118), 0)",613.125,-90.72058964554326,0.005081166618833066,0.0,613.125,-90.72058964554326,0.005081166618833066,0.0,613.125,-90.72058964554326,0.005081166618833066,0.0,613.125,-90.72058964554326,0.005081166618833066,0.0,0.0,0.0,0.0
4790,"(np.float64(-1.4515294343286922), np.float64(8.129866590132905e-05), np.float64(9.81))","(np.float64(-69.5282599043456), np.float64(0.0038942060966736746), 0)","(np.float64(-1668.6782377043073), np.float64(0.09346094632016724), 0)",613.125,-90.72058964554326,0.005081166618833066,0.0,613.125,-90.72058964554326,0.005081166618833066,0.0,613.125,-90.72058964554326,0.005081166618833066,0.0,613.125,-90.72058964554326,0.005081166618833066,0.0,0.0,0.0,0.0
4795,"(np.float64(-1.4515294343286922), np.float64(8.129866590132905e-05), np.float64(9.81))","(np.float64(-69.60083637606203), np.float64(0.003898271029968741), 0)","(np.float64(-1672.1600939349034), np.float64(0.09365596149499805), 0)",613.125,-90.72058964554326,0.005081166618833066,0.0,613.125,-90.72058964554326,0.005081166618833066,0.0,613.125,-90.72058964554326,0.005081166618833066,0.0,613.125,-90.72058964554326,0.005081166618833066,0.0,0.0,0.0,0.0
4800,"(np.float64(-1.4515294343286922), np.float64(8.129866590132905e-05), np.float64(9.81))","(np.float64(-69.67341284777847), np.float64(0.0039023359632638075), 0)","(np.float64(-1675.6455789890854), np.float64(0.09385117991649361), 0)",613.125,-90.72058964554326,0.005081166618833066,0.0,613.125,-90.72058964554326,0.005081166618833066,0.0,613.125,-90.72058964554326,0.005081166618833066,0.0,613.125,-90.72058964554326,0.005081166618833066,0.0,0.0,0.0,0.0
4805,"(np.float64(-1.4515294343286922), np.float64(8.129866590132905e-05), np.float64(9.81))","(np.float64(-69.7459893194949), np.float64(0.003906400896558874), 0)","(np.float64(-1679.1346928668531), np.float64(0.09404660158465393), 0)",613.125,-90.72058964554326,0.005081166618833066,0.0,613.125,-90.72058964554326,0.005081166618833066,0.0,613.125,-90.72058964554326,0.005081166618833066,0.0,613.125,-90.72058964554326,0.005081166618833066,0.0,0.0,0.0,0.0
4810,"(np.float64(-1.4515294343286922), np.float64(8.129866590132905e-05), np.float64(9.81))","(np.float64(-69.81856579121133), np.float64(0.00391046582985394), 0)","(np.float64(-1682.6274355682067), np.float64(0.094242226499479), 0)",613.125,-90.72058964554326,0.005081166618833066,0.0,613.125,-90.72058964554326,0.005081166618833066,0.0,613.125,-90.72058964554326,0.005081166618833066,0.0,613.125,-90.72058964554326,0.005081166618833066,0.0,0.0,0.0,0.0
4815,"(np.float64(-1.4515294343286922), np.float64(8.129866590132905e-05), np.float64(9.81))","(np.float64(-69.89114226292776), np.float64(0.003914530763149006), 0)","(np.float64(-1686.123807093146), np.float64(0.09443805466096883), 0)",613.125,-90.72058964554326,0.005081166618833066,0.0,613.125,-90.72058964554326,0.005081166618833066,0.0,613.125,-90.72058964554326,0.005081166618833066,0.0,613.125,-90.72058964554326,0.005081166618833066,0.0,0.0,0.0,0.0
4820,"(np.float64(-1.4515294343286922), np.float64(8.129866590132905e-05), np.float64(9.81))","(np.float64(-69.96371873464419), np.float64(0.003918595696444072), 0)","(np.float64(-1689.6238074416713), np.float64(0.09463408606912341), 0)",613.125,-90.72058964554326,0.005081166618833066,0.0,613.125,-90.72058964554326,0.005081166618833066,0.0,613.125,-90.72058964554326,0.005081166618833066,0.0,613.125,-90.72058964554326,0.005081166618833066,0.0,0.0,0.0,0.0
4825,"(np.float64(-1.4515294343286922), np.float64(8.129866590132905e-05), np.float64(9.81))","(np.float64(-70.03629520636062), np.float64(0.003922660629739138), 0)","(np.float64(-1693.1274366137823), np.float64(0.09483032072394273), 0)",613.125,-90.72058964554326,0.005081166618833066,0.0,613.125,-90.72058964554326,0.005081166618833066,0.0,613.125,-90.72058964554326,0.005081166618833066,0.0,613.125,-90.72058964554326,0.005081166618833066,0.0,0.0,0.0,0.0
4830,"(np.float64(-1.4515294343286922), np.float64(8.129866590132905e-05), np.float64(9.81))","(np.float64(-70.10887167807705), np.float64(0.003926725563034204), 0)","(np.float64(-1696.634694609479), np.float64(0.09502675862542682), 0)",613.125,-90.72058964554326,0.005081166618833066,0.0,613.125,-90.72058964554326,0.005081166618833066,0.0,613.125,-90.72058964554326,0.005081166618833066,0.0,613.125,-90.72058964554326,0.005081166618833066,0.0,0.0,0.0,0.0
4835,"(np.float64(-1.4515294343286922), np.float64(8.129866590132905e-05), np.float64(9.81))","(np.float64(-70.18144814979348), np.float64(0.00393079049632927), 0)","(np.float64(-1700.1455814287617), np.float64(0.09522339977357566), 0)",613.125,-90.72058964554326,0.005081166618833066,0.0,613.125,-90.72058964554326,0.005081166618833066,0.0,613.125,-90.72058964554326,0.005081166618833066,0.0,613.125,-90.72058964554326,0.005081166618833066,0.0,0.0,0.0,0.0
4840,"(np.float64(-1.4515294343286922), np.float64(8.129866590132905e-05), np.float64(9.81))","(np.float64(-70.25402462150991), np.float64(0.003934855429624336), 0)","(np.float64(-1703.6600970716302), np.float64(0.09542024416838925), 0)",613.125,-90.72058964554326,0.005081166618833066,0.0,613.125,-90.72058964554326,0.005081166618833066,0.0,613.125,-90.72058964554326,0.005081166618833066,0.0,613.125,-90.72058964554326,0.005081166618833066,0.0,0.0,0.0,0.0
4845,"(np.float64(-1.4515294343286922), np.float64(8.129866590132905e-05), np.float64(9.81))","(np.float64(-70.32660109322634), np.float64(0.003938920362919402), 0)","(np.float64(-1707.1782415380844), np.float64(0.0956172918098676), 0)",613.125,-90.72058964554326,0.005081166618833066,0.0,613.125,-90.72058964554326,0.005081166618833066,0.0,613.125,-90.72058964554326,0.005081166618833066,0.0,613.125,-90.72058964554326,0.005081166618833066,0.0,0.0,0.0,0.0
4850,"(np.float64(-1.4515294343286922), np.float64(8.129866590132905e-05), np.float64(9.81))","(np.float64(-70.39917756494278), np.float64(0.003942985296214468), 0)","(np.float64(-1710.7000148281245), np.float64(0.0958145426980107), 0)",613.125,-90.72058964554326,0.005081166618833066,0.0,613.125,-90.72058964554326,0.005081166618833066,0.0,613.125,-90.72058964554326,0.005081166618833066,0.0,613.125,-90.72058964554326,0.005081166618833066,0.0,0.0,0.0,0.0
4855,"(np.float64(-1.4515294343286922), np.float64(8.129866590132905e-05), np.float64(9.81))","(np.float64(-70.4717540366592), np.float64(0.003947050229509534), 0)","(np.float64(-1714.2254169417504), np.float64(0.09601199683281854), 0)",613.125,-90.72058964554326,0.005081166618833066,0.0,613.125,-90.72058964554326,0.005081166618833066,0.0,613.125,-90.72058964554326,0.005081166618833066,0.0,613.125,-90.72058964554326,0.005081166618833066,0.0,0.0,0.0,0.0
4860,"(np.float64(-1.4515294343286922), np.float64(8.129866590132905e-05), np.float64(9.81))","(np.float64(-70.54433050837564), np.float64(0.0039511151628046), 0)","(np.float64(-1717.754447878962), np.float64(0.09620965421429115), 0)",613.125,-90.72058964554326,0.005081166618833066,0.0,613.125,-90.72058964554326,0.005081166618833066,0.0,613.125,-90.72058964554326,0.005081166618833066,0.0,613.125,-90.72058964554326,0.005081166618833066,0.0,0.0,0.0,0.0
4865,"(np.float64(-1.4515294343286922), np.float64(8.129866590132905e-05), np.float64(9.81))","(np.float64(-70.61690698009207), np.float64(0.003955180096099666), 0)","(np.float64(-1721.2871076397596), np.float64(0.0964075148424285), 0)",613.125,-90.72058964554326,0.005081166618833066,0.0,613.125,-90.72058964554326,0.005081166618833066,0.0,613.125,-90.72058964554326,0.005081166618833066,0.0,613.125,-90.72058964554326,0.005081166618833066,0.0,0.0,0.0,0.0
4870,"(np.float64(-1.4515294343286922), np.float64(8.129866590132905e-05), np.float64(9.81))","(np.float64(-70.6894834518085), np.float64(0.003959245029394732), 0)","(np.float64(-1724.8233962241432), np.float64(0.0966055787172306), 0)",613.125,-90.72058964554326,0.005081166618833066,0.0,613.125,-90.72058964554326,0.005081166618833066,0.0,613.125,-90.72058964554326,0.005081166618833066,0.0,613.125,-90.72058964554326,0.005081166618833066,0.0,0.0,0.0,0.0
4875,"(np.float64(-1.4515294343286922), np.float64(8.129866590132905e-05), np.float64(9.81))","(np.float64(-70.76205992352493), np.float64(0.0039633099626897985), 0)","(np.float64(-1728.3633136321125), np.float64(0.09680384583869747), 0)",613.125,-90.72058964554326,0.005081166618833066,0.0,613.125,-90.72058964554326,0.005081166618833066,0.0,613.125,-90.72058964554326,0.005081166618833066,0.0,613.125,-90.72058964554326,0.005081166618833066,0.0,0.0,0.0,0.0
4880,"(np.float64(-1.4515294343286922), np.float64(8.129866590132905e-05), np.float64(9.81))","(np.float64(-70.83463639524136), np.float64(0.0039673748959848645), 0)","(np.float64(-1731.9068598636677), np.float64(0.09700231620682909), 0)",613.125,-90.72058964554326,0.005081166618833066,0.0,613.125,-90.72058964554326,0.005081166618833066,0.0,613.125,-90.72058964554326,0.005081166618833066,0.0,613.125,-90.72058964554326,0.005081166618833066,0.0,0.0,0.0,0.0
4885,"(np.float64(-1.4515294343286922), np.float64(8.129866590132905e-05), np.float64(9.81))","(np.float64(-70.90721286695779), np.float64(0.0039714398292799305), 0)","(np.float64(-1735.4540349188087), np.float64(0.09720098982162546), 0)",613.125,-90.72058964554326,0.005081166618833066,0.0,613.125,-90.72058964554326,0.005081166618833066,0.0,613.125,-90.72058964554326,0.005081166618833066,0.0,613.125,-90.72058964554326,0.005081166618833066,0.0,0.0,0.0,0.0
4890,"(np.float64(-1.4515294343286922), np.float64(8.129866590132905e-05), np.float64(9.81))","(np.float64(-70.97978933867422), np.float64(0.003975504762574997), 0)","(np.float64(-1739.0048387975355), np.float64(0.09739986668308659), 0)",613.125,-90.72058964554326,0.005081166618833066,0.0,613.125,-90.72058964554326,0.005081166618833066,0.0,613.125,-90.72058964554326,0.005081166618833066,0.0,613.125,-90.72058964554326,0.005081166618833066,0.0,0.0,0.0,0.0
4895,"(np.float64(-1.4515294343286922), np.float64(8.129866590132905e-05), np.float64(9.81))","(np.float64(-71.05236581039065), np.float64(0.003979569695870063), 0)","(np.float64(-1742.5592714998481), np.float64(0.09759894679121246), 0)",613.125,-90.72058964554326,0.005081166618833066,0.0,613.125,-90.72058964554326,0.005081166618833066,0.0,613.125,-90.72058964554326,0.005081166618833066,0.0,613.125,-90.72058964554326,0.005081166618833066,0.0,0.0,0.0,0.0
4900,"(np.float64(-1.4515294343286922), np.float64(8.129866590132905e-05), np.float64(9.81))","(np.float64(-71.12494228210709), np.float64(0.003983634629165129), 0)","(np.float64(-1746.1173330257466), np.float64(0.0977982301460031), 0)",613.125,-90.72058964554326,0.005081166618833066,0.0,613.125,-90.72058964554326,0.005081166618833066,0.0,613.125,-90.72058964554326,0.005081166618833066,0.0,613.125,-90.72058964554326,0.005081166618833066,0.0,0.0,0.0,0.0
4905,"(np.float64(-1.4515294343286922), np.float64(8.129866590132905e-05), np.float64(9.81))","(np.float64(-71.19751875382352), np.float64(0.003987699562460195), 0)","(np.float64(-1749.6790233752308), np.float64(0.09799771674745848), 0)",613.125,-90.72058964554326,0.005081166618833066,0.0,613.125,-90.72058964554326,0.005081166618833066,0.0,613.125,-90.72058964554326,0.005081166618833066,0.0,613.125,-90.72058964554326,0.005081166618833066,0.0,0.0,0.0,0.0
4910,"(np.float64(-1.4515294343286922), np.float64(8.129866590132905e-05), np.float64(9.81))","(np.float64(-71.27009522553995), np.float64(0.003991764495755261), 0)","(np.float64(-1753.244342548301), np.float64(0.09819740659557862), 0)",613.125,-90.72058964554326,0.005081166618833066,0.0,613.125,-90.72058964554326,0.005081166618833066,0.0,613.125,-90.72058964554326,0.005081166618833066,0.0,613.125,-90.72058964554326,0.005081166618833066,0.0,0.0,0.0,0.0
4915,"(np.float64(-1.4515294343286922), np.float64(8.129866590132905e-05), np.float64(9.81))","(np.float64(-71.34267169725638), np.float64(0.003995829429050327), 0)","(np.float64(-1756.8132905449568), np.float64(0.09839729969036351), 0)",613.125,-90.72058964554326,0.005081166618833066,0.0,613.125,-90.72058964554326,0.005081166618833066,0.0,613.125,-90.72058964554326,0.005081166618833066,0.0,613.125,-90.72058964554326,0.005081166618833066,0.0,0.0,0.0,0.0
4920,"(np.float64(-1.4515294343286922), np.float64(8.129866590132905e-05), np.float64(9.81))","(np.float64(-71.41524816897281), np.float64(0.003999894362345393), 0)","(np.float64(-1760.3858673651985), np.float64(0.09859739603181315), 0)",613.125,-90.72058964554326,0.005081166618833066,0.0,613.125,-90.72058964554326,0.005081166618833066,0.0,613.125,-90.72058964554326,0.005081166618833066,0.0,613.125,-90.72058964554326,0.005081166618833066,0.0,0.0,0.0,0.0
4925,"(np.float64(-1.4515294343286922), np.float64(8.129866590132905e-05), np.float64(9.81))","(np.float64(-71.48782464068924), np.float64(0.004003959295640459), 0)","(np.float64(-1763.962073009026), np.float64(0.09879769561992754), 0)",613.125,-90.72058964554326,0.005081166618833066,0.0,613.125,-90.72058964554326,0.005081166618833066,0.0,613.125,-90.72058964554326,0.005081166618833066,0.0,613.125,-90.72058964554326,0.005081166618833066,0.0,0.0,0.0,0.0
4930,"(np.float64(-1.4515294343286922), np.float64(8.129866590132905e-05), np.float64(9.81))","(np.float64(-71.56040111240567), np.float64(0.004008024228935525), 0)","(np.float64(-1767.5419074764393), np.float64(0.0989981984547067), 0)",613.125,-90.72058964554326,0.005081166618833066,0.0,613.125,-90.72058964554326,0.005081166618833066,0.0,613.125,-90.72058964554326,0.005081166618833066,0.0,613.125,-90.72058964554326,0.005081166618833066,0.0,0.0,0.0,0.0
4935,"(np.float64(-1.4515294343286922), np.float64(8.129866590132905e-05), np.float64(9.81))","(np.float64(-71.6329775841221), np.float64(0.004012089162230591), 0)","(np.float64(-1771.1253707674384), np.float64(0.0991989045361506), 0)",613.125,-90.72058964554326,0.005081166618833066,0.0,613.125,-90.72058964554326,0.005081166618833066,0.0,613.125,-90.72058964554326,0.005081166618833066,0.0,613.125,-90.72058964554326,0.005081166618833066,0.0,0.0,0.0,0.0
4940,"(np.float64(-1.4515294343286922), np.float64(8.129866590132905e-05), np.float64(9.81))","(np.float64(-71.70555405583853), np.float64(0.004016154095525657), 0)","(np.float64(-1774.7124628820234), np.float64(0.09939981386425925), 0)",613.125,-90.72058964554326,0.005081166618833066,0.0,613.125,-90.72058964554326,0.005081166618833066,0.0,613.125,-90.72058964554326,0.005081166618833066,0.0,613.125,-90.72058964554326,0.005081166618833066,0.0,0.0,0.0,0.0
4945,"(np.float64(-1.4515294343286922), np.float64(8.129866590132905e-05), np.float64(9.81))","(np.float64(-71.77813052755496), np.float64(0.004020219028820723), 0)","(np.float64(-1778.3031838201941), np.float64(0.09960092643903266), 0)",613.125,-90.72058964554326,0.005081166618833066,0.0,613.125,-90.72058964554326,0.005081166618833066,0.0,613.125,-90.72058964554326,0.005081166618833066,0.0,613.125,-90.72058964554326,0.005081166618833066,0.0,0.0,0.0,0.0
4950,"(np.float64(-1.4515294343286922), np.float64(8.129866590132905e-05), np.float64(9.81))","(np.float64(-71.8507069992714), np.float64(0.004024283962115789), 0)","(np.float64(-1781.8975335819507), np.float64(0.09980224226047082), 0)",613.125,-90.72058964554326,0.005081166618833066,0.0,613.125,-90.72058964554326,0.005081166618833066,0.0,613.125,-90.72058964554326,0.005081166618833066,0.0,613.125,-90.72058964554326,0.005081166618833066,0.0,0.0,0.0,0.0
4955,"(np.float64(-1.4515294343286922), np.float64(8.129866590132905e-05), np.float64(9.81))","(np.float64(-71.92328347098783), np.float64(0.004028348895410855), 0)","(np.float64(-1785.495512167293), np.float64(0.10000376132857375), 0)",613.125,-90.72058964554326,0.005081166618833066,0.0,613.125,-90.72058964554326,0.005081166618833066,0.0,613.125,-90.72058964554326,0.005081166618833066,0.0,613.125,-90.72058964554326,0.005081166618833066,0.0,0.0,0.0,0.0
4960,"(np.float64(-1.4515294343286922), np.float64(8.129866590132905e-05), np.float64(9.81))","(np.float64(-71.99585994270426), np.float64(0.004032413828705921), 0)","(np.float64(-1789.0971195762213), np.float64(0.10020548364334142), 0)",613.125,-90.72058964554326,0.005081166618833066,0.0,613.125,-90.72058964554326,0.005081166618833066,0.0,613.125,-90.72058964554326,0.005081166618833066,0.0,613.125,-90.72058964554326,0.005081166618833066,0.0,0.0,0.0,0.0
4965,"(np.float64(-1.4515294343286922), np.float64(8.129866590132905e-05), np.float64(9.81))","(np.float64(-72.06843641442069), np.float64(0.004036478762000987), 0)","(np.float64(-1792.7023558087353), np.float64(0.10040740920477384), 0)",613.125,-90.72058964554326,0.005081166618833066,0.0,613.125,-90.72058964554326,0.005081166618833066,0.0,613.125,-90.72058964554326,0.005081166618833066,0.0,613.125,-90.72058964554326,0.005081166618833066,0.0,0.0,0.0,0.0
4970,"(np.float64(-1.4515294343286922), np.float64(8.129866590132905e-05), np.float64(9.81))","(np.float64(-72.14101288613712), np.float64(0.004040543695296053), 0)","(np.float64(-1796.3112208648351), np.float64(0.10060953801287102), 0)",613.125,-90.72058964554326,0.005081166618833066,0.0,613.125,-90.72058964554326,0.005081166618833066,0.0,613.125,-90.72058964554326,0.005081166618833066,0.0,613.125,-90.72058964554326,0.005081166618833066,0.0,0.0,0.0,0.0
4975,"(np.float64(-1.4515294343286922), np.float64(8.129866590132905e-05), np.float64(9.81))","(np.float64(-72.21358935785355), np.float64(0.004044608628591119), 0)","(np.float64(-1799.9237147445208), np.float64(0.10081187006763295), 0)",613.125,-90.72058964554326,0.005081166618833066,0.0,613.125,-90.72058964554326,0.005081166618833066,0.0,613.125,-90.72058964554326,0.005081166618833066,0.0,613.125,-90.72058964554326,0.005081166618833066,0.0,0.0,0.0,0.0
4980,"(np.float64(-1.4515294343286922), np.float64(8.129866590132905e-05), np.float64(9.81))","(np.float64(-72.28616582956998), np.float64(0.004048673561886185), 0)","(np.float64(-1803.5398374477923), np.float64(0.10101440536905963), 0)",613.125,-90.72058964554326,0.005081166618833066,0.0,613.125,-90.72058964554326,0.005081166618833066,0.0,613.125,-90.72058964554326,0.005081166618833066,0.0,613.125,-90.72058964554326,0.005081166618833066,0.0,0.0,0.0,0.0
4985,"(np.float64(-1.4515294343286922), np.float64(8.129866590132905e-05), np.float64(9.81))","(np.float64(-72.35874230128641), np.float64(0.004052738495181251), 0)","(np.float64(-1807.1595889746495), np.float64(0.10121714391715107), 0)",613.125,-90.72058964554326,0.005081166618833066,0.0,613.125,-90.72058964554326,0.005081166618833066,0.0,613.125,-90.72058964554326,0.005081166618833066,0.0,613.125,-90.72058964554326,0.005081166618833066,0.0,0.0,0.0,0.0
4990,"(np.float64(-1.4515294343286922), np.float64(8.129866590132905e-05), np.float64(9.81))","(np.float64(-72.43131877300284), np.float64(0.004056803428476317), 0)","(np.float64(-1810.7829693250926), np.float64(0.10142008571190726), 0)",613.125,-90.72058964554326,0.005081166618833066,0.0,613.125,-90.72058964554326,0.005081166618833066,0.0,613.125,-90.72058964554326,0.005081166618833066,0.0,613.125,-90.72058964554326,0.005081166618833066,0.0,0.0,0.0,0.0
4995,"(np.float64(-1.4515294343286922), np.float64(8.129866590132905e-05), np.float64(9.81))","(np.float64(-72.50389524471927), np.float64(0.004060868361771383), 0)","(np.float64(-1814.4099784991215), np.float64(0.1016232307533282), 0)",613.125,-90.72058964554326,0.005081166618833066,0.0,613.125,-90.72058964554326,0.005081166618833066,0.0,613.125,-90.72058964554326,0.005081166618833066,0.0,613.125,-90.72058964554326,0.005081166618833066,0.0,0.0,0.0,0.0
5000,"(np.float64(-1.4515294343286922), np.float64(8.129866590132905e-05), np.float64(9.81))","(np.float64(-72.5764717164357), np.float64(0.004064933295066449), 0)","(np.float64(-1818.0406164967362), np.float64(0.1018265790414139), 0)",613.125,-90.72058964554326,0.005081166618833066,0.0,613.125,-90.72058964554326,0.005081166618833066,0.0,613.125,-90.72058964554326,0.005081166618833066,0.0,613.125,-90.72058964554326,0.005081166618833066,0.0,0.0,0.0,0.0
5005,"(np.float64(-1.4515294343286922), np.float64(8.129866590132905e-05), np.float64(9.81))","(np.float64(-72.64904818815214), np.float64(0.004068998228361515), 0)","(np.float64(-1821.6748833179367), np.float64(0.10203013057616435), 0)",613.125,-90.72058964554326,0.005081166618833066,0.0,613.125,-90.72058964554326,0.005081166618833066,0.0,613.125,-90.72058964554326,0.005081166618833066,0.0,613.125,-90.72058964554326,0.005081166618833066,0.0,0.0,0.0,0.0
5010,"(np.float64(-1.4515294343286922), np.float64(8.129866590132905e-05), np.float64(9.81))","(np.float64(-72.72162465986857), np.float64(0.004073063161656581), 0)","(np.float64(-1825.312778962723), np.float64(0.10223388535757955), 0)",613.125,-90.72058964554326,0.005081166618833066,0.0,613.125,-90.72058964554326,0.005081166618833066,0.0,613.125,-90.72058964554326,0.005081166618833066,0.0,613.125,-90.72058964554326,0.005081166618833066,0.0,0.0,0.0,0.0
5015,"(np.float64(-1.4515294343286922), np.float64(8.129866590132905e-05), np.float64(9.81))","(np.float64(-72.794201131585), np.float64(0.004077128094951647), 0)","(np.float64(-1828.9543034310955), np.float64(0.1024378433856595), 0)",613.125,-90.72058964554326,0.005081166618833066,0.0,613.125,-90.72058964554326,0.005081166618833066,0.0,613.125,-90.72058964554326,0.005081166618833066,0.0,613.125,-90.72058964554326,0.005081166618833066,0.0,0.0,0.0,0.0
5020,"(np.float64(-1.4515294343286922), np.float64(8.129866590132905e-05), np.float64(9.81))","(np.float64(-72.86677760330143), np.float64(0.0040811930282467134), 0)","(np.float64(-1832.5994567230537), np.float64(0.10264200466040421), 0)",613.125,-90.72058964554326,0.005081166618833066,0.0,613.125,-90.72058964554326,0.005081166618833066,0.0,613.125,-90.72058964554326,0.005081166618833066,0.0,613.125,-90.72058964554326,0.005081166618833066,0.0,0.0,0.0,0.0
5025,"(np.float64(-1.4515294343286922), np.float64(8.129866590132905e-05), np.float64(9.81))","(np.float64(-72.93935407501786), np.float64(0.0040852579615417795), 0)","(np.float64(-1836.2482388385977), np.float64(0.10284636918181368), 0)",613.125,-90.72058964554326,0.005081166618833066,0.0,613.125,-90.72058964554326,0.005081166618833066,0.0,613.125,-90.72058964554326,0.005081166618833066,0.0,613.125,-90.72058964554326,0.005081166618833066,0.0,0.0,0.0,0.0
5030,"(np.float64(-1.4515294343286922), np.float64(8.129866590132905e-05), np.float64(9.81))","(np.float64(-73.01193054673429), np.float64(0.0040893228948368455), 0)","(np.float64(-1839.9006497777275), np.float64(0.1030509369498879), 0)",613.125,-90.72058964554326,0.005081166618833066,0.0,613.125,-90.72058964554326,0.005081166618833066,0.0,613.125,-90.72058964554326,0.005081166618833066,0.0,613.125,-90.72058964554326,0.005081166618833066,0.0,0.0,0.0,0.0
5035,"(np.float64(-1.4515294343286922), np.float64(8.129866590132905e-05), np.float64(9.81))","(np.float64(-73.08450701845072), np.float64(0.0040933878281319116), 0)","(np.float64(-1843.5566895404431), np.float64(0.10325570796462687), 0)",613.125,-90.72058964554326,0.005081166618833066,0.0,613.125,-90.72058964554326,0.005081166618833066,0.0,613.125,-90.72058964554326,0.005081166618833066,0.0,613.125,-90.72058964554326,0.005081166618833066,0.0,0.0,0.0,0.0
5040,"(np.float64(-1.4515294343286922), np.float64(8.129866590132905e-05), np.float64(9.81))","(np.float64(-73.15708349016715), np.float64(0.004097452761426978), 0)","(np.float64(-1847.2163581267446), np.float64(0.1034606822260306), 0)",613.125,-90.72058964554326,0.005081166618833066,0.0,613.125,-90.72058964554326,0.005081166618833066,0.0,613.125,-90.72058964554326,0.005081166618833066,0.0,613.125,-90.72058964554326,0.005081166618833066,0.0,0.0,0.0,0.0
5045,"(np.float64(-1.4515294343286922), np.float64(8.129866590132905e-05), np.float64(9.81))","(np.float64(-73.22965996188358), np.float64(0.004101517694722044), 0)","(np.float64(-1850.8796555366318), np.float64(0.10366585973409907), 0)",613.125,-90.72058964554326,0.005081166618833066,0.0,613.125,-90.72058964554326,0.005081166618833066,0.0,613.125,-90.72058964554326,0.005081166618833066,0.0,613.125,-90.72058964554326,0.005081166618833066,0.0,0.0,0.0,0.0
5050,"(np.float64(-1.4515294343286922), np.float64(8.129866590132905e-05), np.float64(9.81))","(np.float64(-73.30223643360002), np.float64(0.00410558262801711), 0)","(np.float64(-1854.546581770105), np.float64(0.1038712404888323), 0)",613.125,-90.72058964554326,0.005081166618833066,0.0,613.125,-90.72058964554326,0.005081166618833066,0.0,613.125,-90.72058964554326,0.005081166618833066,0.0,613.125,-90.72058964554326,0.005081166618833066,0.0,0.0,0.0,0.0
5055,"(np.float64(-1.4515294343286922), np.float64(8.129866590132905e-05), np.float64(9.81))","(np.float64(-73.37481290531645), np.float64(0.004109647561312176), 0)","(np.float64(-1858.2171368271638), np.float64(0.10407682449023029), 0)",613.125,-90.72058964554326,0.005081166618833066,0.0,613.125,-90.72058964554326,0.005081166618833066,0.0,613.125,-90.72058964554326,0.005081166618833066,0.0,613.125,-90.72058964554326,0.005081166618833066,0.0,0.0,0.0,0.0
5060,"(np.float64(-1.4515294343286922), np.float64(8.129866590132905e-05), np.float64(9.81))","(np.float64(-73.44738937703288), np.float64(0.004113712494607242), 0)","(np.float64(-1861.8913207078085), np.float64(0.10428261173829302), 0)",613.125,-90.72058964554326,0.005081166618833066,0.0,613.125,-90.72058964554326,0.005081166618833066,0.0,613.125,-90.72058964554326,0.005081166618833066,0.0,613.125,-90.72058964554326,0.005081166618833066,0.0,0.0,0.0,0.0
5065,"(np.float64(-1.4515294343286922), np.float64(8.129866590132905e-05), np.float64(9.81))","(np.float64(-73.51996584874931), np.float64(0.004117777427902308), 0)","(np.float64(-1865.569133412039), np.float64(0.1044886022330205), 0)",613.125,-90.72058964554326,0.005081166618833066,0.0,613.125,-90.72058964554326,0.005081166618833066,0.0,613.125,-90.72058964554326,0.005081166618833066,0.0,613.125,-90.72058964554326,0.005081166618833066,0.0,0.0,0.0,0.0
5070,"(np.float64(-1.4515294343286922), np.float64(8.129866590132905e-05), np.float64(9.81))","(np.float64(-73.59254232046574), np.float64(0.004121842361197374), 0)","(np.float64(-1869.2505749398554), np.float64(0.10469479597441275), 0)",613.125,-90.72058964554326,0.005081166618833066,0.0,613.125,-90.72058964554326,0.005081166618833066,0.0,613.125,-90.72058964554326,0.005081166618833066,0.0,613.125,-90.72058964554326,0.005081166618833066,0.0,0.0,0.0,0.0
5075,"(np.float64(-1.4515294343286922), np.float64(8.129866590132905e-05), np.float64(9.81))","(np.float64(-73.66511879218217), np.float64(0.00412590729449244), 0)","(np.float64(-1872.9356452912575), np.float64(0.10490119296246975), 0)",613.125,-90.72058964554326,0.005081166618833066,0.0,613.125,-90.72058964554326,0.005081166618833066,0.0,613.125,-90.72058964554326,0.005081166618833066,0.0,613.125,-90.72058964554326,0.005081166618833066,0.0,0.0,0.0,0.0
5080,"(np.float64(-1.4515294343286922), np.float64(8.129866590132905e-05), np.float64(9.81))","(np.float64(-73.7376952638986), np.float64(0.004129972227787506), 0)","(np.float64(-1876.6243444662455), np.float64(0.10510779319719149), 0)",613.125,-90.72058964554326,0.005081166618833066,0.0,613.125,-90.72058964554326,0.005081166618833066,0.0,613.125,-90.72058964554326,0.005081166618833066,0.0,613.125,-90.72058964554326,0.005081166618833066,0.0,0.0,0.0,0.0
5085,"(np.float64(-1.4515294343286922), np.float64(8.129866590132905e-05), np.float64(9.81))","(np.float64(-73.81027173561503), np.float64(0.004134037161082572), 0)","(np.float64(-1880.3166724648192), np.float64(0.105314596678578), 0)",613.125,-90.72058964554326,0.005081166618833066,0.0,613.125,-90.72058964554326,0.005081166618833066,0.0,613.125,-90.72058964554326,0.005081166618833066,0.0,613.125,-90.72058964554326,0.005081166618833066,0.0,0.0,0.0,0.0
5090,"(np.float64(-1.4515294343286922), np.float64(8.129866590132905e-05), np.float64(9.81))","(np.float64(-73.88284820733146), np.float64(0.004138102094377638), 0)","(np.float64(-1884.0126292869788), np.float64(0.10552160340662925), 0)",613.125,-90.72058964554326,0.005081166618833066,0.0,613.125,-90.72058964554326,0.005081166618833066,0.0,613.125,-90.72058964554326,0.005081166618833066,0.0,613.125,-90.72058964554326,0.005081166618833066,0.0,0.0,0.0,0.0
5095,"(np.float64(-1.4515294343286922), np.float64(8.129866590132905e-05), np.float64(9.81))","(np.float64(-73.9554246790479), np.float64(0.004142167027672704), 0)","(np.float64(-1887.7122149327242), np.float64(0.10572881338134527), 0)",613.125,-90.72058964554326,0.005081166618833066,0.0,613.125,-90.72058964554326,0.005081166618833066,0.0,613.125,-90.72058964554326,0.005081166618833066,0.0,613.125,-90.72058964554326,0.005081166618833066,0.0,0.0,0.0,0.0
5100,"(np.float64(-1.4515294343286922), np.float64(8.129866590132905e-05), np.float64(9.81))","(np.float64(-74.02800115076433), np.float64(0.00414623196096777), 0)","(np.float64(-1891.4154294020555), np.float64(0.10593622660272603), 0)",613.125,-90.72058964554326,0.005081166618833066,0.0,613.125,-90.72058964554326,0.005081166618833066,0.0,613.125,-90.72058964554326,0.005081166618833066,0.0,613.125,-90.72058964554326,0.005081166618833066,0.0,0.0,0.0,0.0
5105,"(np.float64(-1.4515294343286922), np.float64(8.129866590132905e-05), np.float64(9.81))","(np.float64(-74.10057762248076), np.float64(0.004150296894262836), 0)","(np.float64(-1895.1222726949725), np.float64(0.10614384307077154), 0)",613.125,-90.72058964554326,0.005081166618833066,0.0,613.125,-90.72058964554326,0.005081166618833066,0.0,613.125,-90.72058964554326,0.005081166618833066,0.0,613.125,-90.72058964554326,0.005081166618833066,0.0,0.0,0.0,0.0
5110,"(np.float64(-1.4515294343286922), np.float64(8.129866590132905e-05), np.float64(9.81))","(np.float64(-74.17315409419719), np.float64(0.004154361827557902), 0)","(np.float64(-1898.8327448114753), np.float64(0.10635166278548182), 0)",613.125,-90.72058964554326,0.005081166618833066,0.0,613.125,-90.72058964554326,0.005081166618833066,0.0,613.125,-90.72058964554326,0.005081166618833066,0.0,613.125,-90.72058964554326,0.005081166618833066,0.0,0.0,0.0,0.0
5115,"(np.float64(-1.4515294343286922), np.float64(8.129866590132905e-05), np.float64(9.81))","(np.float64(-74.24573056591362), np.float64(0.004158426760852968), 0)","(np.float64(-1902.546845751564), np.float64(0.10655968574685684), 0)",613.125,-90.72058964554326,0.005081166618833066,0.0,613.125,-90.72058964554326,0.005081166618833066,0.0,613.125,-90.72058964554326,0.005081166618833066,0.0,613.125,-90.72058964554326,0.005081166618833066,0.0,0.0,0.0,0.0
5120,"(np.float64(-1.4515294343286922), np.float64(8.129866590132905e-05), np.float64(9.81))","(np.float64(-74.31830703763005), np.float64(0.004162491694148034), 0)","(np.float64(-1906.2645755152384), np.float64(0.10676791195489661), 0)",613.125,-90.72058964554326,0.005081166618833066,0.0,613.125,-90.72058964554326,0.005081166618833066,0.0,613.125,-90.72058964554326,0.005081166618833066,0.0,613.125,-90.72058964554326,0.005081166618833066,0.0,0.0,0.0,0.0
5125,"(np.float64(-1.4515294343286922), np.float64(8.129866590132905e-05), np.float64(9.81))","(np.float64(-74.39088350934648), np.float64(0.0041665566274431), 0)","(np.float64(-1909.9859341024987), np.float64(0.10697634140960115), 0)",613.125,-90.72058964554326,0.005081166618833066,0.0,613.125,-90.72058964554326,0.005081166618833066,0.0,613.125,-90.72058964554326,0.005081166618833066,0.0,613.125,-90.72058964554326,0.005081166618833066,0.0,0.0,0.0,0.0
5130,"(np.float64(-1.4515294343286922), np.float64(8.129866590132905e-05), np.float64(9.81))","(np.float64(-74.46345998106291), np.float64(0.004170621560738166), 0)","(np.float64(-1913.7109215133448), np.float64(0.10718497411097043), 0)",613.125,-90.72058964554326,0.005081166618833066,0.0,613.125,-90.72058964554326,0.005081166618833066,0.0,613.125,-90.72058964554326,0.005081166618833066,0.0,613.125,-90.72058964554326,0.005081166618833066,0.0,0.0,0.0,0.0
5135,"(np.float64(-1.4515294343286922), np.float64(8.129866590132905e-05), np.float64(9.81))","(np.float64(-74.53603645277934), np.float64(0.004174686494033232), 0)","(np.float64(-1917.4395377477767), np.float64(0.10739381005900446), 0)",613.125,-90.72058964554326,0.005081166618833066,0.0,613.125,-90.72058964554326,0.005081166618833066,0.0,613.125,-90.72058964554326,0.005081166618833066,0.0,613.125,-90.72058964554326,0.005081166618833066,0.0,0.0,0.0,0.0
5140,"(np.float64(-1.4515294343286922), np.float64(8.129866590132905e-05), np.float64(9.81))","(np.float64(-74.60861292449577), np.float64(0.004178751427328298), 0)","(np.float64(-1921.1717828057945), np.float64(0.10760284925370325), 0)",613.125,-90.72058964554326,0.005081166618833066,0.0,613.125,-90.72058964554326,0.005081166618833066,0.0,613.125,-90.72058964554326,0.005081166618833066,0.0,613.125,-90.72058964554326,0.005081166618833066,0.0,0.0,0.0,0.0
5145,"(np.float64(-1.4515294343286922), np.float64(8.129866590132905e-05), np.float64(9.81))","(np.float64(-74.6811893962122), np.float64(0.004182816360623364), 0)","(np.float64(-1924.907656687398), np.float64(0.1078120916950668), 0)",613.125,-90.72058964554326,0.005081166618833066,0.0,613.125,-90.72058964554326,0.005081166618833066,0.0,613.125,-90.72058964554326,0.005081166618833066,0.0,613.125,-90.72058964554326,0.005081166618833066,0.0,0.0,0.0,0.0
5150,"(np.float64(-1.4515294343286922), np.float64(8.129866590132905e-05), np.float64(9.81))","(np.float64(-74.75376586792864), np.float64(0.00418688129391843), 0)","(np.float64(-1928.6471593925874), np.float64(0.10802153738309508), 0)",613.125,-90.72058964554326,0.005081166618833066,0.0,613.125,-90.72058964554326,0.005081166618833066,0.0,613.125,-90.72058964554326,0.005081166618833066,0.0,613.125,-90.72058964554326,0.005081166618833066,0.0,0.0,0.0,0.0
5155,"(np.float64(-1.4515294343286922), np.float64(8.129866590132905e-05), np.float64(9.81))","(np.float64(-74.82634233964507), np.float64(0.004190946227213496), 0)","(np.float64(-1932.3902909213625), np.float64(0.10823118631778814), 0)",613.125,-90.72058964554326,0.005081166618833066,0.0,613.125,-90.72058964554326,0.005081166618833066,0.0,613.125,-90.72058964554326,0.005081166618833066,0.0,613.125,-90.72058964554326,0.005081166618833066,0.0,0.0,0.0,0.0
5160,"(np.float64(-1.4515294343286922), np.float64(8.129866590132905e-05), np.float64(9.81))","(np.float64(-74.8989188113615), np.float64(0.004195011160508562), 0)","(np.float64(-1936.1370512737237), np.float64(0.10844103849914594), 0)",613.125,-90.72058964554326,0.005081166618833066,0.0,613.125,-90.72058964554326,0.005081166618833066,0.0,613.125,-90.72058964554326,0.005081166618833066,0.0,613.125,-90.72058964554326,0.005081166618833066,0.0,0.0,0.0,0.0
5165,"(np.float64(-1.4515294343286922), np.float64(8.129866590132905e-05), np.float64(9.81))","(np.float64(-74.97149528307793), np.float64(0.004199076093803628), 0)","(np.float64(-1939.8874404496707), np.float64(0.1086510939271685), 0)",613.125,-90.72058964554326,0.005081166618833066,0.0,613.125,-90.72058964554326,0.005081166618833066,0.0,613.125,-90.72058964554326,0.005081166618833066,0.0,613.125,-90.72058964554326,0.005081166618833066,0.0,0.0,0.0,0.0
5170,"(np.float64(-1.4515294343286922), np.float64(8.129866590132905e-05), np.float64(9.81))","(np.float64(-75.04407175479436), np.float64(0.0042031410270986945), 0)","(np.float64(-1943.6414584492036), np.float64(0.10886135260185581), 0)",613.125,-90.72058964554326,0.005081166618833066,0.0,613.125,-90.72058964554326,0.005081166618833066,0.0,613.125,-90.72058964554326,0.005081166618833066,0.0,613.125,-90.72058964554326,0.005081166618833066,0.0,0.0,0.0,0.0
5175,"(np.float64(-1.4515294343286922), np.float64(8.129866590132905e-05), np.float64(9.81))","(np.float64(-75.11664822651079), np.float64(0.0042072059603937605), 0)","(np.float64(-1947.3991052723222), np.float64(0.10907181452320787), 0)",613.125,-90.72058964554326,0.005081166618833066,0.0,613.125,-90.72058964554326,0.005081166618833066,0.0,613.125,-90.72058964554326,0.005081166618833066,0.0,613.125,-90.72058964554326,0.005081166618833066,0.0,0.0,0.0,0.0
5180,"(np.float64(-1.4515294343286922), np.float64(8.129866590132905e-05), np.float64(9.81))","(np.float64(-75.18922469822722), np.float64(0.0042112708936888265), 0)","(np.float64(-1951.1603809190267), np.float64(0.10928247969122469), 0)",613.125,-90.72058964554326,0.005081166618833066,0.0,613.125,-90.72058964554326,0.005081166618833066,0.0,613.125,-90.72058964554326,0.005081166618833066,0.0,613.125,-90.72058964554326,0.005081166618833066,0.0,0.0,0.0,0.0
5185,"(np.float64(-1.4515294343286922), np.float64(8.129866590132905e-05), np.float64(9.81))","(np.float64(-75.26180116994365), np.float64(0.0042153358269838926), 0)","(np.float64(-1954.925285389317), np.float64(0.10949334810590626), 0)",613.125,-90.72058964554326,0.005081166618833066,0.0,613.125,-90.72058964554326,0.005081166618833066,0.0,613.125,-90.72058964554326,0.005081166618833066,0.0,613.125,-90.72058964554326,0.005081166618833066,0.0,0.0,0.0,0.0
5190,"(np.float64(-1.4515294343286922), np.float64(8.129866590132905e-05), np.float64(9.81))","(np.float64(-75.33437764166008), np.float64(0.004219400760278959), 0)","(np.float64(-1958.693818683193), np.float64(0.10970441976725258), 0)",613.125,-90.72058964554326,0.005081166618833066,0.0,613.125,-90.72058964554326,0.005081166618833066,0.0,613.125,-90.72058964554326,0.005081166618833066,0.0,613.125,-90.72058964554326,0.005081166618833066,0.0,0.0,0.0,0.0
5195,"(np.float64(-1.4515294343286922), np.float64(8.129866590132905e-05), np.float64(9.81))","(np.float64(-75.40695411337651), np.float64(0.004223465693574025), 0)","(np.float64(-1962.465980800655), np.float64(0.10991569467526366), 0)",613.125,-90.72058964554326,0.005081166618833066,0.0,613.125,-90.72058964554326,0.005081166618833066,0.0,613.125,-90.72058964554326,0.005081166618833066,0.0,613.125,-90.72058964554326,0.005081166618833066,0.0,0.0,0.0,0.0
5200,"(np.float64(-1.4515294343286922), np.float64(8.129866590132905e-05), np.float64(9.81))","(np.float64(-75.47953058509295), np.float64(0.004227530626869091), 0)","(np.float64(-1966.2417717417027), np.float64(0.11012717282993949), 0)",613.125,-90.72058964554326,0.005081166618833066,0.0,613.125,-90.72058964554326,0.005081166618833066,0.0,613.125,-90.72058964554326,0.005081166618833066,0.0,613.125,-90.72058964554326,0.005081166618833066,0.0,0.0,0.0,0.0
5205,"(np.float64(-1.4515294343286922), np.float64(8.129866590132905e-05), np.float64(9.81))","(np.float64(-75.55210705680938), np.float64(0.004231595560164157), 0)","(np.float64(-1970.0211915063362), np.float64(0.11033885423128006), 0)",613.125,-90.72058964554326,0.005081166618833066,0.0,613.125,-90.72058964554326,0.005081166618833066,0.0,613.125,-90.72058964554326,0.005081166618833066,0.0,613.125,-90.72058964554326,0.005081166618833066,0.0,0.0,0.0,0.0
5210,"(np.float64(-1.4515294343286922), np.float64(8.129866590132905e-05), np.float64(9.81))","(np.float64(-75.62468352852581), np.float64(0.004235660493459223), 0)","(np.float64(-1973.8042400945556), np.float64(0.1105507388792854), 0)",613.125,-90.72058964554326,0.005081166618833066,0.0,613.125,-90.72058964554326,0.005081166618833066,0.0,613.125,-90.72058964554326,0.005081166618833066,0.0,613.125,-90.72058964554326,0.005081166618833066,0.0,0.0,0.0,0.0
5215,"(np.float64(-1.4515294343286922), np.float64(8.129866590132905e-05), np.float64(9.81))","(np.float64(-75.69726000024224), np.float64(0.004239725426754289), 0)","(np.float64(-1977.5909175063607), np.float64(0.11076282677395549), 0)",613.125,-90.72058964554326,0.005081166618833066,0.0,613.125,-90.72058964554326,0.005081166618833066,0.0,613.125,-90.72058964554326,0.005081166618833066,0.0,613.125,-90.72058964554326,0.005081166618833066,0.0,0.0,0.0,0.0
5220,"(np.float64(-1.4515294343286922), np.float64(8.129866590132905e-05), np.float64(9.81))","(np.float64(-75.76983647195867), np.float64(0.004243790360049355), 0)","(np.float64(-1981.3812237417517), np.float64(0.11097511791529033), 0)",613.125,-90.72058964554326,0.005081166618833066,0.0,613.125,-90.72058964554326,0.005081166618833066,0.0,613.125,-90.72058964554326,0.005081166618833066,0.0,613.125,-90.72058964554326,0.005081166618833066,0.0,0.0,0.0,0.0
5225,"(np.float64(-1.4515294343286922), np.float64(8.129866590132905e-05), np.float64(9.81))","(np.float64(-75.8424129436751), np.float64(0.004247855293344421), 0)","(np.float64(-1985.1751588007285), np.float64(0.11118761230328993), 0)",613.125,-90.72058964554326,0.005081166618833066,0.0,613.125,-90.72058964554326,0.005081166618833066,0.0,613.125,-90.72058964554326,0.005081166618833066,0.0,613.125,-90.72058964554326,0.005081166618833066,0.0,0.0,0.0,0.0
5230,"(np.float64(-1.4515294343286922), np.float64(8.129866590132905e-05), np.float64(9.81))","(np.float64(-75.91498941539153), np.float64(0.004251920226639487), 0)","(np.float64(-1988.972722683291), np.float64(0.11140030993795427), 0)",613.125,-90.72058964554326,0.005081166618833066,0.0,613.125,-90.72058964554326,0.005081166618833066,0.0,613.125,-90.72058964554326,0.005081166618833066,0.0,613.125,-90.72058964554326,0.005081166618833066,0.0,0.0,0.0,0.0
5235,"(np.float64(-1.4515294343286922), np.float64(8.129866590132905e-05), np.float64(9.81))","(np.float64(-75.98756588710796), np.float64(0.004255985159934553), 0)","(np.float64(-1992.7739153894395), np.float64(0.11161321081928337), 0)",613.125,-90.72058964554326,0.005081166618833066,0.0,613.125,-90.72058964554326,0.005081166618833066,0.0,613.125,-90.72058964554326,0.005081166618833066,0.0,613.125,-90.72058964554326,0.005081166618833066,0.0,0.0,0.0,0.0
5240,"(np.float64(-1.4515294343286922), np.float64(8.129866590132905e-05), np.float64(9.81))","(np.float64(-76.0601423588244), np.float64(0.004260050093229619), 0)","(np.float64(-1996.5787369191737), np.float64(0.11182631494727722), 0)",613.125,-90.72058964554326,0.005081166618833066,0.0,613.125,-90.72058964554326,0.005081166618833066,0.0,613.125,-90.72058964554326,0.005081166618833066,0.0,613.125,-90.72058964554326,0.005081166618833066,0.0,0.0,0.0,0.0
5245,"(np.float64(-1.4515294343286922), np.float64(8.129866590132905e-05), np.float64(9.81))","(np.float64(-76.13271883054082), np.float64(0.004264115026524685), 0)","(np.float64(-2000.3871872724937), np.float64(0.11203962232193583), 0)",613.125,-90.72058964554326,0.005081166618833066,0.0,613.125,-90.72058964554326,0.005081166618833066,0.0,613.125,-90.72058964554326,0.005081166618833066,0.0,613.125,-90.72058964554326,0.005081166618833066,0.0,0.0,0.0,0.0
5250,"(np.float64(-1.4515294343286922), np.float64(8.129866590132905e-05), np.float64(9.81))","(np.float64(-76.20529530225726), np.float64(0.004268179959819751), 0)","(np.float64(-2004.1992664493996), np.float64(0.1122531329432592), 0)",613.125,-90.72058964554326,0.005081166618833066,0.0,613.125,-90.72058964554326,0.005081166618833066,0.0,613.125,-90.72058964554326,0.005081166618833066,0.0,613.125,-90.72058964554326,0.005081166618833066,0.0,0.0,0.0,0.0
5255,"(np.float64(-1.4515294343286922), np.float64(8.129866590132905e-05), np.float64(9.81))","(np.float64(-76.27787177397369), np.float64(0.004272244893114817), 0)","(np.float64(-2008.0149744498913), np.float64(0.11246684681124731), 0)",613.125,-90.72058964554326,0.005081166618833066,0.0,613.125,-90.72058964554326,0.005081166618833066,0.0,613.125,-90.72058964554326,0.005081166618833066,0.0,613.125,-90.72058964554326,0.005081166618833066,0.0,0.0,0.0,0.0
5260,"(np.float64(-1.4515294343286922), np.float64(8.129866590132905e-05), np.float64(9.81))","(np.float64(-76.35044824569012), np.float64(0.004276309826409883), 0)","(np.float64(-2011.8343112739688), np.float64(0.11268076392590018), 0)",613.125,-90.72058964554326,0.005081166618833066,0.0,613.125,-90.72058964554326,0.005081166618833066,0.0,613.125,-90.72058964554326,0.005081166618833066,0.0,613.125,-90.72058964554326,0.005081166618833066,0.0,0.0,0.0,0.0
5265,"(np.float64(-1.4515294343286922), np.float64(8.129866590132905e-05), np.float64(9.81))","(np.float64(-76.42302471740655), np.float64(0.004280374759704949), 0)","(np.float64(-2015.657276921632), np.float64(0.1128948842872178), 0)",613.125,-90.72058964554326,0.005081166618833066,0.0,613.125,-90.72058964554326,0.005081166618833066,0.0,613.125,-90.72058964554326,0.005081166618833066,0.0,613.125,-90.72058964554326,0.005081166618833066,0.0,0.0,0.0,0.0
5270,"(np.float64(-1.4515294343286922), np.float64(8.129866590132905e-05), np.float64(9.81))","(np.float64(-76.49560118912298), np.float64(0.004284439693000015), 0)","(np.float64(-2019.4838713928812), np.float64(0.11310920789520018), 0)",613.125,-90.72058964554326,0.005081166618833066,0.0,613.125,-90.72058964554326,0.005081166618833066,0.0,613.125,-90.72058964554326,0.005081166618833066,0.0,613.125,-90.72058964554326,0.005081166618833066,0.0,0.0,0.0,0.0
5275,"(np.float64(-1.4515294343286922), np.float64(8.129866590132905e-05), np.float64(9.81))","(np.float64(-76.56817766083941), np.float64(0.004288504626295081), 0)","(np.float64(-2023.314094687716), np.float64(0.1133237347498473), 0)",613.125,-90.72058964554326,0.005081166618833066,0.0,613.125,-90.72058964554326,0.005081166618833066,0.0,613.125,-90.72058964554326,0.005081166618833066,0.0,613.125,-90.72058964554326,0.005081166618833066,0.0,0.0,0.0,0.0
5280,"(np.float64(-1.4515294343286922), np.float64(8.129866590132905e-05), np.float64(9.81))","(np.float64(-76.64075413255584), np.float64(0.004292569559590147), 0)","(np.float64(-2027.1479468061368), np.float64(0.11353846485115919), 0)",613.125,-90.72058964554326,0.005081166618833066,0.0,613.125,-90.72058964554326,0.005081166618833066,0.0,613.125,-90.72058964554326,0.005081166618833066,0.0,613.125,-90.72058964554326,0.005081166618833066,0.0,0.0,0.0,0.0
5285,"(np.float64(-1.4515294343286922), np.float64(8.129866590132905e-05), np.float64(9.81))","(np.float64(-76.71333060427227), np.float64(0.004296634492885213), 0)","(np.float64(-2030.9854277481434), np.float64(0.11375339819913582), 0)",613.125,-90.72058964554326,0.005081166618833066,0.0,613.125,-90.72058964554326,0.005081166618833066,0.0,613.125,-90.72058964554326,0.005081166618833066,0.0,613.125,-90.72058964554326,0.005081166618833066,0.0,0.0,0.0,0.0
5290,"(np.float64(-1.4515294343286922), np.float64(8.129866590132905e-05), np.float64(9.81))","(np.float64(-76.7859070759887), np.float64(0.004300699426180279), 0)","(np.float64(-2034.8265375137357), np.float64(0.11396853479377721), 0)",613.125,-90.72058964554326,0.005081166618833066,0.0,613.125,-90.72058964554326,0.005081166618833066,0.0,613.125,-90.72058964554326,0.005081166618833066,0.0,613.125,-90.72058964554326,0.005081166618833066,0.0,0.0,0.0,0.0
5295,"(np.float64(-1.4515294343286922), np.float64(8.129866590132905e-05), np.float64(9.81))","(np.float64(-76.85848354770513), np.float64(0.004304764359475345), 0)","(np.float64(-2038.671276102914), np.float64(0.11418387463508335), 0)",613.125,-90.72058964554326,0.005081166618833066,0.0,613.125,-90.72058964554326,0.005081166618833066,0.0,613.125,-90.72058964554326,0.005081166618833066,0.0,613.125,-90.72058964554326,0.005081166618833066,0.0,0.0,0.0,0.0
5300,"(np.float64(-1.4515294343286922), np.float64(8.129866590132905e-05), np.float64(9.81))","(np.float64(-76.93106001942157), np.float64(0.004308829292770411), 0)","(np.float64(-2042.519643515678), np.float64(0.11439941772305424), 0)",613.125,-90.72058964554326,0.005081166618833066,0.0,613.125,-90.72058964554326,0.005081166618833066,0.0,613.125,-90.72058964554326,0.005081166618833066,0.0,613.125,-90.72058964554326,0.005081166618833066,0.0,0.0,0.0,0.0
5305,"(np.float64(-1.4515294343286922), np.float64(8.129866590132905e-05), np.float64(9.81))","(np.float64(-77.003636491138), np.float64(0.004312894226065477), 0)","(np.float64(-2046.371639752028), np.float64(0.11461516405768989), 0)",613.125,-90.72058964554326,0.005081166618833066,0.0,613.125,-90.72058964554326,0.005081166618833066,0.0,613.125,-90.72058964554326,0.005081166618833066,0.0,613.125,-90.72058964554326,0.005081166618833066,0.0,0.0,0.0,0.0
5310,"(np.float64(-1.4515294343286922), np.float64(8.129866590132905e-05), np.float64(9.81))","(np.float64(-77.07621296285443), np.float64(0.004316959159360543), 0)","(np.float64(-2050.227264811964), np.float64(0.11483111363899029), 0)",613.125,-90.72058964554326,0.005081166618833066,0.0,613.125,-90.72058964554326,0.005081166618833066,0.0,613.125,-90.72058964554326,0.005081166618833066,0.0,613.125,-90.72058964554326,0.005081166618833066,0.0,0.0,0.0,0.0
5315,"(np.float64(-1.4515294343286922), np.float64(8.129866590132905e-05), np.float64(9.81))","(np.float64(-77.14878943457086), np.float64(0.0043210240926556094), 0)","(np.float64(-2054.086518695485), np.float64(0.11504726646695544), 0)",613.125,-90.72058964554326,0.005081166618833066,0.0,613.125,-90.72058964554326,0.005081166618833066,0.0,613.125,-90.72058964554326,0.005081166618833066,0.0,613.125,-90.72058964554326,0.005081166618833066,0.0,0.0,0.0,0.0
5320,"(np.float64(-1.4515294343286922), np.float64(8.129866590132905e-05), np.float64(9.81))","(np.float64(-77.22136590628729), np.float64(0.0043250890259506755), 0)","(np.float64(-2057.9494014025927), np.float64(0.11526362254158536), 0)",613.125,-90.72058964554326,0.005081166618833066,0.0,613.125,-90.72058964554326,0.005081166618833066,0.0,613.125,-90.72058964554326,0.005081166618833066,0.0,613.125,-90.72058964554326,0.005081166618833066,0.0,0.0,0.0,0.0
5325,"(np.float64(-1.4515294343286922), np.float64(8.129866590132905e-05), np.float64(9.81))","(np.float64(-77.29394237800372), np.float64(0.0043291539592457415), 0)","(np.float64(-2061.8159129332857), np.float64(0.11548018186288002), 0)",613.125,-90.72058964554326,0.005081166618833066,0.0,613.125,-90.72058964554326,0.005081166618833066,0.0,613.125,-90.72058964554326,0.005081166618833066,0.0,613.125,-90.72058964554326,0.005081166618833066,0.0,0.0,0.0,0.0
5330,"(np.float64(-1.4515294343286922), np.float64(8.129866590132905e-05), np.float64(9.81))","(np.float64(-77.36651884972015), np.float64(0.0043332188925408075), 0)","(np.float64(-2065.686053287565), np.float64(0.11569694443083943), 0)",613.125,-90.72058964554326,0.005081166618833066,0.0,613.125,-90.72058964554326,0.005081166618833066,0.0,613.125,-90.72058964554326,0.005081166618833066,0.0,613.125,-90.72058964554326,0.005081166618833066,0.0,0.0,0.0,0.0
5335,"(np.float64(-1.4515294343286922), np.float64(8.129866590132905e-05), np.float64(9.81))","(np.float64(-77.43909532143658), np.float64(0.004337283825835874), 0)","(np.float64(-2069.5598224654295), np.float64(0.1159139102454636), 0)",613.125,-90.72058964554326,0.005081166618833066,0.0,613.125,-90.72058964554326,0.005081166618833066,0.0,613.125,-90.72058964554326,0.005081166618833066,0.0,613.125,-90.72058964554326,0.005081166618833066,0.0,0.0,0.0,0.0
5340,"(np.float64(-1.4515294343286922), np.float64(8.129866590132905e-05), np.float64(9.81))","(np.float64(-77.51167179315301), np.float64(0.00434134875913094), 0)","(np.float64(-2073.4372204668803), np.float64(0.11613107930675252), 0)",613.125,-90.72058964554326,0.005081166618833066,0.0,613.125,-90.72058964554326,0.005081166618833066,0.0,613.125,-90.72058964554326,0.005081166618833066,0.0,613.125,-90.72058964554326,0.005081166618833066,0.0,0.0,0.0,0.0
5345,"(np.float64(-1.4515294343286922), np.float64(8.129866590132905e-05), np.float64(9.81))","(np.float64(-77.58424826486944), np.float64(0.004345413692426006), 0)","(np.float64(-2077.3182472919166), np.float64(0.1163484516147062), 0)",613.125,-90.72058964554326,0.005081166618833066,0.0,613.125,-90.72058964554326,0.005081166618833066,0.0,613.125,-90.72058964554326,0.005081166618833066,0.0,613.125,-90.72058964554326,0.005081166618833066,0.0,0.0,0.0,0.0
5350,"(np.float64(-1.4515294343286922), np.float64(8.129866590132905e-05), np.float64(9.81))","(np.float64(-77.65682473658588), np.float64(0.004349478625721072), 0)","(np.float64(-2081.202902940539), np.float64(0.11656602716932463), 0)",613.125,-90.72058964554326,0.005081166618833066,0.0,613.125,-90.72058964554326,0.005081166618833066,0.0,613.125,-90.72058964554326,0.005081166618833066,0.0,613.125,-90.72058964554326,0.005081166618833066,0.0,0.0,0.0,0.0
5355,"(np.float64(-1.4515294343286922), np.float64(8.129866590132905e-05), np.float64(9.81))","(np.float64(-77.7294012083023), np.float64(0.004353543559016138), 0)","(np.float64(-2085.091187412747), np.float64(0.1167838059706078), 0)",613.125,-90.72058964554326,0.005081166618833066,0.0,613.125,-90.72058964554326,0.005081166618833066,0.0,613.125,-90.72058964554326,0.005081166618833066,0.0,613.125,-90.72058964554326,0.005081166618833066,0.0,0.0,0.0,0.0
5360,"(np.float64(-1.4515294343286922), np.float64(8.129866590132905e-05), np.float64(9.81))","(np.float64(-77.80197768001874), np.float64(0.004357608492311204), 0)","(np.float64(-2088.983100708541), np.float64(0.11700178801855574), 0)",613.125,-90.72058964554326,0.005081166618833066,0.0,613.125,-90.72058964554326,0.005081166618833066,0.0,613.125,-90.72058964554326,0.005081166618833066,0.0,613.125,-90.72058964554326,0.005081166618833066,0.0,0.0,0.0,0.0
5365,"(np.float64(-1.4515294343286922), np.float64(8.129866590132905e-05), np.float64(9.81))","(np.float64(-77.87455415173517), np.float64(0.00436167342560627), 0)","(np.float64(-2092.8786428279204), np.float64(0.11721997331316843), 0)",613.125,-90.72058964554326,0.005081166618833066,0.0,613.125,-90.72058964554326,0.005081166618833066,0.0,613.125,-90.72058964554326,0.005081166618833066,0.0,613.125,-90.72058964554326,0.005081166618833066,0.0,0.0,0.0,0.0
5370,"(np.float64(-1.4515294343286922), np.float64(8.129866590132905e-05), np.float64(9.81))","(np.float64(-77.9471306234516), np.float64(0.004365738358901336), 0)","(np.float64(-2096.777813770886), np.float64(0.11743836185444587), 0)",613.125,-90.72058964554326,0.005081166618833066,0.0,613.125,-90.72058964554326,0.005081166618833066,0.0,613.125,-90.72058964554326,0.005081166618833066,0.0,613.125,-90.72058964554326,0.005081166618833066,0.0,0.0,0.0,0.0
5375,"(np.float64(-1.4515294343286922), np.float64(8.129866590132905e-05), np.float64(9.81))","(np.float64(-78.01970709516803), np.float64(0.004369803292196402), 0)","(np.float64(-2100.6806135374372), np.float64(0.11765695364238805), 0)",613.125,-90.72058964554326,0.005081166618833066,0.0,613.125,-90.72058964554326,0.005081166618833066,0.0,613.125,-90.72058964554326,0.005081166618833066,0.0,613.125,-90.72058964554326,0.005081166618833066,0.0,0.0,0.0,0.0
5380,"(np.float64(-1.4515294343286922), np.float64(8.129866590132905e-05), np.float64(9.81))","(np.float64(-78.09228356688446), np.float64(0.004373868225491468), 0)","(np.float64(-2104.5870421275745), np.float64(0.117875748676995), 0)",613.125,-90.72058964554326,0.005081166618833066,0.0,613.125,-90.72058964554326,0.005081166618833066,0.0,613.125,-90.72058964554326,0.005081166618833066,0.0,613.125,-90.72058964554326,0.005081166618833066,0.0,0.0,0.0,0.0
5385,"(np.float64(-1.4515294343286922), np.float64(8.129866590132905e-05), np.float64(9.81))","(np.float64(-78.16486003860089), np.float64(0.004377933158786534), 0)","(np.float64(-2108.4970995412978), np.float64(0.1180947469582667), 0)",613.125,-90.72058964554326,0.005081166618833066,0.0,613.125,-90.72058964554326,0.005081166618833066,0.0,613.125,-90.72058964554326,0.005081166618833066,0.0,613.125,-90.72058964554326,0.005081166618833066,0.0,0.0,0.0,0.0
5390,"(np.float64(-1.4515294343286922), np.float64(8.129866590132905e-05), np.float64(9.81))","(np.float64(-78.23743651031732), np.float64(0.0043819980920816), 0)","(np.float64(-2112.4107857786066), np.float64(0.11831394848620316), 0)",613.125,-90.72058964554326,0.005081166618833066,0.0,613.125,-90.72058964554326,0.005081166618833066,0.0,613.125,-90.72058964554326,0.005081166618833066,0.0,613.125,-90.72058964554326,0.005081166618833066,0.0,0.0,0.0,0.0
5395,"(np.float64(-1.4515294343286922), np.float64(8.129866590132905e-05), np.float64(9.81))","(np.float64(-78.31001298203375), np.float64(0.004386063025376666), 0)","(np.float64(-2116.3281008395015), np.float64(0.11853335326080437), 0)",613.125,-90.72058964554326,0.005081166618833066,0.0,613.125,-90.72058964554326,0.005081166618833066,0.0,613.125,-90.72058964554326,0.005081166618833066,0.0,613.125,-90.72058964554326,0.005081166618833066,0.0,0.0,0.0,0.0
5400,"(np.float64(-1.4515294343286922), np.float64(8.129866590132905e-05), np.float64(9.81))","(np.float64(-78.38258945375019), np.float64(0.004390127958671732), 0)","(np.float64(-2120.249044723982), np.float64(0.11875296128207033), 0)",613.125,-90.72058964554326,0.005081166618833066,0.0,613.125,-90.72058964554326,0.005081166618833066,0.0,613.125,-90.72058964554326,0.005081166618833066,0.0,613.125,-90.72058964554326,0.005081166618833066,0.0,0.0,0.0,0.0
5405,"(np.float64(-1.4515294343286922), np.float64(8.129866590132905e-05), np.float64(9.81))","(np.float64(-78.45516592546662), np.float64(0.004394192891966798), 0)","(np.float64(-2124.1736174320486), np.float64(0.11897277255000105), 0)",613.125,-90.72058964554326,0.005081166618833066,0.0,613.125,-90.72058964554326,0.005081166618833066,0.0,613.125,-90.72058964554326,0.005081166618833066,0.0,613.125,-90.72058964554326,0.005081166618833066,0.0,0.0,0.0,0.0
5410,"(np.float64(-1.4515294343286922), np.float64(8.129866590132905e-05), np.float64(9.81))","(np.float64(-78.52774239718305), np.float64(0.004398257825261864), 0)","(np.float64(-2128.1018189637007), np.float64(0.11919278706459652), 0)",613.125,-90.72058964554326,0.005081166618833066,0.0,613.125,-90.72058964554326,0.005081166618833066,0.0,613.125,-90.72058964554326,0.005081166618833066,0.0,613.125,-90.72058964554326,0.005081166618833066,0.0,0.0,0.0,0.0
5415,"(np.float64(-1.4515294343286922), np.float64(8.129866590132905e-05), np.float64(9.81))","(np.float64(-78.60031886889948), np.float64(0.00440232275855693), 0)","(np.float64(-2132.033649318939), np.float64(0.11941300482585673), 0)",613.125,-90.72058964554326,0.005081166618833066,0.0,613.125,-90.72058964554326,0.005081166618833066,0.0,613.125,-90.72058964554326,0.005081166618833066,0.0,613.125,-90.72058964554326,0.005081166618833066,0.0,0.0,0.0,0.0
5420,"(np.float64(-1.4515294343286922), np.float64(8.129866590132905e-05), np.float64(9.81))","(np.float64(-78.67289534061591), np.float64(0.004406387691851996), 0)","(np.float64(-2135.9691084977626), np.float64(0.11963342583378171), 0)",613.125,-90.72058964554326,0.005081166618833066,0.0,613.125,-90.72058964554326,0.005081166618833066,0.0,613.125,-90.72058964554326,0.005081166618833066,0.0,613.125,-90.72058964554326,0.005081166618833066,0.0,0.0,0.0,0.0
5425,"(np.float64(-1.4515294343286922), np.float64(8.129866590132905e-05), np.float64(9.81))","(np.float64(-78.74547181233234), np.float64(0.004410452625147062), 0)","(np.float64(-2139.9081965001724), np.float64(0.11985405008837144), 0)",613.125,-90.72058964554326,0.005081166618833066,0.0,613.125,-90.72058964554326,0.005081166618833066,0.0,613.125,-90.72058964554326,0.005081166618833066,0.0,613.125,-90.72058964554326,0.005081166618833066,0.0,0.0,0.0,0.0
5430,"(np.float64(-1.4515294343286922), np.float64(8.129866590132905e-05), np.float64(9.81))","(np.float64(-78.81804828404877), np.float64(0.004414517558442128), 0)","(np.float64(-2143.8509133261678), np.float64(0.12007487758962591), 0)",613.125,-90.72058964554326,0.005081166618833066,0.0,613.125,-90.72058964554326,0.005081166618833066,0.0,613.125,-90.72058964554326,0.005081166618833066,0.0,613.125,-90.72058964554326,0.005081166618833066,0.0,0.0,0.0,0.0
5435,"(np.float64(-1.4515294343286922), np.float64(8.129866590132905e-05), np.float64(9.81))","(np.float64(-78.8906247557652), np.float64(0.004418582491737194), 0)","(np.float64(-2147.797258975749), np.float64(0.12029590833754515), 0)",613.125,-90.72058964554326,0.005081166618833066,0.0,613.125,-90.72058964554326,0.005081166618833066,0.0,613.125,-90.72058964554326,0.005081166618833066,0.0,613.125,-90.72058964554326,0.005081166618833066,0.0,0.0,0.0,0.0
5440,"(np.float64(-1.4515294343286922), np.float64(8.129866590132905e-05), np.float64(9.81))","(np.float64(-78.96320122748163), np.float64(0.00442264742503226), 0)","(np.float64(-2151.747233448916), np.float64(0.12051714233212914), 0)",613.125,-90.72058964554326,0.005081166618833066,0.0,613.125,-90.72058964554326,0.005081166618833066,0.0,613.125,-90.72058964554326,0.005081166618833066,0.0,613.125,-90.72058964554326,0.005081166618833066,0.0,0.0,0.0,0.0
5445,"(np.float64(-1.4515294343286922), np.float64(8.129866590132905e-05), np.float64(9.81))","(np.float64(-79.03577769919806), np.float64(0.004426712358327326), 0)","(np.float64(-2155.700836745669), np.float64(0.12073857957337787), 0)",613.125,-90.72058964554326,0.005081166618833066,0.0,613.125,-90.72058964554326,0.005081166618833066,0.0,613.125,-90.72058964554326,0.005081166618833066,0.0,613.125,-90.72058964554326,0.005081166618833066,0.0,0.0,0.0,0.0
5450,"(np.float64(-1.4515294343286922), np.float64(8.129866590132905e-05), np.float64(9.81))","(np.float64(-79.1083541709145), np.float64(0.004430777291622392), 0)","(np.float64(-2159.658068866008), np.float64(0.12096022006129137), 0)",613.125,-90.72058964554326,0.005081166618833066,0.0,613.125,-90.72058964554326,0.005081166618833066,0.0,613.125,-90.72058964554326,0.005081166618833066,0.0,613.125,-90.72058964554326,0.005081166618833066,0.0,0.0,0.0,0.0
5455,"(np.float64(-1.4515294343286922), np.float64(8.129866590132905e-05), np.float64(9.81))","(np.float64(-79.18093064263093), np.float64(0.004434842224917458), 0)","(np.float64(-2163.6189298099325), np.float64(0.12118206379586961), 0)",613.125,-90.72058964554326,0.005081166618833066,0.0,613.125,-90.72058964554326,0.005081166618833066,0.0,613.125,-90.72058964554326,0.005081166618833066,0.0,613.125,-90.72058964554326,0.005081166618833066,0.0,0.0,0.0,0.0
5460,"(np.float64(-1.4515294343286922), np.float64(8.129866590132905e-05), np.float64(9.81))","(np.float64(-79.25350711434736), np.float64(0.004438907158212524), 0)","(np.float64(-2167.583419577443), np.float64(0.12140411077711262), 0)",613.125,-90.72058964554326,0.005081166618833066,0.0,613.125,-90.72058964554326,0.005081166618833066,0.0,613.125,-90.72058964554326,0.005081166618833066,0.0,613.125,-90.72058964554326,0.005081166618833066,0.0,0.0,0.0,0.0
5465,"(np.float64(-1.4515294343286922), np.float64(8.129866590132905e-05), np.float64(9.81))","(np.float64(-79.32608358606379), np.float64(0.0044429720915075905), 0)","(np.float64(-2171.551538168539), np.float64(0.12162636100502038), 0)",613.125,-90.72058964554326,0.005081166618833066,0.0,613.125,-90.72058964554326,0.005081166618833066,0.0,613.125,-90.72058964554326,0.005081166618833066,0.0,613.125,-90.72058964554326,0.005081166618833066,0.0,0.0,0.0,0.0
5470,"(np.float64(-1.4515294343286922), np.float64(8.129866590132905e-05), np.float64(9.81))","(np.float64(-79.39866005778022), np.float64(0.0044470370248026565), 0)","(np.float64(-2175.523285583221), np.float64(0.12184881447959288), 0)",613.125,-90.72058964554326,0.005081166618833066,0.0,613.125,-90.72058964554326,0.005081166618833066,0.0,613.125,-90.72058964554326,0.005081166618833066,0.0,613.125,-90.72058964554326,0.005081166618833066,0.0,0.0,0.0,0.0
5475,"(np.float64(-1.4515294343286922), np.float64(8.129866590132905e-05), np.float64(9.81))","(np.float64(-79.47123652949665), np.float64(0.0044511019580977225), 0)","(np.float64(-2179.498661821489), np.float64(0.12207147120083015), 0)",613.125,-90.72058964554326,0.005081166618833066,0.0,613.125,-90.72058964554326,0.005081166618833066,0.0,613.125,-90.72058964554326,0.005081166618833066,0.0,613.125,-90.72058964554326,0.005081166618833066,0.0,0.0,0.0,0.0
5480,"(np.float64(-1.4515294343286922), np.float64(8.129866590132905e-05), np.float64(9.81))","(np.float64(-79.54381300121308), np.float64(0.0044551668913927886), 0)","(np.float64(-2183.4776668833424), np.float64(0.12229433116873216), 0)",613.125,-90.72058964554326,0.005081166618833066,0.0,613.125,-90.72058964554326,0.005081166618833066,0.0,613.125,-90.72058964554326,0.005081166618833066,0.0,613.125,-90.72058964554326,0.005081166618833066,0.0,0.0,0.0,0.0
5485,"(np.float64(-1.4515294343286922), np.float64(8.129866590132905e-05), np.float64(9.81))","(np.float64(-79.61638947292951), np.float64(0.004459231824687855), 0)","(np.float64(-2187.460300768782), np.float64(0.12251739438329892), 0)",613.125,-90.72058964554326,0.005081166618833066,0.0,613.125,-90.72058964554326,0.005081166618833066,0.0,613.125,-90.72058964554326,0.005081166618833066,0.0,613.125,-90.72058964554326,0.005081166618833066,0.0,0.0,0.0,0.0
5490,"(np.float64(-1.4515294343286922), np.float64(8.129866590132905e-05), np.float64(9.81))","(np.float64(-79.68896594464594), np.float64(0.004463296757982921), 0)","(np.float64(-2191.446563477807), np.float64(0.12274066084453045), 0)",613.125,-90.72058964554326,0.005081166618833066,0.0,613.125,-90.72058964554326,0.005081166618833066,0.0,613.125,-90.72058964554326,0.005081166618833066,0.0,613.125,-90.72058964554326,0.005081166618833066,0.0,0.0,0.0,0.0
5495,"(np.float64(-1.4515294343286922), np.float64(8.129866590132905e-05), np.float64(9.81))","(np.float64(-79.76154241636237), np.float64(0.004467361691277987), 0)","(np.float64(-2195.4364550104183), np.float64(0.12296413055242672), 0)",613.125,-90.72058964554326,0.005081166618833066,0.0,613.125,-90.72058964554326,0.005081166618833066,0.0,613.125,-90.72058964554326,0.005081166618833066,0.0,613.125,-90.72058964554326,0.005081166618833066,0.0,0.0,0.0,0.0
5500,"(np.float64(-1.4515294343286922), np.float64(8.129866590132905e-05), np.float64(9.81))","(np.float64(-79.8341188880788), np.float64(0.004471426624573053), 0)","(np.float64(-2199.429975366615), np.float64(0.12318780350698774), 0)",613.125,-90.72058964554326,0.005081166618833066,0.0,613.125,-90.72058964554326,0.005081166618833066,0.0,613.125,-90.72058964554326,0.005081166618833066,0.0,613.125,-90.72058964554326,0.005081166618833066,0.0,0.0,0.0,0.0
5505,"(np.float64(-1.4515294343286922), np.float64(8.129866590132905e-05), np.float64(9.81))","(np.float64(-79.90669535979524), np.float64(0.004475491557868119), 0)","(np.float64(-2203.427124546398), np.float64(0.12341167970821353), 0)",613.125,-90.72058964554326,0.005081166618833066,0.0,613.125,-90.72058964554326,0.005081166618833066,0.0,613.125,-90.72058964554326,0.005081166618833066,0.0,613.125,-90.72058964554326,0.005081166618833066,0.0,0.0,0.0,0.0
5510,"(np.float64(-1.4515294343286922), np.float64(8.129866590132905e-05), np.float64(9.81))","(np.float64(-79.97927183151167), np.float64(0.004479556491163185), 0)","(np.float64(-2207.4279025497663), np.float64(0.12363575915610406), 0)",613.125,-90.72058964554326,0.005081166618833066,0.0,613.125,-90.72058964554326,0.005081166618833066,0.0,613.125,-90.72058964554326,0.005081166618833066,0.0,613.125,-90.72058964554326,0.005081166618833066,0.0,0.0,0.0,0.0
5515,"(np.float64(-1.4515294343286922), np.float64(8.129866590132905e-05), np.float64(9.81))","(np.float64(-80.0518483032281), np.float64(0.004483621424458251), 0)","(np.float64(-2211.4323093767207), np.float64(0.12386004185065934), 0)",613.125,-90.72058964554326,0.005081166618833066,0.0,613.125,-90.72058964554326,0.005081166618833066,0.0,613.125,-90.72058964554326,0.005081166618833066,0.0,613.125,-90.72058964554326,0.005081166618833066,0.0,0.0,0.0,0.0
5520,"(np.float64(-1.4515294343286922), np.float64(8.129866590132905e-05), np.float64(9.81))","(np.float64(-80.12442477494453), np.float64(0.004487686357753317), 0)","(np.float64(-2215.4403450272607), np.float64(0.12408452779187938), 0)",613.125,-90.72058964554326,0.005081166618833066,0.0,613.125,-90.72058964554326,0.005081166618833066,0.0,613.125,-90.72058964554326,0.005081166618833066,0.0,613.125,-90.72058964554326,0.005081166618833066,0.0,0.0,0.0,0.0
5525,"(np.float64(-1.4515294343286922), np.float64(8.129866590132905e-05), np.float64(9.81))","(np.float64(-80.19700124666096), np.float64(0.004491751291048383), 0)","(np.float64(-2219.452009501387), np.float64(0.12430921697976417), 0)",613.125,-90.72058964554326,0.005081166618833066,0.0,613.125,-90.72058964554326,0.005081166618833066,0.0,613.125,-90.72058964554326,0.005081166618833066,0.0,613.125,-90.72058964554326,0.005081166618833066,0.0,0.0,0.0,0.0
5530,"(np.float64(-1.4515294343286922), np.float64(8.129866590132905e-05), np.float64(9.81))","(np.float64(-80.26957771837739), np.float64(0.004495816224343449), 0)","(np.float64(-2223.467302799099), np.float64(0.12453410941431373), 0)",613.125,-90.72058964554326,0.005081166618833066,0.0,613.125,-90.72058964554326,0.005081166618833066,0.0,613.125,-90.72058964554326,0.005081166618833066,0.0,613.125,-90.72058964554326,0.005081166618833066,0.0,0.0,0.0,0.0
5535,"(np.float64(-1.4515294343286922), np.float64(8.129866590132905e-05), np.float64(9.81))","(np.float64(-80.34215419009382), np.float64(0.004499881157638515), 0)","(np.float64(-2227.4862249203966), np.float64(0.12475920509552803), 0)",613.125,-90.72058964554326,0.005081166618833066,0.0,613.125,-90.72058964554326,0.005081166618833066,0.0,613.125,-90.72058964554326,0.005081166618833066,0.0,613.125,-90.72058964554326,0.005081166618833066,0.0,0.0,0.0,0.0
5540,"(np.float64(-1.4515294343286922), np.float64(8.129866590132905e-05), np.float64(9.81))","(np.float64(-80.41473066181025), np.float64(0.004503946090933581), 0)","(np.float64(-2231.5087758652803), np.float64(0.12498450402340708), 0)",613.125,-90.72058964554326,0.005081166618833066,0.0,613.125,-90.72058964554326,0.005081166618833066,0.0,613.125,-90.72058964554326,0.005081166618833066,0.0,613.125,-90.72058964554326,0.005081166618833066,0.0,0.0,0.0,0.0
5545,"(np.float64(-1.4515294343286922), np.float64(8.129866590132905e-05), np.float64(9.81))","(np.float64(-80.48730713352668), np.float64(0.004508011024228647), 0)","(np.float64(-2235.5349556337496), np.float64(0.1252100061979509), 0)",613.125,-90.72058964554326,0.005081166618833066,0.0,613.125,-90.72058964554326,0.005081166618833066,0.0,613.125,-90.72058964554326,0.005081166618833066,0.0,613.125,-90.72058964554326,0.005081166618833066,0.0,0.0,0.0,0.0
5550,"(np.float64(-1.4515294343286922), np.float64(8.129866590132905e-05), np.float64(9.81))","(np.float64(-80.55988360524312), np.float64(0.004512075957523713), 0)","(np.float64(-2239.564764225805), np.float64(0.12543571161915945), 0)",613.125,-90.72058964554326,0.005081166618833066,0.0,613.125,-90.72058964554326,0.005081166618833066,0.0,613.125,-90.72058964554326,0.005081166618833066,0.0,613.125,-90.72058964554326,0.005081166618833066,0.0,0.0,0.0,0.0
5555,"(np.float64(-1.4515294343286922), np.float64(8.129866590132905e-05), np.float64(9.81))","(np.float64(-80.63246007695955), np.float64(0.004516140890818779), 0)","(np.float64(-2243.598201641446), np.float64(0.1256616202870328), 0)",613.125,-90.72058964554326,0.005081166618833066,0.0,613.125,-90.72058964554326,0.005081166618833066,0.0,613.125,-90.72058964554326,0.005081166618833066,0.0,613.125,-90.72058964554326,0.005081166618833066,0.0,0.0,0.0,0.0
5560,"(np.float64(-1.4515294343286922), np.float64(8.129866590132905e-05), np.float64(9.81))","(np.float64(-80.70503654867598), np.float64(0.004520205824113845), 0)","(np.float64(-2247.635267880673), np.float64(0.12588773220157087), 0)",613.125,-90.72058964554326,0.005081166618833066,0.0,613.125,-90.72058964554326,0.005081166618833066,0.0,613.125,-90.72058964554326,0.005081166618833066,0.0,613.125,-90.72058964554326,0.005081166618833066,0.0,0.0,0.0,0.0
5565,"(np.float64(-1.4515294343286922), np.float64(8.129866590132905e-05), np.float64(9.81))","(np.float64(-80.77761302039241), np.float64(0.004524270757408911), 0)","(np.float64(-2251.6759629434855), np.float64(0.1261140473627737), 0)",613.125,-90.72058964554326,0.005081166618833066,0.0,613.125,-90.72058964554326,0.005081166618833066,0.0,613.125,-90.72058964554326,0.005081166618833066,0.0,613.125,-90.72058964554326,0.005081166618833066,0.0,0.0,0.0,0.0
5570,"(np.float64(-1.4515294343286922), np.float64(8.129866590132905e-05), np.float64(9.81))","(np.float64(-80.85018949210884), np.float64(0.004528335690703977), 0)","(np.float64(-2255.720286829884), np.float64(0.1263405657706413), 0)",613.125,-90.72058964554326,0.005081166618833066,0.0,613.125,-90.72058964554326,0.005081166618833066,0.0,613.125,-90.72058964554326,0.005081166618833066,0.0,613.125,-90.72058964554326,0.005081166618833066,0.0,0.0,0.0,0.0
5575,"(np.float64(-1.4515294343286922), np.float64(8.129866590132905e-05), np.float64(9.81))","(np.float64(-80.92276596382527), np.float64(0.004532400623999043), 0)","(np.float64(-2259.7682395398683), np.float64(0.12656728742517362), 0)",613.125,-90.72058964554326,0.005081166618833066,0.0,613.125,-90.72058964554326,0.005081166618833066,0.0,613.125,-90.72058964554326,0.005081166618833066,0.0,613.125,-90.72058964554326,0.005081166618833066,0.0,0.0,0.0,0.0
5580,"(np.float64(-1.4515294343286922), np.float64(8.129866590132905e-05), np.float64(9.81))","(np.float64(-80.9953424355417), np.float64(0.004536465557294109), 0)","(np.float64(-2263.8198210734386), np.float64(0.12679421232637073), 0)",613.125,-90.72058964554326,0.005081166618833066,0.0,613.125,-90.72058964554326,0.005081166618833066,0.0,613.125,-90.72058964554326,0.005081166618833066,0.0,613.125,-90.72058964554326,0.005081166618833066,0.0,0.0,0.0,0.0
5585,"(np.float64(-1.4515294343286922), np.float64(8.129866590132905e-05), np.float64(9.81))","(np.float64(-81.06791890725813), np.float64(0.004540530490589175), 0)","(np.float64(-2267.8750314305944), np.float64(0.12702134047423258), 0)",613.125,-90.72058964554326,0.005081166618833066,0.0,613.125,-90.72058964554326,0.005081166618833066,0.0,613.125,-90.72058964554326,0.005081166618833066,0.0,613.125,-90.72058964554326,0.005081166618833066,0.0,0.0,0.0,0.0
5590,"(np.float64(-1.4515294343286922), np.float64(8.129866590132905e-05), np.float64(9.81))","(np.float64(-81.14049537897456), np.float64(0.004544595423884241), 0)","(np.float64(-2271.9338706113363), np.float64(0.12724867186875918), 0)",613.125,-90.72058964554326,0.005081166618833066,0.0,613.125,-90.72058964554326,0.005081166618833066,0.0,613.125,-90.72058964554326,0.005081166618833066,0.0,613.125,-90.72058964554326,0.005081166618833066,0.0,0.0,0.0,0.0
5595,"(np.float64(-1.4515294343286922), np.float64(8.129866590132905e-05), np.float64(9.81))","(np.float64(-81.213071850691), np.float64(0.004548660357179307), 0)","(np.float64(-2275.9963386156637), np.float64(0.12747620650995053), 0)",613.125,-90.72058964554326,0.005081166618833066,0.0,613.125,-90.72058964554326,0.005081166618833066,0.0,613.125,-90.72058964554326,0.005081166618833066,0.0,613.125,-90.72058964554326,0.005081166618833066,0.0,0.0,0.0,0.0
5600,"(np.float64(-1.4515294343286922), np.float64(8.129866590132905e-05), np.float64(9.81))","(np.float64(-81.28564832240743), np.float64(0.004552725290474373), 0)","(np.float64(-2280.062435443577), np.float64(0.12770394439780663), 0)",613.125,-90.72058964554326,0.005081166618833066,0.0,613.125,-90.72058964554326,0.005081166618833066,0.0,613.125,-90.72058964554326,0.005081166618833066,0.0,613.125,-90.72058964554326,0.005081166618833066,0.0,0.0,0.0,0.0
5605,"(np.float64(-1.4515294343286922), np.float64(8.129866590132905e-05), np.float64(9.81))","(np.float64(-81.35822479412386), np.float64(0.004556790223769439), 0)","(np.float64(-2284.1321610950763), np.float64(0.12793188553232748), 0)",613.125,-90.72058964554326,0.005081166618833066,0.0,613.125,-90.72058964554326,0.005081166618833066,0.0,613.125,-90.72058964554326,0.005081166618833066,0.0,613.125,-90.72058964554326,0.005081166618833066,0.0,0.0,0.0,0.0
5610,"(np.float64(-1.4515294343286922), np.float64(8.129866590132905e-05), np.float64(9.81))","(np.float64(-81.43080126584029), np.float64(0.0045608551570645054), 0)","(np.float64(-2288.2055155701614), np.float64(0.1281600299135131), 0)",613.125,-90.72058964554326,0.005081166618833066,0.0,613.125,-90.72058964554326,0.005081166618833066,0.0,613.125,-90.72058964554326,0.005081166618833066,0.0,613.125,-90.72058964554326,0.005081166618833066,0.0,0.0,0.0,0.0
5615,"(np.float64(-1.4515294343286922), np.float64(8.129866590132905e-05), np.float64(9.81))","(np.float64(-81.50337773755672), np.float64(0.0045649200903595715), 0)","(np.float64(-2292.282498868832), np.float64(0.12838837754136348), 0)",613.125,-90.72058964554326,0.005081166618833066,0.0,613.125,-90.72058964554326,0.005081166618833066,0.0,613.125,-90.72058964554326,0.005081166618833066,0.0,613.125,-90.72058964554326,0.005081166618833066,0.0,0.0,0.0,0.0
5620,"(np.float64(-1.4515294343286922), np.float64(8.129866590132905e-05), np.float64(9.81))","(np.float64(-81.57595420927315), np.float64(0.0045689850236546375), 0)","(np.float64(-2296.363110991089), np.float64(0.1286169284158786), 0)",613.125,-90.72058964554326,0.005081166618833066,0.0,613.125,-90.72058964554326,0.005081166618833066,0.0,613.125,-90.72058964554326,0.005081166618833066,0.0,613.125,-90.72058964554326,0.005081166618833066,0.0,0.0,0.0,0.0
5625,"(np.float64(-1.4515294343286922), np.float64(8.129866590132905e-05), np.float64(9.81))","(np.float64(-81.64853068098958), np.float64(0.0045730499569497035), 0)","(np.float64(-2300.447351936931), np.float64(0.12884568253705847), 0)",613.125,-90.72058964554326,0.005081166618833066,0.0,613.125,-90.72058964554326,0.005081166618833066,0.0,613.125,-90.72058964554326,0.005081166618833066,0.0,613.125,-90.72058964554326,0.005081166618833066,0.0,0.0,0.0,0.0
5630,"(np.float64(-1.4515294343286922), np.float64(8.129866590132905e-05), np.float64(9.81))","(np.float64(-81.72110715270601), np.float64(0.00457711489024477), 0)","(np.float64(-2304.5352217063596), np.float64(0.1290746399049031), 0)",613.125,-90.72058964554326,0.005081166618833066,0.0,613.125,-90.72058964554326,0.005081166618833066,0.0,613.125,-90.72058964554326,0.005081166618833066,0.0,613.125,-90.72058964554326,0.005081166618833066,0.0,0.0,0.0,0.0
5635,"(np.float64(-1.4515294343286922), np.float64(8.129866590132905e-05), np.float64(9.81))","(np.float64(-81.79368362442244), np.float64(0.004581179823539836), 0)","(np.float64(-2308.6267202993736), np.float64(0.12930380051941245), 0)",613.125,-90.72058964554326,0.005081166618833066,0.0,613.125,-90.72058964554326,0.005081166618833066,0.0,613.125,-90.72058964554326,0.005081166618833066,0.0,613.125,-90.72058964554326,0.005081166618833066,0.0,0.0,0.0,0.0
5640,"(np.float64(-1.4515294343286922), np.float64(8.129866590132905e-05), np.float64(9.81))","(np.float64(-81.86626009613887), np.float64(0.004585244756834902), 0)","(np.float64(-2312.7218477159736), np.float64(0.1295331643805866), 0)",613.125,-90.72058964554326,0.005081166618833066,0.0,613.125,-90.72058964554326,0.005081166618833066,0.0,613.125,-90.72058964554326,0.005081166618833066,0.0,613.125,-90.72058964554326,0.005081166618833066,0.0,0.0,0.0,0.0
5645,"(np.float64(-1.4515294343286922), np.float64(8.129866590132905e-05), np.float64(9.81))","(np.float64(-81.9388365678553), np.float64(0.004589309690129968), 0)","(np.float64(-2316.820603956159), np.float64(0.1297627314884255), 0)",613.125,-90.72058964554326,0.005081166618833066,0.0,613.125,-90.72058964554326,0.005081166618833066,0.0,613.125,-90.72058964554326,0.005081166618833066,0.0,613.125,-90.72058964554326,0.005081166618833066,0.0,0.0,0.0,0.0
5650,"(np.float64(-1.4515294343286922), np.float64(8.129866590132905e-05), np.float64(9.81))","(np.float64(-82.01141303957174), np.float64(0.004593374623425034), 0)","(np.float64(-2320.922989019931), np.float64(0.12999250184292913), 0)",613.125,-90.72058964554326,0.005081166618833066,0.0,613.125,-90.72058964554326,0.005081166618833066,0.0,613.125,-90.72058964554326,0.005081166618833066,0.0,613.125,-90.72058964554326,0.005081166618833066,0.0,0.0,0.0,0.0
5655,"(np.float64(-1.4515294343286922), np.float64(8.129866590132905e-05), np.float64(9.81))","(np.float64(-82.08398951128817), np.float64(0.0045974395567201), 0)","(np.float64(-2325.029002907288), np.float64(0.1302224754440975), 0)",613.125,-90.72058964554326,0.005081166618833066,0.0,613.125,-90.72058964554326,0.005081166618833066,0.0,613.125,-90.72058964554326,0.005081166618833066,0.0,613.125,-90.72058964554326,0.005081166618833066,0.0,0.0,0.0,0.0
5660,"(np.float64(-1.4515294343286922), np.float64(8.129866590132905e-05), np.float64(9.81))","(np.float64(-82.1565659830046), np.float64(0.004601504490015166), 0)","(np.float64(-2329.1386456182313), np.float64(0.13045265229193065), 0)",613.125,-90.72058964554326,0.005081166618833066,0.0,613.125,-90.72058964554326,0.005081166618833066,0.0,613.125,-90.72058964554326,0.005081166618833066,0.0,613.125,-90.72058964554326,0.005081166618833066,0.0,0.0,0.0,0.0
5665,"(np.float64(-1.4515294343286922), np.float64(8.129866590132905e-05), np.float64(9.81))","(np.float64(-82.22914245472103), np.float64(0.004605569423310232), 0)","(np.float64(-2333.25191715276), np.float64(0.13068303238642856), 0)",613.125,-90.72058964554326,0.005081166618833066,0.0,613.125,-90.72058964554326,0.005081166618833066,0.0,613.125,-90.72058964554326,0.005081166618833066,0.0,613.125,-90.72058964554326,0.005081166618833066,0.0,0.0,0.0,0.0
5670,"(np.float64(-1.4515294343286922), np.float64(8.129866590132905e-05), np.float64(9.81))","(np.float64(-82.30171892643746), np.float64(0.004609634356605298), 0)","(np.float64(-2337.368817510875), np.float64(0.13091361572759122), 0)",613.125,-90.72058964554326,0.005081166618833066,0.0,613.125,-90.72058964554326,0.005081166618833066,0.0,613.125,-90.72058964554326,0.005081166618833066,0.0,613.125,-90.72058964554326,0.005081166618833066,0.0,0.0,0.0,0.0
5675,"(np.float64(-1.4515294343286922), np.float64(8.129866590132905e-05), np.float64(9.81))","(np.float64(-82.37429539815389), np.float64(0.004613699289900364), 0)","(np.float64(-2341.489346692576), np.float64(0.13114440231541863), 0)",613.125,-90.72058964554326,0.005081166618833066,0.0,613.125,-90.72058964554326,0.005081166618833066,0.0,613.125,-90.72058964554326,0.005081166618833066,0.0,613.125,-90.72058964554326,0.005081166618833066,0.0,0.0,0.0,0.0
5680,"(np.float64(-1.4515294343286922), np.float64(8.129866590132905e-05), np.float64(9.81))","(np.float64(-82.44687186987032), np.float64(0.00461776422319543), 0)","(np.float64(-2345.6135046978625), np.float64(0.13137539214991079), 0)",613.125,-90.72058964554326,0.005081166618833066,0.0,613.125,-90.72058964554326,0.005081166618833066,0.0,613.125,-90.72058964554326,0.005081166618833066,0.0,613.125,-90.72058964554326,0.005081166618833066,0.0,0.0,0.0,0.0
5685,"(np.float64(-1.4515294343286922), np.float64(8.129866590132905e-05), np.float64(9.81))","(np.float64(-82.51944834158675), np.float64(0.004621829156490496), 0)","(np.float64(-2349.741291526735), np.float64(0.1316065852310677), 0)",613.125,-90.72058964554326,0.005081166618833066,0.0,613.125,-90.72058964554326,0.005081166618833066,0.0,613.125,-90.72058964554326,0.005081166618833066,0.0,613.125,-90.72058964554326,0.005081166618833066,0.0,0.0,0.0,0.0
5690,"(np.float64(-1.4515294343286922), np.float64(8.129866590132905e-05), np.float64(9.81))","(np.float64(-82.59202481330318), np.float64(0.004625894089785562), 0)","(np.float64(-2353.872707179193), np.float64(0.13183798155888934), 0)",613.125,-90.72058964554326,0.005081166618833066,0.0,613.125,-90.72058964554326,0.005081166618833066,0.0,613.125,-90.72058964554326,0.005081166618833066,0.0,613.125,-90.72058964554326,0.005081166618833066,0.0,0.0,0.0,0.0
5695,"(np.float64(-1.4515294343286922), np.float64(8.129866590132905e-05), np.float64(9.81))","(np.float64(-82.66460128501961), np.float64(0.004629959023080628), 0)","(np.float64(-2358.0077516552374), np.float64(0.13206958113337577), 0)",613.125,-90.72058964554326,0.005081166618833066,0.0,613.125,-90.72058964554326,0.005081166618833066,0.0,613.125,-90.72058964554326,0.005081166618833066,0.0,613.125,-90.72058964554326,0.005081166618833066,0.0,0.0,0.0,0.0
5700,"(np.float64(-1.4515294343286922), np.float64(8.129866590132905e-05), np.float64(9.81))","(np.float64(-82.73717775673605), np.float64(0.004634023956375694), 0)","(np.float64(-2362.146424954867), np.float64(0.13230138395452695), 0)",613.125,-90.72058964554326,0.005081166618833066,0.0,613.125,-90.72058964554326,0.005081166618833066,0.0,613.125,-90.72058964554326,0.005081166618833066,0.0,613.125,-90.72058964554326,0.005081166618833066,0.0,0.0,0.0,0.0
5705,"(np.float64(-1.4515294343286922), np.float64(8.129866590132905e-05), np.float64(9.81))","(np.float64(-82.80975422845248), np.float64(0.00463808888967076), 0)","(np.float64(-2366.288727078083), np.float64(0.13253339002234288), 0)",613.125,-90.72058964554326,0.005081166618833066,0.0,613.125,-90.72058964554326,0.005081166618833066,0.0,613.125,-90.72058964554326,0.005081166618833066,0.0,613.125,-90.72058964554326,0.005081166618833066,0.0,0.0,0.0,0.0
5710,"(np.float64(-1.4515294343286922), np.float64(8.129866590132905e-05), np.float64(9.81))","(np.float64(-82.88233070016891), np.float64(0.004642153822965826), 0)","(np.float64(-2370.4346580248844), np.float64(0.13276559933682355), 0)",613.125,-90.72058964554326,0.005081166618833066,0.0,613.125,-90.72058964554326,0.005081166618833066,0.0,613.125,-90.72058964554326,0.005081166618833066,0.0,613.125,-90.72058964554326,0.005081166618833066,0.0,0.0,0.0,0.0
5715,"(np.float64(-1.4515294343286922), np.float64(8.129866590132905e-05), np.float64(9.81))","(np.float64(-82.95490717188534), np.float64(0.004646218756260892), 0)","(np.float64(-2374.584217795272), np.float64(0.13299801189796898), 0)",613.125,-90.72058964554326,0.005081166618833066,0.0,613.125,-90.72058964554326,0.005081166618833066,0.0,613.125,-90.72058964554326,0.005081166618833066,0.0,613.125,-90.72058964554326,0.005081166618833066,0.0,0.0,0.0,0.0
5720,"(np.float64(-1.4515294343286922), np.float64(8.129866590132905e-05), np.float64(9.81))","(np.float64(-83.02748364360177), np.float64(0.004650283689555958), 0)","(np.float64(-2378.737406389245), np.float64(0.13323062770577918), 0)",613.125,-90.72058964554326,0.005081166618833066,0.0,613.125,-90.72058964554326,0.005081166618833066,0.0,613.125,-90.72058964554326,0.005081166618833066,0.0,613.125,-90.72058964554326,0.005081166618833066,0.0,0.0,0.0,0.0
5725,"(np.float64(-1.4515294343286922), np.float64(8.129866590132905e-05), np.float64(9.81))","(np.float64(-83.1000601153182), np.float64(0.004654348622851024), 0)","(np.float64(-2382.894223806804), np.float64(0.13346344676025412), 0)",613.125,-90.72058964554326,0.005081166618833066,0.0,613.125,-90.72058964554326,0.005081166618833066,0.0,613.125,-90.72058964554326,0.005081166618833066,0.0,613.125,-90.72058964554326,0.005081166618833066,0.0,0.0,0.0,0.0
5730,"(np.float64(-1.4515294343286922), np.float64(8.129866590132905e-05), np.float64(9.81))","(np.float64(-83.17263658703463), np.float64(0.00465841355614609), 0)","(np.float64(-2387.0546700479485), np.float64(0.13369646906139382), 0)",613.125,-90.72058964554326,0.005081166618833066,0.0,613.125,-90.72058964554326,0.005081166618833066,0.0,613.125,-90.72058964554326,0.005081166618833066,0.0,613.125,-90.72058964554326,0.005081166618833066,0.0,0.0,0.0,0.0
5735,"(np.float64(-1.4515294343286922), np.float64(8.129866590132905e-05), np.float64(9.81))","(np.float64(-83.24521305875106), np.float64(0.004662478489441156), 0)","(np.float64(-2391.2187451126792), np.float64(0.13392969460919826), 0)",613.125,-90.72058964554326,0.005081166618833066,0.0,613.125,-90.72058964554326,0.005081166618833066,0.0,613.125,-90.72058964554326,0.005081166618833066,0.0,613.125,-90.72058964554326,0.005081166618833066,0.0,0.0,0.0,0.0
5740,"(np.float64(-1.4515294343286922), np.float64(8.129866590132905e-05), np.float64(9.81))","(np.float64(-83.3177895304675), np.float64(0.004666543422736222), 0)","(np.float64(-2395.3864490009955), np.float64(0.13416312340366746), 0)",613.125,-90.72058964554326,0.005081166618833066,0.0,613.125,-90.72058964554326,0.005081166618833066,0.0,613.125,-90.72058964554326,0.005081166618833066,0.0,613.125,-90.72058964554326,0.005081166618833066,0.0,0.0,0.0,0.0
5745,"(np.float64(-1.4515294343286922), np.float64(8.129866590132905e-05), np.float64(9.81))","(np.float64(-83.39036600218392), np.float64(0.004670608356031288), 0)","(np.float64(-2399.557781712898), np.float64(0.1343967554448014), 0)",613.125,-90.72058964554326,0.005081166618833066,0.0,613.125,-90.72058964554326,0.005081166618833066,0.0,613.125,-90.72058964554326,0.005081166618833066,0.0,613.125,-90.72058964554326,0.005081166618833066,0.0,0.0,0.0,0.0
5750,"(np.float64(-1.4515294343286922), np.float64(8.129866590132905e-05), np.float64(9.81))","(np.float64(-83.46294247390036), np.float64(0.004674673289326354), 0)","(np.float64(-2403.7327432483858), np.float64(0.13463059073260011), 0)",613.125,-90.72058964554326,0.005081166618833066,0.0,613.125,-90.72058964554326,0.005081166618833066,0.0,613.125,-90.72058964554326,0.005081166618833066,0.0,613.125,-90.72058964554326,0.005081166618833066,0.0,0.0,0.0,0.0
5755,"(np.float64(-1.4515294343286922), np.float64(8.129866590132905e-05), np.float64(9.81))","(np.float64(-83.53551894561679), np.float64(0.00467873822262142), 0)","(np.float64(-2407.9113336074597), np.float64(0.13486462926706358), 0)",613.125,-90.72058964554326,0.005081166618833066,0.0,613.125,-90.72058964554326,0.005081166618833066,0.0,613.125,-90.72058964554326,0.005081166618833066,0.0,613.125,-90.72058964554326,0.005081166618833066,0.0,0.0,0.0,0.0
5760,"(np.float64(-1.4515294343286922), np.float64(8.129866590132905e-05), np.float64(9.81))","(np.float64(-83.60809541733322), np.float64(0.0046828031559164865), 0)","(np.float64(-2412.0935527901192), np.float64(0.1350988710481918), 0)",613.125,-90.72058964554326,0.005081166618833066,0.0,613.125,-90.72058964554326,0.005081166618833066,0.0,613.125,-90.72058964554326,0.005081166618833066,0.0,613.125,-90.72058964554326,0.005081166618833066,0.0,0.0,0.0,0.0
5765,"(np.float64(-1.4515294343286922), np.float64(8.129866590132905e-05), np.float64(9.81))","(np.float64(-83.68067188904965), np.float64(0.0046868680892115525), 0)","(np.float64(-2416.279400796365), np.float64(0.13533331607598476), 0)",613.125,-90.72058964554326,0.005081166618833066,0.0,613.125,-90.72058964554326,0.005081166618833066,0.0,613.125,-90.72058964554326,0.005081166618833066,0.0,613.125,-90.72058964554326,0.005081166618833066,0.0,0.0,0.0,0.0
5770,"(np.float64(-1.4515294343286922), np.float64(8.129866590132905e-05), np.float64(9.81))","(np.float64(-83.75324836076608), np.float64(0.0046909330225066185), 0)","(np.float64(-2420.468877626196), np.float64(0.13556796435044247), 0)",613.125,-90.72058964554326,0.005081166618833066,0.0,613.125,-90.72058964554326,0.005081166618833066,0.0,613.125,-90.72058964554326,0.005081166618833066,0.0,613.125,-90.72058964554326,0.005081166618833066,0.0,0.0,0.0,0.0
5775,"(np.float64(-1.4515294343286922), np.float64(8.129866590132905e-05), np.float64(9.81))","(np.float64(-83.82582483248251), np.float64(0.0046949979558016846), 0)","(np.float64(-2424.661983279613), np.float64(0.13580281587156492), 0)",613.125,-90.72058964554326,0.005081166618833066,0.0,613.125,-90.72058964554326,0.005081166618833066,0.0,613.125,-90.72058964554326,0.005081166618833066,0.0,613.125,-90.72058964554326,0.005081166618833066,0.0,0.0,0.0,0.0
5780,"(np.float64(-1.4515294343286922), np.float64(8.129866590132905e-05), np.float64(9.81))","(np.float64(-83.89840130419894), np.float64(0.004699062889096751), 0)","(np.float64(-2428.858717756616), np.float64(0.13603787063935216), 0)",613.125,-90.72058964554326,0.005081166618833066,0.0,613.125,-90.72058964554326,0.005081166618833066,0.0,613.125,-90.72058964554326,0.005081166618833066,0.0,613.125,-90.72058964554326,0.005081166618833066,0.0,0.0,0.0,0.0
5785,"(np.float64(-1.4515294343286922), np.float64(8.129866590132905e-05), np.float64(9.81))","(np.float64(-83.97097777591537), np.float64(0.004703127822391817), 0)","(np.float64(-2433.059081057205), np.float64(0.13627312865380414), 0)",613.125,-90.72058964554326,0.005081166618833066,0.0,613.125,-90.72058964554326,0.005081166618833066,0.0,613.125,-90.72058964554326,0.005081166618833066,0.0,613.125,-90.72058964554326,0.005081166618833066,0.0,0.0,0.0,0.0
5790,"(np.float64(-1.4515294343286922), np.float64(8.129866590132905e-05), np.float64(9.81))","(np.float64(-84.0435542476318), np.float64(0.004707192755686883), 0)","(np.float64(-2437.2630731813792), np.float64(0.13650858991492087), 0)",613.125,-90.72058964554326,0.005081166618833066,0.0,613.125,-90.72058964554326,0.005081166618833066,0.0,613.125,-90.72058964554326,0.005081166618833066,0.0,613.125,-90.72058964554326,0.005081166618833066,0.0,0.0,0.0,0.0
5795,"(np.float64(-1.4515294343286922), np.float64(8.129866590132905e-05), np.float64(9.81))","(np.float64(-84.11613071934823), np.float64(0.004711257688981949), 0)","(np.float64(-2441.4706941291397), np.float64(0.13674425442270235), 0)",613.125,-90.72058964554326,0.005081166618833066,0.0,613.125,-90.72058964554326,0.005081166618833066,0.0,613.125,-90.72058964554326,0.005081166618833066,0.0,613.125,-90.72058964554326,0.005081166618833066,0.0,0.0,0.0,0.0
5800,"(np.float64(-1.4515294343286922), np.float64(8.129866590132905e-05), np.float64(9.81))","(np.float64(-84.18870719106467), np.float64(0.004715322622277015), 0)","(np.float64(-2445.6819439004857), np.float64(0.13698012217714858), 0)",613.125,-90.72058964554326,0.005081166618833066,0.0,613.125,-90.72058964554326,0.005081166618833066,0.0,613.125,-90.72058964554326,0.005081166618833066,0.0,613.125,-90.72058964554326,0.005081166618833066,0.0,0.0,0.0,0.0
5805,"(np.float64(-1.4515294343286922), np.float64(8.129866590132905e-05), np.float64(9.81))","(np.float64(-84.2612836627811), np.float64(0.004719387555572081), 0)","(np.float64(-2449.896822495418), np.float64(0.1372161931782596), 0)",613.125,-90.72058964554326,0.005081166618833066,0.0,613.125,-90.72058964554326,0.005081166618833066,0.0,613.125,-90.72058964554326,0.005081166618833066,0.0,613.125,-90.72058964554326,0.005081166618833066,0.0,0.0,0.0,0.0
5810,"(np.float64(-1.4515294343286922), np.float64(8.129866590132905e-05), np.float64(9.81))","(np.float64(-84.33386013449753), np.float64(0.004723452488867147), 0)","(np.float64(-2454.1153299139355), np.float64(0.13745246742603534), 0)",613.125,-90.72058964554326,0.005081166618833066,0.0,613.125,-90.72058964554326,0.005081166618833066,0.0,613.125,-90.72058964554326,0.005081166618833066,0.0,613.125,-90.72058964554326,0.005081166618833066,0.0,0.0,0.0,0.0
5815,"(np.float64(-1.4515294343286922), np.float64(8.129866590132905e-05), np.float64(9.81))","(np.float64(-84.40643660621396), np.float64(0.004727517422162213), 0)","(np.float64(-2458.337466156039), np.float64(0.13768894492047584), 0)",613.125,-90.72058964554326,0.005081166618833066,0.0,613.125,-90.72058964554326,0.005081166618833066,0.0,613.125,-90.72058964554326,0.005081166618833066,0.0,613.125,-90.72058964554326,0.005081166618833066,0.0,0.0,0.0,0.0
5820,"(np.float64(-1.4515294343286922), np.float64(8.129866590132905e-05), np.float64(9.81))","(np.float64(-84.47901307793039), np.float64(0.004731582355457279), 0)","(np.float64(-2462.563231221729), np.float64(0.1379256256615811), 0)",613.125,-90.72058964554326,0.005081166618833066,0.0,613.125,-90.72058964554326,0.005081166618833066,0.0,613.125,-90.72058964554326,0.005081166618833066,0.0,613.125,-90.72058964554326,0.005081166618833066,0.0,0.0,0.0,0.0
5825,"(np.float64(-1.4515294343286922), np.float64(8.129866590132905e-05), np.float64(9.81))","(np.float64(-84.55158954964682), np.float64(0.004735647288752345), 0)","(np.float64(-2466.7926251110043), np.float64(0.1381625096493511), 0)",613.125,-90.72058964554326,0.005081166618833066,0.0,613.125,-90.72058964554326,0.005081166618833066,0.0,613.125,-90.72058964554326,0.005081166618833066,0.0,613.125,-90.72058964554326,0.005081166618833066,0.0,0.0,0.0,0.0
5830,"(np.float64(-1.4515294343286922), np.float64(8.129866590132905e-05), np.float64(9.81))","(np.float64(-84.62416602136325), np.float64(0.004739712222047411), 0)","(np.float64(-2471.0256478238657), np.float64(0.13839959688378584), 0)",613.125,-90.72058964554326,0.005081166618833066,0.0,613.125,-90.72058964554326,0.005081166618833066,0.0,613.125,-90.72058964554326,0.005081166618833066,0.0,613.125,-90.72058964554326,0.005081166618833066,0.0,0.0,0.0,0.0
5835,"(np.float64(-1.4515294343286922), np.float64(8.129866590132905e-05), np.float64(9.81))","(np.float64(-84.69674249307968), np.float64(0.004743777155342477), 0)","(np.float64(-2475.2622993603127), np.float64(0.13863688736488536), 0)",613.125,-90.72058964554326,0.005081166618833066,0.0,613.125,-90.72058964554326,0.005081166618833066,0.0,613.125,-90.72058964554326,0.005081166618833066,0.0,613.125,-90.72058964554326,0.005081166618833066,0.0,0.0,0.0,0.0
5840,"(np.float64(-1.4515294343286922), np.float64(8.129866590132905e-05), np.float64(9.81))","(np.float64(-84.76931896479611), np.float64(0.004747842088637543), 0)","(np.float64(-2479.5025797203457), np.float64(0.13887438109264963), 0)",613.125,-90.72058964554326,0.005081166618833066,0.0,613.125,-90.72058964554326,0.005081166618833066,0.0,613.125,-90.72058964554326,0.005081166618833066,0.0,613.125,-90.72058964554326,0.005081166618833066,0.0,0.0,0.0,0.0
5845,"(np.float64(-1.4515294343286922), np.float64(8.129866590132905e-05), np.float64(9.81))","(np.float64(-84.84189543651254), np.float64(0.004751907021932609), 0)","(np.float64(-2483.7464889039643), np.float64(0.13911207806707865), 0)",613.125,-90.72058964554326,0.005081166618833066,0.0,613.125,-90.72058964554326,0.005081166618833066,0.0,613.125,-90.72058964554326,0.005081166618833066,0.0,613.125,-90.72058964554326,0.005081166618833066,0.0,0.0,0.0,0.0
5850,"(np.float64(-1.4515294343286922), np.float64(8.129866590132905e-05), np.float64(9.81))","(np.float64(-84.91447190822898), np.float64(0.004755971955227675), 0)","(np.float64(-2487.994026911169), np.float64(0.13934997828817242), 0)",613.125,-90.72058964554326,0.005081166618833066,0.0,613.125,-90.72058964554326,0.005081166618833066,0.0,613.125,-90.72058964554326,0.005081166618833066,0.0,613.125,-90.72058964554326,0.005081166618833066,0.0,0.0,0.0,0.0
5855,"(np.float64(-1.4515294343286922), np.float64(8.129866590132905e-05), np.float64(9.81))","(np.float64(-84.9870483799454), np.float64(0.004760036888522741), 0)","(np.float64(-2492.245193741959), np.float64(0.13958808175593093), 0)",613.125,-90.72058964554326,0.005081166618833066,0.0,613.125,-90.72058964554326,0.005081166618833066,0.0,613.125,-90.72058964554326,0.005081166618833066,0.0,613.125,-90.72058964554326,0.005081166618833066,0.0,0.0,0.0,0.0
5860,"(np.float64(-1.4515294343286922), np.float64(8.129866590132905e-05), np.float64(9.81))","(np.float64(-85.05962485166184), np.float64(0.004764101821817807), 0)","(np.float64(-2496.4999893963354), np.float64(0.13982638847035422), 0)",613.125,-90.72058964554326,0.005081166618833066,0.0,613.125,-90.72058964554326,0.005081166618833066,0.0,613.125,-90.72058964554326,0.005081166618833066,0.0,613.125,-90.72058964554326,0.005081166618833066,0.0,0.0,0.0,0.0
5865,"(np.float64(-1.4515294343286922), np.float64(8.129866590132905e-05), np.float64(9.81))","(np.float64(-85.13220132337827), np.float64(0.004768166755112873), 0)","(np.float64(-2500.7584138742973), np.float64(0.14006489843144226), 0)",613.125,-90.72058964554326,0.005081166618833066,0.0,613.125,-90.72058964554326,0.005081166618833066,0.0,613.125,-90.72058964554326,0.005081166618833066,0.0,613.125,-90.72058964554326,0.005081166618833066,0.0,0.0,0.0,0.0
5870,"(np.float64(-1.4515294343286922), np.float64(8.129866590132905e-05), np.float64(9.81))","(np.float64(-85.2047777950947), np.float64(0.004772231688407939), 0)","(np.float64(-2505.020467175845), np.float64(0.14030361163919505), 0)",613.125,-90.72058964554326,0.005081166618833066,0.0,613.125,-90.72058964554326,0.005081166618833066,0.0,613.125,-90.72058964554326,0.005081166618833066,0.0,613.125,-90.72058964554326,0.005081166618833066,0.0,0.0,0.0,0.0
5875,"(np.float64(-1.4515294343286922), np.float64(8.129866590132905e-05), np.float64(9.81))","(np.float64(-85.27735426681113), np.float64(0.004776296621703005), 0)","(np.float64(-2509.2861493009786), np.float64(0.1405425280936126), 0)",613.125,-90.72058964554326,0.005081166618833066,0.0,613.125,-90.72058964554326,0.005081166618833066,0.0,613.125,-90.72058964554326,0.005081166618833066,0.0,613.125,-90.72058964554326,0.005081166618833066,0.0,0.0,0.0,0.0
5880,"(np.float64(-1.4515294343286922), np.float64(8.129866590132905e-05), np.float64(9.81))","(np.float64(-85.34993073852756), np.float64(0.004780361554998071), 0)","(np.float64(-2513.555460249698), np.float64(0.14078164779469488), 0)",613.125,-90.72058964554326,0.005081166618833066,0.0,613.125,-90.72058964554326,0.005081166618833066,0.0,613.125,-90.72058964554326,0.005081166618833066,0.0,613.125,-90.72058964554326,0.005081166618833066,0.0,0.0,0.0,0.0
5885,"(np.float64(-1.4515294343286922), np.float64(8.129866590132905e-05), np.float64(9.81))","(np.float64(-85.42250721024399), np.float64(0.004784426488293137), 0)","(np.float64(-2517.8284000220033), np.float64(0.1410209707424419), 0)",613.125,-90.72058964554326,0.005081166618833066,0.0,613.125,-90.72058964554326,0.005081166618833066,0.0,613.125,-90.72058964554326,0.005081166618833066,0.0,613.125,-90.72058964554326,0.005081166618833066,0.0,0.0,0.0,0.0
5890,"(np.float64(-1.4515294343286922), np.float64(8.129866590132905e-05), np.float64(9.81))","(np.float64(-85.49508368196042), np.float64(0.004788491421588203), 0)","(np.float64(-2522.1049686178944), np.float64(0.14126049693685372), 0)",613.125,-90.72058964554326,0.005081166618833066,0.0,613.125,-90.72058964554326,0.005081166618833066,0.0,613.125,-90.72058964554326,0.005081166618833066,0.0,613.125,-90.72058964554326,0.005081166618833066,0.0,0.0,0.0,0.0
5895,"(np.float64(-1.4515294343286922), np.float64(8.129866590132905e-05), np.float64(9.81))","(np.float64(-85.56766015367685), np.float64(0.004792556354883269), 0)","(np.float64(-2526.385166037371), np.float64(0.14150022637793028), 0)",613.125,-90.72058964554326,0.005081166618833066,0.0,613.125,-90.72058964554326,0.005081166618833066,0.0,613.125,-90.72058964554326,0.005081166618833066,0.0,613.125,-90.72058964554326,0.005081166618833066,0.0,0.0,0.0,0.0
5900,"(np.float64(-1.4515294343286922), np.float64(8.129866590132905e-05), np.float64(9.81))","(np.float64(-85.64023662539329), np.float64(0.004796621288178335), 0)","(np.float64(-2530.668992280434), np.float64(0.14174015906567158), 0)",613.125,-90.72058964554326,0.005081166618833066,0.0,613.125,-90.72058964554326,0.005081166618833066,0.0,613.125,-90.72058964554326,0.005081166618833066,0.0,613.125,-90.72058964554326,0.005081166618833066,0.0,0.0,0.0,0.0
5905,"(np.float64(-1.4515294343286922), np.float64(8.129866590132905e-05), np.float64(9.81))","(np.float64(-85.71281309710972), np.float64(0.0048006862214734014), 0)","(np.float64(-2534.9564473470823), np.float64(0.14198029500007764), 0)",613.125,-90.72058964554326,0.005081166618833066,0.0,613.125,-90.72058964554326,0.005081166618833066,0.0,613.125,-90.72058964554326,0.005081166618833066,0.0,613.125,-90.72058964554326,0.005081166618833066,0.0,0.0,0.0,0.0
5910,"(np.float64(-1.4515294343286922), np.float64(8.129866590132905e-05), np.float64(9.81))","(np.float64(-85.78538956882615), np.float64(0.0048047511547684675), 0)","(np.float64(-2539.2475312373167), np.float64(0.14222063418114844), 0)",613.125,-90.72058964554326,0.005081166618833066,0.0,613.125,-90.72058964554326,0.005081166618833066,0.0,613.125,-90.72058964554326,0.005081166618833066,0.0,613.125,-90.72058964554326,0.005081166618833066,0.0,0.0,0.0,0.0
5915,"(np.float64(-1.4515294343286922), np.float64(8.129866590132905e-05), np.float64(9.81))","(np.float64(-85.85796604054258), np.float64(0.0048088160880635335), 0)","(np.float64(-2543.5422439511367), np.float64(0.142461176608884), 0)",613.125,-90.72058964554326,0.005081166618833066,0.0,613.125,-90.72058964554326,0.005081166618833066,0.0,613.125,-90.72058964554326,0.005081166618833066,0.0,613.125,-90.72058964554326,0.005081166618833066,0.0,0.0,0.0,0.0
5920,"(np.float64(-1.4515294343286922), np.float64(8.129866590132905e-05), np.float64(9.81))","(np.float64(-85.93054251225901), np.float64(0.0048128810213585995), 0)","(np.float64(-2547.8405854885427), np.float64(0.14270192228328432), 0)",613.125,-90.72058964554326,0.005081166618833066,0.0,613.125,-90.72058964554326,0.005081166618833066,0.0,613.125,-90.72058964554326,0.005081166618833066,0.0,613.125,-90.72058964554326,0.005081166618833066,0.0,0.0,0.0,0.0
5925,"(np.float64(-1.4515294343286922), np.float64(8.129866590132905e-05), np.float64(9.81))","(np.float64(-86.00311898397544), np.float64(0.004816945954653666), 0)","(np.float64(-2552.1425558495343), np.float64(0.1429428712043494), 0)",613.125,-90.72058964554326,0.005081166618833066,0.0,613.125,-90.72058964554326,0.005081166618833066,0.0,613.125,-90.72058964554326,0.005081166618833066,0.0,613.125,-90.72058964554326,0.005081166618833066,0.0,0.0,0.0,0.0
5930,"(np.float64(-1.4515294343286922), np.float64(8.129866590132905e-05), np.float64(9.81))","(np.float64(-86.07569545569187), np.float64(0.004821010887948732), 0)","(np.float64(-2556.448155034112), np.float64(0.14318402337207922), 0)",613.125,-90.72058964554326,0.005081166618833066,0.0,613.125,-90.72058964554326,0.005081166618833066,0.0,613.125,-90.72058964554326,0.005081166618833066,0.0,613.125,-90.72058964554326,0.005081166618833066,0.0,0.0,0.0,0.0
5935,"(np.float64(-1.4515294343286922), np.float64(8.129866590132905e-05), np.float64(9.81))","(np.float64(-86.1482719274083), np.float64(0.004825075821243798), 0)","(np.float64(-2560.7573830422753), np.float64(0.1434253787864738), 0)",613.125,-90.72058964554326,0.005081166618833066,0.0,613.125,-90.72058964554326,0.005081166618833066,0.0,613.125,-90.72058964554326,0.005081166618833066,0.0,613.125,-90.72058964554326,0.005081166618833066,0.0,0.0,0.0,0.0
5940,"(np.float64(-1.4515294343286922), np.float64(8.129866590132905e-05), np.float64(9.81))","(np.float64(-86.22084839912473), np.float64(0.004829140754538864), 0)","(np.float64(-2565.0702398740245), np.float64(0.14366693744753312), 0)",613.125,-90.72058964554326,0.005081166618833066,0.0,613.125,-90.72058964554326,0.005081166618833066,0.0,613.125,-90.72058964554326,0.005081166618833066,0.0,613.125,-90.72058964554326,0.005081166618833066,0.0,0.0,0.0,0.0
5945,"(np.float64(-1.4515294343286922), np.float64(8.129866590132905e-05), np.float64(9.81))","(np.float64(-86.29342487084116), np.float64(0.00483320568783393), 0)","(np.float64(-2569.3867255293594), np.float64(0.1439086993552572), 0)",613.125,-90.72058964554326,0.005081166618833066,0.0,613.125,-90.72058964554326,0.005081166618833066,0.0,613.125,-90.72058964554326,0.005081166618833066,0.0,613.125,-90.72058964554326,0.005081166618833066,0.0,0.0,0.0,0.0
5950,"(np.float64(-1.4515294343286922), np.float64(8.129866590132905e-05), np.float64(9.81))","(np.float64(-86.3660013425576), np.float64(0.004837270621128996), 0)","(np.float64(-2573.7068400082803), np.float64(0.14415066450964606), 0)",613.125,-90.72058964554326,0.005081166618833066,0.0,613.125,-90.72058964554326,0.005081166618833066,0.0,613.125,-90.72058964554326,0.005081166618833066,0.0,613.125,-90.72058964554326,0.005081166618833066,0.0,0.0,0.0,0.0
5955,"(np.float64(-1.4515294343286922), np.float64(8.129866590132905e-05), np.float64(9.81))","(np.float64(-86.43857781427403), np.float64(0.004841335554424062), 0)","(np.float64(-2578.030583310787), np.float64(0.14439283291069965), 0)",613.125,-90.72058964554326,0.005081166618833066,0.0,613.125,-90.72058964554326,0.005081166618833066,0.0,613.125,-90.72058964554326,0.005081166618833066,0.0,613.125,-90.72058964554326,0.005081166618833066,0.0,0.0,0.0,0.0
5960,"(np.float64(-1.4515294343286922), np.float64(8.129866590132905e-05), np.float64(9.81))","(np.float64(-86.51115428599046), np.float64(0.004845400487719128), 0)","(np.float64(-2582.3579554368794), np.float64(0.144635204558418), 0)",613.125,-90.72058964554326,0.005081166618833066,0.0,613.125,-90.72058964554326,0.005081166618833066,0.0,613.125,-90.72058964554326,0.005081166618833066,0.0,613.125,-90.72058964554326,0.005081166618833066,0.0,0.0,0.0,0.0
5965,"(np.float64(-1.4515294343286922), np.float64(8.129866590132905e-05), np.float64(9.81))","(np.float64(-86.58373075770689), np.float64(0.004849465421014194), 0)","(np.float64(-2586.688956386558), np.float64(0.1448777794528011), 0)",613.125,-90.72058964554326,0.005081166618833066,0.0,613.125,-90.72058964554326,0.005081166618833066,0.0,613.125,-90.72058964554326,0.005081166618833066,0.0,613.125,-90.72058964554326,0.005081166618833066,0.0,0.0,0.0,0.0
5970,"(np.float64(-1.4515294343286922), np.float64(8.129866590132905e-05), np.float64(9.81))","(np.float64(-86.65630722942332), np.float64(0.00485353035430926), 0)","(np.float64(-2591.023586159822), np.float64(0.14512055759384893), 0)",613.125,-90.72058964554326,0.005081166618833066,0.0,613.125,-90.72058964554326,0.005081166618833066,0.0,613.125,-90.72058964554326,0.005081166618833066,0.0,613.125,-90.72058964554326,0.005081166618833066,0.0,0.0,0.0,0.0
5975,"(np.float64(-1.4515294343286922), np.float64(8.129866590132905e-05), np.float64(9.81))","(np.float64(-86.72888370113975), np.float64(0.004857595287604326), 0)","(np.float64(-2595.3618447566723), np.float64(0.14536353898156154), 0)",613.125,-90.72058964554326,0.005081166618833066,0.0,613.125,-90.72058964554326,0.005081166618833066,0.0,613.125,-90.72058964554326,0.005081166618833066,0.0,613.125,-90.72058964554326,0.005081166618833066,0.0,0.0,0.0,0.0
5980,"(np.float64(-1.4515294343286922), np.float64(8.129866590132905e-05), np.float64(9.81))","(np.float64(-86.80146017285618), np.float64(0.004861660220899392), 0)","(np.float64(-2599.703732177108), np.float64(0.1456067236159389), 0)",613.125,-90.72058964554326,0.005081166618833066,0.0,613.125,-90.72058964554326,0.005081166618833066,0.0,613.125,-90.72058964554326,0.005081166618833066,0.0,613.125,-90.72058964554326,0.005081166618833066,0.0,0.0,0.0,0.0
5985,"(np.float64(-1.4515294343286922), np.float64(8.129866590132905e-05), np.float64(9.81))","(np.float64(-86.87403664457261), np.float64(0.004865725154194458), 0)","(np.float64(-2604.04924842113), np.float64(0.14585011149698102), 0)",613.125,-90.72058964554326,0.005081166618833066,0.0,613.125,-90.72058964554326,0.005081166618833066,0.0,613.125,-90.72058964554326,0.005081166618833066,0.0,613.125,-90.72058964554326,0.005081166618833066,0.0,0.0,0.0,0.0
5990,"(np.float64(-1.4515294343286922), np.float64(8.129866590132905e-05), np.float64(9.81))","(np.float64(-86.94661311628904), np.float64(0.004869790087489524), 0)","(np.float64(-2608.3983934887374), np.float64(0.14609370262468788), 0)",613.125,-90.72058964554326,0.005081166618833066,0.0,613.125,-90.72058964554326,0.005081166618833066,0.0,613.125,-90.72058964554326,0.005081166618833066,0.0,613.125,-90.72058964554326,0.005081166618833066,0.0,0.0,0.0,0.0
5995,"(np.float64(-1.4515294343286922), np.float64(8.129866590132905e-05), np.float64(9.81))","(np.float64(-87.01918958800547), np.float64(0.00487385502078459), 0)","(np.float64(-2612.751167379931), np.float64(0.14633749699905949), 0)",613.125,-90.72058964554326,0.005081166618833066,0.0,613.125,-90.72058964554326,0.005081166618833066,0.0,613.125,-90.72058964554326,0.005081166618833066,0.0,613.125,-90.72058964554326,0.005081166618833066,0.0,0.0,0.0,0.0
6000,"(np.float64(-1.4515294343286922), np.float64(8.129866590132905e-05), np.float64(9.81))","(np.float64(-87.0917660597219), np.float64(0.004877919954079656), 0)","(np.float64(-2617.10757009471), np.float64(0.14658149462009584), 0)",613.125,-90.72058964554326,0.005081166618833066,0.0,613.125,-90.72058964554326,0.005081166618833066,0.0,613.125,-90.72058964554326,0.005081166618833066,0.0,613.125,-90.72058964554326,0.005081166618833066,0.0,0.0,0.0,0.0
6005,"(np.float64(-1.4515294343286922), np.float64(8.129866590132905e-05), np.float64(9.81))","(np.float64(-87.16434253143834), np.float64(0.004881984887374722), 0)","(np.float64(-2621.467601633075), np.float64(0.14682569548779698), 0)",613.125,-90.72058964554326,0.005081166618833066,0.0,613.125,-90.72058964554326,0.005081166618833066,0.0,613.125,-90.72058964554326,0.005081166618833066,0.0,613.125,-90.72058964554326,0.005081166618833066,0.0,0.0,0.0,0.0
6010,"(np.float64(-1.4515294343286922), np.float64(8.129866590132905e-05), np.float64(9.81))","(np.float64(-87.23691900315477), np.float64(0.004886049820669788), 0)","(np.float64(-2625.8312619950257), np.float64(0.14707009960216286), 0)",613.125,-90.72058964554326,0.005081166618833066,0.0,613.125,-90.72058964554326,0.005081166618833066,0.0,613.125,-90.72058964554326,0.005081166618833066,0.0,613.125,-90.72058964554326,0.005081166618833066,0.0,0.0,0.0,0.0
6015,"(np.float64(-1.4515294343286922), np.float64(8.129866590132905e-05), np.float64(9.81))","(np.float64(-87.3094954748712), np.float64(0.004890114753964854), 0)","(np.float64(-2630.1985511805624), np.float64(0.1473147069631935), 0)",613.125,-90.72058964554326,0.005081166618833066,0.0,613.125,-90.72058964554326,0.005081166618833066,0.0,613.125,-90.72058964554326,0.005081166618833066,0.0,613.125,-90.72058964554326,0.005081166618833066,0.0,0.0,0.0,0.0
6020,"(np.float64(-1.4515294343286922), np.float64(8.129866590132905e-05), np.float64(9.81))","(np.float64(-87.38207194658763), np.float64(0.00489417968725992), 0)","(np.float64(-2634.5694691896847), np.float64(0.14755951757088887), 0)",613.125,-90.72058964554326,0.005081166618833066,0.0,613.125,-90.72058964554326,0.005081166618833066,0.0,613.125,-90.72058964554326,0.005081166618833066,0.0,613.125,-90.72058964554326,0.005081166618833066,0.0,0.0,0.0,0.0
6025,"(np.float64(-1.4515294343286922), np.float64(8.129866590132905e-05), np.float64(9.81))","(np.float64(-87.45464841830406), np.float64(0.004898244620554986), 0)","(np.float64(-2638.944016022393), np.float64(0.147804531425249), 0)",613.125,-90.72058964554326,0.005081166618833066,0.0,613.125,-90.72058964554326,0.005081166618833066,0.0,613.125,-90.72058964554326,0.005081166618833066,0.0,613.125,-90.72058964554326,0.005081166618833066,0.0,0.0,0.0,0.0
6030,"(np.float64(-1.4515294343286922), np.float64(8.129866590132905e-05), np.float64(9.81))","(np.float64(-87.52722489002049), np.float64(0.004902309553850052), 0)","(np.float64(-2643.322191678687), np.float64(0.1480497485262739), 0)",613.125,-90.72058964554326,0.005081166618833066,0.0,613.125,-90.72058964554326,0.005081166618833066,0.0,613.125,-90.72058964554326,0.005081166618833066,0.0,613.125,-90.72058964554326,0.005081166618833066,0.0,0.0,0.0,0.0
6035,"(np.float64(-1.4515294343286922), np.float64(8.129866590132905e-05), np.float64(9.81))","(np.float64(-87.59980136173692), np.float64(0.004906374487145118), 0)","(np.float64(-2647.703996158567), np.float64(0.14829516887396355), 0)",613.125,-90.72058964554326,0.005081166618833066,0.0,613.125,-90.72058964554326,0.005081166618833066,0.0,613.125,-90.72058964554326,0.005081166618833066,0.0,613.125,-90.72058964554326,0.005081166618833066,0.0,0.0,0.0,0.0
6040,"(np.float64(-1.4515294343286922), np.float64(8.129866590132905e-05), np.float64(9.81))","(np.float64(-87.67237783345335), np.float64(0.004910439420440184), 0)","(np.float64(-2652.0894294620325), np.float64(0.14854079246831794), 0)",613.125,-90.72058964554326,0.005081166618833066,0.0,613.125,-90.72058964554326,0.005081166618833066,0.0,613.125,-90.72058964554326,0.005081166618833066,0.0,613.125,-90.72058964554326,0.005081166618833066,0.0,0.0,0.0,0.0
6045,"(np.float64(-1.4515294343286922), np.float64(8.129866590132905e-05), np.float64(9.81))","(np.float64(-87.74495430516978), np.float64(0.00491450435373525), 0)","(np.float64(-2656.478491589084), np.float64(0.1487866193093371), 0)",613.125,-90.72058964554326,0.005081166618833066,0.0,613.125,-90.72058964554326,0.005081166618833066,0.0,613.125,-90.72058964554326,0.005081166618833066,0.0,613.125,-90.72058964554326,0.005081166618833066,0.0,0.0,0.0,0.0
6050,"(np.float64(-1.4515294343286922), np.float64(8.129866590132905e-05), np.float64(9.81))","(np.float64(-87.81753077688622), np.float64(0.004918569287030316), 0)","(np.float64(-2660.8711825397213), np.float64(0.149032649397021), 0)",613.125,-90.72058964554326,0.005081166618833066,0.0,613.125,-90.72058964554326,0.005081166618833066,0.0,613.125,-90.72058964554326,0.005081166618833066,0.0,613.125,-90.72058964554326,0.005081166618833066,0.0,0.0,0.0,0.0
6055,"(np.float64(-1.4515294343286922), np.float64(8.129866590132905e-05), np.float64(9.81))","(np.float64(-87.89010724860265), np.float64(0.0049226342203253825), 0)","(np.float64(-2665.2675023139445), np.float64(0.14927888273136963), 0)",613.125,-90.72058964554326,0.005081166618833066,0.0,613.125,-90.72058964554326,0.005081166618833066,0.0,613.125,-90.72058964554326,0.005081166618833066,0.0,613.125,-90.72058964554326,0.005081166618833066,0.0,0.0,0.0,0.0
6060,"(np.float64(-1.4515294343286922), np.float64(8.129866590132905e-05), np.float64(9.81))","(np.float64(-87.96268372031908), np.float64(0.0049266991536204485), 0)","(np.float64(-2669.6674509117533), np.float64(0.14952531931238305), 0)",613.125,-90.72058964554326,0.005081166618833066,0.0,613.125,-90.72058964554326,0.005081166618833066,0.0,613.125,-90.72058964554326,0.005081166618833066,0.0,613.125,-90.72058964554326,0.005081166618833066,0.0,0.0,0.0,0.0
6065,"(np.float64(-1.4515294343286922), np.float64(8.129866590132905e-05), np.float64(9.81))","(np.float64(-88.03526019203551), np.float64(0.0049307640869155145), 0)","(np.float64(-2674.071028333148), np.float64(0.14977195914006122), 0)",613.125,-90.72058964554326,0.005081166618833066,0.0,613.125,-90.72058964554326,0.005081166618833066,0.0,613.125,-90.72058964554326,0.005081166618833066,0.0,613.125,-90.72058964554326,0.005081166618833066,0.0,0.0,0.0,0.0
6070,"(np.float64(-1.4515294343286922), np.float64(8.129866590132905e-05), np.float64(9.81))","(np.float64(-88.10783666375194), np.float64(0.0049348290202105806), 0)","(np.float64(-2678.4782345781286), np.float64(0.15001880221440414), 0)",613.125,-90.72058964554326,0.005081166618833066,0.0,613.125,-90.72058964554326,0.005081166618833066,0.0,613.125,-90.72058964554326,0.005081166618833066,0.0,613.125,-90.72058964554326,0.005081166618833066,0.0,0.0,0.0,0.0
6075,"(np.float64(-1.4515294343286922), np.float64(8.129866590132905e-05), np.float64(9.81))","(np.float64(-88.18041313546837), np.float64(0.004938893953505647), 0)","(np.float64(-2682.889069646695), np.float64(0.1502658485354118), 0)",613.125,-90.72058964554326,0.005081166618833066,0.0,613.125,-90.72058964554326,0.005081166618833066,0.0,613.125,-90.72058964554326,0.005081166618833066,0.0,613.125,-90.72058964554326,0.005081166618833066,0.0,0.0,0.0,0.0
6080,"(np.float64(-1.4515294343286922), np.float64(8.129866590132905e-05), np.float64(9.81))","(np.float64(-88.2529896071848), np.float64(0.004942958886800713), 0)","(np.float64(-2687.303533538847), np.float64(0.15051309810308422), 0)",613.125,-90.72058964554326,0.005081166618833066,0.0,613.125,-90.72058964554326,0.005081166618833066,0.0,613.125,-90.72058964554326,0.005081166618833066,0.0,613.125,-90.72058964554326,0.005081166618833066,0.0,0.0,0.0,0.0
6085,"(np.float64(-1.4515294343286922), np.float64(8.129866590132905e-05), np.float64(9.81))","(np.float64(-88.32556607890123), np.float64(0.004947023820095779), 0)","(np.float64(-2691.7216262545853), np.float64(0.1507605509174214), 0)",613.125,-90.72058964554326,0.005081166618833066,0.0,613.125,-90.72058964554326,0.005081166618833066,0.0,613.125,-90.72058964554326,0.005081166618833066,0.0,613.125,-90.72058964554326,0.005081166618833066,0.0,0.0,0.0,0.0
6090,"(np.float64(-1.4515294343286922), np.float64(8.129866590132905e-05), np.float64(9.81))","(np.float64(-88.39814255061766), np.float64(0.004951088753390845), 0)","(np.float64(-2696.143347793909), np.float64(0.15100820697842335), 0)",613.125,-90.72058964554326,0.005081166618833066,0.0,613.125,-90.72058964554326,0.005081166618833066,0.0,613.125,-90.72058964554326,0.005081166618833066,0.0,613.125,-90.72058964554326,0.005081166618833066,0.0,0.0,0.0,0.0
6095,"(np.float64(-1.4515294343286922), np.float64(8.129866590132905e-05), np.float64(9.81))","(np.float64(-88.4707190223341), np.float64(0.004955153686685911), 0)","(np.float64(-2700.5686981568188), np.float64(0.15125606628609004), 0)",613.125,-90.72058964554326,0.005081166618833066,0.0,613.125,-90.72058964554326,0.005081166618833066,0.0,613.125,-90.72058964554326,0.005081166618833066,0.0,613.125,-90.72058964554326,0.005081166618833066,0.0,0.0,0.0,0.0
6100,"(np.float64(-1.4515294343286922), np.float64(8.129866590132905e-05), np.float64(9.81))","(np.float64(-88.54329549405053), np.float64(0.004959218619980977), 0)","(np.float64(-2704.997677343314), np.float64(0.15150412884042147), 0)",613.125,-90.72058964554326,0.005081166618833066,0.0,613.125,-90.72058964554326,0.005081166618833066,0.0,613.125,-90.72058964554326,0.005081166618833066,0.0,613.125,-90.72058964554326,0.005081166618833066,0.0,0.0,0.0,0.0
6105,"(np.float64(-1.4515294343286922), np.float64(8.129866590132905e-05), np.float64(9.81))","(np.float64(-88.61587196576696), np.float64(0.004963283553276043), 0)","(np.float64(-2709.4302853533954), np.float64(0.15175239464141765), 0)",613.125,-90.72058964554326,0.005081166618833066,0.0,613.125,-90.72058964554326,0.005081166618833066,0.0,613.125,-90.72058964554326,0.005081166618833066,0.0,613.125,-90.72058964554326,0.005081166618833066,0.0,0.0,0.0,0.0
6110,"(np.float64(-1.4515294343286922), np.float64(8.129866590132905e-05), np.float64(9.81))","(np.float64(-88.68844843748339), np.float64(0.004967348486571109), 0)","(np.float64(-2713.866522187063), np.float64(0.15200086368907859), 0)",613.125,-90.72058964554326,0.005081166618833066,0.0,613.125,-90.72058964554326,0.005081166618833066,0.0,613.125,-90.72058964554326,0.005081166618833066,0.0,613.125,-90.72058964554326,0.005081166618833066,0.0,0.0,0.0,0.0
6115,"(np.float64(-1.4515294343286922), np.float64(8.129866590132905e-05), np.float64(9.81))","(np.float64(-88.76102490919982), np.float64(0.004971413419866175), 0)","(np.float64(-2718.306387844316), np.float64(0.1522495359834043), 0)",613.125,-90.72058964554326,0.005081166618833066,0.0,613.125,-90.72058964554326,0.005081166618833066,0.0,613.125,-90.72058964554326,0.005081166618833066,0.0,613.125,-90.72058964554326,0.005081166618833066,0.0,0.0,0.0,0.0
6120,"(np.float64(-1.4515294343286922), np.float64(8.129866590132905e-05), np.float64(9.81))","(np.float64(-88.83360138091625), np.float64(0.004975478353161241), 0)","(np.float64(-2722.749882325155), np.float64(0.15249841152439475), 0)",613.125,-90.72058964554326,0.005081166618833066,0.0,613.125,-90.72058964554326,0.005081166618833066,0.0,613.125,-90.72058964554326,0.005081166618833066,0.0,613.125,-90.72058964554326,0.005081166618833066,0.0,0.0,0.0,0.0
6125,"(np.float64(-1.4515294343286922), np.float64(8.129866590132905e-05), np.float64(9.81))","(np.float64(-88.90617785263268), np.float64(0.004979543286456307), 0)","(np.float64(-2727.1970056295795), np.float64(0.15274749031204995), 0)",613.125,-90.72058964554326,0.005081166618833066,0.0,613.125,-90.72058964554326,0.005081166618833066,0.0,613.125,-90.72058964554326,0.005081166618833066,0.0,613.125,-90.72058964554326,0.005081166618833066,0.0,0.0,0.0,0.0
6130,"(np.float64(-1.4515294343286922), np.float64(8.129866590132905e-05), np.float64(9.81))","(np.float64(-88.97875432434911), np.float64(0.004983608219751373), 0)","(np.float64(-2731.64775775759), np.float64(0.1529967723463699), 0)",613.125,-90.72058964554326,0.005081166618833066,0.0,613.125,-90.72058964554326,0.005081166618833066,0.0,613.125,-90.72058964554326,0.005081166618833066,0.0,613.125,-90.72058964554326,0.005081166618833066,0.0,0.0,0.0,0.0
6135,"(np.float64(-1.4515294343286922), np.float64(8.129866590132905e-05), np.float64(9.81))","(np.float64(-89.05133079606554), np.float64(0.004987673153046439), 0)","(np.float64(-2736.1021387091864), np.float64(0.1532462576273546), 0)",613.125,-90.72058964554326,0.005081166618833066,0.0,613.125,-90.72058964554326,0.005081166618833066,0.0,613.125,-90.72058964554326,0.005081166618833066,0.0,613.125,-90.72058964554326,0.005081166618833066,0.0,0.0,0.0,0.0
6140,"(np.float64(-1.4515294343286922), np.float64(8.129866590132905e-05), np.float64(9.81))","(np.float64(-89.12390726778197), np.float64(0.004991738086341505), 0)","(np.float64(-2740.5601484843687), np.float64(0.15349594615500406), 0)",613.125,-90.72058964554326,0.005081166618833066,0.0,613.125,-90.72058964554326,0.005081166618833066,0.0,613.125,-90.72058964554326,0.005081166618833066,0.0,613.125,-90.72058964554326,0.005081166618833066,0.0,0.0,0.0,0.0
6145,"(np.float64(-1.4515294343286922), np.float64(8.129866590132905e-05), np.float64(9.81))","(np.float64(-89.1964837394984), np.float64(0.004995803019636571), 0)","(np.float64(-2745.0217870831366), np.float64(0.15374583792931829), 0)",613.125,-90.72058964554326,0.005081166618833066,0.0,613.125,-90.72058964554326,0.005081166618833066,0.0,613.125,-90.72058964554326,0.005081166618833066,0.0,613.125,-90.72058964554326,0.005081166618833066,0.0,0.0,0.0,0.0
6150,"(np.float64(-1.4515294343286922), np.float64(8.129866590132905e-05), np.float64(9.81))","(np.float64(-89.26906021121484), np.float64(0.004999867952931637), 0)","(np.float64(-2749.4870545054905), np.float64(0.15399593295029726), 0)",613.125,-90.72058964554326,0.005081166618833066,0.0,613.125,-90.72058964554326,0.005081166618833066,0.0,613.125,-90.72058964554326,0.005081166618833066,0.0,613.125,-90.72058964554326,0.005081166618833066,0.0,0.0,0.0,0.0
6155,"(np.float64(-1.4515294343286922), np.float64(8.129866590132905e-05), np.float64(9.81))","(np.float64(-89.34163668293127), np.float64(0.005003932886226703), 0)","(np.float64(-2753.95595075143), np.float64(0.15424623121794098), 0)",613.125,-90.72058964554326,0.005081166618833066,0.0,613.125,-90.72058964554326,0.005081166618833066,0.0,613.125,-90.72058964554326,0.005081166618833066,0.0,613.125,-90.72058964554326,0.005081166618833066,0.0,0.0,0.0,0.0
6160,"(np.float64(-1.4515294343286922), np.float64(8.129866590132905e-05), np.float64(9.81))","(np.float64(-89.4142131546477), np.float64(0.005007997819521769), 0)","(np.float64(-2758.4284758209556), np.float64(0.15449673273224945), 0)",613.125,-90.72058964554326,0.005081166618833066,0.0,613.125,-90.72058964554326,0.005081166618833066,0.0,613.125,-90.72058964554326,0.005081166618833066,0.0,613.125,-90.72058964554326,0.005081166618833066,0.0,0.0,0.0,0.0
6165,"(np.float64(-1.4515294343286922), np.float64(8.129866590132905e-05), np.float64(9.81))","(np.float64(-89.48678962636413), np.float64(0.005012062752816835), 0)","(np.float64(-2762.9046297140667), np.float64(0.15474743749322267), 0)",613.125,-90.72058964554326,0.005081166618833066,0.0,613.125,-90.72058964554326,0.005081166618833066,0.0,613.125,-90.72058964554326,0.005081166618833066,0.0,613.125,-90.72058964554326,0.005081166618833066,0.0,0.0,0.0,0.0
6170,"(np.float64(-1.4515294343286922), np.float64(8.129866590132905e-05), np.float64(9.81))","(np.float64(-89.55936609808056), np.float64(0.005016127686111901), 0)","(np.float64(-2767.384412430764), np.float64(0.15499834550086067), 0)",613.125,-90.72058964554326,0.005081166618833066,0.0,613.125,-90.72058964554326,0.005081166618833066,0.0,613.125,-90.72058964554326,0.005081166618833066,0.0,613.125,-90.72058964554326,0.005081166618833066,0.0,0.0,0.0,0.0
6175,"(np.float64(-1.4515294343286922), np.float64(8.129866590132905e-05), np.float64(9.81))","(np.float64(-89.63194256979699), np.float64(0.005020192619406967), 0)","(np.float64(-2771.8678239710466), np.float64(0.1552494567551634), 0)",613.125,-90.72058964554326,0.005081166618833066,0.0,613.125,-90.72058964554326,0.005081166618833066,0.0,613.125,-90.72058964554326,0.005081166618833066,0.0,613.125,-90.72058964554326,0.005081166618833066,0.0,0.0,0.0,0.0
6180,"(np.float64(-1.4515294343286922), np.float64(8.129866590132905e-05), np.float64(9.81))","(np.float64(-89.70451904151342), np.float64(0.005024257552702033), 0)","(np.float64(-2776.3548643349154), np.float64(0.1555007712561309), 0)",613.125,-90.72058964554326,0.005081166618833066,0.0,613.125,-90.72058964554326,0.005081166618833066,0.0,613.125,-90.72058964554326,0.005081166618833066,0.0,613.125,-90.72058964554326,0.005081166618833066,0.0,0.0,0.0,0.0
6185,"(np.float64(-1.4515294343286922), np.float64(8.129866590132905e-05), np.float64(9.81))","(np.float64(-89.77709551322985), np.float64(0.005028322485997099), 0)","(np.float64(-2780.84553352237), np.float64(0.15575228900376314), 0)",613.125,-90.72058964554326,0.005081166618833066,0.0,613.125,-90.72058964554326,0.005081166618833066,0.0,613.125,-90.72058964554326,0.005081166618833066,0.0,613.125,-90.72058964554326,0.005081166618833066,0.0,0.0,0.0,0.0
6190,"(np.float64(-1.4515294343286922), np.float64(8.129866590132905e-05), np.float64(9.81))","(np.float64(-89.84967198494628), np.float64(0.005032387419292165), 0)","(np.float64(-2785.3398315334102), np.float64(0.15600400999806013), 0)",613.125,-90.72058964554326,0.005081166618833066,0.0,613.125,-90.72058964554326,0.005081166618833066,0.0,613.125,-90.72058964554326,0.005081166618833066,0.0,613.125,-90.72058964554326,0.005081166618833066,0.0,0.0,0.0,0.0
6195,"(np.float64(-1.4515294343286922), np.float64(8.129866590132905e-05), np.float64(9.81))","(np.float64(-89.92224845666271), np.float64(0.005036452352587231), 0)","(np.float64(-2789.8377583680362), np.float64(0.15625593423902187), 0)",613.125,-90.72058964554326,0.005081166618833066,0.0,613.125,-90.72058964554326,0.005081166618833066,0.0,613.125,-90.72058964554326,0.005081166618833066,0.0,613.125,-90.72058964554326,0.005081166618833066,0.0,0.0,0.0,0.0
6200,"(np.float64(-1.4515294343286922), np.float64(8.129866590132905e-05), np.float64(9.81))","(np.float64(-89.99482492837915), np.float64(0.0050405172858822974), 0)","(np.float64(-2794.3393140262483), np.float64(0.15650806172664838), 0)",613.125,-90.72058964554326,0.005081166618833066,0.0,613.125,-90.72058964554326,0.005081166618833066,0.0,613.125,-90.72058964554326,0.005081166618833066,0.0,613.125,-90.72058964554326,0.005081166618833066,0.0,0.0,0.0,0.0
6205,"(np.float64(-1.4515294343286922), np.float64(8.129866590132905e-05), np.float64(9.81))","(np.float64(-90.06740140009558), np.float64(0.0050445822191773635), 0)","(np.float64(-2798.844498508046), np.float64(0.15676039246093965), 0)",613.125,-90.72058964554326,0.005081166618833066,0.0,613.125,-90.72058964554326,0.005081166618833066,0.0,613.125,-90.72058964554326,0.005081166618833066,0.0,613.125,-90.72058964554326,0.005081166618833066,0.0,0.0,0.0,0.0
6210,"(np.float64(-1.4515294343286922), np.float64(8.129866590132905e-05), np.float64(9.81))","(np.float64(-90.13997787181201), np.float64(0.0050486471524724295), 0)","(np.float64(-2803.3533118134296), np.float64(0.15701292644189566), 0)",613.125,-90.72058964554326,0.005081166618833066,0.0,613.125,-90.72058964554326,0.005081166618833066,0.0,613.125,-90.72058964554326,0.005081166618833066,0.0,613.125,-90.72058964554326,0.005081166618833066,0.0,0.0,0.0,0.0
6215,"(np.float64(-1.4515294343286922), np.float64(8.129866590132905e-05), np.float64(9.81))","(np.float64(-90.21255434352844), np.float64(0.0050527120857674955), 0)","(np.float64(-2807.865753942399), np.float64(0.15726566366951641), 0)",613.125,-90.72058964554326,0.005081166618833066,0.0,613.125,-90.72058964554326,0.005081166618833066,0.0,613.125,-90.72058964554326,0.005081166618833066,0.0,613.125,-90.72058964554326,0.005081166618833066,0.0,0.0,0.0,0.0
6220,"(np.float64(-1.4515294343286922), np.float64(8.129866590132905e-05), np.float64(9.81))","(np.float64(-90.28513081524487), np.float64(0.005056777019062562), 0)","(np.float64(-2812.381824894954), np.float64(0.15751860414380192), 0)",613.125,-90.72058964554326,0.005081166618833066,0.0,613.125,-90.72058964554326,0.005081166618833066,0.0,613.125,-90.72058964554326,0.005081166618833066,0.0,613.125,-90.72058964554326,0.005081166618833066,0.0,0.0,0.0,0.0
6225,"(np.float64(-1.4515294343286922), np.float64(8.129866590132905e-05), np.float64(9.81))","(np.float64(-90.3577072869613), np.float64(0.005060841952357628), 0)","(np.float64(-2816.901524671095), np.float64(0.1577717478647522), 0)",613.125,-90.72058964554326,0.005081166618833066,0.0,613.125,-90.72058964554326,0.005081166618833066,0.0,613.125,-90.72058964554326,0.005081166618833066,0.0,613.125,-90.72058964554326,0.005081166618833066,0.0,0.0,0.0,0.0
6230,"(np.float64(-1.4515294343286922), np.float64(8.129866590132905e-05), np.float64(9.81))","(np.float64(-90.43028375867773), np.float64(0.005064906885652694), 0)","(np.float64(-2821.424853270822), np.float64(0.15802509483236724), 0)",613.125,-90.72058964554326,0.005081166618833066,0.0,613.125,-90.72058964554326,0.005081166618833066,0.0,613.125,-90.72058964554326,0.005081166618833066,0.0,613.125,-90.72058964554326,0.005081166618833066,0.0,0.0,0.0,0.0
6235,"(np.float64(-1.4515294343286922), np.float64(8.129866590132905e-05), np.float64(9.81))","(np.float64(-90.50286023039416), np.float64(0.00506897181894776), 0)","(np.float64(-2825.9518106941346), np.float64(0.15827864504664702), 0)",613.125,-90.72058964554326,0.005081166618833066,0.0,613.125,-90.72058964554326,0.005081166618833066,0.0,613.125,-90.72058964554326,0.005081166618833066,0.0,613.125,-90.72058964554326,0.005081166618833066,0.0,0.0,0.0,0.0
6240,"(np.float64(-1.4515294343286922), np.float64(8.129866590132905e-05), np.float64(9.81))","(np.float64(-90.5754367021106), np.float64(0.005073036752242826), 0)","(np.float64(-2830.482396941033), np.float64(0.15853239850759154), 0)",613.125,-90.72058964554326,0.005081166618833066,0.0,613.125,-90.72058964554326,0.005081166618833066,0.0,613.125,-90.72058964554326,0.005081166618833066,0.0,613.125,-90.72058964554326,0.005081166618833066,0.0,0.0,0.0,0.0
6245,"(np.float64(-1.4515294343286922), np.float64(8.129866590132905e-05), np.float64(9.81))","(np.float64(-90.64801317382702), np.float64(0.005077101685537892), 0)","(np.float64(-2835.0166120115173), np.float64(0.15878635521520082), 0)",613.125,-90.72058964554326,0.005081166618833066,0.0,613.125,-90.72058964554326,0.005081166618833066,0.0,613.125,-90.72058964554326,0.005081166618833066,0.0,613.125,-90.72058964554326,0.005081166618833066,0.0,0.0,0.0,0.0
6250,"(np.float64(-1.4515294343286922), np.float64(8.129866590132905e-05), np.float64(9.81))","(np.float64(-90.72058964554346), np.float64(0.005081166618832958), 0)","(np.float64(-2839.5544559055875), np.float64(0.15904051516947484), 0)",613.125,-90.72058964554326,0.005081166618833066,0.0,613.125,-90.72058964554326,0.005081166618833066,0.0,613.125,-90.72058964554326,0.005081166618833066,0.0,613.125,-90.72058964554326,0.005081166618833066,0.0,0.0,0.0,0.0
6255,"(np.float64(-1.4515294343286922), np.float64(8.129866590132905e-05), np.float64(9.81))","(np.float64(-90.79316611725989), np.float64(0.005085231552128024), 0)","(np.float64(-2844.0959286232437), np.float64(0.15929487837041365), 0)",613.125,-90.72058964554326,0.005081166618833066,0.0,613.125,-90.72058964554326,0.005081166618833066,0.0,613.125,-90.72058964554326,0.005081166618833066,0.0,613.125,-90.72058964554326,0.005081166618833066,0.0,0.0,0.0,0.0
6260,"(np.float64(-1.4515294343286922), np.float64(8.129866590132905e-05), np.float64(9.81))","(np.float64(-90.86574258897632), np.float64(0.00508929648542309), 0)","(np.float64(-2848.6410301644855), np.float64(0.1595494448180172), 0)",613.125,-90.72058964554326,0.005081166618833066,0.0,613.125,-90.72058964554326,0.005081166618833066,0.0,613.125,-90.72058964554326,0.005081166618833066,0.0,613.125,-90.72058964554326,0.005081166618833066,0.0,0.0,0.0,0.0
6265,"(np.float64(-1.4515294343286922), np.float64(8.129866590132905e-05), np.float64(9.81))","(np.float64(-90.93831906069275), np.float64(0.005093361418718156), 0)","(np.float64(-2853.1897605293134), np.float64(0.1598042145122855), 0)",613.125,-90.72058964554326,0.005081166618833066,0.0,613.125,-90.72058964554326,0.005081166618833066,0.0,613.125,-90.72058964554326,0.005081166618833066,0.0,613.125,-90.72058964554326,0.005081166618833066,0.0,0.0,0.0,0.0
6270,"(np.float64(-1.4515294343286922), np.float64(8.129866590132905e-05), np.float64(9.81))","(np.float64(-91.01089553240918), np.float64(0.005097426352013222), 0)","(np.float64(-2857.742119717727), np.float64(0.16005918745321854), 0)",613.125,-90.72058964554326,0.005081166618833066,0.0,613.125,-90.72058964554326,0.005081166618833066,0.0,613.125,-90.72058964554326,0.005081166618833066,0.0,613.125,-90.72058964554326,0.005081166618833066,0.0,0.0,0.0,0.0
6275,"(np.float64(-1.4515294343286922), np.float64(8.129866590132905e-05), np.float64(9.81))","(np.float64(-91.08347200412561), np.float64(0.005101491285308288), 0)","(np.float64(-2862.2981077297263), np.float64(0.16031436364081633), 0)",613.125,-90.72058964554326,0.005081166618833066,0.0,613.125,-90.72058964554326,0.005081166618833066,0.0,613.125,-90.72058964554326,0.005081166618833066,0.0,613.125,-90.72058964554326,0.005081166618833066,0.0,0.0,0.0,0.0
6280,"(np.float64(-1.4515294343286922), np.float64(8.129866590132905e-05), np.float64(9.81))","(np.float64(-91.15604847584204), np.float64(0.005105556218603354), 0)","(np.float64(-2866.8577245653114), np.float64(0.16056974307507887), 0)",613.125,-90.72058964554326,0.005081166618833066,0.0,613.125,-90.72058964554326,0.005081166618833066,0.0,613.125,-90.72058964554326,0.005081166618833066,0.0,613.125,-90.72058964554326,0.005081166618833066,0.0,0.0,0.0,0.0
6285,"(np.float64(-1.4515294343286922), np.float64(8.129866590132905e-05), np.float64(9.81))","(np.float64(-91.22862494755847), np.float64(0.00510962115189842), 0)","(np.float64(-2871.4209702244825), np.float64(0.1608253257560062), 0)",613.125,-90.72058964554326,0.005081166618833066,0.0,613.125,-90.72058964554326,0.005081166618833066,0.0,613.125,-90.72058964554326,0.005081166618833066,0.0,613.125,-90.72058964554326,0.005081166618833066,0.0,0.0,0.0,0.0
6290,"(np.float64(-1.4515294343286922), np.float64(8.129866590132905e-05), np.float64(9.81))","(np.float64(-91.3012014192749), np.float64(0.005113686085193486), 0)","(np.float64(-2875.987844707239), np.float64(0.16108111168359826), 0)",613.125,-90.72058964554326,0.005081166618833066,0.0,613.125,-90.72058964554326,0.005081166618833066,0.0,613.125,-90.72058964554326,0.005081166618833066,0.0,613.125,-90.72058964554326,0.005081166618833066,0.0,0.0,0.0,0.0
6295,"(np.float64(-1.4515294343286922), np.float64(8.129866590132905e-05), np.float64(9.81))","(np.float64(-91.37377789099133), np.float64(0.005117751018488552), 0)","(np.float64(-2880.558348013582), np.float64(0.16133710085785508), 0)",613.125,-90.72058964554326,0.005081166618833066,0.0,613.125,-90.72058964554326,0.005081166618833066,0.0,613.125,-90.72058964554326,0.005081166618833066,0.0,613.125,-90.72058964554326,0.005081166618833066,0.0,0.0,0.0,0.0
6300,"(np.float64(-1.4515294343286922), np.float64(8.129866590132905e-05), np.float64(9.81))","(np.float64(-91.44635436270777), np.float64(0.005121815951783618), 0)","(np.float64(-2885.1324801435103), np.float64(0.16159329327877664), 0)",613.125,-90.72058964554326,0.005081166618833066,0.0,613.125,-90.72058964554326,0.005081166618833066,0.0,613.125,-90.72058964554326,0.005081166618833066,0.0,613.125,-90.72058964554326,0.005081166618833066,0.0,0.0,0.0,0.0
6305,"(np.float64(-1.4515294343286922), np.float64(8.129866590132905e-05), np.float64(9.81))","(np.float64(-91.5189308344242), np.float64(0.005125880885078684), 0)","(np.float64(-2889.7102410970247), np.float64(0.16184968894636295), 0)",613.125,-90.72058964554326,0.005081166618833066,0.0,613.125,-90.72058964554326,0.005081166618833066,0.0,613.125,-90.72058964554326,0.005081166618833066,0.0,613.125,-90.72058964554326,0.005081166618833066,0.0,0.0,0.0,0.0
6310,"(np.float64(-1.4515294343286922), np.float64(8.129866590132905e-05), np.float64(9.81))","(np.float64(-91.59150730614063), np.float64(0.00512994581837375), 0)","(np.float64(-2894.2916308741246), np.float64(0.16210628786061404), 0)",613.125,-90.72058964554326,0.005081166618833066,0.0,613.125,-90.72058964554326,0.005081166618833066,0.0,613.125,-90.72058964554326,0.005081166618833066,0.0,613.125,-90.72058964554326,0.005081166618833066,0.0,0.0,0.0,0.0
6315,"(np.float64(-1.4515294343286922), np.float64(8.129866590132905e-05), np.float64(9.81))","(np.float64(-91.66408377785706), np.float64(0.005134010751668816), 0)","(np.float64(-2898.8766494748106), np.float64(0.16236309002152988), 0)",613.125,-90.72058964554326,0.005081166618833066,0.0,613.125,-90.72058964554326,0.005081166618833066,0.0,613.125,-90.72058964554326,0.005081166618833066,0.0,613.125,-90.72058964554326,0.005081166618833066,0.0,0.0,0.0,0.0
6320,"(np.float64(-1.4515294343286922), np.float64(8.129866590132905e-05), np.float64(9.81))","(np.float64(-91.73666024957349), np.float64(0.005138075684963882), 0)","(np.float64(-2903.465296899082), np.float64(0.16262009542911046), 0)",613.125,-90.72058964554326,0.005081166618833066,0.0,613.125,-90.72058964554326,0.005081166618833066,0.0,613.125,-90.72058964554326,0.005081166618833066,0.0,613.125,-90.72058964554326,0.005081166618833066,0.0,0.0,0.0,0.0
6325,"(np.float64(-1.4515294343286922), np.float64(8.129866590132905e-05), np.float64(9.81))","(np.float64(-91.80923672128992), np.float64(0.005142140618258948), 0)","(np.float64(-2908.05757314694), np.float64(0.1628773040833558), 0)",613.125,-90.72058964554326,0.005081166618833066,0.0,613.125,-90.72058964554326,0.005081166618833066,0.0,613.125,-90.72058964554326,0.005081166618833066,0.0,613.125,-90.72058964554326,0.005081166618833066,0.0,0.0,0.0,0.0
6330,"(np.float64(-1.4515294343286922), np.float64(8.129866590132905e-05), np.float64(9.81))","(np.float64(-91.88181319300635), np.float64(0.005146205551554014), 0)","(np.float64(-2912.653478218383), np.float64(0.16313471598426588), 0)",613.125,-90.72058964554326,0.005081166618833066,0.0,613.125,-90.72058964554326,0.005081166618833066,0.0,613.125,-90.72058964554326,0.005081166618833066,0.0,613.125,-90.72058964554326,0.005081166618833066,0.0,0.0,0.0,0.0
6335,"(np.float64(-1.4515294343286922), np.float64(8.129866590132905e-05), np.float64(9.81))","(np.float64(-91.95438966472278), np.float64(0.00515027048484908), 0)","(np.float64(-2917.2530121134123), np.float64(0.1633923311318407), 0)",613.125,-90.72058964554326,0.005081166618833066,0.0,613.125,-90.72058964554326,0.005081166618833066,0.0,613.125,-90.72058964554326,0.005081166618833066,0.0,613.125,-90.72058964554326,0.005081166618833066,0.0,0.0,0.0,0.0
6340,"(np.float64(-1.4515294343286922), np.float64(8.129866590132905e-05), np.float64(9.81))","(np.float64(-92.02696613643921), np.float64(0.005154335418144146), 0)","(np.float64(-2921.856174832027), np.float64(0.1636501495260803), 0)",613.125,-90.72058964554326,0.005081166618833066,0.0,613.125,-90.72058964554326,0.005081166618833066,0.0,613.125,-90.72058964554326,0.005081166618833066,0.0,613.125,-90.72058964554326,0.005081166618833066,0.0,0.0,0.0,0.0
6345,"(np.float64(-1.4515294343286922), np.float64(8.129866590132905e-05), np.float64(9.81))","(np.float64(-92.09954260815564), np.float64(0.005158400351439212), 0)","(np.float64(-2926.462966374228), np.float64(0.16390817116698467), 0)",613.125,-90.72058964554326,0.005081166618833066,0.0,613.125,-90.72058964554326,0.005081166618833066,0.0,613.125,-90.72058964554326,0.005081166618833066,0.0,613.125,-90.72058964554326,0.005081166618833066,0.0,0.0,0.0,0.0
6350,"(np.float64(-1.4515294343286922), np.float64(8.129866590132905e-05), np.float64(9.81))","(np.float64(-92.17211907987208), np.float64(0.0051624652847342785), 0)","(np.float64(-2931.0733867400145), np.float64(0.16416639605455377), 0)",613.125,-90.72058964554326,0.005081166618833066,0.0,613.125,-90.72058964554326,0.005081166618833066,0.0,613.125,-90.72058964554326,0.005081166618833066,0.0,613.125,-90.72058964554326,0.005081166618833066,0.0,0.0,0.0,0.0
6355,"(np.float64(-1.4515294343286922), np.float64(8.129866590132905e-05), np.float64(9.81))","(np.float64(-92.2446955515885), np.float64(0.0051665302180293445), 0)","(np.float64(-2935.687435929387), np.float64(0.16442482418878762), 0)",613.125,-90.72058964554326,0.005081166618833066,0.0,613.125,-90.72058964554326,0.005081166618833066,0.0,613.125,-90.72058964554326,0.005081166618833066,0.0,613.125,-90.72058964554326,0.005081166618833066,0.0,0.0,0.0,0.0
6360,"(np.float64(-1.4515294343286922), np.float64(8.129866590132905e-05), np.float64(9.81))","(np.float64(-92.31727202330494), np.float64(0.0051705951513244105), 0)","(np.float64(-2940.305113942345), np.float64(0.16468345556968622), 0)",613.125,-90.72058964554326,0.005081166618833066,0.0,613.125,-90.72058964554326,0.005081166618833066,0.0,613.125,-90.72058964554326,0.005081166618833066,0.0,613.125,-90.72058964554326,0.005081166618833066,0.0,0.0,0.0,0.0
6365,"(np.float64(-1.4515294343286922), np.float64(8.129866590132905e-05), np.float64(9.81))","(np.float64(-92.38984849502137), np.float64(0.0051746600846194766), 0)","(np.float64(-2944.926420778889), np.float64(0.1649422901972496), 0)",613.125,-90.72058964554326,0.005081166618833066,0.0,613.125,-90.72058964554326,0.005081166618833066,0.0,613.125,-90.72058964554326,0.005081166618833066,0.0,613.125,-90.72058964554326,0.005081166618833066,0.0,0.0,0.0,0.0
6370,"(np.float64(-1.4515294343286922), np.float64(8.129866590132905e-05), np.float64(9.81))","(np.float64(-92.4624249667378), np.float64(0.005178725017914543), 0)","(np.float64(-2949.551356439019), np.float64(0.16520132807147772), 0)",613.125,-90.72058964554326,0.005081166618833066,0.0,613.125,-90.72058964554326,0.005081166618833066,0.0,613.125,-90.72058964554326,0.005081166618833066,0.0,613.125,-90.72058964554326,0.005081166618833066,0.0,0.0,0.0,0.0
6375,"(np.float64(-1.4515294343286922), np.float64(8.129866590132905e-05), np.float64(9.81))","(np.float64(-92.53500143845423), np.float64(0.005182789951209609), 0)","(np.float64(-2954.1799209227347), np.float64(0.1654605691923706), 0)",613.125,-90.72058964554326,0.005081166618833066,0.0,613.125,-90.72058964554326,0.005081166618833066,0.0,613.125,-90.72058964554326,0.005081166618833066,0.0,613.125,-90.72058964554326,0.005081166618833066,0.0,0.0,0.0,0.0
6380,"(np.float64(-1.4515294343286922), np.float64(8.129866590132905e-05), np.float64(9.81))","(np.float64(-92.60757791017066), np.float64(0.005186854884504675), 0)","(np.float64(-2958.812114230036), np.float64(0.16572001355992821), 0)",613.125,-90.72058964554326,0.005081166618833066,0.0,613.125,-90.72058964554326,0.005081166618833066,0.0,613.125,-90.72058964554326,0.005081166618833066,0.0,613.125,-90.72058964554326,0.005081166618833066,0.0,0.0,0.0,0.0
6385,"(np.float64(-1.4515294343286922), np.float64(8.129866590132905e-05), np.float64(9.81))","(np.float64(-92.68015438188709), np.float64(0.005190919817799741), 0)","(np.float64(-2963.4479363609234), np.float64(0.16597966117415058), 0)",613.125,-90.72058964554326,0.005081166618833066,0.0,613.125,-90.72058964554326,0.005081166618833066,0.0,613.125,-90.72058964554326,0.005081166618833066,0.0,613.125,-90.72058964554326,0.005081166618833066,0.0,0.0,0.0,0.0
6390,"(np.float64(-1.4515294343286922), np.float64(8.129866590132905e-05), np.float64(9.81))","(np.float64(-92.75273085360352), np.float64(0.005194984751094807), 0)","(np.float64(-2968.0873873153964), np.float64(0.1662395120350377), 0)",613.125,-90.72058964554326,0.005081166618833066,0.0,613.125,-90.72058964554326,0.005081166618833066,0.0,613.125,-90.72058964554326,0.005081166618833066,0.0,613.125,-90.72058964554326,0.005081166618833066,0.0,0.0,0.0,0.0
6395,"(np.float64(-1.4515294343286922), np.float64(8.129866590132905e-05), np.float64(9.81))","(np.float64(-92.82530732531995), np.float64(0.005199049684389873), 0)","(np.float64(-2972.7304670934554), np.float64(0.1664995661425896), 0)",613.125,-90.72058964554326,0.005081166618833066,0.0,613.125,-90.72058964554326,0.005081166618833066,0.0,613.125,-90.72058964554326,0.005081166618833066,0.0,613.125,-90.72058964554326,0.005081166618833066,0.0,0.0,0.0,0.0
6400,"(np.float64(-1.4515294343286922), np.float64(8.129866590132905e-05), np.float64(9.81))","(np.float64(-92.89788379703639), np.float64(0.005203114617684939), 0)","(np.float64(-2977.3771756951005), np.float64(0.16675982349680624), 0)",613.125,-90.72058964554326,0.005081166618833066,0.0,613.125,-90.72058964554326,0.005081166618833066,0.0,613.125,-90.72058964554326,0.005081166618833066,0.0,613.125,-90.72058964554326,0.005081166618833066,0.0,0.0,0.0,0.0
6405,"(np.float64(-1.4515294343286922), np.float64(8.129866590132905e-05), np.float64(9.81))","(np.float64(-92.97046026875282), np.float64(0.005207179550980005), 0)","(np.float64(-2982.027513120331), np.float64(0.16702028409768763), 0)",613.125,-90.72058964554326,0.005081166618833066,0.0,613.125,-90.72058964554326,0.005081166618833066,0.0,613.125,-90.72058964554326,0.005081166618833066,0.0,613.125,-90.72058964554326,0.005081166618833066,0.0,0.0,0.0,0.0
6410,"(np.float64(-1.4515294343286922), np.float64(8.129866590132905e-05), np.float64(9.81))","(np.float64(-93.04303674046925), np.float64(0.005211244484275071), 0)","(np.float64(-2986.681479369148), np.float64(0.16728094794523377), 0)",613.125,-90.72058964554326,0.005081166618833066,0.0,613.125,-90.72058964554326,0.005081166618833066,0.0,613.125,-90.72058964554326,0.005081166618833066,0.0,613.125,-90.72058964554326,0.005081166618833066,0.0,0.0,0.0,0.0
6415,"(np.float64(-1.4515294343286922), np.float64(8.129866590132905e-05), np.float64(9.81))","(np.float64(-93.11561321218568), np.float64(0.005215309417570137), 0)","(np.float64(-2991.33907444155), np.float64(0.16754181503944465), 0)",613.125,-90.72058964554326,0.005081166618833066,0.0,613.125,-90.72058964554326,0.005081166618833066,0.0,613.125,-90.72058964554326,0.005081166618833066,0.0,613.125,-90.72058964554326,0.005081166618833066,0.0,0.0,0.0,0.0
6420,"(np.float64(-1.4515294343286922), np.float64(8.129866590132905e-05), np.float64(9.81))","(np.float64(-93.18818968390211), np.float64(0.005219374350865203), 0)","(np.float64(-2996.0002983375384), np.float64(0.1678028853803203), 0)",613.125,-90.72058964554326,0.005081166618833066,0.0,613.125,-90.72058964554326,0.005081166618833066,0.0,613.125,-90.72058964554326,0.005081166618833066,0.0,613.125,-90.72058964554326,0.005081166618833066,0.0,0.0,0.0,0.0
6425,"(np.float64(-1.4515294343286922), np.float64(8.129866590132905e-05), np.float64(9.81))","(np.float64(-93.26076615561854), np.float64(0.005223439284160269), 0)","(np.float64(-3000.6651510571123), np.float64(0.1680641589678607), 0)",613.125,-90.72058964554326,0.005081166618833066,0.0,613.125,-90.72058964554326,0.005081166618833066,0.0,613.125,-90.72058964554326,0.005081166618833066,0.0,613.125,-90.72058964554326,0.005081166618833066,0.0,0.0,0.0,0.0
6430,"(np.float64(-1.4515294343286922), np.float64(8.129866590132905e-05), np.float64(9.81))","(np.float64(-93.33334262733497), np.float64(0.005227504217455335), 0)","(np.float64(-3005.3336326002723), np.float64(0.16832563580206586), 0)",613.125,-90.72058964554326,0.005081166618833066,0.0,613.125,-90.72058964554326,0.005081166618833066,0.0,613.125,-90.72058964554326,0.005081166618833066,0.0,613.125,-90.72058964554326,0.005081166618833066,0.0,0.0,0.0,0.0
6435,"(np.float64(-1.4515294343286922), np.float64(8.129866590132905e-05), np.float64(9.81))","(np.float64(-93.4059190990514), np.float64(0.005231569150750401), 0)","(np.float64(-3010.005742967018), np.float64(0.16858731588293577), 0)",613.125,-90.72058964554326,0.005081166618833066,0.0,613.125,-90.72058964554326,0.005081166618833066,0.0,613.125,-90.72058964554326,0.005081166618833066,0.0,613.125,-90.72058964554326,0.005081166618833066,0.0,0.0,0.0,0.0
6440,"(np.float64(-1.4515294343286922), np.float64(8.129866590132905e-05), np.float64(9.81))","(np.float64(-93.47849557076783), np.float64(0.005235634084045467), 0)","(np.float64(-3014.6814821573494), np.float64(0.16884919921047042), 0)",613.125,-90.72058964554326,0.005081166618833066,0.0,613.125,-90.72058964554326,0.005081166618833066,0.0,613.125,-90.72058964554326,0.005081166618833066,0.0,613.125,-90.72058964554326,0.005081166618833066,0.0,0.0,0.0,0.0
6445,"(np.float64(-1.4515294343286922), np.float64(8.129866590132905e-05), np.float64(9.81))","(np.float64(-93.55107204248426), np.float64(0.005239699017340533), 0)","(np.float64(-3019.3608501712665), np.float64(0.16911128578466983), 0)",613.125,-90.72058964554326,0.005081166618833066,0.0,613.125,-90.72058964554326,0.005081166618833066,0.0,613.125,-90.72058964554326,0.005081166618833066,0.0,613.125,-90.72058964554326,0.005081166618833066,0.0,0.0,0.0,0.0
6450,"(np.float64(-1.4515294343286922), np.float64(8.129866590132905e-05), np.float64(9.81))","(np.float64(-93.6236485142007), np.float64(0.005243763950635599), 0)","(np.float64(-3024.0438470087697), np.float64(0.169373575605534), 0)",613.125,-90.72058964554326,0.005081166618833066,0.0,613.125,-90.72058964554326,0.005081166618833066,0.0,613.125,-90.72058964554326,0.005081166618833066,0.0,613.125,-90.72058964554326,0.005081166618833066,0.0,0.0,0.0,0.0
6455,"(np.float64(-1.4515294343286922), np.float64(8.129866590132905e-05), np.float64(9.81))","(np.float64(-93.69622498591713), np.float64(0.005247828883930665), 0)","(np.float64(-3028.7304726698585), np.float64(0.16963606867306294), 0)",613.125,-90.72058964554326,0.005081166618833066,0.0,613.125,-90.72058964554326,0.005081166618833066,0.0,613.125,-90.72058964554326,0.005081166618833066,0.0,613.125,-90.72058964554326,0.005081166618833066,0.0,0.0,0.0,0.0
6460,"(np.float64(-1.4515294343286922), np.float64(8.129866590132905e-05), np.float64(9.81))","(np.float64(-93.76880145763356), np.float64(0.005251893817225731), 0)","(np.float64(-3033.4207271545333), np.float64(0.16989876498725662), 0)",613.125,-90.72058964554326,0.005081166618833066,0.0,613.125,-90.72058964554326,0.005081166618833066,0.0,613.125,-90.72058964554326,0.005081166618833066,0.0,613.125,-90.72058964554326,0.005081166618833066,0.0,0.0,0.0,0.0
6465,"(np.float64(-1.4515294343286922), np.float64(8.129866590132905e-05), np.float64(9.81))","(np.float64(-93.84137792934999), np.float64(0.005255958750520797), 0)","(np.float64(-3038.1146104627937), np.float64(0.17016166454811504), 0)",613.125,-90.72058964554326,0.005081166618833066,0.0,613.125,-90.72058964554326,0.005081166618833066,0.0,613.125,-90.72058964554326,0.005081166618833066,0.0,613.125,-90.72058964554326,0.005081166618833066,0.0,0.0,0.0,0.0
6470,"(np.float64(-1.4515294343286922), np.float64(8.129866590132905e-05), np.float64(9.81))","(np.float64(-93.91395440106642), np.float64(0.005260023683815863), 0)","(np.float64(-3042.81212259464), np.float64(0.17042476735563822), 0)",613.125,-90.72058964554326,0.005081166618833066,0.0,613.125,-90.72058964554326,0.005081166618833066,0.0,613.125,-90.72058964554326,0.005081166618833066,0.0,613.125,-90.72058964554326,0.005081166618833066,0.0,0.0,0.0,0.0
6475,"(np.float64(-1.4515294343286922), np.float64(8.129866590132905e-05), np.float64(9.81))","(np.float64(-93.98653087278285), np.float64(0.005264088617110929), 0)","(np.float64(-3047.513263550072), np.float64(0.17068807340982614), 0)",613.125,-90.72058964554326,0.005081166618833066,0.0,613.125,-90.72058964554326,0.005081166618833066,0.0,613.125,-90.72058964554326,0.005081166618833066,0.0,613.125,-90.72058964554326,0.005081166618833066,0.0,0.0,0.0,0.0
6480,"(np.float64(-1.4515294343286922), np.float64(8.129866590132905e-05), np.float64(9.81))","(np.float64(-94.05910734449928), np.float64(0.005268153550405995), 0)","(np.float64(-3052.2180333290903), np.float64(0.17095158271067884), 0)",613.125,-90.72058964554326,0.005081166618833066,0.0,613.125,-90.72058964554326,0.005081166618833066,0.0,613.125,-90.72058964554326,0.005081166618833066,0.0,613.125,-90.72058964554326,0.005081166618833066,0.0,0.0,0.0,0.0
6485,"(np.float64(-1.4515294343286922), np.float64(8.129866590132905e-05), np.float64(9.81))","(np.float64(-94.13168381621571), np.float64(0.005272218483701061), 0)","(np.float64(-3056.926431931694), np.float64(0.1712152952581963), 0)",613.125,-90.72058964554326,0.005081166618833066,0.0,613.125,-90.72058964554326,0.005081166618833066,0.0,613.125,-90.72058964554326,0.005081166618833066,0.0,613.125,-90.72058964554326,0.005081166618833066,0.0,0.0,0.0,0.0
6490,"(np.float64(-1.4515294343286922), np.float64(8.129866590132905e-05), np.float64(9.81))","(np.float64(-94.20426028793214), np.float64(0.005276283416996127), 0)","(np.float64(-3061.6384593578837), np.float64(0.17147921105237848), 0)",613.125,-90.72058964554326,0.005081166618833066,0.0,613.125,-90.72058964554326,0.005081166618833066,0.0,613.125,-90.72058964554326,0.005081166618833066,0.0,613.125,-90.72058964554326,0.005081166618833066,0.0,0.0,0.0,0.0
6495,"(np.float64(-1.4515294343286922), np.float64(8.129866590132905e-05), np.float64(9.81))","(np.float64(-94.27683675964857), np.float64(0.005280348350291193), 0)","(np.float64(-3066.354115607659), np.float64(0.17174333009322543), 0)",613.125,-90.72058964554326,0.005081166618833066,0.0,613.125,-90.72058964554326,0.005081166618833066,0.0,613.125,-90.72058964554326,0.005081166618833066,0.0,613.125,-90.72058964554326,0.005081166618833066,0.0,0.0,0.0,0.0
6500,"(np.float64(-1.4515294343286922), np.float64(8.129866590132905e-05), np.float64(9.81))","(np.float64(-94.349413231365), np.float64(0.0052844132835862595), 0)","(np.float64(-3071.0734006810203), np.float64(0.17200765238073712), 0)",613.125,-90.72058964554326,0.005081166618833066,0.0,613.125,-90.72058964554326,0.005081166618833066,0.0,613.125,-90.72058964554326,0.005081166618833066,0.0,613.125,-90.72058964554326,0.005081166618833066,0.0,0.0,0.0,0.0
6505,"(np.float64(-1.4515294343286922), np.float64(8.129866590132905e-05), np.float64(9.81))","(np.float64(-94.42198970308144), np.float64(0.0052884782168813255), 0)","(np.float64(-3075.796314577967), np.float64(0.17227217791491356), 0)",613.125,-90.72058964554326,0.005081166618833066,0.0,613.125,-90.72058964554326,0.005081166618833066,0.0,613.125,-90.72058964554326,0.005081166618833066,0.0,613.125,-90.72058964554326,0.005081166618833066,0.0,0.0,0.0,0.0
6510,"(np.float64(-1.4515294343286922), np.float64(8.129866590132905e-05), np.float64(9.81))","(np.float64(-94.49456617479787), np.float64(0.0052925431501763915), 0)","(np.float64(-3080.5228572985), np.float64(0.17253690669575478), 0)",613.125,-90.72058964554326,0.005081166618833066,0.0,613.125,-90.72058964554326,0.005081166618833066,0.0,613.125,-90.72058964554326,0.005081166618833066,0.0,613.125,-90.72058964554326,0.005081166618833066,0.0,0.0,0.0,0.0
6515,"(np.float64(-1.4515294343286922), np.float64(8.129866590132905e-05), np.float64(9.81))","(np.float64(-94.5671426465143), np.float64(0.005296608083471458), 0)","(np.float64(-3085.2530288426187), np.float64(0.17280183872326074), 0)",613.125,-90.72058964554326,0.005081166618833066,0.0,613.125,-90.72058964554326,0.005081166618833066,0.0,613.125,-90.72058964554326,0.005081166618833066,0.0,613.125,-90.72058964554326,0.005081166618833066,0.0,0.0,0.0,0.0
6520,"(np.float64(-1.4515294343286922), np.float64(8.129866590132905e-05), np.float64(9.81))","(np.float64(-94.63971911823073), np.float64(0.005300673016766524), 0)","(np.float64(-3089.9868292103233), np.float64(0.17306697399743146), 0)",613.125,-90.72058964554326,0.005081166618833066,0.0,613.125,-90.72058964554326,0.005081166618833066,0.0,613.125,-90.72058964554326,0.005081166618833066,0.0,613.125,-90.72058964554326,0.005081166618833066,0.0,0.0,0.0,0.0
6525,"(np.float64(-1.4515294343286922), np.float64(8.129866590132905e-05), np.float64(9.81))","(np.float64(-94.71229558994716), np.float64(0.00530473795006159), 0)","(np.float64(-3094.7242584016135), np.float64(0.17333231251826692), 0)",613.125,-90.72058964554326,0.005081166618833066,0.0,613.125,-90.72058964554326,0.005081166618833066,0.0,613.125,-90.72058964554326,0.005081166618833066,0.0,613.125,-90.72058964554326,0.005081166618833066,0.0,0.0,0.0,0.0
6530,"(np.float64(-1.4515294343286922), np.float64(8.129866590132905e-05), np.float64(9.81))","(np.float64(-94.78487206166359), np.float64(0.005308802883356656), 0)","(np.float64(-3099.4653164164897), np.float64(0.17359785428576713), 0)",613.125,-90.72058964554326,0.005081166618833066,0.0,613.125,-90.72058964554326,0.005081166618833066,0.0,613.125,-90.72058964554326,0.005081166618833066,0.0,613.125,-90.72058964554326,0.005081166618833066,0.0,0.0,0.0,0.0
6535,"(np.float64(-1.4515294343286922), np.float64(8.129866590132905e-05), np.float64(9.81))","(np.float64(-94.85744853338002), np.float64(0.005312867816651722), 0)","(np.float64(-3104.2100032549515), np.float64(0.17386359929993211), 0)",613.125,-90.72058964554326,0.005081166618833066,0.0,613.125,-90.72058964554326,0.005081166618833066,0.0,613.125,-90.72058964554326,0.005081166618833066,0.0,613.125,-90.72058964554326,0.005081166618833066,0.0,0.0,0.0,0.0
6540,"(np.float64(-1.4515294343286922), np.float64(8.129866590132905e-05), np.float64(9.81))","(np.float64(-94.93002500509645), np.float64(0.005316932749946788), 0)","(np.float64(-3108.9583189169994), np.float64(0.17412954756076185), 0)",613.125,-90.72058964554326,0.005081166618833066,0.0,613.125,-90.72058964554326,0.005081166618833066,0.0,613.125,-90.72058964554326,0.005081166618833066,0.0,613.125,-90.72058964554326,0.005081166618833066,0.0,0.0,0.0,0.0
6545,"(np.float64(-1.4515294343286922), np.float64(8.129866590132905e-05), np.float64(9.81))","(np.float64(-95.00260147681288), np.float64(0.005320997683241854), 0)","(np.float64(-3113.7102634026332), np.float64(0.17439569906825633), 0)",613.125,-90.72058964554326,0.005081166618833066,0.0,613.125,-90.72058964554326,0.005081166618833066,0.0,613.125,-90.72058964554326,0.005081166618833066,0.0,613.125,-90.72058964554326,0.005081166618833066,0.0,0.0,0.0,0.0
6550,"(np.float64(-1.4515294343286922), np.float64(8.129866590132905e-05), np.float64(9.81))","(np.float64(-95.07517794852932), np.float64(0.00532506261653692), 0)","(np.float64(-3118.4658367118527), np.float64(0.17466205382241556), 0)",613.125,-90.72058964554326,0.005081166618833066,0.0,613.125,-90.72058964554326,0.005081166618833066,0.0,613.125,-90.72058964554326,0.005081166618833066,0.0,613.125,-90.72058964554326,0.005081166618833066,0.0,0.0,0.0,0.0
6555,"(np.float64(-1.4515294343286922), np.float64(8.129866590132905e-05), np.float64(9.81))","(np.float64(-95.14775442024575), np.float64(0.005329127549831986), 0)","(np.float64(-3123.2250388446582), np.float64(0.17492861182323954), 0)",613.125,-90.72058964554326,0.005081166618833066,0.0,613.125,-90.72058964554326,0.005081166618833066,0.0,613.125,-90.72058964554326,0.005081166618833066,0.0,613.125,-90.72058964554326,0.005081166618833066,0.0,0.0,0.0,0.0
6560,"(np.float64(-1.4515294343286922), np.float64(8.129866590132905e-05), np.float64(9.81))","(np.float64(-95.22033089196218), np.float64(0.005333192483127052), 0)","(np.float64(-3127.9878698010493), np.float64(0.17519537307072827), 0)",613.125,-90.72058964554326,0.005081166618833066,0.0,613.125,-90.72058964554326,0.005081166618833066,0.0,613.125,-90.72058964554326,0.005081166618833066,0.0,613.125,-90.72058964554326,0.005081166618833066,0.0,0.0,0.0,0.0
6565,"(np.float64(-1.4515294343286922), np.float64(8.129866590132905e-05), np.float64(9.81))","(np.float64(-95.29290736367861), np.float64(0.005337257416422118), 0)","(np.float64(-3132.7543295810265), np.float64(0.17546233756488178), 0)",613.125,-90.72058964554326,0.005081166618833066,0.0,613.125,-90.72058964554326,0.005081166618833066,0.0,613.125,-90.72058964554326,0.005081166618833066,0.0,613.125,-90.72058964554326,0.005081166618833066,0.0,0.0,0.0,0.0
6570,"(np.float64(-1.4515294343286922), np.float64(8.129866590132905e-05), np.float64(9.81))","(np.float64(-95.36548383539504), np.float64(0.005341322349717184), 0)","(np.float64(-3137.524418184589), np.float64(0.17572950530570003), 0)",613.125,-90.72058964554326,0.005081166618833066,0.0,613.125,-90.72058964554326,0.005081166618833066,0.0,613.125,-90.72058964554326,0.005081166618833066,0.0,613.125,-90.72058964554326,0.005081166618833066,0.0,0.0,0.0,0.0
6575,"(np.float64(-1.4515294343286922), np.float64(8.129866590132905e-05), np.float64(9.81))","(np.float64(-95.43806030711147), np.float64(0.00534538728301225), 0)","(np.float64(-3142.298135611738), np.float64(0.17599687629318303), 0)",613.125,-90.72058964554326,0.005081166618833066,0.0,613.125,-90.72058964554326,0.005081166618833066,0.0,613.125,-90.72058964554326,0.005081166618833066,0.0,613.125,-90.72058964554326,0.005081166618833066,0.0,0.0,0.0,0.0
6580,"(np.float64(-1.4515294343286922), np.float64(8.129866590132905e-05), np.float64(9.81))","(np.float64(-95.5106367788279), np.float64(0.005349452216307316), 0)","(np.float64(-3147.0754818624723), np.float64(0.17626445052733078), 0)",613.125,-90.72058964554326,0.005081166618833066,0.0,613.125,-90.72058964554326,0.005081166618833066,0.0,613.125,-90.72058964554326,0.005081166618833066,0.0,613.125,-90.72058964554326,0.005081166618833066,0.0,0.0,0.0,0.0
6585,"(np.float64(-1.4515294343286922), np.float64(8.129866590132905e-05), np.float64(9.81))","(np.float64(-95.58321325054433), np.float64(0.005353517149602382), 0)","(np.float64(-3151.8564569367927), np.float64(0.17653222800814328), 0)",613.125,-90.72058964554326,0.005081166618833066,0.0,613.125,-90.72058964554326,0.005081166618833066,0.0,613.125,-90.72058964554326,0.005081166618833066,0.0,613.125,-90.72058964554326,0.005081166618833066,0.0,0.0,0.0,0.0
6590,"(np.float64(-1.4515294343286922), np.float64(8.129866590132905e-05), np.float64(9.81))","(np.float64(-95.65578972226076), np.float64(0.005357582082897448), 0)","(np.float64(-3156.6410608346987), np.float64(0.17680020873562055), 0)",613.125,-90.72058964554326,0.005081166618833066,0.0,613.125,-90.72058964554326,0.005081166618833066,0.0,613.125,-90.72058964554326,0.005081166618833066,0.0,613.125,-90.72058964554326,0.005081166618833066,0.0,0.0,0.0,0.0
6595,"(np.float64(-1.4515294343286922), np.float64(8.129866590132905e-05), np.float64(9.81))","(np.float64(-95.7283661939772), np.float64(0.005361647016192514), 0)","(np.float64(-3161.4292935561907), np.float64(0.17706839270976257), 0)",613.125,-90.72058964554326,0.005081166618833066,0.0,613.125,-90.72058964554326,0.005081166618833066,0.0,613.125,-90.72058964554326,0.005081166618833066,0.0,613.125,-90.72058964554326,0.005081166618833066,0.0,0.0,0.0,0.0
6600,"(np.float64(-1.4515294343286922), np.float64(8.129866590132905e-05), np.float64(9.81))","(np.float64(-95.80094266569363), np.float64(0.00536571194948758), 0)","(np.float64(-3166.2211551012683), np.float64(0.17733677993056934), 0)",613.125,-90.72058964554326,0.005081166618833066,0.0,613.125,-90.72058964554326,0.005081166618833066,0.0,613.125,-90.72058964554326,0.005081166618833066,0.0,613.125,-90.72058964554326,0.005081166618833066,0.0,0.0,0.0,0.0
6605,"(np.float64(-1.4515294343286922), np.float64(8.129866590132905e-05), np.float64(9.81))","(np.float64(-95.87351913741006), np.float64(0.005369776882782646), 0)","(np.float64(-3171.016645469932), np.float64(0.17760537039804086), 0)",613.125,-90.72058964554326,0.005081166618833066,0.0,613.125,-90.72058964554326,0.005081166618833066,0.0,613.125,-90.72058964554326,0.005081166618833066,0.0,613.125,-90.72058964554326,0.005081166618833066,0.0,0.0,0.0,0.0
6610,"(np.float64(-1.4515294343286922), np.float64(8.129866590132905e-05), np.float64(9.81))","(np.float64(-95.94609560912649), np.float64(0.005373841816077712), 0)","(np.float64(-3175.815764662181), np.float64(0.17787416411217713), 0)",613.125,-90.72058964554326,0.005081166618833066,0.0,613.125,-90.72058964554326,0.005081166618833066,0.0,613.125,-90.72058964554326,0.005081166618833066,0.0,613.125,-90.72058964554326,0.005081166618833066,0.0,0.0,0.0,0.0
6615,"(np.float64(-1.4515294343286922), np.float64(8.129866590132905e-05), np.float64(9.81))","(np.float64(-96.01867208084292), np.float64(0.005377906749372778), 0)","(np.float64(-3180.6185126780165), np.float64(0.17814316107297815), 0)",613.125,-90.72058964554326,0.005081166618833066,0.0,613.125,-90.72058964554326,0.005081166618833066,0.0,613.125,-90.72058964554326,0.005081166618833066,0.0,613.125,-90.72058964554326,0.005081166618833066,0.0,0.0,0.0,0.0
6620,"(np.float64(-1.4515294343286922), np.float64(8.129866590132905e-05), np.float64(9.81))","(np.float64(-96.09124855255935), np.float64(0.005381971682667844), 0)","(np.float64(-3185.4248895174374), np.float64(0.17841236128044394), 0)",613.125,-90.72058964554326,0.005081166618833066,0.0,613.125,-90.72058964554326,0.005081166618833066,0.0,613.125,-90.72058964554326,0.005081166618833066,0.0,613.125,-90.72058964554326,0.005081166618833066,0.0,0.0,0.0,0.0
6625,"(np.float64(-1.4515294343286922), np.float64(8.129866590132905e-05), np.float64(9.81))","(np.float64(-96.16382502427578), np.float64(0.00538603661596291), 0)","(np.float64(-3190.2348951804443), np.float64(0.17868176473457448), 0)",613.125,-90.72058964554326,0.005081166618833066,0.0,613.125,-90.72058964554326,0.005081166618833066,0.0,613.125,-90.72058964554326,0.005081166618833066,0.0,613.125,-90.72058964554326,0.005081166618833066,0.0,0.0,0.0,0.0
6630,"(np.float64(-1.4515294343286922), np.float64(8.129866590132905e-05), np.float64(9.81))","(np.float64(-96.23640149599221), np.float64(0.005390101549257976), 0)","(np.float64(-3195.0485296670367), np.float64(0.17895137143536977), 0)",613.125,-90.72058964554326,0.005081166618833066,0.0,613.125,-90.72058964554326,0.005081166618833066,0.0,613.125,-90.72058964554326,0.005081166618833066,0.0,613.125,-90.72058964554326,0.005081166618833066,0.0,0.0,0.0,0.0
6635,"(np.float64(-1.4515294343286922), np.float64(8.129866590132905e-05), np.float64(9.81))","(np.float64(-96.30897796770864), np.float64(0.005394166482553042), 0)","(np.float64(-3199.8657929772153), np.float64(0.1792211813828298), 0)",613.125,-90.72058964554326,0.005081166618833066,0.0,613.125,-90.72058964554326,0.005081166618833066,0.0,613.125,-90.72058964554326,0.005081166618833066,0.0,613.125,-90.72058964554326,0.005081166618833066,0.0,0.0,0.0,0.0
6640,"(np.float64(-1.4515294343286922), np.float64(8.129866590132905e-05), np.float64(9.81))","(np.float64(-96.38155443942507), np.float64(0.005398231415848108), 0)","(np.float64(-3204.6866851109794), np.float64(0.1794911945769546), 0)",613.125,-90.72058964554326,0.005081166618833066,0.0,613.125,-90.72058964554326,0.005081166618833066,0.0,613.125,-90.72058964554326,0.005081166618833066,0.0,613.125,-90.72058964554326,0.005081166618833066,0.0,0.0,0.0,0.0
6645,"(np.float64(-1.4515294343286922), np.float64(8.129866590132905e-05), np.float64(9.81))","(np.float64(-96.4541309111415), np.float64(0.0054022963491431744), 0)","(np.float64(-3209.5112060683296), np.float64(0.17976141101774412), 0)",613.125,-90.72058964554326,0.005081166618833066,0.0,613.125,-90.72058964554326,0.005081166618833066,0.0,613.125,-90.72058964554326,0.005081166618833066,0.0,613.125,-90.72058964554326,0.005081166618833066,0.0,0.0,0.0,0.0
6650,"(np.float64(-1.4515294343286922), np.float64(8.129866590132905e-05), np.float64(9.81))","(np.float64(-96.52670738285794), np.float64(0.0054063612824382405), 0)","(np.float64(-3214.3393558492653), np.float64(0.18003183070519843), 0)",613.125,-90.72058964554326,0.005081166618833066,0.0,613.125,-90.72058964554326,0.005081166618833066,0.0,613.125,-90.72058964554326,0.005081166618833066,0.0,613.125,-90.72058964554326,0.005081166618833066,0.0,0.0,0.0,0.0
6655,"(np.float64(-1.4515294343286922), np.float64(8.129866590132905e-05), np.float64(9.81))","(np.float64(-96.59928385457437), np.float64(0.0054104262157333065), 0)","(np.float64(-3219.171134453787), np.float64(0.1803024536393175), 0)",613.125,-90.72058964554326,0.005081166618833066,0.0,613.125,-90.72058964554326,0.005081166618833066,0.0,613.125,-90.72058964554326,0.005081166618833066,0.0,613.125,-90.72058964554326,0.005081166618833066,0.0,0.0,0.0,0.0
6660,"(np.float64(-1.4515294343286922), np.float64(8.129866590132905e-05), np.float64(9.81))","(np.float64(-96.6718603262908), np.float64(0.0054144911490283726), 0)","(np.float64(-3224.0065418818945), np.float64(0.1805732798201013), 0)",613.125,-90.72058964554326,0.005081166618833066,0.0,613.125,-90.72058964554326,0.005081166618833066,0.0,613.125,-90.72058964554326,0.005081166618833066,0.0,613.125,-90.72058964554326,0.005081166618833066,0.0,0.0,0.0,0.0
6665,"(np.float64(-1.4515294343286922), np.float64(8.129866590132905e-05), np.float64(9.81))","(np.float64(-96.74443679800723), np.float64(0.005418556082323439), 0)","(np.float64(-3228.845578133588), np.float64(0.18084430924754985), 0)",613.125,-90.72058964554326,0.005081166618833066,0.0,613.125,-90.72058964554326,0.005081166618833066,0.0,613.125,-90.72058964554326,0.005081166618833066,0.0,613.125,-90.72058964554326,0.005081166618833066,0.0,0.0,0.0,0.0
6670,"(np.float64(-1.4515294343286922), np.float64(8.129866590132905e-05), np.float64(9.81))","(np.float64(-96.81701326972366), np.float64(0.005422621015618505), 0)","(np.float64(-3233.688243208867), np.float64(0.18111554192166315), 0)",613.125,-90.72058964554326,0.005081166618833066,0.0,613.125,-90.72058964554326,0.005081166618833066,0.0,613.125,-90.72058964554326,0.005081166618833066,0.0,613.125,-90.72058964554326,0.005081166618833066,0.0,0.0,0.0,0.0
6675,"(np.float64(-1.4515294343286922), np.float64(8.129866590132905e-05), np.float64(9.81))","(np.float64(-96.88958974144009), np.float64(0.005426685948913571), 0)","(np.float64(-3238.534537107732), np.float64(0.18138697784244123), 0)",613.125,-90.72058964554326,0.005081166618833066,0.0,613.125,-90.72058964554326,0.005081166618833066,0.0,613.125,-90.72058964554326,0.005081166618833066,0.0,613.125,-90.72058964554326,0.005081166618833066,0.0,0.0,0.0,0.0
6680,"(np.float64(-1.4515294343286922), np.float64(8.129866590132905e-05), np.float64(9.81))","(np.float64(-96.96216621315652), np.float64(0.005430750882208637), 0)","(np.float64(-3243.3844598301825), np.float64(0.18165861700988406), 0)",613.125,-90.72058964554326,0.005081166618833066,0.0,613.125,-90.72058964554326,0.005081166618833066,0.0,613.125,-90.72058964554326,0.005081166618833066,0.0,613.125,-90.72058964554326,0.005081166618833066,0.0,0.0,0.0,0.0
6685,"(np.float64(-1.4515294343286922), np.float64(8.129866590132905e-05), np.float64(9.81))","(np.float64(-97.03474268487295), np.float64(0.005434815815503703), 0)","(np.float64(-3248.238011376219), np.float64(0.18193045942399164), 0)",613.125,-90.72058964554326,0.005081166618833066,0.0,613.125,-90.72058964554326,0.005081166618833066,0.0,613.125,-90.72058964554326,0.005081166618833066,0.0,613.125,-90.72058964554326,0.005081166618833066,0.0,0.0,0.0,0.0
6690,"(np.float64(-1.4515294343286922), np.float64(8.129866590132905e-05), np.float64(9.81))","(np.float64(-97.10731915658938), np.float64(0.005438880748798769), 0)","(np.float64(-3253.095191745842), np.float64(0.18220250508476396), 0)",613.125,-90.72058964554326,0.005081166618833066,0.0,613.125,-90.72058964554326,0.005081166618833066,0.0,613.125,-90.72058964554326,0.005081166618833066,0.0,613.125,-90.72058964554326,0.005081166618833066,0.0,0.0,0.0,0.0
6695,"(np.float64(-1.4515294343286922), np.float64(8.129866590132905e-05), np.float64(9.81))","(np.float64(-97.17989562830581), np.float64(0.005442945682093835), 0)","(np.float64(-3257.95600093905), np.float64(0.18247475399220103), 0)",613.125,-90.72058964554326,0.005081166618833066,0.0,613.125,-90.72058964554326,0.005081166618833066,0.0,613.125,-90.72058964554326,0.005081166618833066,0.0,613.125,-90.72058964554326,0.005081166618833066,0.0,0.0,0.0,0.0
6700,"(np.float64(-1.4515294343286922), np.float64(8.129866590132905e-05), np.float64(9.81))","(np.float64(-97.25247210002225), np.float64(0.005447010615388901), 0)","(np.float64(-3262.8204389558446), np.float64(0.18274720614630285), 0)",613.125,-90.72058964554326,0.005081166618833066,0.0,613.125,-90.72058964554326,0.005081166618833066,0.0,613.125,-90.72058964554326,0.005081166618833066,0.0,613.125,-90.72058964554326,0.005081166618833066,0.0,0.0,0.0,0.0
6705,"(np.float64(-1.4515294343286922), np.float64(8.129866590132905e-05), np.float64(9.81))","(np.float64(-97.32504857173868), np.float64(0.005451075548683967), 0)","(np.float64(-3267.6885057962245), np.float64(0.18301986154706945), 0)",613.125,-90.72058964554326,0.005081166618833066,0.0,613.125,-90.72058964554326,0.005081166618833066,0.0,613.125,-90.72058964554326,0.005081166618833066,0.0,613.125,-90.72058964554326,0.005081166618833066,0.0,0.0,0.0,0.0
6710,"(np.float64(-1.4515294343286922), np.float64(8.129866590132905e-05), np.float64(9.81))","(np.float64(-97.39762504345511), np.float64(0.005455140481979033), 0)","(np.float64(-3272.5602014601905), np.float64(0.1832927201945008), 0)",613.125,-90.72058964554326,0.005081166618833066,0.0,613.125,-90.72058964554326,0.005081166618833066,0.0,613.125,-90.72058964554326,0.005081166618833066,0.0,613.125,-90.72058964554326,0.005081166618833066,0.0,0.0,0.0,0.0
6715,"(np.float64(-1.4515294343286922), np.float64(8.129866590132905e-05), np.float64(9.81))","(np.float64(-97.47020151517154), np.float64(0.005459205415274099), 0)","(np.float64(-3277.435525947742), np.float64(0.1835657820885969), 0)",613.125,-90.72058964554326,0.005081166618833066,0.0,613.125,-90.72058964554326,0.005081166618833066,0.0,613.125,-90.72058964554326,0.005081166618833066,0.0,613.125,-90.72058964554326,0.005081166618833066,0.0,0.0,0.0,0.0
6720,"(np.float64(-1.4515294343286922), np.float64(8.129866590132905e-05), np.float64(9.81))","(np.float64(-97.54277798688797), np.float64(0.005463270348569165), 0)","(np.float64(-3282.3144792588796), np.float64(0.18383904722935773), 0)",613.125,-90.72058964554326,0.005081166618833066,0.0,613.125,-90.72058964554326,0.005081166618833066,0.0,613.125,-90.72058964554326,0.005081166618833066,0.0,613.125,-90.72058964554326,0.005081166618833066,0.0,0.0,0.0,0.0
6725,"(np.float64(-1.4515294343286922), np.float64(8.129866590132905e-05), np.float64(9.81))","(np.float64(-97.6153544586044), np.float64(0.005467335281864231), 0)","(np.float64(-3287.197061393603), np.float64(0.18411251561678332), 0)",613.125,-90.72058964554326,0.005081166618833066,0.0,613.125,-90.72058964554326,0.005081166618833066,0.0,613.125,-90.72058964554326,0.005081166618833066,0.0,613.125,-90.72058964554326,0.005081166618833066,0.0,0.0,0.0,0.0
6730,"(np.float64(-1.4515294343286922), np.float64(8.129866590132905e-05), np.float64(9.81))","(np.float64(-97.68793093032083), np.float64(0.005471400215159297), 0)","(np.float64(-3292.083272351912), np.float64(0.1843861872508737), 0)",613.125,-90.72058964554326,0.005081166618833066,0.0,613.125,-90.72058964554326,0.005081166618833066,0.0,613.125,-90.72058964554326,0.005081166618833066,0.0,613.125,-90.72058964554326,0.005081166618833066,0.0,0.0,0.0,0.0
6735,"(np.float64(-1.4515294343286922), np.float64(8.129866590132905e-05), np.float64(9.81))","(np.float64(-97.76050740203726), np.float64(0.005475465148454363), 0)","(np.float64(-3296.973112133807), np.float64(0.1846600621316288), 0)",613.125,-90.72058964554326,0.005081166618833066,0.0,613.125,-90.72058964554326,0.005081166618833066,0.0,613.125,-90.72058964554326,0.005081166618833066,0.0,613.125,-90.72058964554326,0.005081166618833066,0.0,0.0,0.0,0.0
6740,"(np.float64(-1.4515294343286922), np.float64(8.129866590132905e-05), np.float64(9.81))","(np.float64(-97.8330838737537), np.float64(0.005479530081749429), 0)","(np.float64(-3301.8665807392877), np.float64(0.18493414025904867), 0)",613.125,-90.72058964554326,0.005081166618833066,0.0,613.125,-90.72058964554326,0.005081166618833066,0.0,613.125,-90.72058964554326,0.005081166618833066,0.0,613.125,-90.72058964554326,0.005081166618833066,0.0,0.0,0.0,0.0
6745,"(np.float64(-1.4515294343286922), np.float64(8.129866590132905e-05), np.float64(9.81))","(np.float64(-97.90566034547012), np.float64(0.005483595015044495), 0)","(np.float64(-3306.763678168354), np.float64(0.18520842163313328), 0)",613.125,-90.72058964554326,0.005081166618833066,0.0,613.125,-90.72058964554326,0.005081166618833066,0.0,613.125,-90.72058964554326,0.005081166618833066,0.0,613.125,-90.72058964554326,0.005081166618833066,0.0,0.0,0.0,0.0
6750,"(np.float64(-1.4515294343286922), np.float64(8.129866590132905e-05), np.float64(9.81))","(np.float64(-97.97823681718656), np.float64(0.005487659948339561), 0)","(np.float64(-3311.6644044210066), np.float64(0.18548290625388264), 0)",613.125,-90.72058964554326,0.005081166618833066,0.0,613.125,-90.72058964554326,0.005081166618833066,0.0,613.125,-90.72058964554326,0.005081166618833066,0.0,613.125,-90.72058964554326,0.005081166618833066,0.0,0.0,0.0,0.0
6755,"(np.float64(-1.4515294343286922), np.float64(8.129866590132905e-05), np.float64(9.81))","(np.float64(-98.05081328890299), np.float64(0.005491724881634627), 0)","(np.float64(-3316.5687594972446), np.float64(0.18575759412129675), 0)",613.125,-90.72058964554326,0.005081166618833066,0.0,613.125,-90.72058964554326,0.005081166618833066,0.0,613.125,-90.72058964554326,0.005081166618833066,0.0,613.125,-90.72058964554326,0.005081166618833066,0.0,0.0,0.0,0.0
6760,"(np.float64(-1.4515294343286922), np.float64(8.129866590132905e-05), np.float64(9.81))","(np.float64(-98.12338976061942), np.float64(0.005495789814929693), 0)","(np.float64(-3321.4767433970687), np.float64(0.18603248523537563), 0)",613.125,-90.72058964554326,0.005081166618833066,0.0,613.125,-90.72058964554326,0.005081166618833066,0.0,613.125,-90.72058964554326,0.005081166618833066,0.0,613.125,-90.72058964554326,0.005081166618833066,0.0,0.0,0.0,0.0
6765,"(np.float64(-1.4515294343286922), np.float64(8.129866590132905e-05), np.float64(9.81))","(np.float64(-98.19596623233585), np.float64(0.005499854748224759), 0)","(np.float64(-3326.3883561204784), np.float64(0.18630757959611927), 0)",613.125,-90.72058964554326,0.005081166618833066,0.0,613.125,-90.72058964554326,0.005081166618833066,0.0,613.125,-90.72058964554326,0.005081166618833066,0.0,613.125,-90.72058964554326,0.005081166618833066,0.0,0.0,0.0,0.0
6770,"(np.float64(-1.4515294343286922), np.float64(8.129866590132905e-05), np.float64(9.81))","(np.float64(-98.26854270405228), np.float64(0.005503919681519825), 0)","(np.float64(-3331.303597667474), np.float64(0.18658287720352765), 0)",613.125,-90.72058964554326,0.005081166618833066,0.0,613.125,-90.72058964554326,0.005081166618833066,0.0,613.125,-90.72058964554326,0.005081166618833066,0.0,613.125,-90.72058964554326,0.005081166618833066,0.0,0.0,0.0,0.0
6775,"(np.float64(-1.4515294343286922), np.float64(8.129866590132905e-05), np.float64(9.81))","(np.float64(-98.34111917576871), np.float64(0.005507984614814891), 0)","(np.float64(-3336.2224680380555), np.float64(0.18685837805760078), 0)",613.125,-90.72058964554326,0.005081166618833066,0.0,613.125,-90.72058964554326,0.005081166618833066,0.0,613.125,-90.72058964554326,0.005081166618833066,0.0,613.125,-90.72058964554326,0.005081166618833066,0.0,0.0,0.0,0.0
6780,"(np.float64(-1.4515294343286922), np.float64(8.129866590132905e-05), np.float64(9.81))","(np.float64(-98.41369564748514), np.float64(0.005512049548109957), 0)","(np.float64(-3341.144967232223), np.float64(0.18713408215833865), 0)",613.125,-90.72058964554326,0.005081166618833066,0.0,613.125,-90.72058964554326,0.005081166618833066,0.0,613.125,-90.72058964554326,0.005081166618833066,0.0,613.125,-90.72058964554326,0.005081166618833066,0.0,0.0,0.0,0.0
6785,"(np.float64(-1.4515294343286922), np.float64(8.129866590132905e-05), np.float64(9.81))","(np.float64(-98.48627211920157), np.float64(0.005516114481405023), 0)","(np.float64(-3346.0710952499758), np.float64(0.18740998950574128), 0)",613.125,-90.72058964554326,0.005081166618833066,0.0,613.125,-90.72058964554326,0.005081166618833066,0.0,613.125,-90.72058964554326,0.005081166618833066,0.0,613.125,-90.72058964554326,0.005081166618833066,0.0,0.0,0.0,0.0
6790,"(np.float64(-1.4515294343286922), np.float64(8.129866590132905e-05), np.float64(9.81))","(np.float64(-98.558848590918), np.float64(0.005520179414700089), 0)","(np.float64(-3351.0008520913148), np.float64(0.18768610009980868), 0)",613.125,-90.72058964554326,0.005081166618833066,0.0,613.125,-90.72058964554326,0.005081166618833066,0.0,613.125,-90.72058964554326,0.005081166618833066,0.0,613.125,-90.72058964554326,0.005081166618833066,0.0,0.0,0.0,0.0
6795,"(np.float64(-1.4515294343286922), np.float64(8.129866590132905e-05), np.float64(9.81))","(np.float64(-98.63142506263443), np.float64(0.0055242443479951555), 0)","(np.float64(-3355.9342377562393), np.float64(0.18796241394054083), 0)",613.125,-90.72058964554326,0.005081166618833066,0.0,613.125,-90.72058964554326,0.005081166618833066,0.0,613.125,-90.72058964554326,0.005081166618833066,0.0,613.125,-90.72058964554326,0.005081166618833066,0.0,0.0,0.0,0.0
6800,"(np.float64(-1.4515294343286922), np.float64(8.129866590132905e-05), np.float64(9.81))","(np.float64(-98.70400153435087), np.float64(0.0055283092812902215), 0)","(np.float64(-3360.87125224475), np.float64(0.18823893102793773), 0)",613.125,-90.72058964554326,0.005081166618833066,0.0,613.125,-90.72058964554326,0.005081166618833066,0.0,613.125,-90.72058964554326,0.005081166618833066,0.0,613.125,-90.72058964554326,0.005081166618833066,0.0,0.0,0.0,0.0
6805,"(np.float64(-1.4515294343286922), np.float64(8.129866590132905e-05), np.float64(9.81))","(np.float64(-98.7765780060673), np.float64(0.0055323742145852875), 0)","(np.float64(-3365.811895556846), np.float64(0.18851565136199938), 0)",613.125,-90.72058964554326,0.005081166618833066,0.0,613.125,-90.72058964554326,0.005081166618833066,0.0,613.125,-90.72058964554326,0.005081166618833066,0.0,613.125,-90.72058964554326,0.005081166618833066,0.0,0.0,0.0,0.0
6810,"(np.float64(-1.4515294343286922), np.float64(8.129866590132905e-05), np.float64(9.81))","(np.float64(-98.84915447778373), np.float64(0.0055364391478803536), 0)","(np.float64(-3370.7561676925284), np.float64(0.18879257494272578), 0)",613.125,-90.72058964554326,0.005081166618833066,0.0,613.125,-90.72058964554326,0.005081166618833066,0.0,613.125,-90.72058964554326,0.005081166618833066,0.0,613.125,-90.72058964554326,0.005081166618833066,0.0,0.0,0.0,0.0
6815,"(np.float64(-1.4515294343286922), np.float64(8.129866590132905e-05), np.float64(9.81))","(np.float64(-98.92173094950016), np.float64(0.00554050408117542), 0)","(np.float64(-3375.704068651796), np.float64(0.18906970177011695), 0)",613.125,-90.72058964554326,0.005081166618833066,0.0,613.125,-90.72058964554326,0.005081166618833066,0.0,613.125,-90.72058964554326,0.005081166618833066,0.0,613.125,-90.72058964554326,0.005081166618833066,0.0,0.0,0.0,0.0
6820,"(np.float64(-1.4515294343286922), np.float64(8.129866590132905e-05), np.float64(9.81))","(np.float64(-98.99430742121659), np.float64(0.005544569014470486), 0)","(np.float64(-3380.65559843465), np.float64(0.18934703184417287), 0)",613.125,-90.72058964554326,0.005081166618833066,0.0,613.125,-90.72058964554326,0.005081166618833066,0.0,613.125,-90.72058964554326,0.005081166618833066,0.0,613.125,-90.72058964554326,0.005081166618833066,0.0,0.0,0.0,0.0
6825,"(np.float64(-1.4515294343286922), np.float64(8.129866590132905e-05), np.float64(9.81))","(np.float64(-99.06688389293302), np.float64(0.005548633947765552), 0)","(np.float64(-3385.6107570410895), np.float64(0.18962456516489354), 0)",613.125,-90.72058964554326,0.005081166618833066,0.0,613.125,-90.72058964554326,0.005081166618833066,0.0,613.125,-90.72058964554326,0.005081166618833066,0.0,613.125,-90.72058964554326,0.005081166618833066,0.0,0.0,0.0,0.0
6830,"(np.float64(-1.4515294343286922), np.float64(8.129866590132905e-05), np.float64(9.81))","(np.float64(-99.13946036464945), np.float64(0.005552698881060618), 0)","(np.float64(-3390.569544471115), np.float64(0.18990230173227896), 0)",613.125,-90.72058964554326,0.005081166618833066,0.0,613.125,-90.72058964554326,0.005081166618833066,0.0,613.125,-90.72058964554326,0.005081166618833066,0.0,613.125,-90.72058964554326,0.005081166618833066,0.0,0.0,0.0,0.0
6835,"(np.float64(-1.4515294343286922), np.float64(8.129866590132905e-05), np.float64(9.81))","(np.float64(-99.21203683636588), np.float64(0.005556763814355684), 0)","(np.float64(-3395.5319607247266), np.float64(0.19018024154632912), 0)",613.125,-90.72058964554326,0.005081166618833066,0.0,613.125,-90.72058964554326,0.005081166618833066,0.0,613.125,-90.72058964554326,0.005081166618833066,0.0,613.125,-90.72058964554326,0.005081166618833066,0.0,0.0,0.0,0.0
6840,"(np.float64(-1.4515294343286922), np.float64(8.129866590132905e-05), np.float64(9.81))","(np.float64(-99.28461330808231), np.float64(0.00556082874765075), 0)","(np.float64(-3400.4980058019237), np.float64(0.19045838460704403), 0)",613.125,-90.72058964554326,0.005081166618833066,0.0,613.125,-90.72058964554326,0.005081166618833066,0.0,613.125,-90.72058964554326,0.005081166618833066,0.0,613.125,-90.72058964554326,0.005081166618833066,0.0,0.0,0.0,0.0
6845,"(np.float64(-1.4515294343286922), np.float64(8.129866590132905e-05), np.float64(9.81))","(np.float64(-99.35718977979874), np.float64(0.005564893680945816), 0)","(np.float64(-3405.467679702707), np.float64(0.19073673091442372), 0)",613.125,-90.72058964554326,0.005081166618833066,0.0,613.125,-90.72058964554326,0.005081166618833066,0.0,613.125,-90.72058964554326,0.005081166618833066,0.0,613.125,-90.72058964554326,0.005081166618833066,0.0,0.0,0.0,0.0
6850,"(np.float64(-1.4515294343286922), np.float64(8.129866590132905e-05), np.float64(9.81))","(np.float64(-99.42976625151518), np.float64(0.005568958614240882), 0)","(np.float64(-3410.4409824270756), np.float64(0.19101528046846816), 0)",613.125,-90.72058964554326,0.005081166618833066,0.0,613.125,-90.72058964554326,0.005081166618833066,0.0,613.125,-90.72058964554326,0.005081166618833066,0.0,613.125,-90.72058964554326,0.005081166618833066,0.0,0.0,0.0,0.0
6855,"(np.float64(-1.4515294343286922), np.float64(8.129866590132905e-05), np.float64(9.81))","(np.float64(-99.5023427232316), np.float64(0.005573023547535948), 0)","(np.float64(-3415.4179139750304), np.float64(0.19129403326917735), 0)",613.125,-90.72058964554326,0.005081166618833066,0.0,613.125,-90.72058964554326,0.005081166618833066,0.0,613.125,-90.72058964554326,0.005081166618833066,0.0,613.125,-90.72058964554326,0.005081166618833066,0.0,0.0,0.0,0.0
6860,"(np.float64(-1.4515294343286922), np.float64(8.129866590132905e-05), np.float64(9.81))","(np.float64(-99.57491919494804), np.float64(0.005577088480831014), 0)","(np.float64(-3420.3984743465708), np.float64(0.19157298931655128), 0)",613.125,-90.72058964554326,0.005081166618833066,0.0,613.125,-90.72058964554326,0.005081166618833066,0.0,613.125,-90.72058964554326,0.005081166618833066,0.0,613.125,-90.72058964554326,0.005081166618833066,0.0,0.0,0.0,0.0
6865,"(np.float64(-1.4515294343286922), np.float64(8.129866590132905e-05), np.float64(9.81))","(np.float64(-99.64749566666447), np.float64(0.00558115341412608), 0)","(np.float64(-3425.382663541697), np.float64(0.19185214861058997), 0)",613.125,-90.72058964554326,0.005081166618833066,0.0,613.125,-90.72058964554326,0.005081166618833066,0.0,613.125,-90.72058964554326,0.005081166618833066,0.0,613.125,-90.72058964554326,0.005081166618833066,0.0,0.0,0.0,0.0
6870,"(np.float64(-1.4515294343286922), np.float64(8.129866590132905e-05), np.float64(9.81))","(np.float64(-99.7200721383809), np.float64(0.005585218347421146), 0)","(np.float64(-3430.370481560409), np.float64(0.1921315111512934), 0)",613.125,-90.72058964554326,0.005081166618833066,0.0,613.125,-90.72058964554326,0.005081166618833066,0.0,613.125,-90.72058964554326,0.005081166618833066,0.0,613.125,-90.72058964554326,0.005081166618833066,0.0,0.0,0.0,0.0
6875,"(np.float64(-1.4515294343286922), np.float64(8.129866590132905e-05), np.float64(9.81))","(np.float64(-99.79264861009733), np.float64(0.005589283280716212), 0)","(np.float64(-3435.3619284027072), np.float64(0.1924110769386616), 0)",613.125,-90.72058964554326,0.005081166618833066,0.0,613.125,-90.72058964554326,0.005081166618833066,0.0,613.125,-90.72058964554326,0.005081166618833066,0.0,613.125,-90.72058964554326,0.005081166618833066,0.0,0.0,0.0,0.0
6880,"(np.float64(-1.4515294343286922), np.float64(8.129866590132905e-05), np.float64(9.81))","(np.float64(-99.86522508181376), np.float64(0.005593348214011278), 0)","(np.float64(-3440.357004068591), np.float64(0.19269084597269456), 0)",613.125,-90.72058964554326,0.005081166618833066,0.0,613.125,-90.72058964554326,0.005081166618833066,0.0,613.125,-90.72058964554326,0.005081166618833066,0.0,613.125,-90.72058964554326,0.005081166618833066,0.0,0.0,0.0,0.0
6885,"(np.float64(-1.4515294343286922), np.float64(8.129866590132905e-05), np.float64(9.81))","(np.float64(-99.93780155353019), np.float64(0.005597413147306344), 0)","(np.float64(-3445.3557085580605), np.float64(0.19297081825339227), 0)",613.125,-90.72058964554326,0.005081166618833066,0.0,613.125,-90.72058964554326,0.005081166618833066,0.0,613.125,-90.72058964554326,0.005081166618833066,0.0,613.125,-90.72058964554326,0.005081166618833066,0.0,0.0,0.0,0.0
6890,"(np.float64(-1.4515294343286922), np.float64(8.129866590132905e-05), np.float64(9.81))","(np.float64(-100.01037802524662), np.float64(0.00560147808060141), 0)","(np.float64(-3450.358041871116), np.float64(0.19325099378075472), 0)",613.125,-90.72058964554326,0.005081166618833066,0.0,613.125,-90.72058964554326,0.005081166618833066,0.0,613.125,-90.72058964554326,0.005081166618833066,0.0,613.125,-90.72058964554326,0.005081166618833066,0.0,0.0,0.0,0.0
6895,"(np.float64(-1.4515294343286922), np.float64(8.129866590132905e-05), np.float64(9.81))","(np.float64(-100.08295449696305), np.float64(0.005605543013896476), 0)","(np.float64(-3455.364004007757), np.float64(0.19353137255478192), 0)",613.125,-90.72058964554326,0.005081166618833066,0.0,613.125,-90.72058964554326,0.005081166618833066,0.0,613.125,-90.72058964554326,0.005081166618833066,0.0,613.125,-90.72058964554326,0.005081166618833066,0.0,0.0,0.0,0.0
6900,"(np.float64(-1.4515294343286922), np.float64(8.129866590132905e-05), np.float64(9.81))","(np.float64(-100.15553096867949), np.float64(0.005609607947191542), 0)","(np.float64(-3460.373594967984), np.float64(0.1938119545754739), 0)",613.125,-90.72058964554326,0.005081166618833066,0.0,613.125,-90.72058964554326,0.005081166618833066,0.0,613.125,-90.72058964554326,0.005081166618833066,0.0,613.125,-90.72058964554326,0.005081166618833066,0.0,0.0,0.0,0.0
6905,"(np.float64(-1.4515294343286922), np.float64(8.129866590132905e-05), np.float64(9.81))","(np.float64(-100.22810744039592), np.float64(0.005613672880486608), 0)","(np.float64(-3465.386814751797), np.float64(0.19409273984283062), 0)",613.125,-90.72058964554326,0.005081166618833066,0.0,613.125,-90.72058964554326,0.005081166618833066,0.0,613.125,-90.72058964554326,0.005081166618833066,0.0,613.125,-90.72058964554326,0.005081166618833066,0.0,0.0,0.0,0.0
6910,"(np.float64(-1.4515294343286922), np.float64(8.129866590132905e-05), np.float64(9.81))","(np.float64(-100.30068391211235), np.float64(0.005617737813781674), 0)","(np.float64(-3470.4036633591954), np.float64(0.1943737283568521), 0)",613.125,-90.72058964554326,0.005081166618833066,0.0,613.125,-90.72058964554326,0.005081166618833066,0.0,613.125,-90.72058964554326,0.005081166618833066,0.0,613.125,-90.72058964554326,0.005081166618833066,0.0,0.0,0.0,0.0
6915,"(np.float64(-1.4515294343286922), np.float64(8.129866590132905e-05), np.float64(9.81))","(np.float64(-100.37326038382878), np.float64(0.00562180274707674), 0)","(np.float64(-3475.42414079018), np.float64(0.19465492011753832), 0)",613.125,-90.72058964554326,0.005081166618833066,0.0,613.125,-90.72058964554326,0.005081166618833066,0.0,613.125,-90.72058964554326,0.005081166618833066,0.0,613.125,-90.72058964554326,0.005081166618833066,0.0,0.0,0.0,0.0
6920,"(np.float64(-1.4515294343286922), np.float64(8.129866590132905e-05), np.float64(9.81))","(np.float64(-100.44583685554521), np.float64(0.005625867680371806), 0)","(np.float64(-3480.44824704475), np.float64(0.1949363151248893), 0)",613.125,-90.72058964554326,0.005081166618833066,0.0,613.125,-90.72058964554326,0.005081166618833066,0.0,613.125,-90.72058964554326,0.005081166618833066,0.0,613.125,-90.72058964554326,0.005081166618833066,0.0,0.0,0.0,0.0
6925,"(np.float64(-1.4515294343286922), np.float64(8.129866590132905e-05), np.float64(9.81))","(np.float64(-100.51841332726164), np.float64(0.005629932613666872), 0)","(np.float64(-3485.4759821229063), np.float64(0.195217913378905), 0)",613.125,-90.72058964554326,0.005081166618833066,0.0,613.125,-90.72058964554326,0.005081166618833066,0.0,613.125,-90.72058964554326,0.005081166618833066,0.0,613.125,-90.72058964554326,0.005081166618833066,0.0,0.0,0.0,0.0
6930,"(np.float64(-1.4515294343286922), np.float64(8.129866590132905e-05), np.float64(9.81))","(np.float64(-100.59098979897807), np.float64(0.005633997546961938), 0)","(np.float64(-3490.507346024648), np.float64(0.1954997148795855), 0)",613.125,-90.72058964554326,0.005081166618833066,0.0,613.125,-90.72058964554326,0.005081166618833066,0.0,613.125,-90.72058964554326,0.005081166618833066,0.0,613.125,-90.72058964554326,0.005081166618833066,0.0,0.0,0.0,0.0
6935,"(np.float64(-1.4515294343286922), np.float64(8.129866590132905e-05), np.float64(9.81))","(np.float64(-100.6635662706945), np.float64(0.005638062480257004), 0)","(np.float64(-3495.542338749976), np.float64(0.19578171962693075), 0)",613.125,-90.72058964554326,0.005081166618833066,0.0,613.125,-90.72058964554326,0.005081166618833066,0.0,613.125,-90.72058964554326,0.005081166618833066,0.0,613.125,-90.72058964554326,0.005081166618833066,0.0,0.0,0.0,0.0
6940,"(np.float64(-1.4515294343286922), np.float64(8.129866590132905e-05), np.float64(9.81))","(np.float64(-100.73614274241093), np.float64(0.0056421274135520704), 0)","(np.float64(-3500.5809602988893), np.float64(0.19606392762094074), 0)",613.125,-90.72058964554326,0.005081166618833066,0.0,613.125,-90.72058964554326,0.005081166618833066,0.0,613.125,-90.72058964554326,0.005081166618833066,0.0,613.125,-90.72058964554326,0.005081166618833066,0.0,0.0,0.0,0.0
6945,"(np.float64(-1.4515294343286922), np.float64(8.129866590132905e-05), np.float64(9.81))","(np.float64(-100.80871921412736), np.float64(0.0056461923468471365), 0)","(np.float64(-3505.6232106713887), np.float64(0.19634633886161548), 0)",613.125,-90.72058964554326,0.005081166618833066,0.0,613.125,-90.72058964554326,0.005081166618833066,0.0,613.125,-90.72058964554326,0.005081166618833066,0.0,613.125,-90.72058964554326,0.005081166618833066,0.0,0.0,0.0,0.0
6950,"(np.float64(-1.4515294343286922), np.float64(8.129866590132905e-05), np.float64(9.81))","(np.float64(-100.8812956858438), np.float64(0.0056502572801422025), 0)","(np.float64(-3510.6690898674738), np.float64(0.19662895334895497), 0)",613.125,-90.72058964554326,0.005081166618833066,0.0,613.125,-90.72058964554326,0.005081166618833066,0.0,613.125,-90.72058964554326,0.005081166618833066,0.0,613.125,-90.72058964554326,0.005081166618833066,0.0,0.0,0.0,0.0
6955,"(np.float64(-1.4515294343286922), np.float64(8.129866590132905e-05), np.float64(9.81))","(np.float64(-100.95387215756023), np.float64(0.0056543222134372685), 0)","(np.float64(-3515.718597887145), np.float64(0.19691177108295924), 0)",613.125,-90.72058964554326,0.005081166618833066,0.0,613.125,-90.72058964554326,0.005081166618833066,0.0,613.125,-90.72058964554326,0.005081166618833066,0.0,613.125,-90.72058964554326,0.005081166618833066,0.0,0.0,0.0,0.0
6960,"(np.float64(-1.4515294343286922), np.float64(8.129866590132905e-05), np.float64(9.81))","(np.float64(-101.02644862927666), np.float64(0.005658387146732335), 0)","(np.float64(-3520.7717347304015), np.float64(0.19719479206362825), 0)",613.125,-90.72058964554326,0.005081166618833066,0.0,613.125,-90.72058964554326,0.005081166618833066,0.0,613.125,-90.72058964554326,0.005081166618833066,0.0,613.125,-90.72058964554326,0.005081166618833066,0.0,0.0,0.0,0.0
6965,"(np.float64(-1.4515294343286922), np.float64(8.129866590132905e-05), np.float64(9.81))","(np.float64(-101.09902510099309), np.float64(0.005662452080027401), 0)","(np.float64(-3525.828500397244), np.float64(0.197478016290962), 0)",613.125,-90.72058964554326,0.005081166618833066,0.0,613.125,-90.72058964554326,0.005081166618833066,0.0,613.125,-90.72058964554326,0.005081166618833066,0.0,613.125,-90.72058964554326,0.005081166618833066,0.0,0.0,0.0,0.0
6970,"(np.float64(-1.4515294343286922), np.float64(8.129866590132905e-05), np.float64(9.81))","(np.float64(-101.17160157270952), np.float64(0.005666517013322467), 0)","(np.float64(-3530.8888948876724), np.float64(0.19776144376496052), 0)",613.125,-90.72058964554326,0.005081166618833066,0.0,613.125,-90.72058964554326,0.005081166618833066,0.0,613.125,-90.72058964554326,0.005081166618833066,0.0,613.125,-90.72058964554326,0.005081166618833066,0.0,0.0,0.0,0.0
6975,"(np.float64(-1.4515294343286922), np.float64(8.129866590132905e-05), np.float64(9.81))","(np.float64(-101.24417804442595), np.float64(0.005670581946617533), 0)","(np.float64(-3535.9529182016868), np.float64(0.19804507448562378), 0)",613.125,-90.72058964554326,0.005081166618833066,0.0,613.125,-90.72058964554326,0.005081166618833066,0.0,613.125,-90.72058964554326,0.005081166618833066,0.0,613.125,-90.72058964554326,0.005081166618833066,0.0,0.0,0.0,0.0
6980,"(np.float64(-1.4515294343286922), np.float64(8.129866590132905e-05), np.float64(9.81))","(np.float64(-101.31675451614238), np.float64(0.005674646879912599), 0)","(np.float64(-3541.020570339287), np.float64(0.19832890845295179), 0)",613.125,-90.72058964554326,0.005081166618833066,0.0,613.125,-90.72058964554326,0.005081166618833066,0.0,613.125,-90.72058964554326,0.005081166618833066,0.0,613.125,-90.72058964554326,0.005081166618833066,0.0,0.0,0.0,0.0
6985,"(np.float64(-1.4515294343286922), np.float64(8.129866590132905e-05), np.float64(9.81))","(np.float64(-101.38933098785881), np.float64(0.005678711813207665), 0)","(np.float64(-3546.091851300473), np.float64(0.19861294566694457), 0)",613.125,-90.72058964554326,0.005081166618833066,0.0,613.125,-90.72058964554326,0.005081166618833066,0.0,613.125,-90.72058964554326,0.005081166618833066,0.0,613.125,-90.72058964554326,0.005081166618833066,0.0,0.0,0.0,0.0
6990,"(np.float64(-1.4515294343286922), np.float64(8.129866590132905e-05), np.float64(9.81))","(np.float64(-101.46190745957524), np.float64(0.005682776746502731), 0)","(np.float64(-3551.166761085245), np.float64(0.1988971861276021), 0)",613.125,-90.72058964554326,0.005081166618833066,0.0,613.125,-90.72058964554326,0.005081166618833066,0.0,613.125,-90.72058964554326,0.005081166618833066,0.0,613.125,-90.72058964554326,0.005081166618833066,0.0,0.0,0.0,0.0
6995,"(np.float64(-1.4515294343286922), np.float64(8.129866590132905e-05), np.float64(9.81))","(np.float64(-101.53448393129167), np.float64(0.005686841679797797), 0)","(np.float64(-3556.2452996936026), np.float64(0.19918162983492438), 0)",613.125,-90.72058964554326,0.005081166618833066,0.0,613.125,-90.72058964554326,0.005081166618833066,0.0,613.125,-90.72058964554326,0.005081166618833066,0.0,613.125,-90.72058964554326,0.005081166618833066,0.0,0.0,0.0,0.0
7000,"(np.float64(-1.4515294343286922), np.float64(8.129866590132905e-05), np.float64(9.81))","(np.float64(-101.6070604030081), np.float64(0.005690906613092863), 0)","(np.float64(-3561.3274671255463), np.float64(0.1994662767889114), 0)",613.125,-90.72058964554326,0.005081166618833066,0.0,613.125,-90.72058964554326,0.005081166618833066,0.0,613.125,-90.72058964554326,0.005081166618833066,0.0,613.125,-90.72058964554326,0.005081166618833066,0.0,0.0,0.0,0.0
7005,"(np.float64(-1.4515294343286922), np.float64(8.129866590132905e-05), np.float64(9.81))","(np.float64(-101.67963687472454), np.float64(0.005694971546387929), 0)","(np.float64(-3566.4132633810755), np.float64(0.19975112698956318), 0)",613.125,-90.72058964554326,0.005081166618833066,0.0,613.125,-90.72058964554326,0.005081166618833066,0.0,613.125,-90.72058964554326,0.005081166618833066,0.0,613.125,-90.72058964554326,0.005081166618833066,0.0,0.0,0.0,0.0
7010,"(np.float64(-1.4515294343286922), np.float64(8.129866590132905e-05), np.float64(9.81))","(np.float64(-101.75221334644097), np.float64(0.005699036479682995), 0)","(np.float64(-3571.5026884601907), np.float64(0.2000361804368797), 0)",613.125,-90.72058964554326,0.005081166618833066,0.0,613.125,-90.72058964554326,0.005081166618833066,0.0,613.125,-90.72058964554326,0.005081166618833066,0.0,613.125,-90.72058964554326,0.005081166618833066,0.0,0.0,0.0,0.0
7015,"(np.float64(-1.4515294343286922), np.float64(8.129866590132905e-05), np.float64(9.81))","(np.float64(-101.8247898181574), np.float64(0.005703101412978061), 0)","(np.float64(-3576.5957423628915), np.float64(0.200321437130861), 0)",613.125,-90.72058964554326,0.005081166618833066,0.0,613.125,-90.72058964554326,0.005081166618833066,0.0,613.125,-90.72058964554326,0.005081166618833066,0.0,613.125,-90.72058964554326,0.005081166618833066,0.0,0.0,0.0,0.0
7020,"(np.float64(-1.4515294343286922), np.float64(8.129866590132905e-05), np.float64(9.81))","(np.float64(-101.89736628987383), np.float64(0.005707166346273127), 0)","(np.float64(-3581.6924250891784), np.float64(0.20060689707150706), 0)",613.125,-90.72058964554326,0.005081166618833066,0.0,613.125,-90.72058964554326,0.005081166618833066,0.0,613.125,-90.72058964554326,0.005081166618833066,0.0,613.125,-90.72058964554326,0.005081166618833066,0.0,0.0,0.0,0.0
7025,"(np.float64(-1.4515294343286922), np.float64(8.129866590132905e-05), np.float64(9.81))","(np.float64(-101.96994276159026), np.float64(0.005711231279568193), 0)","(np.float64(-3586.792736639051), np.float64(0.20089256025881785), 0)",613.125,-90.72058964554326,0.005081166618833066,0.0,613.125,-90.72058964554326,0.005081166618833066,0.0,613.125,-90.72058964554326,0.005081166618833066,0.0,613.125,-90.72058964554326,0.005081166618833066,0.0,0.0,0.0,0.0
7030,"(np.float64(-1.4515294343286922), np.float64(8.129866590132905e-05), np.float64(9.81))","(np.float64(-102.04251923330669), np.float64(0.005715296212863259), 0)","(np.float64(-3591.8966770125094), np.float64(0.2011784266927934), 0)",613.125,-90.72058964554326,0.005081166618833066,0.0,613.125,-90.72058964554326,0.005081166618833066,0.0,613.125,-90.72058964554326,0.005081166618833066,0.0,613.125,-90.72058964554326,0.005081166618833066,0.0,0.0,0.0,0.0
7035,"(np.float64(-1.4515294343286922), np.float64(8.129866590132905e-05), np.float64(9.81))","(np.float64(-102.11509570502312), np.float64(0.005719361146158325), 0)","(np.float64(-3597.0042462095535), np.float64(0.2014644963734337), 0)",613.125,-90.72058964554326,0.005081166618833066,0.0,613.125,-90.72058964554326,0.005081166618833066,0.0,613.125,-90.72058964554326,0.005081166618833066,0.0,613.125,-90.72058964554326,0.005081166618833066,0.0,0.0,0.0,0.0
7040,"(np.float64(-1.4515294343286922), np.float64(8.129866590132905e-05), np.float64(9.81))","(np.float64(-102.18767217673955), np.float64(0.005723426079453391), 0)","(np.float64(-3602.1154442301836), np.float64(0.20175076930073876), 0)",613.125,-90.72058964554326,0.005081166618833066,0.0,613.125,-90.72058964554326,0.005081166618833066,0.0,613.125,-90.72058964554326,0.005081166618833066,0.0,613.125,-90.72058964554326,0.005081166618833066,0.0,0.0,0.0,0.0
7045,"(np.float64(-1.4515294343286922), np.float64(8.129866590132905e-05), np.float64(9.81))","(np.float64(-102.26024864845598), np.float64(0.005727491012748457), 0)","(np.float64(-3607.2302710743993), np.float64(0.20203724547470858), 0)",613.125,-90.72058964554326,0.005081166618833066,0.0,613.125,-90.72058964554326,0.005081166618833066,0.0,613.125,-90.72058964554326,0.005081166618833066,0.0,613.125,-90.72058964554326,0.005081166618833066,0.0,0.0,0.0,0.0
7050,"(np.float64(-1.4515294343286922), np.float64(8.129866590132905e-05), np.float64(9.81))","(np.float64(-102.33282512017242), np.float64(0.005731555946043523), 0)","(np.float64(-3612.348726742201), np.float64(0.20232392489534315), 0)",613.125,-90.72058964554326,0.005081166618833066,0.0,613.125,-90.72058964554326,0.005081166618833066,0.0,613.125,-90.72058964554326,0.005081166618833066,0.0,613.125,-90.72058964554326,0.005081166618833066,0.0,0.0,0.0,0.0
7055,"(np.float64(-1.4515294343286922), np.float64(8.129866590132905e-05), np.float64(9.81))","(np.float64(-102.40540159188885), np.float64(0.005735620879338589), 0)","(np.float64(-3617.4708112335884), np.float64(0.20261080756264246), 0)",613.125,-90.72058964554326,0.005081166618833066,0.0,613.125,-90.72058964554326,0.005081166618833066,0.0,613.125,-90.72058964554326,0.005081166618833066,0.0,613.125,-90.72058964554326,0.005081166618833066,0.0,0.0,0.0,0.0
7060,"(np.float64(-1.4515294343286922), np.float64(8.129866590132905e-05), np.float64(9.81))","(np.float64(-102.47797806360528), np.float64(0.005739685812633655), 0)","(np.float64(-3622.596524548562), np.float64(0.20289789347660653), 0)",613.125,-90.72058964554326,0.005081166618833066,0.0,613.125,-90.72058964554326,0.005081166618833066,0.0,613.125,-90.72058964554326,0.005081166618833066,0.0,613.125,-90.72058964554326,0.005081166618833066,0.0,0.0,0.0,0.0
7065,"(np.float64(-1.4515294343286922), np.float64(8.129866590132905e-05), np.float64(9.81))","(np.float64(-102.55055453532171), np.float64(0.005743750745928721), 0)","(np.float64(-3627.7258666871207), np.float64(0.20318518263723534), 0)",613.125,-90.72058964554326,0.005081166618833066,0.0,613.125,-90.72058964554326,0.005081166618833066,0.0,613.125,-90.72058964554326,0.005081166618833066,0.0,613.125,-90.72058964554326,0.005081166618833066,0.0,0.0,0.0,0.0
7070,"(np.float64(-1.4515294343286922), np.float64(8.129866590132905e-05), np.float64(9.81))","(np.float64(-102.62313100703814), np.float64(0.005747815679223787), 0)","(np.float64(-3632.8588376492658), np.float64(0.20347267504452893), 0)",613.125,-90.72058964554326,0.005081166618833066,0.0,613.125,-90.72058964554326,0.005081166618833066,0.0,613.125,-90.72058964554326,0.005081166618833066,0.0,613.125,-90.72058964554326,0.005081166618833066,0.0,0.0,0.0,0.0
7075,"(np.float64(-1.4515294343286922), np.float64(8.129866590132905e-05), np.float64(9.81))","(np.float64(-102.69570747875457), np.float64(0.005751880612518853), 0)","(np.float64(-3637.9954374349963), np.float64(0.20376037069848726), 0)",613.125,-90.72058964554326,0.005081166618833066,0.0,613.125,-90.72058964554326,0.005081166618833066,0.0,613.125,-90.72058964554326,0.005081166618833066,0.0,613.125,-90.72058964554326,0.005081166618833066,0.0,0.0,0.0,0.0
7080,"(np.float64(-1.4515294343286922), np.float64(8.129866590132905e-05), np.float64(9.81))","(np.float64(-102.768283950471), np.float64(0.005755945545813919), 0)","(np.float64(-3643.135666044313), np.float64(0.20404826959911035), 0)",613.125,-90.72058964554326,0.005081166618833066,0.0,613.125,-90.72058964554326,0.005081166618833066,0.0,613.125,-90.72058964554326,0.005081166618833066,0.0,613.125,-90.72058964554326,0.005081166618833066,0.0,0.0,0.0,0.0
7085,"(np.float64(-1.4515294343286922), np.float64(8.129866590132905e-05), np.float64(9.81))","(np.float64(-102.84086042218743), np.float64(0.005760010479108985), 0)","(np.float64(-3648.279523477215), np.float64(0.20433637174639818), 0)",613.125,-90.72058964554326,0.005081166618833066,0.0,613.125,-90.72058964554326,0.005081166618833066,0.0,613.125,-90.72058964554326,0.005081166618833066,0.0,613.125,-90.72058964554326,0.005081166618833066,0.0,0.0,0.0,0.0
7090,"(np.float64(-1.4515294343286922), np.float64(8.129866590132905e-05), np.float64(9.81))","(np.float64(-102.91343689390386), np.float64(0.0057640754124040515), 0)","(np.float64(-3653.4270097337035), np.float64(0.20462467714035076), 0)",613.125,-90.72058964554326,0.005081166618833066,0.0,613.125,-90.72058964554326,0.005081166618833066,0.0,613.125,-90.72058964554326,0.005081166618833066,0.0,613.125,-90.72058964554326,0.005081166618833066,0.0,0.0,0.0,0.0
7095,"(np.float64(-1.4515294343286922), np.float64(8.129866590132905e-05), np.float64(9.81))","(np.float64(-102.9860133656203), np.float64(0.0057681403456991175), 0)","(np.float64(-3658.5781248137773), np.float64(0.20491318578096812), 0)",613.125,-90.72058964554326,0.005081166618833066,0.0,613.125,-90.72058964554326,0.005081166618833066,0.0,613.125,-90.72058964554326,0.005081166618833066,0.0,613.125,-90.72058964554326,0.005081166618833066,0.0,0.0,0.0,0.0
7100,"(np.float64(-1.4515294343286922), np.float64(8.129866590132905e-05), np.float64(9.81))","(np.float64(-103.05858983733673), np.float64(0.0057722052789941835), 0)","(np.float64(-3663.732868717437), np.float64(0.20520189766825023), 0)",613.125,-90.72058964554326,0.005081166618833066,0.0,613.125,-90.72058964554326,0.005081166618833066,0.0,613.125,-90.72058964554326,0.005081166618833066,0.0,613.125,-90.72058964554326,0.005081166618833066,0.0,0.0,0.0,0.0
7105,"(np.float64(-1.4515294343286922), np.float64(8.129866590132905e-05), np.float64(9.81))","(np.float64(-103.13116630905316), np.float64(0.0057762702122892496), 0)","(np.float64(-3668.8912414446827), np.float64(0.20549081280219708), 0)",613.125,-90.72058964554326,0.005081166618833066,0.0,613.125,-90.72058964554326,0.005081166618833066,0.0,613.125,-90.72058964554326,0.005081166618833066,0.0,613.125,-90.72058964554326,0.005081166618833066,0.0,0.0,0.0,0.0
7110,"(np.float64(-1.4515294343286922), np.float64(8.129866590132905e-05), np.float64(9.81))","(np.float64(-103.20374278076959), np.float64(0.005780335145584316), 0)","(np.float64(-3674.053242995514), np.float64(0.20577993118280868), 0)",613.125,-90.72058964554326,0.005081166618833066,0.0,613.125,-90.72058964554326,0.005081166618833066,0.0,613.125,-90.72058964554326,0.005081166618833066,0.0,613.125,-90.72058964554326,0.005081166618833066,0.0,0.0,0.0,0.0
7115,"(np.float64(-1.4515294343286922), np.float64(8.129866590132905e-05), np.float64(9.81))","(np.float64(-103.27631925248602), np.float64(0.005784400078879382), 0)","(np.float64(-3679.2188733699313), np.float64(0.20606925281008504), 0)",613.125,-90.72058964554326,0.005081166618833066,0.0,613.125,-90.72058964554326,0.005081166618833066,0.0,613.125,-90.72058964554326,0.005081166618833066,0.0,613.125,-90.72058964554326,0.005081166618833066,0.0,0.0,0.0,0.0
7120,"(np.float64(-1.4515294343286922), np.float64(8.129866590132905e-05), np.float64(9.81))","(np.float64(-103.34889572420245), np.float64(0.005788465012174448), 0)","(np.float64(-3684.3881325679345), np.float64(0.20635877768402613), 0)",613.125,-90.72058964554326,0.005081166618833066,0.0,613.125,-90.72058964554326,0.005081166618833066,0.0,613.125,-90.72058964554326,0.005081166618833066,0.0,613.125,-90.72058964554326,0.005081166618833066,0.0,0.0,0.0,0.0
7125,"(np.float64(-1.4515294343286922), np.float64(8.129866590132905e-05), np.float64(9.81))","(np.float64(-103.42147219591888), np.float64(0.005792529945469514), 0)","(np.float64(-3689.5610205895237), np.float64(0.206648505804632), 0)",613.125,-90.72058964554326,0.005081166618833066,0.0,613.125,-90.72058964554326,0.005081166618833066,0.0,613.125,-90.72058964554326,0.005081166618833066,0.0,613.125,-90.72058964554326,0.005081166618833066,0.0,0.0,0.0,0.0
7130,"(np.float64(-1.4515294343286922), np.float64(8.129866590132905e-05), np.float64(9.81))","(np.float64(-103.49404866763531), np.float64(0.00579659487876458), 0)","(np.float64(-3694.7375374346984), np.float64(0.20693843717190263), 0)",613.125,-90.72058964554326,0.005081166618833066,0.0,613.125,-90.72058964554326,0.005081166618833066,0.0,613.125,-90.72058964554326,0.005081166618833066,0.0,613.125,-90.72058964554326,0.005081166618833066,0.0,0.0,0.0,0.0
7135,"(np.float64(-1.4515294343286922), np.float64(8.129866590132905e-05), np.float64(9.81))","(np.float64(-103.56662513935174), np.float64(0.005800659812059646), 0)","(np.float64(-3699.9176831034592), np.float64(0.207228571785838), 0)",613.125,-90.72058964554326,0.005081166618833066,0.0,613.125,-90.72058964554326,0.005081166618833066,0.0,613.125,-90.72058964554326,0.005081166618833066,0.0,613.125,-90.72058964554326,0.005081166618833066,0.0,0.0,0.0,0.0
7140,"(np.float64(-1.4515294343286922), np.float64(8.129866590132905e-05), np.float64(9.81))","(np.float64(-103.63920161106817), np.float64(0.005804724745354712), 0)","(np.float64(-3705.1014575958056), np.float64(0.20751890964643813), 0)",613.125,-90.72058964554326,0.005081166618833066,0.0,613.125,-90.72058964554326,0.005081166618833066,0.0,613.125,-90.72058964554326,0.005081166618833066,0.0,613.125,-90.72058964554326,0.005081166618833066,0.0,0.0,0.0,0.0
7145,"(np.float64(-1.4515294343286922), np.float64(8.129866590132905e-05), np.float64(9.81))","(np.float64(-103.7117780827846), np.float64(0.005808789678649778), 0)","(np.float64(-3710.288860911738), np.float64(0.207809450753703), 0)",613.125,-90.72058964554326,0.005081166618833066,0.0,613.125,-90.72058964554326,0.005081166618833066,0.0,613.125,-90.72058964554326,0.005081166618833066,0.0,613.125,-90.72058964554326,0.005081166618833066,0.0,0.0,0.0,0.0
7150,"(np.float64(-1.4515294343286922), np.float64(8.129866590132905e-05), np.float64(9.81))","(np.float64(-103.78435455450104), np.float64(0.005812854611944844), 0)","(np.float64(-3715.479893051256), np.float64(0.2081001951076326), 0)",613.125,-90.72058964554326,0.005081166618833066,0.0,613.125,-90.72058964554326,0.005081166618833066,0.0,613.125,-90.72058964554326,0.005081166618833066,0.0,613.125,-90.72058964554326,0.005081166618833066,0.0,0.0,0.0,0.0
7155,"(np.float64(-1.4515294343286922), np.float64(8.129866590132905e-05), np.float64(9.81))","(np.float64(-103.85693102621747), np.float64(0.00581691954523991), 0)","(np.float64(-3720.67455401436), np.float64(0.208391142708227), 0)",613.125,-90.72058964554326,0.005081166618833066,0.0,613.125,-90.72058964554326,0.005081166618833066,0.0,613.125,-90.72058964554326,0.005081166618833066,0.0,613.125,-90.72058964554326,0.005081166618833066,0.0,0.0,0.0,0.0
7160,"(np.float64(-1.4515294343286922), np.float64(8.129866590132905e-05), np.float64(9.81))","(np.float64(-103.9295074979339), np.float64(0.005820984478534976), 0)","(np.float64(-3725.87284380105), np.float64(0.20868229355548615), 0)",613.125,-90.72058964554326,0.005081166618833066,0.0,613.125,-90.72058964554326,0.005081166618833066,0.0,613.125,-90.72058964554326,0.005081166618833066,0.0,613.125,-90.72058964554326,0.005081166618833066,0.0,0.0,0.0,0.0
7165,"(np.float64(-1.4515294343286922), np.float64(8.129866590132905e-05), np.float64(9.81))","(np.float64(-104.00208396965033), np.float64(0.005825049411830042), 0)","(np.float64(-3731.0747624113255), np.float64(0.20897364764941004), 0)",613.125,-90.72058964554326,0.005081166618833066,0.0,613.125,-90.72058964554326,0.005081166618833066,0.0,613.125,-90.72058964554326,0.005081166618833066,0.0,613.125,-90.72058964554326,0.005081166618833066,0.0,0.0,0.0,0.0
7170,"(np.float64(-1.4515294343286922), np.float64(8.129866590132905e-05), np.float64(9.81))","(np.float64(-104.07466044136676), np.float64(0.005829114345125108), 0)","(np.float64(-3736.280309845187), np.float64(0.20926520498999868), 0)",613.125,-90.72058964554326,0.005081166618833066,0.0,613.125,-90.72058964554326,0.005081166618833066,0.0,613.125,-90.72058964554326,0.005081166618833066,0.0,613.125,-90.72058964554326,0.005081166618833066,0.0,0.0,0.0,0.0
7175,"(np.float64(-1.4515294343286922), np.float64(8.129866590132905e-05), np.float64(9.81))","(np.float64(-104.14723691308319), np.float64(0.005833179278420174), 0)","(np.float64(-3741.489486102634), np.float64(0.20955696557725206), 0)",613.125,-90.72058964554326,0.005081166618833066,0.0,613.125,-90.72058964554326,0.005081166618833066,0.0,613.125,-90.72058964554326,0.005081166618833066,0.0,613.125,-90.72058964554326,0.005081166618833066,0.0,0.0,0.0,0.0
7180,"(np.float64(-1.4515294343286922), np.float64(8.129866590132905e-05), np.float64(9.81))","(np.float64(-104.21981338479962), np.float64(0.00583724421171524), 0)","(np.float64(-3746.702291183667), np.float64(0.20984892941117023), 0)",613.125,-90.72058964554326,0.005081166618833066,0.0,613.125,-90.72058964554326,0.005081166618833066,0.0,613.125,-90.72058964554326,0.005081166618833066,0.0,613.125,-90.72058964554326,0.005081166618833066,0.0,0.0,0.0,0.0
7185,"(np.float64(-1.4515294343286922), np.float64(8.129866590132905e-05), np.float64(9.81))","(np.float64(-104.29238985651605), np.float64(0.005841309145010306), 0)","(np.float64(-3751.918725088286), np.float64(0.21014109649175314), 0)",613.125,-90.72058964554326,0.005081166618833066,0.0,613.125,-90.72058964554326,0.005081166618833066,0.0,613.125,-90.72058964554326,0.005081166618833066,0.0,613.125,-90.72058964554326,0.005081166618833066,0.0,0.0,0.0,0.0
7190,"(np.float64(-1.4515294343286922), np.float64(8.129866590132905e-05), np.float64(9.81))","(np.float64(-104.36496632823248), np.float64(0.005845374078305372), 0)","(np.float64(-3757.1387878164905), np.float64(0.2104334668190008), 0)",613.125,-90.72058964554326,0.005081166618833066,0.0,613.125,-90.72058964554326,0.005081166618833066,0.0,613.125,-90.72058964554326,0.005081166618833066,0.0,613.125,-90.72058964554326,0.005081166618833066,0.0,0.0,0.0,0.0
7195,"(np.float64(-1.4515294343286922), np.float64(8.129866590132905e-05), np.float64(9.81))","(np.float64(-104.43754279994891), np.float64(0.005849439011600438), 0)","(np.float64(-3762.362479368281), np.float64(0.2107260403929132), 0)",613.125,-90.72058964554326,0.005081166618833066,0.0,613.125,-90.72058964554326,0.005081166618833066,0.0,613.125,-90.72058964554326,0.005081166618833066,0.0,613.125,-90.72058964554326,0.005081166618833066,0.0,0.0,0.0,0.0
7200,"(np.float64(-1.4515294343286922), np.float64(8.129866590132905e-05), np.float64(9.81))","(np.float64(-104.51011927166535), np.float64(0.005853503944895504), 0)","(np.float64(-3767.5897997436573), np.float64(0.21101881721349036), 0)",613.125,-90.72058964554326,0.005081166618833066,0.0,613.125,-90.72058964554326,0.005081166618833066,0.0,613.125,-90.72058964554326,0.005081166618833066,0.0,613.125,-90.72058964554326,0.005081166618833066,0.0,0.0,0.0,0.0
7205,"(np.float64(-1.4515294343286922), np.float64(8.129866590132905e-05), np.float64(9.81))","(np.float64(-104.58269574338178), np.float64(0.00585756887819057), 0)","(np.float64(-3772.8207489426195), np.float64(0.21131179728073227), 0)",613.125,-90.72058964554326,0.005081166618833066,0.0,613.125,-90.72058964554326,0.005081166618833066,0.0,613.125,-90.72058964554326,0.005081166618833066,0.0,613.125,-90.72058964554326,0.005081166618833066,0.0,0.0,0.0,0.0
7210,"(np.float64(-1.4515294343286922), np.float64(8.129866590132905e-05), np.float64(9.81))","(np.float64(-104.65527221509821), np.float64(0.005861633811485636), 0)","(np.float64(-3778.0553269651673), np.float64(0.21160498059463895), 0)",613.125,-90.72058964554326,0.005081166618833066,0.0,613.125,-90.72058964554326,0.005081166618833066,0.0,613.125,-90.72058964554326,0.005081166618833066,0.0,613.125,-90.72058964554326,0.005081166618833066,0.0,0.0,0.0,0.0
7215,"(np.float64(-1.4515294343286922), np.float64(8.129866590132905e-05), np.float64(9.81))","(np.float64(-104.72784868681464), np.float64(0.005865698744780702), 0)","(np.float64(-3783.293533811301), np.float64(0.21189836715521038), 0)",613.125,-90.72058964554326,0.005081166618833066,0.0,613.125,-90.72058964554326,0.005081166618833066,0.0,613.125,-90.72058964554326,0.005081166618833066,0.0,613.125,-90.72058964554326,0.005081166618833066,0.0,0.0,0.0,0.0
7220,"(np.float64(-1.4515294343286922), np.float64(8.129866590132905e-05), np.float64(9.81))","(np.float64(-104.80042515853107), np.float64(0.005869763678075768), 0)","(np.float64(-3788.5353694810206), np.float64(0.21219195696244655), 0)",613.125,-90.72058964554326,0.005081166618833066,0.0,613.125,-90.72058964554326,0.005081166618833066,0.0,613.125,-90.72058964554326,0.005081166618833066,0.0,613.125,-90.72058964554326,0.005081166618833066,0.0,0.0,0.0,0.0
7225,"(np.float64(-1.4515294343286922), np.float64(8.129866590132905e-05), np.float64(9.81))","(np.float64(-104.8730016302475), np.float64(0.005873828611370834), 0)","(np.float64(-3793.780833974326), np.float64(0.21248575001634748), 0)",613.125,-90.72058964554326,0.005081166618833066,0.0,613.125,-90.72058964554326,0.005081166618833066,0.0,613.125,-90.72058964554326,0.005081166618833066,0.0,613.125,-90.72058964554326,0.005081166618833066,0.0,0.0,0.0,0.0
7230,"(np.float64(-1.4515294343286922), np.float64(8.129866590132905e-05), np.float64(9.81))","(np.float64(-104.94557810196393), np.float64(0.0058778935446659), 0)","(np.float64(-3799.029927291217), np.float64(0.21277974631691315), 0)",613.125,-90.72058964554326,0.005081166618833066,0.0,613.125,-90.72058964554326,0.005081166618833066,0.0,613.125,-90.72058964554326,0.005081166618833066,0.0,613.125,-90.72058964554326,0.005081166618833066,0.0,0.0,0.0,0.0
7235,"(np.float64(-1.4515294343286922), np.float64(8.129866590132905e-05), np.float64(9.81))","(np.float64(-105.01815457368036), np.float64(0.0058819584779609664), 0)","(np.float64(-3804.282649431694), np.float64(0.21307394586414358), 0)",613.125,-90.72058964554326,0.005081166618833066,0.0,613.125,-90.72058964554326,0.005081166618833066,0.0,613.125,-90.72058964554326,0.005081166618833066,0.0,613.125,-90.72058964554326,0.005081166618833066,0.0,0.0,0.0,0.0
7240,"(np.float64(-1.4515294343286922), np.float64(8.129866590132905e-05), np.float64(9.81))","(np.float64(-105.0907310453968), np.float64(0.0058860234112560325), 0)","(np.float64(-3809.539000395757), np.float64(0.21336834865803878), 0)",613.125,-90.72058964554326,0.005081166618833066,0.0,613.125,-90.72058964554326,0.005081166618833066,0.0,613.125,-90.72058964554326,0.005081166618833066,0.0,613.125,-90.72058964554326,0.005081166618833066,0.0,0.0,0.0,0.0
7245,"(np.float64(-1.4515294343286922), np.float64(8.129866590132905e-05), np.float64(9.81))","(np.float64(-105.16330751711322), np.float64(0.0058900883445510985), 0)","(np.float64(-3814.7989801834055), np.float64(0.21366295469859872), 0)",613.125,-90.72058964554326,0.005081166618833066,0.0,613.125,-90.72058964554326,0.005081166618833066,0.0,613.125,-90.72058964554326,0.005081166618833066,0.0,613.125,-90.72058964554326,0.005081166618833066,0.0,0.0,0.0,0.0
7250,"(np.float64(-1.4515294343286922), np.float64(8.129866590132905e-05), np.float64(9.81))","(np.float64(-105.23588398882966), np.float64(0.0058941532778461645), 0)","(np.float64(-3820.06258879464), np.float64(0.21395776398582342), 0)",613.125,-90.72058964554326,0.005081166618833066,0.0,613.125,-90.72058964554326,0.005081166618833066,0.0,613.125,-90.72058964554326,0.005081166618833066,0.0,613.125,-90.72058964554326,0.005081166618833066,0.0,0.0,0.0,0.0
7255,"(np.float64(-1.4515294343286922), np.float64(8.129866590132905e-05), np.float64(9.81))","(np.float64(-105.30846046054609), np.float64(0.005898218211141231), 0)","(np.float64(-3825.32982622946), np.float64(0.21425277651971286), 0)",613.125,-90.72058964554326,0.005081166618833066,0.0,613.125,-90.72058964554326,0.005081166618833066,0.0,613.125,-90.72058964554326,0.005081166618833066,0.0,613.125,-90.72058964554326,0.005081166618833066,0.0,0.0,0.0,0.0
7260,"(np.float64(-1.4515294343286922), np.float64(8.129866590132905e-05), np.float64(9.81))","(np.float64(-105.38103693226252), np.float64(0.005902283144436297), 0)","(np.float64(-3830.600692487866), np.float64(0.21454799230026705), 0)",613.125,-90.72058964554326,0.005081166618833066,0.0,613.125,-90.72058964554326,0.005081166618833066,0.0,613.125,-90.72058964554326,0.005081166618833066,0.0,613.125,-90.72058964554326,0.005081166618833066,0.0,0.0,0.0,0.0
7265,"(np.float64(-1.4515294343286922), np.float64(8.129866590132905e-05), np.float64(9.81))","(np.float64(-105.45361340397895), np.float64(0.005906348077731363), 0)","(np.float64(-3835.875187569858), np.float64(0.21484341132748602), 0)",613.125,-90.72058964554326,0.005081166618833066,0.0,613.125,-90.72058964554326,0.005081166618833066,0.0,613.125,-90.72058964554326,0.005081166618833066,0.0,613.125,-90.72058964554326,0.005081166618833066,0.0,0.0,0.0,0.0
7270,"(np.float64(-1.4515294343286922), np.float64(8.129866590132905e-05), np.float64(9.81))","(np.float64(-105.52618987569538), np.float64(0.005910413011026429), 0)","(np.float64(-3841.153311475436), np.float64(0.21513903360136974), 0)",613.125,-90.72058964554326,0.005081166618833066,0.0,613.125,-90.72058964554326,0.005081166618833066,0.0,613.125,-90.72058964554326,0.005081166618833066,0.0,613.125,-90.72058964554326,0.005081166618833066,0.0,0.0,0.0,0.0
7275,"(np.float64(-1.4515294343286922), np.float64(8.129866590132905e-05), np.float64(9.81))","(np.float64(-105.59876634741181), np.float64(0.005914477944321495), 0)","(np.float64(-3846.4350642045997), np.float64(0.2154348591219182), 0)",613.125,-90.72058964554326,0.005081166618833066,0.0,613.125,-90.72058964554326,0.005081166618833066,0.0,613.125,-90.72058964554326,0.005081166618833066,0.0,613.125,-90.72058964554326,0.005081166618833066,0.0,0.0,0.0,0.0
7280,"(np.float64(-1.4515294343286922), np.float64(8.129866590132905e-05), np.float64(9.81))","(np.float64(-105.67134281912824), np.float64(0.005918542877616561), 0)","(np.float64(-3851.7204457573494), np.float64(0.21573088788913142), 0)",613.125,-90.72058964554326,0.005081166618833066,0.0,613.125,-90.72058964554326,0.005081166618833066,0.0,613.125,-90.72058964554326,0.005081166618833066,0.0,613.125,-90.72058964554326,0.005081166618833066,0.0,0.0,0.0,0.0
7285,"(np.float64(-1.4515294343286922), np.float64(8.129866590132905e-05), np.float64(9.81))","(np.float64(-105.74391929084467), np.float64(0.005922607810911627), 0)","(np.float64(-3857.0094561336846), np.float64(0.21602711990300938), 0)",613.125,-90.72058964554326,0.005081166618833066,0.0,613.125,-90.72058964554326,0.005081166618833066,0.0,613.125,-90.72058964554326,0.005081166618833066,0.0,613.125,-90.72058964554326,0.005081166618833066,0.0,0.0,0.0,0.0
7290,"(np.float64(-1.4515294343286922), np.float64(8.129866590132905e-05), np.float64(9.81))","(np.float64(-105.8164957625611), np.float64(0.005926672744206693), 0)","(np.float64(-3862.302095333606), np.float64(0.2163235551635521), 0)",613.125,-90.72058964554326,0.005081166618833066,0.0,613.125,-90.72058964554326,0.005081166618833066,0.0,613.125,-90.72058964554326,0.005081166618833066,0.0,613.125,-90.72058964554326,0.005081166618833066,0.0,0.0,0.0,0.0
7295,"(np.float64(-1.4515294343286922), np.float64(8.129866590132905e-05), np.float64(9.81))","(np.float64(-105.88907223427753), np.float64(0.005930737677501759), 0)","(np.float64(-3867.5983633571127), np.float64(0.21662019367075958), 0)",613.125,-90.72058964554326,0.005081166618833066,0.0,613.125,-90.72058964554326,0.005081166618833066,0.0,613.125,-90.72058964554326,0.005081166618833066,0.0,613.125,-90.72058964554326,0.005081166618833066,0.0,0.0,0.0,0.0
7300,"(np.float64(-1.4515294343286922), np.float64(8.129866590132905e-05), np.float64(9.81))","(np.float64(-105.96164870599397), np.float64(0.005934802610796825), 0)","(np.float64(-3872.8982602042056), np.float64(0.2169170354246318), 0)",613.125,-90.72058964554326,0.005081166618833066,0.0,613.125,-90.72058964554326,0.005081166618833066,0.0,613.125,-90.72058964554326,0.005081166618833066,0.0,613.125,-90.72058964554326,0.005081166618833066,0.0,0.0,0.0,0.0
7305,"(np.float64(-1.4515294343286922), np.float64(8.129866590132905e-05), np.float64(9.81))","(np.float64(-106.0342251777104), np.float64(0.005938867544091891), 0)","(np.float64(-3878.201785874884), np.float64(0.2172140804251688), 0)",613.125,-90.72058964554326,0.005081166618833066,0.0,613.125,-90.72058964554326,0.005081166618833066,0.0,613.125,-90.72058964554326,0.005081166618833066,0.0,613.125,-90.72058964554326,0.005081166618833066,0.0,0.0,0.0,0.0
7310,"(np.float64(-1.4515294343286922), np.float64(8.129866590132905e-05), np.float64(9.81))","(np.float64(-106.10680164942683), np.float64(0.005942932477386957), 0)","(np.float64(-3883.5089403691486), np.float64(0.21751132867237052), 0)",613.125,-90.72058964554326,0.005081166618833066,0.0,613.125,-90.72058964554326,0.005081166618833066,0.0,613.125,-90.72058964554326,0.005081166618833066,0.0,613.125,-90.72058964554326,0.005081166618833066,0.0,0.0,0.0,0.0
7315,"(np.float64(-1.4515294343286922), np.float64(8.129866590132905e-05), np.float64(9.81))","(np.float64(-106.17937812114326), np.float64(0.005946997410682023), 0)","(np.float64(-3888.8197236869987), np.float64(0.217808780166237), 0)",613.125,-90.72058964554326,0.005081166618833066,0.0,613.125,-90.72058964554326,0.005081166618833066,0.0,613.125,-90.72058964554326,0.005081166618833066,0.0,613.125,-90.72058964554326,0.005081166618833066,0.0,0.0,0.0,0.0
7320,"(np.float64(-1.4515294343286922), np.float64(8.129866590132905e-05), np.float64(9.81))","(np.float64(-106.25195459285969), np.float64(0.005951062343977089), 0)","(np.float64(-3894.134135828435), np.float64(0.21810643490676826), 0)",613.125,-90.72058964554326,0.005081166618833066,0.0,613.125,-90.72058964554326,0.005081166618833066,0.0,613.125,-90.72058964554326,0.005081166618833066,0.0,613.125,-90.72058964554326,0.005081166618833066,0.0,0.0,0.0,0.0
7325,"(np.float64(-1.4515294343286922), np.float64(8.129866590132905e-05), np.float64(9.81))","(np.float64(-106.32453106457612), np.float64(0.005955127277272155), 0)","(np.float64(-3899.4521767934566), np.float64(0.21840429289396426), 0)",613.125,-90.72058964554326,0.005081166618833066,0.0,613.125,-90.72058964554326,0.005081166618833066,0.0,613.125,-90.72058964554326,0.005081166618833066,0.0,613.125,-90.72058964554326,0.005081166618833066,0.0,0.0,0.0,0.0
7330,"(np.float64(-1.4515294343286922), np.float64(8.129866590132905e-05), np.float64(9.81))","(np.float64(-106.39710753629255), np.float64(0.005959192210567221), 0)","(np.float64(-3904.7738465820644), np.float64(0.21870235412782502), 0)",613.125,-90.72058964554326,0.005081166618833066,0.0,613.125,-90.72058964554326,0.005081166618833066,0.0,613.125,-90.72058964554326,0.005081166618833066,0.0,613.125,-90.72058964554326,0.005081166618833066,0.0,0.0,0.0,0.0
7335,"(np.float64(-1.4515294343286922), np.float64(8.129866590132905e-05), np.float64(9.81))","(np.float64(-106.46968400800898), np.float64(0.005963257143862287), 0)","(np.float64(-3910.0991451942577), np.float64(0.21900061860835052), 0)",613.125,-90.72058964554326,0.005081166618833066,0.0,613.125,-90.72058964554326,0.005081166618833066,0.0,613.125,-90.72058964554326,0.005081166618833066,0.0,613.125,-90.72058964554326,0.005081166618833066,0.0,0.0,0.0,0.0
7340,"(np.float64(-1.4515294343286922), np.float64(8.129866590132905e-05), np.float64(9.81))","(np.float64(-106.54226047972541), np.float64(0.005967322077157353), 0)","(np.float64(-3915.428072630037), np.float64(0.21929908633554077), 0)",613.125,-90.72058964554326,0.005081166618833066,0.0,613.125,-90.72058964554326,0.005081166618833066,0.0,613.125,-90.72058964554326,0.005081166618833066,0.0,613.125,-90.72058964554326,0.005081166618833066,0.0,0.0,0.0,0.0
7345,"(np.float64(-1.4515294343286922), np.float64(8.129866590132905e-05), np.float64(9.81))","(np.float64(-106.61483695144184), np.float64(0.005971387010452419), 0)","(np.float64(-3920.760628889402), np.float64(0.21959775730939576), 0)",613.125,-90.72058964554326,0.005081166618833066,0.0,613.125,-90.72058964554326,0.005081166618833066,0.0,613.125,-90.72058964554326,0.005081166618833066,0.0,613.125,-90.72058964554326,0.005081166618833066,0.0,0.0,0.0,0.0
7350,"(np.float64(-1.4515294343286922), np.float64(8.129866590132905e-05), np.float64(9.81))","(np.float64(-106.68741342315828), np.float64(0.005975451943747485), 0)","(np.float64(-3926.096813972353), np.float64(0.21989663152991554), 0)",613.125,-90.72058964554326,0.005081166618833066,0.0,613.125,-90.72058964554326,0.005081166618833066,0.0,613.125,-90.72058964554326,0.005081166618833066,0.0,613.125,-90.72058964554326,0.005081166618833066,0.0,0.0,0.0,0.0
7355,"(np.float64(-1.4515294343286922), np.float64(8.129866590132905e-05), np.float64(9.81))","(np.float64(-106.7599898948747), np.float64(0.005979516877042551), 0)","(np.float64(-3931.43662787889), np.float64(0.22019570899710006), 0)",613.125,-90.72058964554326,0.005081166618833066,0.0,613.125,-90.72058964554326,0.005081166618833066,0.0,613.125,-90.72058964554326,0.005081166618833066,0.0,613.125,-90.72058964554326,0.005081166618833066,0.0,0.0,0.0,0.0
7360,"(np.float64(-1.4515294343286922), np.float64(8.129866590132905e-05), np.float64(9.81))","(np.float64(-106.83256636659114), np.float64(0.005983581810337617), 0)","(np.float64(-3936.7800706090125), np.float64(0.22049498971094933), 0)",613.125,-90.72058964554326,0.005081166618833066,0.0,613.125,-90.72058964554326,0.005081166618833066,0.0,613.125,-90.72058964554326,0.005081166618833066,0.0,613.125,-90.72058964554326,0.005081166618833066,0.0,0.0,0.0,0.0
7365,"(np.float64(-1.4515294343286922), np.float64(8.129866590132905e-05), np.float64(9.81))","(np.float64(-106.90514283830757), np.float64(0.005987646743632683), 0)","(np.float64(-3942.1271421627207), np.float64(0.22079447367146335), 0)",613.125,-90.72058964554326,0.005081166618833066,0.0,613.125,-90.72058964554326,0.005081166618833066,0.0,613.125,-90.72058964554326,0.005081166618833066,0.0,613.125,-90.72058964554326,0.005081166618833066,0.0,0.0,0.0,0.0
7370,"(np.float64(-1.4515294343286922), np.float64(8.129866590132905e-05), np.float64(9.81))","(np.float64(-106.977719310024), np.float64(0.005991711676927749), 0)","(np.float64(-3947.477842540015), np.float64(0.22109416087864212), 0)",613.125,-90.72058964554326,0.005081166618833066,0.0,613.125,-90.72058964554326,0.005081166618833066,0.0,613.125,-90.72058964554326,0.005081166618833066,0.0,613.125,-90.72058964554326,0.005081166618833066,0.0,0.0,0.0,0.0
7375,"(np.float64(-1.4515294343286922), np.float64(8.129866590132905e-05), np.float64(9.81))","(np.float64(-107.05029578174043), np.float64(0.005995776610222815), 0)","(np.float64(-3952.832171740895), np.float64(0.22139405133248563), 0)",613.125,-90.72058964554326,0.005081166618833066,0.0,613.125,-90.72058964554326,0.005081166618833066,0.0,613.125,-90.72058964554326,0.005081166618833066,0.0,613.125,-90.72058964554326,0.005081166618833066,0.0,0.0,0.0,0.0
7380,"(np.float64(-1.4515294343286922), np.float64(8.129866590132905e-05), np.float64(9.81))","(np.float64(-107.12287225345686), np.float64(0.005999841543517881), 0)","(np.float64(-3958.190129765361), np.float64(0.22169414503299392), 0)",613.125,-90.72058964554326,0.005081166618833066,0.0,613.125,-90.72058964554326,0.005081166618833066,0.0,613.125,-90.72058964554326,0.005081166618833066,0.0,613.125,-90.72058964554326,0.005081166618833066,0.0,0.0,0.0,0.0
7385,"(np.float64(-1.4515294343286922), np.float64(8.129866590132905e-05), np.float64(9.81))","(np.float64(-107.19544872517329), np.float64(0.0060039064768129475), 0)","(np.float64(-3963.5517166134123), np.float64(0.22199444198016696), 0)",613.125,-90.72058964554326,0.005081166618833066,0.0,613.125,-90.72058964554326,0.005081166618833066,0.0,613.125,-90.72058964554326,0.005081166618833066,0.0,613.125,-90.72058964554326,0.005081166618833066,0.0,0.0,0.0,0.0
7390,"(np.float64(-1.4515294343286922), np.float64(8.129866590132905e-05), np.float64(9.81))","(np.float64(-107.26802519688972), np.float64(0.0060079714101080135), 0)","(np.float64(-3968.91693228505), np.float64(0.22229494217400475), 0)",613.125,-90.72058964554326,0.005081166618833066,0.0,613.125,-90.72058964554326,0.005081166618833066,0.0,613.125,-90.72058964554326,0.005081166618833066,0.0,613.125,-90.72058964554326,0.005081166618833066,0.0,0.0,0.0,0.0
7395,"(np.float64(-1.4515294343286922), np.float64(8.129866590132905e-05), np.float64(9.81))","(np.float64(-107.34060166860615), np.float64(0.0060120363434030795), 0)","(np.float64(-3974.285776780273), np.float64(0.2225956456145073), 0)",613.125,-90.72058964554326,0.005081166618833066,0.0,613.125,-90.72058964554326,0.005081166618833066,0.0,613.125,-90.72058964554326,0.005081166618833066,0.0,613.125,-90.72058964554326,0.005081166618833066,0.0,0.0,0.0,0.0
7400,"(np.float64(-1.4515294343286922), np.float64(8.129866590132905e-05), np.float64(9.81))","(np.float64(-107.41317814032259), np.float64(0.0060161012766981456), 0)","(np.float64(-3979.658250099082), np.float64(0.22289655230167457), 0)",613.125,-90.72058964554326,0.005081166618833066,0.0,613.125,-90.72058964554326,0.005081166618833066,0.0,613.125,-90.72058964554326,0.005081166618833066,0.0,613.125,-90.72058964554326,0.005081166618833066,0.0,0.0,0.0,0.0
7405,"(np.float64(-1.4515294343286922), np.float64(8.129866590132905e-05), np.float64(9.81))","(np.float64(-107.48575461203902), np.float64(0.006020166209993212), 0)","(np.float64(-3985.034352241477), np.float64(0.22319766223550663), 0)",613.125,-90.72058964554326,0.005081166618833066,0.0,613.125,-90.72058964554326,0.005081166618833066,0.0,613.125,-90.72058964554326,0.005081166618833066,0.0,613.125,-90.72058964554326,0.005081166618833066,0.0,0.0,0.0,0.0
7410,"(np.float64(-1.4515294343286922), np.float64(8.129866590132905e-05), np.float64(9.81))","(np.float64(-107.55833108375545), np.float64(0.006024231143288278), 0)","(np.float64(-3990.4140832074577), np.float64(0.22349897541600344), 0)",613.125,-90.72058964554326,0.005081166618833066,0.0,613.125,-90.72058964554326,0.005081166618833066,0.0,613.125,-90.72058964554326,0.005081166618833066,0.0,613.125,-90.72058964554326,0.005081166618833066,0.0,0.0,0.0,0.0
7415,"(np.float64(-1.4515294343286922), np.float64(8.129866590132905e-05), np.float64(9.81))","(np.float64(-107.63090755547188), np.float64(0.006028296076583344), 0)","(np.float64(-3995.7974429970245), np.float64(0.223800491843165), 0)",613.125,-90.72058964554326,0.005081166618833066,0.0,613.125,-90.72058964554326,0.005081166618833066,0.0,613.125,-90.72058964554326,0.005081166618833066,0.0,613.125,-90.72058964554326,0.005081166618833066,0.0,0.0,0.0,0.0
7420,"(np.float64(-1.4515294343286922), np.float64(8.129866590132905e-05), np.float64(9.81))","(np.float64(-107.70348402718831), np.float64(0.00603236100987841), 0)","(np.float64(-4001.184431610177), np.float64(0.2241022115169913), 0)",613.125,-90.72058964554326,0.005081166618833066,0.0,613.125,-90.72058964554326,0.005081166618833066,0.0,613.125,-90.72058964554326,0.005081166618833066,0.0,613.125,-90.72058964554326,0.005081166618833066,0.0,0.0,0.0,0.0
7425,"(np.float64(-1.4515294343286922), np.float64(8.129866590132905e-05), np.float64(9.81))","(np.float64(-107.77606049890474), np.float64(0.006036425943173476), 0)","(np.float64(-4006.5750490469154), np.float64(0.22440413443748236), 0)",613.125,-90.72058964554326,0.005081166618833066,0.0,613.125,-90.72058964554326,0.005081166618833066,0.0,613.125,-90.72058964554326,0.005081166618833066,0.0,613.125,-90.72058964554326,0.005081166618833066,0.0,0.0,0.0,0.0
7430,"(np.float64(-1.4515294343286922), np.float64(8.129866590132905e-05), np.float64(9.81))","(np.float64(-107.84863697062117), np.float64(0.006040490876468542), 0)","(np.float64(-4011.9692953072395), np.float64(0.22470626060463816), 0)",613.125,-90.72058964554326,0.005081166618833066,0.0,613.125,-90.72058964554326,0.005081166618833066,0.0,613.125,-90.72058964554326,0.005081166618833066,0.0,613.125,-90.72058964554326,0.005081166618833066,0.0,0.0,0.0,0.0
7435,"(np.float64(-1.4515294343286922), np.float64(8.129866590132905e-05), np.float64(9.81))","(np.float64(-107.9212134423376), np.float64(0.006044555809763608), 0)","(np.float64(-4017.3671703911496), np.float64(0.22500859001845874), 0)",613.125,-90.72058964554326,0.005081166618833066,0.0,613.125,-90.72058964554326,0.005081166618833066,0.0,613.125,-90.72058964554326,0.005081166618833066,0.0,613.125,-90.72058964554326,0.005081166618833066,0.0,0.0,0.0,0.0
7440,"(np.float64(-1.4515294343286922), np.float64(8.129866590132905e-05), np.float64(9.81))","(np.float64(-107.99378991405403), np.float64(0.006048620743058674), 0)","(np.float64(-4022.7686742986452), np.float64(0.22531112267894407), 0)",613.125,-90.72058964554326,0.005081166618833066,0.0,613.125,-90.72058964554326,0.005081166618833066,0.0,613.125,-90.72058964554326,0.005081166618833066,0.0,613.125,-90.72058964554326,0.005081166618833066,0.0,0.0,0.0,0.0
7445,"(np.float64(-1.4515294343286922), np.float64(8.129866590132905e-05), np.float64(9.81))","(np.float64(-108.06636638577046), np.float64(0.00605268567635374), 0)","(np.float64(-4028.173807029727), np.float64(0.22561385858609415), 0)",613.125,-90.72058964554326,0.005081166618833066,0.0,613.125,-90.72058964554326,0.005081166618833066,0.0,613.125,-90.72058964554326,0.005081166618833066,0.0,613.125,-90.72058964554326,0.005081166618833066,0.0,0.0,0.0,0.0
7450,"(np.float64(-1.4515294343286922), np.float64(8.129866590132905e-05), np.float64(9.81))","(np.float64(-108.1389428574869), np.float64(0.006056750609648806), 0)","(np.float64(-4033.5825685843943), np.float64(0.22591679773990897), 0)",613.125,-90.72058964554326,0.005081166618833066,0.0,613.125,-90.72058964554326,0.005081166618833066,0.0,613.125,-90.72058964554326,0.005081166618833066,0.0,613.125,-90.72058964554326,0.005081166618833066,0.0,0.0,0.0,0.0
7455,"(np.float64(-1.4515294343286922), np.float64(8.129866590132905e-05), np.float64(9.81))","(np.float64(-108.21151932920333), np.float64(0.006060815542943872), 0)","(np.float64(-4038.9949589626476), np.float64(0.22621994014038854), 0)",613.125,-90.72058964554326,0.005081166618833066,0.0,613.125,-90.72058964554326,0.005081166618833066,0.0,613.125,-90.72058964554326,0.005081166618833066,0.0,613.125,-90.72058964554326,0.005081166618833066,0.0,0.0,0.0,0.0
7460,"(np.float64(-1.4515294343286922), np.float64(8.129866590132905e-05), np.float64(9.81))","(np.float64(-108.28409580091976), np.float64(0.006064880476238938), 0)","(np.float64(-4044.4109781644866), np.float64(0.2265232857875329), 0)",613.125,-90.72058964554326,0.005081166618833066,0.0,613.125,-90.72058964554326,0.005081166618833066,0.0,613.125,-90.72058964554326,0.005081166618833066,0.0,613.125,-90.72058964554326,0.005081166618833066,0.0,0.0,0.0,0.0
7465,"(np.float64(-1.4515294343286922), np.float64(8.129866590132905e-05), np.float64(9.81))","(np.float64(-108.35667227263619), np.float64(0.006068945409534004), 0)","(np.float64(-4049.8306261899115), np.float64(0.226826834681342), 0)",613.125,-90.72058964554326,0.005081166618833066,0.0,613.125,-90.72058964554326,0.005081166618833066,0.0,613.125,-90.72058964554326,0.005081166618833066,0.0,613.125,-90.72058964554326,0.005081166618833066,0.0,0.0,0.0,0.0
7470,"(np.float64(-1.4515294343286922), np.float64(8.129866590132905e-05), np.float64(9.81))","(np.float64(-108.42924874435262), np.float64(0.00607301034282907), 0)","(np.float64(-4055.253903038922), np.float64(0.22713058682181583), 0)",613.125,-90.72058964554326,0.005081166618833066,0.0,613.125,-90.72058964554326,0.005081166618833066,0.0,613.125,-90.72058964554326,0.005081166618833066,0.0,613.125,-90.72058964554326,0.005081166618833066,0.0,0.0,0.0,0.0
7475,"(np.float64(-1.4515294343286922), np.float64(8.129866590132905e-05), np.float64(9.81))","(np.float64(-108.50182521606905), np.float64(0.006077075276124136), 0)","(np.float64(-4060.6808087115187), np.float64(0.22743454220895443), 0)",613.125,-90.72058964554326,0.005081166618833066,0.0,613.125,-90.72058964554326,0.005081166618833066,0.0,613.125,-90.72058964554326,0.005081166618833066,0.0,613.125,-90.72058964554326,0.005081166618833066,0.0,0.0,0.0,0.0
7480,"(np.float64(-1.4515294343286922), np.float64(8.129866590132905e-05), np.float64(9.81))","(np.float64(-108.57440168778548), np.float64(0.006081140209419202), 0)","(np.float64(-4066.111343207701), np.float64(0.22773870084275777), 0)",613.125,-90.72058964554326,0.005081166618833066,0.0,613.125,-90.72058964554326,0.005081166618833066,0.0,613.125,-90.72058964554326,0.005081166618833066,0.0,613.125,-90.72058964554326,0.005081166618833066,0.0,0.0,0.0,0.0
7485,"(np.float64(-1.4515294343286922), np.float64(8.129866590132905e-05), np.float64(9.81))","(np.float64(-108.64697815950191), np.float64(0.006085205142714268), 0)","(np.float64(-4071.545506527469), np.float64(0.22804306272322586), 0)",613.125,-90.72058964554326,0.005081166618833066,0.0,613.125,-90.72058964554326,0.005081166618833066,0.0,613.125,-90.72058964554326,0.005081166618833066,0.0,613.125,-90.72058964554326,0.005081166618833066,0.0,0.0,0.0,0.0
7490,"(np.float64(-1.4515294343286922), np.float64(8.129866590132905e-05), np.float64(9.81))","(np.float64(-108.71955463121834), np.float64(0.006089270076009334), 0)","(np.float64(-4076.983298670823), np.float64(0.22834762785035873), 0)",613.125,-90.72058964554326,0.005081166618833066,0.0,613.125,-90.72058964554326,0.005081166618833066,0.0,613.125,-90.72058964554326,0.005081166618833066,0.0,613.125,-90.72058964554326,0.005081166618833066,0.0,0.0,0.0,0.0
7495,"(np.float64(-1.4515294343286922), np.float64(8.129866590132905e-05), np.float64(9.81))","(np.float64(-108.79213110293477), np.float64(0.0060933350093044), 0)","(np.float64(-4082.424719637763), np.float64(0.22865239622415634), 0)",613.125,-90.72058964554326,0.005081166618833066,0.0,613.125,-90.72058964554326,0.005081166618833066,0.0,613.125,-90.72058964554326,0.005081166618833066,0.0,613.125,-90.72058964554326,0.005081166618833066,0.0,0.0,0.0,0.0
7500,"(np.float64(-1.4515294343286922), np.float64(8.129866590132905e-05), np.float64(9.81))","(np.float64(-108.8647075746512), np.float64(0.006097399942599466), 0)","(np.float64(-4087.8697694282882), np.float64(0.2289573678446187), 0)",613.125,-90.72058964554326,0.005081166618833066,0.0,613.125,-90.72058964554326,0.005081166618833066,0.0,613.125,-90.72058964554326,0.005081166618833066,0.0,613.125,-90.72058964554326,0.005081166618833066,0.0,0.0,0.0,0.0
7505,"(np.float64(-1.4515294343286922), np.float64(8.129866590132905e-05), np.float64(9.81))","(np.float64(-108.93728404636764), np.float64(0.006101464875894532), 0)","(np.float64(-4093.3184480423997), np.float64(0.22926254271174581), 0)",613.125,-90.72058964554326,0.005081166618833066,0.0,613.125,-90.72058964554326,0.005081166618833066,0.0,613.125,-90.72058964554326,0.005081166618833066,0.0,613.125,-90.72058964554326,0.005081166618833066,0.0,0.0,0.0,0.0
7510,"(np.float64(-1.4515294343286922), np.float64(8.129866590132905e-05), np.float64(9.81))","(np.float64(-109.00986051808407), np.float64(0.006105529809189598), 0)","(np.float64(-4098.770755480097), np.float64(0.22956792082553767), 0)",613.125,-90.72058964554326,0.005081166618833066,0.0,613.125,-90.72058964554326,0.005081166618833066,0.0,613.125,-90.72058964554326,0.005081166618833066,0.0,613.125,-90.72058964554326,0.005081166618833066,0.0,0.0,0.0,0.0
7515,"(np.float64(-1.4515294343286922), np.float64(8.129866590132905e-05), np.float64(9.81))","(np.float64(-109.0824369898005), np.float64(0.006109594742484664), 0)","(np.float64(-4104.22669174138), np.float64(0.22987350218599428), 0)",613.125,-90.72058964554326,0.005081166618833066,0.0,613.125,-90.72058964554326,0.005081166618833066,0.0,613.125,-90.72058964554326,0.005081166618833066,0.0,613.125,-90.72058964554326,0.005081166618833066,0.0,0.0,0.0,0.0
7520,"(np.float64(-1.4515294343286922), np.float64(8.129866590132905e-05), np.float64(9.81))","(np.float64(-109.15501346151693), np.float64(0.00611365967577973), 0)","(np.float64(-4109.686256826249), np.float64(0.23017928679311567), 0)",613.125,-90.72058964554326,0.005081166618833066,0.0,613.125,-90.72058964554326,0.005081166618833066,0.0,613.125,-90.72058964554326,0.005081166618833066,0.0,613.125,-90.72058964554326,0.005081166618833066,0.0,0.0,0.0,0.0
7525,"(np.float64(-1.4515294343286922), np.float64(8.129866590132905e-05), np.float64(9.81))","(np.float64(-109.22758993323336), np.float64(0.006117724609074796), 0)","(np.float64(-4115.149450734703), np.float64(0.2304852746469018), 0)",613.125,-90.72058964554326,0.005081166618833066,0.0,613.125,-90.72058964554326,0.005081166618833066,0.0,613.125,-90.72058964554326,0.005081166618833066,0.0,613.125,-90.72058964554326,0.005081166618833066,0.0,0.0,0.0,0.0
7530,"(np.float64(-1.4515294343286922), np.float64(8.129866590132905e-05), np.float64(9.81))","(np.float64(-109.30016640494979), np.float64(0.0061217895423698624), 0)","(np.float64(-4120.616273466744), np.float64(0.23079146574735268), 0)",613.125,-90.72058964554326,0.005081166618833066,0.0,613.125,-90.72058964554326,0.005081166618833066,0.0,613.125,-90.72058964554326,0.005081166618833066,0.0,613.125,-90.72058964554326,0.005081166618833066,0.0,0.0,0.0,0.0
7535,"(np.float64(-1.4515294343286922), np.float64(8.129866590132905e-05), np.float64(9.81))","(np.float64(-109.37274287666622), np.float64(0.0061258544756649285), 0)","(np.float64(-4126.08672502237), np.float64(0.2310978600944683), 0)",613.125,-90.72058964554326,0.005081166618833066,0.0,613.125,-90.72058964554326,0.005081166618833066,0.0,613.125,-90.72058964554326,0.005081166618833066,0.0,613.125,-90.72058964554326,0.005081166618833066,0.0,0.0,0.0,0.0
7540,"(np.float64(-1.4515294343286922), np.float64(8.129866590132905e-05), np.float64(9.81))","(np.float64(-109.44531934838265), np.float64(0.0061299194089599945), 0)","(np.float64(-4131.560805401582), np.float64(0.2314044576882487), 0)",613.125,-90.72058964554326,0.005081166618833066,0.0,613.125,-90.72058964554326,0.005081166618833066,0.0,613.125,-90.72058964554326,0.005081166618833066,0.0,613.125,-90.72058964554326,0.005081166618833066,0.0,0.0,0.0,0.0
7545,"(np.float64(-1.4515294343286922), np.float64(8.129866590132905e-05), np.float64(9.81))","(np.float64(-109.51789582009908), np.float64(0.0061339843422550605), 0)","(np.float64(-4137.03851460438), np.float64(0.23171125852869384), 0)",613.125,-90.72058964554326,0.005081166618833066,0.0,613.125,-90.72058964554326,0.005081166618833066,0.0,613.125,-90.72058964554326,0.005081166618833066,0.0,613.125,-90.72058964554326,0.005081166618833066,0.0,0.0,0.0,0.0
7550,"(np.float64(-1.4515294343286922), np.float64(8.129866590132905e-05), np.float64(9.81))","(np.float64(-109.59047229181552), np.float64(0.006138049275550127), 0)","(np.float64(-4142.519852630764), np.float64(0.23201826261580374), 0)",613.125,-90.72058964554326,0.005081166618833066,0.0,613.125,-90.72058964554326,0.005081166618833066,0.0,613.125,-90.72058964554326,0.005081166618833066,0.0,613.125,-90.72058964554326,0.005081166618833066,0.0,0.0,0.0,0.0
7555,"(np.float64(-1.4515294343286922), np.float64(8.129866590132905e-05), np.float64(9.81))","(np.float64(-109.66304876353195), np.float64(0.006142114208845193), 0)","(np.float64(-4148.004819480733), np.float64(0.2323254699495784), 0)",613.125,-90.72058964554326,0.005081166618833066,0.0,613.125,-90.72058964554326,0.005081166618833066,0.0,613.125,-90.72058964554326,0.005081166618833066,0.0,613.125,-90.72058964554326,0.005081166618833066,0.0,0.0,0.0,0.0
7560,"(np.float64(-1.4515294343286922), np.float64(8.129866590132905e-05), np.float64(9.81))","(np.float64(-109.73562523524838), np.float64(0.006146179142140259), 0)","(np.float64(-4153.493415154288), np.float64(0.2326328805300178), 0)",613.125,-90.72058964554326,0.005081166618833066,0.0,613.125,-90.72058964554326,0.005081166618833066,0.0,613.125,-90.72058964554326,0.005081166618833066,0.0,613.125,-90.72058964554326,0.005081166618833066,0.0,0.0,0.0,0.0
7565,"(np.float64(-1.4515294343286922), np.float64(8.129866590132905e-05), np.float64(9.81))","(np.float64(-109.80820170696481), np.float64(0.006150244075435325), 0)","(np.float64(-4158.98563965143), np.float64(0.23294049435712194), 0)",613.125,-90.72058964554326,0.005081166618833066,0.0,613.125,-90.72058964554326,0.005081166618833066,0.0,613.125,-90.72058964554326,0.005081166618833066,0.0,613.125,-90.72058964554326,0.005081166618833066,0.0,0.0,0.0,0.0
7570,"(np.float64(-1.4515294343286922), np.float64(8.129866590132905e-05), np.float64(9.81))","(np.float64(-109.88077817868124), np.float64(0.006154309008730391), 0)","(np.float64(-4164.481492972157), np.float64(0.23324831143089084), 0)",613.125,-90.72058964554326,0.005081166618833066,0.0,613.125,-90.72058964554326,0.005081166618833066,0.0,613.125,-90.72058964554326,0.005081166618833066,0.0,613.125,-90.72058964554326,0.005081166618833066,0.0,0.0,0.0,0.0
7575,"(np.float64(-1.4515294343286922), np.float64(8.129866590132905e-05), np.float64(9.81))","(np.float64(-109.95335465039767), np.float64(0.006158373942025457), 0)","(np.float64(-4169.98097511647), np.float64(0.2335563317513245), 0)",613.125,-90.72058964554326,0.005081166618833066,0.0,613.125,-90.72058964554326,0.005081166618833066,0.0,613.125,-90.72058964554326,0.005081166618833066,0.0,613.125,-90.72058964554326,0.005081166618833066,0.0,0.0,0.0,0.0
7580,"(np.float64(-1.4515294343286922), np.float64(8.129866590132905e-05), np.float64(9.81))","(np.float64(-110.0259311221141), np.float64(0.006162438875320523), 0)","(np.float64(-4175.484086084369), np.float64(0.23386455531842293), 0)",613.125,-90.72058964554326,0.005081166618833066,0.0,613.125,-90.72058964554326,0.005081166618833066,0.0,613.125,-90.72058964554326,0.005081166618833066,0.0,613.125,-90.72058964554326,0.005081166618833066,0.0,0.0,0.0,0.0
7585,"(np.float64(-1.4515294343286922), np.float64(8.129866590132905e-05), np.float64(9.81))","(np.float64(-110.09850759383053), np.float64(0.006166503808615589), 0)","(np.float64(-4180.990825875853), np.float64(0.2341729821321861), 0)",613.125,-90.72058964554326,0.005081166618833066,0.0,613.125,-90.72058964554326,0.005081166618833066,0.0,613.125,-90.72058964554326,0.005081166618833066,0.0,613.125,-90.72058964554326,0.005081166618833066,0.0,0.0,0.0,0.0
7590,"(np.float64(-1.4515294343286922), np.float64(8.129866590132905e-05), np.float64(9.81))","(np.float64(-110.17108406554696), np.float64(0.006170568741910655), 0)","(np.float64(-4186.501194490924), np.float64(0.23448161219261401), 0)",613.125,-90.72058964554326,0.005081166618833066,0.0,613.125,-90.72058964554326,0.005081166618833066,0.0,613.125,-90.72058964554326,0.005081166618833066,0.0,613.125,-90.72058964554326,0.005081166618833066,0.0,0.0,0.0,0.0
7595,"(np.float64(-1.4515294343286922), np.float64(8.129866590132905e-05), np.float64(9.81))","(np.float64(-110.2436605372634), np.float64(0.006174633675205721), 0)","(np.float64(-4192.01519192958), np.float64(0.23479044549970668), 0)",613.125,-90.72058964554326,0.005081166618833066,0.0,613.125,-90.72058964554326,0.005081166618833066,0.0,613.125,-90.72058964554326,0.005081166618833066,0.0,613.125,-90.72058964554326,0.005081166618833066,0.0,0.0,0.0,0.0
7600,"(np.float64(-1.4515294343286922), np.float64(8.129866590132905e-05), np.float64(9.81))","(np.float64(-110.31623700897983), np.float64(0.006178698608500787), 0)","(np.float64(-4197.532818191822), np.float64(0.23509948205346412), 0)",613.125,-90.72058964554326,0.005081166618833066,0.0,613.125,-90.72058964554326,0.005081166618833066,0.0,613.125,-90.72058964554326,0.005081166618833066,0.0,613.125,-90.72058964554326,0.005081166618833066,0.0,0.0,0.0,0.0
7605,"(np.float64(-1.4515294343286922), np.float64(8.129866590132905e-05), np.float64(9.81))","(np.float64(-110.38881348069626), np.float64(0.006182763541795853), 0)","(np.float64(-4203.05407327765), np.float64(0.2354087218538863), 0)",613.125,-90.72058964554326,0.005081166618833066,0.0,613.125,-90.72058964554326,0.005081166618833066,0.0,613.125,-90.72058964554326,0.005081166618833066,0.0,613.125,-90.72058964554326,0.005081166618833066,0.0,0.0,0.0,0.0
7610,"(np.float64(-1.4515294343286922), np.float64(8.129866590132905e-05), np.float64(9.81))","(np.float64(-110.46138995241269), np.float64(0.006186828475090919), 0)","(np.float64(-4208.578957187064), np.float64(0.23571816490097325), 0)",613.125,-90.72058964554326,0.005081166618833066,0.0,613.125,-90.72058964554326,0.005081166618833066,0.0,613.125,-90.72058964554326,0.005081166618833066,0.0,613.125,-90.72058964554326,0.005081166618833066,0.0,0.0,0.0,0.0
7615,"(np.float64(-1.4515294343286922), np.float64(8.129866590132905e-05), np.float64(9.81))","(np.float64(-110.53396642412912), np.float64(0.006190893408385985), 0)","(np.float64(-4214.1074699200635), np.float64(0.23602781119472493), 0)",613.125,-90.72058964554326,0.005081166618833066,0.0,613.125,-90.72058964554326,0.005081166618833066,0.0,613.125,-90.72058964554326,0.005081166618833066,0.0,613.125,-90.72058964554326,0.005081166618833066,0.0,0.0,0.0,0.0
7620,"(np.float64(-1.4515294343286922), np.float64(8.129866590132905e-05), np.float64(9.81))","(np.float64(-110.60654289584555), np.float64(0.006194958341681051), 0)","(np.float64(-4219.6396114766485), np.float64(0.23633766073514137), 0)",613.125,-90.72058964554326,0.005081166618833066,0.0,613.125,-90.72058964554326,0.005081166618833066,0.0,613.125,-90.72058964554326,0.005081166618833066,0.0,613.125,-90.72058964554326,0.005081166618833066,0.0,0.0,0.0,0.0
7625,"(np.float64(-1.4515294343286922), np.float64(8.129866590132905e-05), np.float64(9.81))","(np.float64(-110.67911936756198), np.float64(0.006199023274976117), 0)","(np.float64(-4225.1753818568195), np.float64(0.23664771352222255), 0)",613.125,-90.72058964554326,0.005081166618833066,0.0,613.125,-90.72058964554326,0.005081166618833066,0.0,613.125,-90.72058964554326,0.005081166618833066,0.0,613.125,-90.72058964554326,0.005081166618833066,0.0,0.0,0.0,0.0
7630,"(np.float64(-1.4515294343286922), np.float64(8.129866590132905e-05), np.float64(9.81))","(np.float64(-110.75169583927841), np.float64(0.006203088208271183), 0)","(np.float64(-4230.714781060577), np.float64(0.2369579695559685), 0)",613.125,-90.72058964554326,0.005081166618833066,0.0,613.125,-90.72058964554326,0.005081166618833066,0.0,613.125,-90.72058964554326,0.005081166618833066,0.0,613.125,-90.72058964554326,0.005081166618833066,0.0,0.0,0.0,0.0
7635,"(np.float64(-1.4515294343286922), np.float64(8.129866590132905e-05), np.float64(9.81))","(np.float64(-110.82427231099484), np.float64(0.006207153141566249), 0)","(np.float64(-4236.25780908792), np.float64(0.23726842883637922), 0)",613.125,-90.72058964554326,0.005081166618833066,0.0,613.125,-90.72058964554326,0.005081166618833066,0.0,613.125,-90.72058964554326,0.005081166618833066,0.0,613.125,-90.72058964554326,0.005081166618833066,0.0,0.0,0.0,0.0
7640,"(np.float64(-1.4515294343286922), np.float64(8.129866590132905e-05), np.float64(9.81))","(np.float64(-110.89684878271127), np.float64(0.006211218074861315), 0)","(np.float64(-4241.804465938848), np.float64(0.23757909136345468), 0)",613.125,-90.72058964554326,0.005081166618833066,0.0,613.125,-90.72058964554326,0.005081166618833066,0.0,613.125,-90.72058964554326,0.005081166618833066,0.0,613.125,-90.72058964554326,0.005081166618833066,0.0,0.0,0.0,0.0
7645,"(np.float64(-1.4515294343286922), np.float64(8.129866590132905e-05), np.float64(9.81))","(np.float64(-110.9694252544277), np.float64(0.006215283008156381), 0)","(np.float64(-4247.354751613362), np.float64(0.23788995713719488), 0)",613.125,-90.72058964554326,0.005081166618833066,0.0,613.125,-90.72058964554326,0.005081166618833066,0.0,613.125,-90.72058964554326,0.005081166618833066,0.0,613.125,-90.72058964554326,0.005081166618833066,0.0,0.0,0.0,0.0
7650,"(np.float64(-1.4515294343286922), np.float64(8.129866590132905e-05), np.float64(9.81))","(np.float64(-111.04200172614414), np.float64(0.006219347941451447), 0)","(np.float64(-4252.9086661114625), np.float64(0.23820102615759983), 0)",613.125,-90.72058964554326,0.005081166618833066,0.0,613.125,-90.72058964554326,0.005081166618833066,0.0,613.125,-90.72058964554326,0.005081166618833066,0.0,613.125,-90.72058964554326,0.005081166618833066,0.0,0.0,0.0,0.0
7655,"(np.float64(-1.4515294343286922), np.float64(8.129866590132905e-05), np.float64(9.81))","(np.float64(-111.11457819786057), np.float64(0.006223412874746513), 0)","(np.float64(-4258.466209433149), np.float64(0.23851229842466953), 0)",613.125,-90.72058964554326,0.005081166618833066,0.0,613.125,-90.72058964554326,0.005081166618833066,0.0,613.125,-90.72058964554326,0.005081166618833066,0.0,613.125,-90.72058964554326,0.005081166618833066,0.0,0.0,0.0,0.0
7660,"(np.float64(-1.4515294343286922), np.float64(8.129866590132905e-05), np.float64(9.81))","(np.float64(-111.187154669577), np.float64(0.006227477808041579), 0)","(np.float64(-4264.02738157842), np.float64(0.238823773938404), 0)",613.125,-90.72058964554326,0.005081166618833066,0.0,613.125,-90.72058964554326,0.005081166618833066,0.0,613.125,-90.72058964554326,0.005081166618833066,0.0,613.125,-90.72058964554326,0.005081166618833066,0.0,0.0,0.0,0.0
7665,"(np.float64(-1.4515294343286922), np.float64(8.129866590132905e-05), np.float64(9.81))","(np.float64(-111.25973114129343), np.float64(0.006231542741336645), 0)","(np.float64(-4269.592182547278), np.float64(0.23913545269880324), 0)",613.125,-90.72058964554326,0.005081166618833066,0.0,613.125,-90.72058964554326,0.005081166618833066,0.0,613.125,-90.72058964554326,0.005081166618833066,0.0,613.125,-90.72058964554326,0.005081166618833066,0.0,0.0,0.0,0.0
7670,"(np.float64(-1.4515294343286922), np.float64(8.129866590132905e-05), np.float64(9.81))","(np.float64(-111.33230761300986), np.float64(0.006235607674631711), 0)","(np.float64(-4275.160612339721), np.float64(0.2394473347058672), 0)",613.125,-90.72058964554326,0.005081166618833066,0.0,613.125,-90.72058964554326,0.005081166618833066,0.0,613.125,-90.72058964554326,0.005081166618833066,0.0,613.125,-90.72058964554326,0.005081166618833066,0.0,0.0,0.0,0.0
7675,"(np.float64(-1.4515294343286922), np.float64(8.129866590132905e-05), np.float64(9.81))","(np.float64(-111.40488408472629), np.float64(0.006239672607926777), 0)","(np.float64(-4280.732670955751), np.float64(0.23975941995959593), 0)",613.125,-90.72058964554326,0.005081166618833066,0.0,613.125,-90.72058964554326,0.005081166618833066,0.0,613.125,-90.72058964554326,0.005081166618833066,0.0,613.125,-90.72058964554326,0.005081166618833066,0.0,0.0,0.0,0.0
7680,"(np.float64(-1.4515294343286922), np.float64(8.129866590132905e-05), np.float64(9.81))","(np.float64(-111.47746055644272), np.float64(0.0062437375412218435), 0)","(np.float64(-4286.308358395366), np.float64(0.2400717084599894), 0)",613.125,-90.72058964554326,0.005081166618833066,0.0,613.125,-90.72058964554326,0.005081166618833066,0.0,613.125,-90.72058964554326,0.005081166618833066,0.0,613.125,-90.72058964554326,0.005081166618833066,0.0,0.0,0.0,0.0
7685,"(np.float64(-1.4515294343286922), np.float64(8.129866590132905e-05), np.float64(9.81))","(np.float64(-111.55003702815915), np.float64(0.0062478024745169095), 0)","(np.float64(-4291.8876746585665), np.float64(0.24038420020704765), 0)",613.125,-90.72058964554326,0.005081166618833066,0.0,613.125,-90.72058964554326,0.005081166618833066,0.0,613.125,-90.72058964554326,0.005081166618833066,0.0,613.125,-90.72058964554326,0.005081166618833066,0.0,0.0,0.0,0.0
7690,"(np.float64(-1.4515294343286922), np.float64(8.129866590132905e-05), np.float64(9.81))","(np.float64(-111.62261349987558), np.float64(0.0062518674078119755), 0)","(np.float64(-4297.470619745353), np.float64(0.24069689520077064), 0)",613.125,-90.72058964554326,0.005081166618833066,0.0,613.125,-90.72058964554326,0.005081166618833066,0.0,613.125,-90.72058964554326,0.005081166618833066,0.0,613.125,-90.72058964554326,0.005081166618833066,0.0,0.0,0.0,0.0
7695,"(np.float64(-1.4515294343286922), np.float64(8.129866590132905e-05), np.float64(9.81))","(np.float64(-111.69518997159201), np.float64(0.0062559323411070416), 0)","(np.float64(-4303.057193655726), np.float64(0.2410097934411584), 0)",613.125,-90.72058964554326,0.005081166618833066,0.0,613.125,-90.72058964554326,0.005081166618833066,0.0,613.125,-90.72058964554326,0.005081166618833066,0.0,613.125,-90.72058964554326,0.005081166618833066,0.0,0.0,0.0,0.0
7700,"(np.float64(-1.4515294343286922), np.float64(8.129866590132905e-05), np.float64(9.81))","(np.float64(-111.76776644330845), np.float64(0.006259997274402108), 0)","(np.float64(-4308.647396389684), np.float64(0.24132289492821088), 0)",613.125,-90.72058964554326,0.005081166618833066,0.0,613.125,-90.72058964554326,0.005081166618833066,0.0,613.125,-90.72058964554326,0.005081166618833066,0.0,613.125,-90.72058964554326,0.005081166618833066,0.0,0.0,0.0,0.0
7705,"(np.float64(-1.4515294343286922), np.float64(8.129866590132905e-05), np.float64(9.81))","(np.float64(-111.84034291502488), np.float64(0.006264062207697174), 0)","(np.float64(-4314.241227947228), np.float64(0.24163619966192812), 0)",613.125,-90.72058964554326,0.005081166618833066,0.0,613.125,-90.72058964554326,0.005081166618833066,0.0,613.125,-90.72058964554326,0.005081166618833066,0.0,613.125,-90.72058964554326,0.005081166618833066,0.0,0.0,0.0,0.0
7710,"(np.float64(-1.4515294343286922), np.float64(8.129866590132905e-05), np.float64(9.81))","(np.float64(-111.91291938674131), np.float64(0.00626812714099224), 0)","(np.float64(-4319.838688328358), np.float64(0.2419497076423101), 0)",613.125,-90.72058964554326,0.005081166618833066,0.0,613.125,-90.72058964554326,0.005081166618833066,0.0,613.125,-90.72058964554326,0.005081166618833066,0.0,613.125,-90.72058964554326,0.005081166618833066,0.0,0.0,0.0,0.0
7715,"(np.float64(-1.4515294343286922), np.float64(8.129866590132905e-05), np.float64(9.81))","(np.float64(-111.98549585845774), np.float64(0.006272192074287306), 0)","(np.float64(-4325.439777533074), np.float64(0.24226341886935687), 0)",613.125,-90.72058964554326,0.005081166618833066,0.0,613.125,-90.72058964554326,0.005081166618833066,0.0,613.125,-90.72058964554326,0.005081166618833066,0.0,613.125,-90.72058964554326,0.005081166618833066,0.0,0.0,0.0,0.0
7720,"(np.float64(-1.4515294343286922), np.float64(8.129866590132905e-05), np.float64(9.81))","(np.float64(-112.05807233017417), np.float64(0.006276257007582372), 0)","(np.float64(-4331.044495561377), np.float64(0.24257733334306839), 0)",613.125,-90.72058964554326,0.005081166618833066,0.0,613.125,-90.72058964554326,0.005081166618833066,0.0,613.125,-90.72058964554326,0.005081166618833066,0.0,613.125,-90.72058964554326,0.005081166618833066,0.0,0.0,0.0,0.0
7725,"(np.float64(-1.4515294343286922), np.float64(8.129866590132905e-05), np.float64(9.81))","(np.float64(-112.1306488018906), np.float64(0.006280321940877438), 0)","(np.float64(-4336.652842413264), np.float64(0.24289145106344465), 0)",613.125,-90.72058964554326,0.005081166618833066,0.0,613.125,-90.72058964554326,0.005081166618833066,0.0,613.125,-90.72058964554326,0.005081166618833066,0.0,613.125,-90.72058964554326,0.005081166618833066,0.0,0.0,0.0,0.0
7730,"(np.float64(-1.4515294343286922), np.float64(8.129866590132905e-05), np.float64(9.81))","(np.float64(-112.20322527360703), np.float64(0.006284386874172504), 0)","(np.float64(-4342.264818088737), np.float64(0.24320577203048566), 0)",613.125,-90.72058964554326,0.005081166618833066,0.0,613.125,-90.72058964554326,0.005081166618833066,0.0,613.125,-90.72058964554326,0.005081166618833066,0.0,613.125,-90.72058964554326,0.005081166618833066,0.0,0.0,0.0,0.0
7735,"(np.float64(-1.4515294343286922), np.float64(8.129866590132905e-05), np.float64(9.81))","(np.float64(-112.27580174532346), np.float64(0.00628845180746757), 0)","(np.float64(-4347.880422587797), np.float64(0.24352029624419141), 0)",613.125,-90.72058964554326,0.005081166618833066,0.0,613.125,-90.72058964554326,0.005081166618833066,0.0,613.125,-90.72058964554326,0.005081166618833066,0.0,613.125,-90.72058964554326,0.005081166618833066,0.0,0.0,0.0,0.0
7740,"(np.float64(-1.4515294343286922), np.float64(8.129866590132905e-05), np.float64(9.81))","(np.float64(-112.3483782170399), np.float64(0.006292516740762636), 0)","(np.float64(-4353.499655910442), np.float64(0.24383502370456192), 0)",613.125,-90.72058964554326,0.005081166618833066,0.0,613.125,-90.72058964554326,0.005081166618833066,0.0,613.125,-90.72058964554326,0.005081166618833066,0.0,613.125,-90.72058964554326,0.005081166618833066,0.0,0.0,0.0,0.0
7745,"(np.float64(-1.4515294343286922), np.float64(8.129866590132905e-05), np.float64(9.81))","(np.float64(-112.42095468875632), np.float64(0.006296581674057702), 0)","(np.float64(-4359.122518056673), np.float64(0.2441499544115972), 0)",613.125,-90.72058964554326,0.005081166618833066,0.0,613.125,-90.72058964554326,0.005081166618833066,0.0,613.125,-90.72058964554326,0.005081166618833066,0.0,613.125,-90.72058964554326,0.005081166618833066,0.0,0.0,0.0,0.0
7750,"(np.float64(-1.4515294343286922), np.float64(8.129866590132905e-05), np.float64(9.81))","(np.float64(-112.49353116047276), np.float64(0.006300646607352768), 0)","(np.float64(-4364.749009026489), np.float64(0.24446508836529723), 0)",613.125,-90.72058964554326,0.005081166618833066,0.0,613.125,-90.72058964554326,0.005081166618833066,0.0,613.125,-90.72058964554326,0.005081166618833066,0.0,613.125,-90.72058964554326,0.005081166618833066,0.0,0.0,0.0,0.0
7755,"(np.float64(-1.4515294343286922), np.float64(8.129866590132905e-05), np.float64(9.81))","(np.float64(-112.56610763218919), np.float64(0.006304711540647834), 0)","(np.float64(-4370.379128819892), np.float64(0.244780425565662), 0)",613.125,-90.72058964554326,0.005081166618833066,0.0,613.125,-90.72058964554326,0.005081166618833066,0.0,613.125,-90.72058964554326,0.005081166618833066,0.0,613.125,-90.72058964554326,0.005081166618833066,0.0,0.0,0.0,0.0
7760,"(np.float64(-1.4515294343286922), np.float64(8.129866590132905e-05), np.float64(9.81))","(np.float64(-112.63868410390562), np.float64(0.0063087764739429), 0)","(np.float64(-4376.01287743688), np.float64(0.24509596601269154), 0)",613.125,-90.72058964554326,0.005081166618833066,0.0,613.125,-90.72058964554326,0.005081166618833066,0.0,613.125,-90.72058964554326,0.005081166618833066,0.0,613.125,-90.72058964554326,0.005081166618833066,0.0,0.0,0.0,0.0
7765,"(np.float64(-1.4515294343286922), np.float64(8.129866590132905e-05), np.float64(9.81))","(np.float64(-112.71126057562205), np.float64(0.006312841407237966), 0)","(np.float64(-4381.650254877454), np.float64(0.24541170970638582), 0)",613.125,-90.72058964554326,0.005081166618833066,0.0,613.125,-90.72058964554326,0.005081166618833066,0.0,613.125,-90.72058964554326,0.005081166618833066,0.0,613.125,-90.72058964554326,0.005081166618833066,0.0,0.0,0.0,0.0
7770,"(np.float64(-1.4515294343286922), np.float64(8.129866590132905e-05), np.float64(9.81))","(np.float64(-112.78383704733848), np.float64(0.006316906340533032), 0)","(np.float64(-4387.291261141614), np.float64(0.24572765664674487), 0)",613.125,-90.72058964554326,0.005081166618833066,0.0,613.125,-90.72058964554326,0.005081166618833066,0.0,613.125,-90.72058964554326,0.005081166618833066,0.0,613.125,-90.72058964554326,0.005081166618833066,0.0,0.0,0.0,0.0
7775,"(np.float64(-1.4515294343286922), np.float64(8.129866590132905e-05), np.float64(9.81))","(np.float64(-112.85641351905491), np.float64(0.006320971273828098), 0)","(np.float64(-4392.93589622936), np.float64(0.24604380683376867), 0)",613.125,-90.72058964554326,0.005081166618833066,0.0,613.125,-90.72058964554326,0.005081166618833066,0.0,613.125,-90.72058964554326,0.005081166618833066,0.0,613.125,-90.72058964554326,0.005081166618833066,0.0,0.0,0.0,0.0
7780,"(np.float64(-1.4515294343286922), np.float64(8.129866590132905e-05), np.float64(9.81))","(np.float64(-112.92898999077134), np.float64(0.006325036207123164), 0)","(np.float64(-4398.584160140692), np.float64(0.24636016026745722), 0)",613.125,-90.72058964554326,0.005081166618833066,0.0,613.125,-90.72058964554326,0.005081166618833066,0.0,613.125,-90.72058964554326,0.005081166618833066,0.0,613.125,-90.72058964554326,0.005081166618833066,0.0,0.0,0.0,0.0
7785,"(np.float64(-1.4515294343286922), np.float64(8.129866590132905e-05), np.float64(9.81))","(np.float64(-113.00156646248777), np.float64(0.00632910114041823), 0)","(np.float64(-4404.236052875609), np.float64(0.24667671694781051), 0)",613.125,-90.72058964554326,0.005081166618833066,0.0,613.125,-90.72058964554326,0.005081166618833066,0.0,613.125,-90.72058964554326,0.005081166618833066,0.0,613.125,-90.72058964554326,0.005081166618833066,0.0,0.0,0.0,0.0
7790,"(np.float64(-1.4515294343286922), np.float64(8.129866590132905e-05), np.float64(9.81))","(np.float64(-113.0741429342042), np.float64(0.006333166073713296), 0)","(np.float64(-4409.891574434112), np.float64(0.24699347687482856), 0)",613.125,-90.72058964554326,0.005081166618833066,0.0,613.125,-90.72058964554326,0.005081166618833066,0.0,613.125,-90.72058964554326,0.005081166618833066,0.0,613.125,-90.72058964554326,0.005081166618833066,0.0,0.0,0.0,0.0
7795,"(np.float64(-1.4515294343286922), np.float64(8.129866590132905e-05), np.float64(9.81))","(np.float64(-113.14671940592063), np.float64(0.006337231007008362), 0)","(np.float64(-4415.550724816201), np.float64(0.24731044004851135), 0)",613.125,-90.72058964554326,0.005081166618833066,0.0,613.125,-90.72058964554326,0.005081166618833066,0.0,613.125,-90.72058964554326,0.005081166618833066,0.0,613.125,-90.72058964554326,0.005081166618833066,0.0,0.0,0.0,0.0
7800,"(np.float64(-1.4515294343286922), np.float64(8.129866590132905e-05), np.float64(9.81))","(np.float64(-113.21929587763707), np.float64(0.006341295940303428), 0)","(np.float64(-4421.213504021876), np.float64(0.24762760646885892), 0)",613.125,-90.72058964554326,0.005081166618833066,0.0,613.125,-90.72058964554326,0.005081166618833066,0.0,613.125,-90.72058964554326,0.005081166618833066,0.0,613.125,-90.72058964554326,0.005081166618833066,0.0,0.0,0.0,0.0
7805,"(np.float64(-1.4515294343286922), np.float64(8.129866590132905e-05), np.float64(9.81))","(np.float64(-113.2918723493535), np.float64(0.006345360873598494), 0)","(np.float64(-4426.879912051137), np.float64(0.24794497613587124), 0)",613.125,-90.72058964554326,0.005081166618833066,0.0,613.125,-90.72058964554326,0.005081166618833066,0.0,613.125,-90.72058964554326,0.005081166618833066,0.0,613.125,-90.72058964554326,0.005081166618833066,0.0,0.0,0.0,0.0
7810,"(np.float64(-1.4515294343286922), np.float64(8.129866590132905e-05), np.float64(9.81))","(np.float64(-113.36444882106993), np.float64(0.00634942580689356), 0)","(np.float64(-4432.549948903983), np.float64(0.2482625490495483), 0)",613.125,-90.72058964554326,0.005081166618833066,0.0,613.125,-90.72058964554326,0.005081166618833066,0.0,613.125,-90.72058964554326,0.005081166618833066,0.0,613.125,-90.72058964554326,0.005081166618833066,0.0,0.0,0.0,0.0
7815,"(np.float64(-1.4515294343286922), np.float64(8.129866590132905e-05), np.float64(9.81))","(np.float64(-113.43702529278636), np.float64(0.006353490740188626), 0)","(np.float64(-4438.223614580415), np.float64(0.24858032520989012), 0)",613.125,-90.72058964554326,0.005081166618833066,0.0,613.125,-90.72058964554326,0.005081166618833066,0.0,613.125,-90.72058964554326,0.005081166618833066,0.0,613.125,-90.72058964554326,0.005081166618833066,0.0,0.0,0.0,0.0
7820,"(np.float64(-1.4515294343286922), np.float64(8.129866590132905e-05), np.float64(9.81))","(np.float64(-113.50960176450279), np.float64(0.006357555673483692), 0)","(np.float64(-4443.900909080434), np.float64(0.2488983046168967), 0)",613.125,-90.72058964554326,0.005081166618833066,0.0,613.125,-90.72058964554326,0.005081166618833066,0.0,613.125,-90.72058964554326,0.005081166618833066,0.0,613.125,-90.72058964554326,0.005081166618833066,0.0,0.0,0.0,0.0
7825,"(np.float64(-1.4515294343286922), np.float64(8.129866590132905e-05), np.float64(9.81))","(np.float64(-113.58217823621922), np.float64(0.0063616206067787584), 0)","(np.float64(-4449.581832404037), np.float64(0.24921648727056803), 0)",613.125,-90.72058964554326,0.005081166618833066,0.0,613.125,-90.72058964554326,0.005081166618833066,0.0,613.125,-90.72058964554326,0.005081166618833066,0.0,613.125,-90.72058964554326,0.005081166618833066,0.0,0.0,0.0,0.0
7830,"(np.float64(-1.4515294343286922), np.float64(8.129866590132905e-05), np.float64(9.81))","(np.float64(-113.65475470793565), np.float64(0.0063656855400738245), 0)","(np.float64(-4455.266384551227), np.float64(0.24953487317090411), 0)",613.125,-90.72058964554326,0.005081166618833066,0.0,613.125,-90.72058964554326,0.005081166618833066,0.0,613.125,-90.72058964554326,0.005081166618833066,0.0,613.125,-90.72058964554326,0.005081166618833066,0.0,0.0,0.0,0.0
7835,"(np.float64(-1.4515294343286922), np.float64(8.129866590132905e-05), np.float64(9.81))","(np.float64(-113.72733117965208), np.float64(0.0063697504733688905), 0)","(np.float64(-4460.954565522003), np.float64(0.24985346231790495), 0)",613.125,-90.72058964554326,0.005081166618833066,0.0,613.125,-90.72058964554326,0.005081166618833066,0.0,613.125,-90.72058964554326,0.005081166618833066,0.0,613.125,-90.72058964554326,0.005081166618833066,0.0,0.0,0.0,0.0
7840,"(np.float64(-1.4515294343286922), np.float64(8.129866590132905e-05), np.float64(9.81))","(np.float64(-113.79990765136851), np.float64(0.0063738154066639565), 0)","(np.float64(-4466.646375316364), np.float64(0.2501722547115705), 0)",613.125,-90.72058964554326,0.005081166618833066,0.0,613.125,-90.72058964554326,0.005081166618833066,0.0,613.125,-90.72058964554326,0.005081166618833066,0.0,613.125,-90.72058964554326,0.005081166618833066,0.0,0.0,0.0,0.0
7845,"(np.float64(-1.4515294343286922), np.float64(8.129866590132905e-05), np.float64(9.81))","(np.float64(-113.87248412308494), np.float64(0.006377880339959023), 0)","(np.float64(-4472.341813934311), np.float64(0.25049125035190084), 0)",613.125,-90.72058964554326,0.005081166618833066,0.0,613.125,-90.72058964554326,0.005081166618833066,0.0,613.125,-90.72058964554326,0.005081166618833066,0.0,613.125,-90.72058964554326,0.005081166618833066,0.0,0.0,0.0,0.0
7850,"(np.float64(-1.4515294343286922), np.float64(8.129866590132905e-05), np.float64(9.81))","(np.float64(-113.94506059480138), np.float64(0.006381945273254089), 0)","(np.float64(-4478.040881375844), np.float64(0.2508104492388959), 0)",613.125,-90.72058964554326,0.005081166618833066,0.0,613.125,-90.72058964554326,0.005081166618833066,0.0,613.125,-90.72058964554326,0.005081166618833066,0.0,613.125,-90.72058964554326,0.005081166618833066,0.0,0.0,0.0,0.0
7855,"(np.float64(-1.4515294343286922), np.float64(8.129866590132905e-05), np.float64(9.81))","(np.float64(-114.0176370665178), np.float64(0.006386010206549155), 0)","(np.float64(-4483.743577640963), np.float64(0.2511298513725557), 0)",613.125,-90.72058964554326,0.005081166618833066,0.0,613.125,-90.72058964554326,0.005081166618833066,0.0,613.125,-90.72058964554326,0.005081166618833066,0.0,613.125,-90.72058964554326,0.005081166618833066,0.0,0.0,0.0,0.0
7860,"(np.float64(-1.4515294343286922), np.float64(8.129866590132905e-05), np.float64(9.81))","(np.float64(-114.09021353823424), np.float64(0.006390075139844221), 0)","(np.float64(-4489.449902729668), np.float64(0.2514494567528803), 0)",613.125,-90.72058964554326,0.005081166618833066,0.0,613.125,-90.72058964554326,0.005081166618833066,0.0,613.125,-90.72058964554326,0.005081166618833066,0.0,613.125,-90.72058964554326,0.005081166618833066,0.0,0.0,0.0,0.0
7865,"(np.float64(-1.4515294343286922), np.float64(8.129866590132905e-05), np.float64(9.81))","(np.float64(-114.16279000995067), np.float64(0.006394140073139287), 0)","(np.float64(-4495.159856641959), np.float64(0.2517692653798696), 0)",613.125,-90.72058964554326,0.005081166618833066,0.0,613.125,-90.72058964554326,0.005081166618833066,0.0,613.125,-90.72058964554326,0.005081166618833066,0.0,613.125,-90.72058964554326,0.005081166618833066,0.0,0.0,0.0,0.0
7870,"(np.float64(-1.4515294343286922), np.float64(8.129866590132905e-05), np.float64(9.81))","(np.float64(-114.2353664816671), np.float64(0.006398205006434353), 0)","(np.float64(-4500.873439377835), np.float64(0.2520892772535237), 0)",613.125,-90.72058964554326,0.005081166618833066,0.0,613.125,-90.72058964554326,0.005081166618833066,0.0,613.125,-90.72058964554326,0.005081166618833066,0.0,613.125,-90.72058964554326,0.005081166618833066,0.0,0.0,0.0,0.0
7875,"(np.float64(-1.4515294343286922), np.float64(8.129866590132905e-05), np.float64(9.81))","(np.float64(-114.30794295338353), np.float64(0.006402269939729419), 0)","(np.float64(-4506.590650937297), np.float64(0.2524094923738425), 0)",613.125,-90.72058964554326,0.005081166618833066,0.0,613.125,-90.72058964554326,0.005081166618833066,0.0,613.125,-90.72058964554326,0.005081166618833066,0.0,613.125,-90.72058964554326,0.005081166618833066,0.0,0.0,0.0,0.0
7880,"(np.float64(-1.4515294343286922), np.float64(8.129866590132905e-05), np.float64(9.81))","(np.float64(-114.38051942509996), np.float64(0.006406334873024485), 0)","(np.float64(-4512.311491320345), np.float64(0.2527299107408261), 0)",613.125,-90.72058964554326,0.005081166618833066,0.0,613.125,-90.72058964554326,0.005081166618833066,0.0,613.125,-90.72058964554326,0.005081166618833066,0.0,613.125,-90.72058964554326,0.005081166618833066,0.0,0.0,0.0,0.0
7885,"(np.float64(-1.4515294343286922), np.float64(8.129866590132905e-05), np.float64(9.81))","(np.float64(-114.4530958968164), np.float64(0.006410399806319551), 0)","(np.float64(-4518.03596052698), np.float64(0.25305053235447444), 0)",613.125,-90.72058964554326,0.005081166618833066,0.0,613.125,-90.72058964554326,0.005081166618833066,0.0,613.125,-90.72058964554326,0.005081166618833066,0.0,613.125,-90.72058964554326,0.005081166618833066,0.0,0.0,0.0,0.0
7890,"(np.float64(-1.4515294343286922), np.float64(8.129866590132905e-05), np.float64(9.81))","(np.float64(-114.52567236853282), np.float64(0.006414464739614617), 0)","(np.float64(-4523.764058557199), np.float64(0.25337135721478754), 0)",613.125,-90.72058964554326,0.005081166618833066,0.0,613.125,-90.72058964554326,0.005081166618833066,0.0,613.125,-90.72058964554326,0.005081166618833066,0.0,613.125,-90.72058964554326,0.005081166618833066,0.0,0.0,0.0,0.0
7895,"(np.float64(-1.4515294343286922), np.float64(8.129866590132905e-05), np.float64(9.81))","(np.float64(-114.59824884024925), np.float64(0.006418529672909683), 0)","(np.float64(-4529.495785411004), np.float64(0.2536923853217654), 0)",613.125,-90.72058964554326,0.005081166618833066,0.0,613.125,-90.72058964554326,0.005081166618833066,0.0,613.125,-90.72058964554326,0.005081166618833066,0.0,613.125,-90.72058964554326,0.005081166618833066,0.0,0.0,0.0,0.0
7900,"(np.float64(-1.4515294343286922), np.float64(8.129866590132905e-05), np.float64(9.81))","(np.float64(-114.67082531196569), np.float64(0.006422594606204749), 0)","(np.float64(-4535.231141088396), np.float64(0.254013616675408), 0)",613.125,-90.72058964554326,0.005081166618833066,0.0,613.125,-90.72058964554326,0.005081166618833066,0.0,613.125,-90.72058964554326,0.005081166618833066,0.0,613.125,-90.72058964554326,0.005081166618833066,0.0,0.0,0.0,0.0
7905,"(np.float64(-1.4515294343286922), np.float64(8.129866590132905e-05), np.float64(9.81))","(np.float64(-114.74340178368212), np.float64(0.006426659539499815), 0)","(np.float64(-4540.970125589373), np.float64(0.2543350512757154), 0)",613.125,-90.72058964554326,0.005081166618833066,0.0,613.125,-90.72058964554326,0.005081166618833066,0.0,613.125,-90.72058964554326,0.005081166618833066,0.0,613.125,-90.72058964554326,0.005081166618833066,0.0,0.0,0.0,0.0
7910,"(np.float64(-1.4515294343286922), np.float64(8.129866590132905e-05), np.float64(9.81))","(np.float64(-114.81597825539855), np.float64(0.006430724472794881), 0)","(np.float64(-4546.712738913936), np.float64(0.25465668912268746), 0)",613.125,-90.72058964554326,0.005081166618833066,0.0,613.125,-90.72058964554326,0.005081166618833066,0.0,613.125,-90.72058964554326,0.005081166618833066,0.0,613.125,-90.72058964554326,0.005081166618833066,0.0,0.0,0.0,0.0
7915,"(np.float64(-1.4515294343286922), np.float64(8.129866590132905e-05), np.float64(9.81))","(np.float64(-114.88855472711498), np.float64(0.006434789406089947), 0)","(np.float64(-4552.458981062085), np.float64(0.25497853021632433), 0)",613.125,-90.72058964554326,0.005081166618833066,0.0,613.125,-90.72058964554326,0.005081166618833066,0.0,613.125,-90.72058964554326,0.005081166618833066,0.0,613.125,-90.72058964554326,0.005081166618833066,0.0,0.0,0.0,0.0
7920,"(np.float64(-1.4515294343286922), np.float64(8.129866590132905e-05), np.float64(9.81))","(np.float64(-114.96113119883141), np.float64(0.006438854339385013), 0)","(np.float64(-4558.208852033819), np.float64(0.2553005745566259), 0)",613.125,-90.72058964554326,0.005081166618833066,0.0,613.125,-90.72058964554326,0.005081166618833066,0.0,613.125,-90.72058964554326,0.005081166618833066,0.0,613.125,-90.72058964554326,0.005081166618833066,0.0,0.0,0.0,0.0
7925,"(np.float64(-1.4515294343286922), np.float64(8.129866590132905e-05), np.float64(9.81))","(np.float64(-115.03370767054784), np.float64(0.006442919272680079), 0)","(np.float64(-4563.96235182914), np.float64(0.2556228221435923), 0)",613.125,-90.72058964554326,0.005081166618833066,0.0,613.125,-90.72058964554326,0.005081166618833066,0.0,613.125,-90.72058964554326,0.005081166618833066,0.0,613.125,-90.72058964554326,0.005081166618833066,0.0,0.0,0.0,0.0
7930,"(np.float64(-1.4515294343286922), np.float64(8.129866590132905e-05), np.float64(9.81))","(np.float64(-115.10628414226427), np.float64(0.006446984205975145), 0)","(np.float64(-4569.719480448046), np.float64(0.2559452729772234), 0)",613.125,-90.72058964554326,0.005081166618833066,0.0,613.125,-90.72058964554326,0.005081166618833066,0.0,613.125,-90.72058964554326,0.005081166618833066,0.0,613.125,-90.72058964554326,0.005081166618833066,0.0,0.0,0.0,0.0
7935,"(np.float64(-1.4515294343286922), np.float64(8.129866590132905e-05), np.float64(9.81))","(np.float64(-115.1788606139807), np.float64(0.006451049139270211), 0)","(np.float64(-4575.480237890538), np.float64(0.2562679270575193), 0)",613.125,-90.72058964554326,0.005081166618833066,0.0,613.125,-90.72058964554326,0.005081166618833066,0.0,613.125,-90.72058964554326,0.005081166618833066,0.0,613.125,-90.72058964554326,0.005081166618833066,0.0,0.0,0.0,0.0
7940,"(np.float64(-1.4515294343286922), np.float64(8.129866590132905e-05), np.float64(9.81))","(np.float64(-115.25143708569713), np.float64(0.006455114072565277), 0)","(np.float64(-4581.244624156616), np.float64(0.2565907843844799), 0)",613.125,-90.72058964554326,0.005081166618833066,0.0,613.125,-90.72058964554326,0.005081166618833066,0.0,613.125,-90.72058964554326,0.005081166618833066,0.0,613.125,-90.72058964554326,0.005081166618833066,0.0,0.0,0.0,0.0
7945,"(np.float64(-1.4515294343286922), np.float64(8.129866590132905e-05), np.float64(9.81))","(np.float64(-115.32401355741356), np.float64(0.006459179005860343), 0)","(np.float64(-4587.01263924628), np.float64(0.25691384495810526), 0)",613.125,-90.72058964554326,0.005081166618833066,0.0,613.125,-90.72058964554326,0.005081166618833066,0.0,613.125,-90.72058964554326,0.005081166618833066,0.0,613.125,-90.72058964554326,0.005081166618833066,0.0,0.0,0.0,0.0
7950,"(np.float64(-1.4515294343286922), np.float64(8.129866590132905e-05), np.float64(9.81))","(np.float64(-115.39659002913), np.float64(0.006463243939155409), 0)","(np.float64(-4592.784283159529), np.float64(0.2572371087783954), 0)",613.125,-90.72058964554326,0.005081166618833066,0.0,613.125,-90.72058964554326,0.005081166618833066,0.0,613.125,-90.72058964554326,0.005081166618833066,0.0,613.125,-90.72058964554326,0.005081166618833066,0.0,0.0,0.0,0.0
7955,"(np.float64(-1.4515294343286922), np.float64(8.129866590132905e-05), np.float64(9.81))","(np.float64(-115.46916650084643), np.float64(0.006467308872450475), 0)","(np.float64(-4598.559555896364), np.float64(0.2575605758453503), 0)",613.125,-90.72058964554326,0.005081166618833066,0.0,613.125,-90.72058964554326,0.005081166618833066,0.0,613.125,-90.72058964554326,0.005081166618833066,0.0,613.125,-90.72058964554326,0.005081166618833066,0.0,0.0,0.0,0.0
7960,"(np.float64(-1.4515294343286922), np.float64(8.129866590132905e-05), np.float64(9.81))","(np.float64(-115.54174297256286), np.float64(0.006471373805745541), 0)","(np.float64(-4604.338457456785), np.float64(0.25788424615896993), 0)",613.125,-90.72058964554326,0.005081166618833066,0.0,613.125,-90.72058964554326,0.005081166618833066,0.0,613.125,-90.72058964554326,0.005081166618833066,0.0,613.125,-90.72058964554326,0.005081166618833066,0.0,0.0,0.0,0.0
7965,"(np.float64(-1.4515294343286922), np.float64(8.129866590132905e-05), np.float64(9.81))","(np.float64(-115.61431944427929), np.float64(0.006475438739040607), 0)","(np.float64(-4610.120987840793), np.float64(0.25820811971925434), 0)",613.125,-90.72058964554326,0.005081166618833066,0.0,613.125,-90.72058964554326,0.005081166618833066,0.0,613.125,-90.72058964554326,0.005081166618833066,0.0,613.125,-90.72058964554326,0.005081166618833066,0.0,0.0,0.0,0.0
7970,"(np.float64(-1.4515294343286922), np.float64(8.129866590132905e-05), np.float64(9.81))","(np.float64(-115.68689591599572), np.float64(0.006479503672335673), 0)","(np.float64(-4615.907147048385), np.float64(0.25853219652620346), 0)",613.125,-90.72058964554326,0.005081166618833066,0.0,613.125,-90.72058964554326,0.005081166618833066,0.0,613.125,-90.72058964554326,0.005081166618833066,0.0,613.125,-90.72058964554326,0.005081166618833066,0.0,0.0,0.0,0.0
7975,"(np.float64(-1.4515294343286922), np.float64(8.129866590132905e-05), np.float64(9.81))","(np.float64(-115.75947238771215), np.float64(0.0064835686056307395), 0)","(np.float64(-4621.696935079563), np.float64(0.25885647657981736), 0)",613.125,-90.72058964554326,0.005081166618833066,0.0,613.125,-90.72058964554326,0.005081166618833066,0.0,613.125,-90.72058964554326,0.005081166618833066,0.0,613.125,-90.72058964554326,0.005081166618833066,0.0,0.0,0.0,0.0
7980,"(np.float64(-1.4515294343286922), np.float64(8.129866590132905e-05), np.float64(9.81))","(np.float64(-115.83204885942858), np.float64(0.0064876335389258055), 0)","(np.float64(-4627.490351934328), np.float64(0.25918095988009604), 0)",613.125,-90.72058964554326,0.005081166618833066,0.0,613.125,-90.72058964554326,0.005081166618833066,0.0,613.125,-90.72058964554326,0.005081166618833066,0.0,613.125,-90.72058964554326,0.005081166618833066,0.0,0.0,0.0,0.0
7985,"(np.float64(-1.4515294343286922), np.float64(8.129866590132905e-05), np.float64(9.81))","(np.float64(-115.90462533114501), np.float64(0.0064916984722208715), 0)","(np.float64(-4633.287397612678), np.float64(0.25950564642703944), 0)",613.125,-90.72058964554326,0.005081166618833066,0.0,613.125,-90.72058964554326,0.005081166618833066,0.0,613.125,-90.72058964554326,0.005081166618833066,0.0,613.125,-90.72058964554326,0.005081166618833066,0.0,0.0,0.0,0.0
7990,"(np.float64(-1.4515294343286922), np.float64(8.129866590132905e-05), np.float64(9.81))","(np.float64(-115.97720180286144), np.float64(0.0064957634055159376), 0)","(np.float64(-4639.088072114614), np.float64(0.2598305362206476), 0)",613.125,-90.72058964554326,0.005081166618833066,0.0,613.125,-90.72058964554326,0.005081166618833066,0.0,613.125,-90.72058964554326,0.005081166618833066,0.0,613.125,-90.72058964554326,0.005081166618833066,0.0,0.0,0.0,0.0
7995,"(np.float64(-1.4515294343286922), np.float64(8.129866590132905e-05), np.float64(9.81))","(np.float64(-116.04977827457787), np.float64(0.006499828338811004), 0)","(np.float64(-4644.892375440136), np.float64(0.2601556292609205), 0)",613.125,-90.72058964554326,0.005081166618833066,0.0,613.125,-90.72058964554326,0.005081166618833066,0.0,613.125,-90.72058964554326,0.005081166618833066,0.0,613.125,-90.72058964554326,0.005081166618833066,0.0,0.0,0.0,0.0
8000,"(np.float64(-1.4515294343286922), np.float64(8.129866590132905e-05), np.float64(9.81))","(np.float64(-116.1223547462943), np.float64(0.00650389327210607), 0)","(np.float64(-4650.7003075892435), np.float64(0.2604809255478582), 0)",613.125,-90.72058964554326,0.005081166618833066,0.0,613.125,-90.72058964554326,0.005081166618833066,0.0,613.125,-90.72058964554326,0.005081166618833066,0.0,613.125,-90.72058964554326,0.005081166618833066,0.0,0.0,0.0,0.0
8005,"(np.float64(-1.4515294343286922), np.float64(8.129866590132905e-05), np.float64(9.81))","(np.float64(-116.19493121801074), np.float64(0.006507958205401136), 0)","(np.float64(-4656.511868561937), np.float64(0.26080642508146057), 0)",613.125,-90.72058964554326,0.005081166618833066,0.0,613.125,-90.72058964554326,0.005081166618833066,0.0,613.125,-90.72058964554326,0.005081166618833066,0.0,613.125,-90.72058964554326,0.005081166618833066,0.0,0.0,0.0,0.0
8010,"(np.float64(-1.4515294343286922), np.float64(8.129866590132905e-05), np.float64(9.81))","(np.float64(-116.26750768972717), np.float64(0.006512023138696202), 0)","(np.float64(-4662.327058358217), np.float64(0.26113212786172774), 0)",613.125,-90.72058964554326,0.005081166618833066,0.0,613.125,-90.72058964554326,0.005081166618833066,0.0,613.125,-90.72058964554326,0.005081166618833066,0.0,613.125,-90.72058964554326,0.005081166618833066,0.0,0.0,0.0,0.0
8015,"(np.float64(-1.4515294343286922), np.float64(8.129866590132905e-05), np.float64(9.81))","(np.float64(-116.3400841614436), np.float64(0.006516088071991268), 0)","(np.float64(-4668.145876978082), np.float64(0.2614580338886597), 0)",613.125,-90.72058964554326,0.005081166618833066,0.0,613.125,-90.72058964554326,0.005081166618833066,0.0,613.125,-90.72058964554326,0.005081166618833066,0.0,613.125,-90.72058964554326,0.005081166618833066,0.0,0.0,0.0,0.0
8020,"(np.float64(-1.4515294343286922), np.float64(8.129866590132905e-05), np.float64(9.81))","(np.float64(-116.41266063316003), np.float64(0.006520153005286334), 0)","(np.float64(-4673.968324421533), np.float64(0.26178414316225634), 0)",613.125,-90.72058964554326,0.005081166618833066,0.0,613.125,-90.72058964554326,0.005081166618833066,0.0,613.125,-90.72058964554326,0.005081166618833066,0.0,613.125,-90.72058964554326,0.005081166618833066,0.0,0.0,0.0,0.0
8025,"(np.float64(-1.4515294343286922), np.float64(8.129866590132905e-05), np.float64(9.81))","(np.float64(-116.48523710487646), np.float64(0.0065242179385814), 0)","(np.float64(-4679.79440068857), np.float64(0.2621104556825178), 0)",613.125,-90.72058964554326,0.005081166618833066,0.0,613.125,-90.72058964554326,0.005081166618833066,0.0,613.125,-90.72058964554326,0.005081166618833066,0.0,613.125,-90.72058964554326,0.005081166618833066,0.0,0.0,0.0,0.0
8030,"(np.float64(-1.4515294343286922), np.float64(8.129866590132905e-05), np.float64(9.81))","(np.float64(-116.55781357659289), np.float64(0.006528282871876466), 0)","(np.float64(-4685.624105779193), np.float64(0.26243697144944395), 0)",613.125,-90.72058964554326,0.005081166618833066,0.0,613.125,-90.72058964554326,0.005081166618833066,0.0,613.125,-90.72058964554326,0.005081166618833066,0.0,613.125,-90.72058964554326,0.005081166618833066,0.0,0.0,0.0,0.0
8035,"(np.float64(-1.4515294343286922), np.float64(8.129866590132905e-05), np.float64(9.81))","(np.float64(-116.63039004830932), np.float64(0.006532347805171532), 0)","(np.float64(-4691.457439693401), np.float64(0.2627636904630349), 0)",613.125,-90.72058964554326,0.005081166618833066,0.0,613.125,-90.72058964554326,0.005081166618833066,0.0,613.125,-90.72058964554326,0.005081166618833066,0.0,613.125,-90.72058964554326,0.005081166618833066,0.0,0.0,0.0,0.0
8040,"(np.float64(-1.4515294343286922), np.float64(8.129866590132905e-05), np.float64(9.81))","(np.float64(-116.70296652002575), np.float64(0.006536412738466598), 0)","(np.float64(-4697.2944024311955), np.float64(0.2630906127232906), 0)",613.125,-90.72058964554326,0.005081166618833066,0.0,613.125,-90.72058964554326,0.005081166618833066,0.0,613.125,-90.72058964554326,0.005081166618833066,0.0,613.125,-90.72058964554326,0.005081166618833066,0.0,0.0,0.0,0.0
8045,"(np.float64(-1.4515294343286922), np.float64(8.129866590132905e-05), np.float64(9.81))","(np.float64(-116.77554299174218), np.float64(0.006540477671761664), 0)","(np.float64(-4703.134993992576), np.float64(0.26341773823021103), 0)",613.125,-90.72058964554326,0.005081166618833066,0.0,613.125,-90.72058964554326,0.005081166618833066,0.0,613.125,-90.72058964554326,0.005081166618833066,0.0,613.125,-90.72058964554326,0.005081166618833066,0.0,0.0,0.0,0.0
8050,"(np.float64(-1.4515294343286922), np.float64(8.129866590132905e-05), np.float64(9.81))","(np.float64(-116.84811946345862), np.float64(0.00654454260505673), 0)","(np.float64(-4708.979214377542), np.float64(0.26374506698379624), 0)",613.125,-90.72058964554326,0.005081166618833066,0.0,613.125,-90.72058964554326,0.005081166618833066,0.0,613.125,-90.72058964554326,0.005081166618833066,0.0,613.125,-90.72058964554326,0.005081166618833066,0.0,0.0,0.0,0.0
8055,"(np.float64(-1.4515294343286922), np.float64(8.129866590132905e-05), np.float64(9.81))","(np.float64(-116.92069593517505), np.float64(0.006548607538351796), 0)","(np.float64(-4714.827063586094), np.float64(0.26407259898404617), 0)",613.125,-90.72058964554326,0.005081166618833066,0.0,613.125,-90.72058964554326,0.005081166618833066,0.0,613.125,-90.72058964554326,0.005081166618833066,0.0,613.125,-90.72058964554326,0.005081166618833066,0.0,0.0,0.0,0.0
8060,"(np.float64(-1.4515294343286922), np.float64(8.129866590132905e-05), np.float64(9.81))","(np.float64(-116.99327240689148), np.float64(0.006552672471646862), 0)","(np.float64(-4720.678541618231), np.float64(0.2644003342309609), 0)",613.125,-90.72058964554326,0.005081166618833066,0.0,613.125,-90.72058964554326,0.005081166618833066,0.0,613.125,-90.72058964554326,0.005081166618833066,0.0,613.125,-90.72058964554326,0.005081166618833066,0.0,0.0,0.0,0.0
8065,"(np.float64(-1.4515294343286922), np.float64(8.129866590132905e-05), np.float64(9.81))","(np.float64(-117.06584887860791), np.float64(0.006556737404941928), 0)","(np.float64(-4726.533648473955), np.float64(0.26472827272454036), 0)",613.125,-90.72058964554326,0.005081166618833066,0.0,613.125,-90.72058964554326,0.005081166618833066,0.0,613.125,-90.72058964554326,0.005081166618833066,0.0,613.125,-90.72058964554326,0.005081166618833066,0.0,0.0,0.0,0.0
8070,"(np.float64(-1.4515294343286922), np.float64(8.129866590132905e-05), np.float64(9.81))","(np.float64(-117.13842535032434), np.float64(0.006560802338236994), 0)","(np.float64(-4732.392384153264), np.float64(0.26505641446478456), 0)",613.125,-90.72058964554326,0.005081166618833066,0.0,613.125,-90.72058964554326,0.005081166618833066,0.0,613.125,-90.72058964554326,0.005081166618833066,0.0,613.125,-90.72058964554326,0.005081166618833066,0.0,0.0,0.0,0.0
8075,"(np.float64(-1.4515294343286922), np.float64(8.129866590132905e-05), np.float64(9.81))","(np.float64(-117.21100182204077), np.float64(0.00656486727153206), 0)","(np.float64(-4738.254748656159), np.float64(0.26538475945169354), 0)",613.125,-90.72058964554326,0.005081166618833066,0.0,613.125,-90.72058964554326,0.005081166618833066,0.0,613.125,-90.72058964554326,0.005081166618833066,0.0,613.125,-90.72058964554326,0.005081166618833066,0.0,0.0,0.0,0.0
8080,"(np.float64(-1.4515294343286922), np.float64(8.129866590132905e-05), np.float64(9.81))","(np.float64(-117.2835782937572), np.float64(0.006568932204827126), 0)","(np.float64(-4744.12074198264), np.float64(0.26571330768526724), 0)",613.125,-90.72058964554326,0.005081166618833066,0.0,613.125,-90.72058964554326,0.005081166618833066,0.0,613.125,-90.72058964554326,0.005081166618833066,0.0,613.125,-90.72058964554326,0.005081166618833066,0.0,0.0,0.0,0.0
8085,"(np.float64(-1.4515294343286922), np.float64(8.129866590132905e-05), np.float64(9.81))","(np.float64(-117.35615476547363), np.float64(0.006572997138122192), 0)","(np.float64(-4749.990364132706), np.float64(0.2660420591655057), 0)",613.125,-90.72058964554326,0.005081166618833066,0.0,613.125,-90.72058964554326,0.005081166618833066,0.0,613.125,-90.72058964554326,0.005081166618833066,0.0,613.125,-90.72058964554326,0.005081166618833066,0.0,0.0,0.0,0.0
8090,"(np.float64(-1.4515294343286922), np.float64(8.129866590132905e-05), np.float64(9.81))","(np.float64(-117.42873123719006), np.float64(0.006577062071417258), 0)","(np.float64(-4755.863615106359), np.float64(0.2663710138924089), 0)",613.125,-90.72058964554326,0.005081166618833066,0.0,613.125,-90.72058964554326,0.005081166618833066,0.0,613.125,-90.72058964554326,0.005081166618833066,0.0,613.125,-90.72058964554326,0.005081166618833066,0.0,0.0,0.0,0.0
8095,"(np.float64(-1.4515294343286922), np.float64(8.129866590132905e-05), np.float64(9.81))","(np.float64(-117.5013077089065), np.float64(0.006581127004712324), 0)","(np.float64(-4761.740494903597), np.float64(0.2667001718659769), 0)",613.125,-90.72058964554326,0.005081166618833066,0.0,613.125,-90.72058964554326,0.005081166618833066,0.0,613.125,-90.72058964554326,0.005081166618833066,0.0,613.125,-90.72058964554326,0.005081166618833066,0.0,0.0,0.0,0.0
8100,"(np.float64(-1.4515294343286922), np.float64(8.129866590132905e-05), np.float64(9.81))","(np.float64(-117.57388418062293), np.float64(0.00658519193800739), 0)","(np.float64(-4767.621003524421), np.float64(0.26702953308620964), 0)",613.125,-90.72058964554326,0.005081166618833066,0.0,613.125,-90.72058964554326,0.005081166618833066,0.0,613.125,-90.72058964554326,0.005081166618833066,0.0,613.125,-90.72058964554326,0.005081166618833066,0.0,0.0,0.0,0.0
8105,"(np.float64(-1.4515294343286922), np.float64(8.129866590132905e-05), np.float64(9.81))","(np.float64(-117.64646065233936), np.float64(0.006589256871302456), 0)","(np.float64(-4773.505140968831), np.float64(0.2673590975531071), 0)",613.125,-90.72058964554326,0.005081166618833066,0.0,613.125,-90.72058964554326,0.005081166618833066,0.0,613.125,-90.72058964554326,0.005081166618833066,0.0,613.125,-90.72058964554326,0.005081166618833066,0.0,0.0,0.0,0.0
8110,"(np.float64(-1.4515294343286922), np.float64(8.129866590132905e-05), np.float64(9.81))","(np.float64(-117.71903712405579), np.float64(0.006593321804597522), 0)","(np.float64(-4779.392907236827), np.float64(0.26768886526666935), 0)",613.125,-90.72058964554326,0.005081166618833066,0.0,613.125,-90.72058964554326,0.005081166618833066,0.0,613.125,-90.72058964554326,0.005081166618833066,0.0,613.125,-90.72058964554326,0.005081166618833066,0.0,0.0,0.0,0.0
8115,"(np.float64(-1.4515294343286922), np.float64(8.129866590132905e-05), np.float64(9.81))","(np.float64(-117.79161359577222), np.float64(0.006597386737892588), 0)","(np.float64(-4785.284302328409), np.float64(0.2680188362268963), 0)",613.125,-90.72058964554326,0.005081166618833066,0.0,613.125,-90.72058964554326,0.005081166618833066,0.0,613.125,-90.72058964554326,0.005081166618833066,0.0,613.125,-90.72058964554326,0.005081166618833066,0.0,0.0,0.0,0.0
8120,"(np.float64(-1.4515294343286922), np.float64(8.129866590132905e-05), np.float64(9.81))","(np.float64(-117.86419006748865), np.float64(0.0066014516711876544), 0)","(np.float64(-4791.179326243576), np.float64(0.26834901043378806), 0)",613.125,-90.72058964554326,0.005081166618833066,0.0,613.125,-90.72058964554326,0.005081166618833066,0.0,613.125,-90.72058964554326,0.005081166618833066,0.0,613.125,-90.72058964554326,0.005081166618833066,0.0,0.0,0.0,0.0
8125,"(np.float64(-1.4515294343286922), np.float64(8.129866590132905e-05), np.float64(9.81))","(np.float64(-117.93676653920508), np.float64(0.0066055166044827205), 0)","(np.float64(-4797.077978982329), np.float64(0.2686793878873446), 0)",613.125,-90.72058964554326,0.005081166618833066,0.0,613.125,-90.72058964554326,0.005081166618833066,0.0,613.125,-90.72058964554326,0.005081166618833066,0.0,613.125,-90.72058964554326,0.005081166618833066,0.0,0.0,0.0,0.0
8130,"(np.float64(-1.4515294343286922), np.float64(8.129866590132905e-05), np.float64(9.81))","(np.float64(-118.00934301092151), np.float64(0.0066095815377777865), 0)","(np.float64(-4802.980260544668), np.float64(0.2690099685875658), 0)",613.125,-90.72058964554326,0.005081166618833066,0.0,613.125,-90.72058964554326,0.005081166618833066,0.0,613.125,-90.72058964554326,0.005081166618833066,0.0,613.125,-90.72058964554326,0.005081166618833066,0.0,0.0,0.0,0.0
8135,"(np.float64(-1.4515294343286922), np.float64(8.129866590132905e-05), np.float64(9.81))","(np.float64(-118.08191948263794), np.float64(0.0066136464710728525), 0)","(np.float64(-4808.886170930593), np.float64(0.26934075253445183), 0)",613.125,-90.72058964554326,0.005081166618833066,0.0,613.125,-90.72058964554326,0.005081166618833066,0.0,613.125,-90.72058964554326,0.005081166618833066,0.0,613.125,-90.72058964554326,0.005081166618833066,0.0,0.0,0.0,0.0
8140,"(np.float64(-1.4515294343286922), np.float64(8.129866590132905e-05), np.float64(9.81))","(np.float64(-118.15449595435437), np.float64(0.006617711404367919), 0)","(np.float64(-4814.795710140103), np.float64(0.26967173972800257), 0)",613.125,-90.72058964554326,0.005081166618833066,0.0,613.125,-90.72058964554326,0.005081166618833066,0.0,613.125,-90.72058964554326,0.005081166618833066,0.0,613.125,-90.72058964554326,0.005081166618833066,0.0,0.0,0.0,0.0
8145,"(np.float64(-1.4515294343286922), np.float64(8.129866590132905e-05), np.float64(9.81))","(np.float64(-118.2270724260708), np.float64(0.006621776337662985), 0)","(np.float64(-4820.7088781732), np.float64(0.2700029301682181), 0)",613.125,-90.72058964554326,0.005081166618833066,0.0,613.125,-90.72058964554326,0.005081166618833066,0.0,613.125,-90.72058964554326,0.005081166618833066,0.0,613.125,-90.72058964554326,0.005081166618833066,0.0,0.0,0.0,0.0
8150,"(np.float64(-1.4515294343286922), np.float64(8.129866590132905e-05), np.float64(9.81))","(np.float64(-118.29964889778724), np.float64(0.006625841270958051), 0)","(np.float64(-4826.625675029883), np.float64(0.27033432385509837), 0)",613.125,-90.72058964554326,0.005081166618833066,0.0,613.125,-90.72058964554326,0.005081166618833066,0.0,613.125,-90.72058964554326,0.005081166618833066,0.0,613.125,-90.72058964554326,0.005081166618833066,0.0,0.0,0.0,0.0
8155,"(np.float64(-1.4515294343286922), np.float64(8.129866590132905e-05), np.float64(9.81))","(np.float64(-118.37222536950367), np.float64(0.006629906204253117), 0)","(np.float64(-4832.546100710151), np.float64(0.2706659207886434), 0)",613.125,-90.72058964554326,0.005081166618833066,0.0,613.125,-90.72058964554326,0.005081166618833066,0.0,613.125,-90.72058964554326,0.005081166618833066,0.0,613.125,-90.72058964554326,0.005081166618833066,0.0,0.0,0.0,0.0
8160,"(np.float64(-1.4515294343286922), np.float64(8.129866590132905e-05), np.float64(9.81))","(np.float64(-118.4448018412201), np.float64(0.006633971137548183), 0)","(np.float64(-4838.470155214005), np.float64(0.27099772096885316), 0)",613.125,-90.72058964554326,0.005081166618833066,0.0,613.125,-90.72058964554326,0.005081166618833066,0.0,613.125,-90.72058964554326,0.005081166618833066,0.0,613.125,-90.72058964554326,0.005081166618833066,0.0,0.0,0.0,0.0
8165,"(np.float64(-1.4515294343286922), np.float64(8.129866590132905e-05), np.float64(9.81))","(np.float64(-118.51737831293653), np.float64(0.006638036070843249), 0)","(np.float64(-4844.397838541445), np.float64(0.27132972439572767), 0)",613.125,-90.72058964554326,0.005081166618833066,0.0,613.125,-90.72058964554326,0.005081166618833066,0.0,613.125,-90.72058964554326,0.005081166618833066,0.0,613.125,-90.72058964554326,0.005081166618833066,0.0,0.0,0.0,0.0
8170,"(np.float64(-1.4515294343286922), np.float64(8.129866590132905e-05), np.float64(9.81))","(np.float64(-118.58995478465296), np.float64(0.006642101004138315), 0)","(np.float64(-4850.329150692471), np.float64(0.27166193106926695), 0)",613.125,-90.72058964554326,0.005081166618833066,0.0,613.125,-90.72058964554326,0.005081166618833066,0.0,613.125,-90.72058964554326,0.005081166618833066,0.0,613.125,-90.72058964554326,0.005081166618833066,0.0,0.0,0.0,0.0
8175,"(np.float64(-1.4515294343286922), np.float64(8.129866590132905e-05), np.float64(9.81))","(np.float64(-118.66253125636939), np.float64(0.006646165937433381), 0)","(np.float64(-4856.2640916670825), np.float64(0.27199434098947095), 0)",613.125,-90.72058964554326,0.005081166618833066,0.0,613.125,-90.72058964554326,0.005081166618833066,0.0,613.125,-90.72058964554326,0.005081166618833066,0.0,613.125,-90.72058964554326,0.005081166618833066,0.0,0.0,0.0,0.0
8180,"(np.float64(-1.4515294343286922), np.float64(8.129866590132905e-05), np.float64(9.81))","(np.float64(-118.73510772808582), np.float64(0.006650230870728447), 0)","(np.float64(-4862.20266146528), np.float64(0.27232695415633973), 0)",613.125,-90.72058964554326,0.005081166618833066,0.0,613.125,-90.72058964554326,0.005081166618833066,0.0,613.125,-90.72058964554326,0.005081166618833066,0.0,613.125,-90.72058964554326,0.005081166618833066,0.0,0.0,0.0,0.0
8185,"(np.float64(-1.4515294343286922), np.float64(8.129866590132905e-05), np.float64(9.81))","(np.float64(-118.80768419980225), np.float64(0.006654295804023513), 0)","(np.float64(-4868.144860087063), np.float64(0.2726597705698733), 0)",613.125,-90.72058964554326,0.005081166618833066,0.0,613.125,-90.72058964554326,0.005081166618833066,0.0,613.125,-90.72058964554326,0.005081166618833066,0.0,613.125,-90.72058964554326,0.005081166618833066,0.0,0.0,0.0,0.0
8190,"(np.float64(-1.4515294343286922), np.float64(8.129866590132905e-05), np.float64(9.81))","(np.float64(-118.88026067151868), np.float64(0.006658360737318579), 0)","(np.float64(-4874.090687532432), np.float64(0.27299279023007156), 0)",613.125,-90.72058964554326,0.005081166618833066,0.0,613.125,-90.72058964554326,0.005081166618833066,0.0,613.125,-90.72058964554326,0.005081166618833066,0.0,613.125,-90.72058964554326,0.005081166618833066,0.0,0.0,0.0,0.0
8195,"(np.float64(-1.4515294343286922), np.float64(8.129866590132905e-05), np.float64(9.81))","(np.float64(-118.95283714323512), np.float64(0.006662425670613645), 0)","(np.float64(-4880.040143801387), np.float64(0.2733260131369346), 0)",613.125,-90.72058964554326,0.005081166618833066,0.0,613.125,-90.72058964554326,0.005081166618833066,0.0,613.125,-90.72058964554326,0.005081166618833066,0.0,613.125,-90.72058964554326,0.005081166618833066,0.0,0.0,0.0,0.0
8200,"(np.float64(-1.4515294343286922), np.float64(8.129866590132905e-05), np.float64(9.81))","(np.float64(-119.02541361495155), np.float64(0.006666490603908711), 0)","(np.float64(-4885.993228893927), np.float64(0.2736594392904624), 0)",613.125,-90.72058964554326,0.005081166618833066,0.0,613.125,-90.72058964554326,0.005081166618833066,0.0,613.125,-90.72058964554326,0.005081166618833066,0.0,613.125,-90.72058964554326,0.005081166618833066,0.0,0.0,0.0,0.0
8205,"(np.float64(-1.4515294343286922), np.float64(8.129866590132905e-05), np.float64(9.81))","(np.float64(-119.09799008666798), np.float64(0.006670555537203777), 0)","(np.float64(-4891.9499428100535), np.float64(0.27399306869065493), 0)",613.125,-90.72058964554326,0.005081166618833066,0.0,613.125,-90.72058964554326,0.005081166618833066,0.0,613.125,-90.72058964554326,0.005081166618833066,0.0,613.125,-90.72058964554326,0.005081166618833066,0.0,0.0,0.0,0.0
8210,"(np.float64(-1.4515294343286922), np.float64(8.129866590132905e-05), np.float64(9.81))","(np.float64(-119.17056655838441), np.float64(0.006674620470498843), 0)","(np.float64(-4897.910285549766), np.float64(0.27432690133751225), 0)",613.125,-90.72058964554326,0.005081166618833066,0.0,613.125,-90.72058964554326,0.005081166618833066,0.0,613.125,-90.72058964554326,0.005081166618833066,0.0,613.125,-90.72058964554326,0.005081166618833066,0.0,0.0,0.0,0.0
8215,"(np.float64(-1.4515294343286922), np.float64(8.129866590132905e-05), np.float64(9.81))","(np.float64(-119.24314303010084), np.float64(0.006678685403793909), 0)","(np.float64(-4903.874257113064), np.float64(0.2746609372310343), 0)",613.125,-90.72058964554326,0.005081166618833066,0.0,613.125,-90.72058964554326,0.005081166618833066,0.0,613.125,-90.72058964554326,0.005081166618833066,0.0,613.125,-90.72058964554326,0.005081166618833066,0.0,0.0,0.0,0.0
8220,"(np.float64(-1.4515294343286922), np.float64(8.129866590132905e-05), np.float64(9.81))","(np.float64(-119.31571950181727), np.float64(0.006682750337088975), 0)","(np.float64(-4909.841857499948), np.float64(0.2749951763712211), 0)",613.125,-90.72058964554326,0.005081166618833066,0.0,613.125,-90.72058964554326,0.005081166618833066,0.0,613.125,-90.72058964554326,0.005081166618833066,0.0,613.125,-90.72058964554326,0.005081166618833066,0.0,0.0,0.0,0.0
8225,"(np.float64(-1.4515294343286922), np.float64(8.129866590132905e-05), np.float64(9.81))","(np.float64(-119.3882959735337), np.float64(0.006686815270384041), 0)","(np.float64(-4915.813086710417), np.float64(0.27532961875807266), 0)",613.125,-90.72058964554326,0.005081166618833066,0.0,613.125,-90.72058964554326,0.005081166618833066,0.0,613.125,-90.72058964554326,0.005081166618833066,0.0,613.125,-90.72058964554326,0.005081166618833066,0.0,0.0,0.0,0.0
8230,"(np.float64(-1.4515294343286922), np.float64(8.129866590132905e-05), np.float64(9.81))","(np.float64(-119.46087244525013), np.float64(0.006690880203679107), 0)","(np.float64(-4921.787944744473), np.float64(0.275664264391589), 0)",613.125,-90.72058964554326,0.005081166618833066,0.0,613.125,-90.72058964554326,0.005081166618833066,0.0,613.125,-90.72058964554326,0.005081166618833066,0.0,613.125,-90.72058964554326,0.005081166618833066,0.0,0.0,0.0,0.0
8235,"(np.float64(-1.4515294343286922), np.float64(8.129866590132905e-05), np.float64(9.81))","(np.float64(-119.53344891696656), np.float64(0.006694945136974173), 0)","(np.float64(-4927.766431602115), np.float64(0.27599911327177007), 0)",613.125,-90.72058964554326,0.005081166618833066,0.0,613.125,-90.72058964554326,0.005081166618833066,0.0,613.125,-90.72058964554326,0.005081166618833066,0.0,613.125,-90.72058964554326,0.005081166618833066,0.0,0.0,0.0,0.0
8240,"(np.float64(-1.4515294343286922), np.float64(8.129866590132905e-05), np.float64(9.81))","(np.float64(-119.606025388683), np.float64(0.006699010070269239), 0)","(np.float64(-4933.748547283341), np.float64(0.2763341653986159), 0)",613.125,-90.72058964554326,0.005081166618833066,0.0,613.125,-90.72058964554326,0.005081166618833066,0.0,613.125,-90.72058964554326,0.005081166618833066,0.0,613.125,-90.72058964554326,0.005081166618833066,0.0,0.0,0.0,0.0
8245,"(np.float64(-1.4515294343286922), np.float64(8.129866590132905e-05), np.float64(9.81))","(np.float64(-119.67860186039943), np.float64(0.006703075003564305), 0)","(np.float64(-4939.734291788154), np.float64(0.2766694207721265), 0)",613.125,-90.72058964554326,0.005081166618833066,0.0,613.125,-90.72058964554326,0.005081166618833066,0.0,613.125,-90.72058964554326,0.005081166618833066,0.0,613.125,-90.72058964554326,0.005081166618833066,0.0,0.0,0.0,0.0
8250,"(np.float64(-1.4515294343286922), np.float64(8.129866590132905e-05), np.float64(9.81))","(np.float64(-119.75117833211586), np.float64(0.006707139936859371), 0)","(np.float64(-4945.723665116553), np.float64(0.2770048793923018), 0)",613.125,-90.72058964554326,0.005081166618833066,0.0,613.125,-90.72058964554326,0.005081166618833066,0.0,613.125,-90.72058964554326,0.005081166618833066,0.0,613.125,-90.72058964554326,0.005081166618833066,0.0,0.0,0.0,0.0
8255,"(np.float64(-1.4515294343286922), np.float64(8.129866590132905e-05), np.float64(9.81))","(np.float64(-119.82375480383229), np.float64(0.006711204870154437), 0)","(np.float64(-4951.716667268538), np.float64(0.27734054125914187), 0)",613.125,-90.72058964554326,0.005081166618833066,0.0,613.125,-90.72058964554326,0.005081166618833066,0.0,613.125,-90.72058964554326,0.005081166618833066,0.0,613.125,-90.72058964554326,0.005081166618833066,0.0,0.0,0.0,0.0
8260,"(np.float64(-1.4515294343286922), np.float64(8.129866590132905e-05), np.float64(9.81))","(np.float64(-119.89633127554872), np.float64(0.006715269803449503), 0)","(np.float64(-4957.713298244108), np.float64(0.27767640637264673), 0)",613.125,-90.72058964554326,0.005081166618833066,0.0,613.125,-90.72058964554326,0.005081166618833066,0.0,613.125,-90.72058964554326,0.005081166618833066,0.0,613.125,-90.72058964554326,0.005081166618833066,0.0,0.0,0.0,0.0
8265,"(np.float64(-1.4515294343286922), np.float64(8.129866590132905e-05), np.float64(9.81))","(np.float64(-119.96890774726515), np.float64(0.006719334736744569), 0)","(np.float64(-4963.713558043264), np.float64(0.2780124747328163), 0)",613.125,-90.72058964554326,0.005081166618833066,0.0,613.125,-90.72058964554326,0.005081166618833066,0.0,613.125,-90.72058964554326,0.005081166618833066,0.0,613.125,-90.72058964554326,0.005081166618833066,0.0,0.0,0.0,0.0
8270,"(np.float64(-1.4515294343286922), np.float64(8.129866590132905e-05), np.float64(9.81))","(np.float64(-120.04148421898158), np.float64(0.0067233996700396354), 0)","(np.float64(-4969.717446666006), np.float64(0.2783487463396507), 0)",613.125,-90.72058964554326,0.005081166618833066,0.0,613.125,-90.72058964554326,0.005081166618833066,0.0,613.125,-90.72058964554326,0.005081166618833066,0.0,613.125,-90.72058964554326,0.005081166618833066,0.0,0.0,0.0,0.0
8275,"(np.float64(-1.4515294343286922), np.float64(8.129866590132905e-05), np.float64(9.81))","(np.float64(-120.11406069069801), np.float64(0.0067274646033347015), 0)","(np.float64(-4975.724964112334), np.float64(0.27868522119314976), 0)",613.125,-90.72058964554326,0.005081166618833066,0.0,613.125,-90.72058964554326,0.005081166618833066,0.0,613.125,-90.72058964554326,0.005081166618833066,0.0,613.125,-90.72058964554326,0.005081166618833066,0.0,0.0,0.0,0.0
8280,"(np.float64(-1.4515294343286922), np.float64(8.129866590132905e-05), np.float64(9.81))","(np.float64(-120.18663716241444), np.float64(0.0067315295366297675), 0)","(np.float64(-4981.736110382248), np.float64(0.2790218992933136), 0)",613.125,-90.72058964554326,0.005081166618833066,0.0,613.125,-90.72058964554326,0.005081166618833066,0.0,613.125,-90.72058964554326,0.005081166618833066,0.0,613.125,-90.72058964554326,0.005081166618833066,0.0,0.0,0.0,0.0
8285,"(np.float64(-1.4515294343286922), np.float64(8.129866590132905e-05), np.float64(9.81))","(np.float64(-120.25921363413087), np.float64(0.0067355944699248336), 0)","(np.float64(-4987.750885475747), np.float64(0.2793587806401422), 0)",613.125,-90.72058964554326,0.005081166618833066,0.0,613.125,-90.72058964554326,0.005081166618833066,0.0,613.125,-90.72058964554326,0.005081166618833066,0.0,613.125,-90.72058964554326,0.005081166618833066,0.0,0.0,0.0,0.0
8290,"(np.float64(-1.4515294343286922), np.float64(8.129866590132905e-05), np.float64(9.81))","(np.float64(-120.3317901058473), np.float64(0.0067396594032199), 0)","(np.float64(-4993.769289392832), np.float64(0.27969586523363554), 0)",613.125,-90.72058964554326,0.005081166618833066,0.0,613.125,-90.72058964554326,0.005081166618833066,0.0,613.125,-90.72058964554326,0.005081166618833066,0.0,613.125,-90.72058964554326,0.005081166618833066,0.0,0.0,0.0,0.0
8295,"(np.float64(-1.4515294343286922), np.float64(8.129866590132905e-05), np.float64(9.81))","(np.float64(-120.40436657756374), np.float64(0.006743724336514966), 0)","(np.float64(-4999.791322133504), np.float64(0.2800331530737937), 0)",613.125,-90.72058964554326,0.005081166618833066,0.0,613.125,-90.72058964554326,0.005081166618833066,0.0,613.125,-90.72058964554326,0.005081166618833066,0.0,613.125,-90.72058964554326,0.005081166618833066,0.0,0.0,0.0,0.0
8300,"(np.float64(-1.4515294343286922), np.float64(8.129866590132905e-05), np.float64(9.81))","(np.float64(-120.47694304928017), np.float64(0.006747789269810032), 0)","(np.float64(-5005.816983697761), np.float64(0.2803706441606165), 0)",613.125,-90.72058964554326,0.005081166618833066,0.0,613.125,-90.72058964554326,0.005081166618833066,0.0,613.125,-90.72058964554326,0.005081166618833066,0.0,613.125,-90.72058964554326,0.005081166618833066,0.0,0.0,0.0,0.0
8305,"(np.float64(-1.4515294343286922), np.float64(8.129866590132905e-05), np.float64(9.81))","(np.float64(-120.5495195209966), np.float64(0.006751854203105098), 0)","(np.float64(-5011.846274085604), np.float64(0.28070833849410415), 0)",613.125,-90.72058964554326,0.005081166618833066,0.0,613.125,-90.72058964554326,0.005081166618833066,0.0,613.125,-90.72058964554326,0.005081166618833066,0.0,613.125,-90.72058964554326,0.005081166618833066,0.0,0.0,0.0,0.0
8310,"(np.float64(-1.4515294343286922), np.float64(8.129866590132905e-05), np.float64(9.81))","(np.float64(-120.62209599271303), np.float64(0.006755919136400164), 0)","(np.float64(-5017.8791932970325), np.float64(0.2810462360742565), 0)",613.125,-90.72058964554326,0.005081166618833066,0.0,613.125,-90.72058964554326,0.005081166618833066,0.0,613.125,-90.72058964554326,0.005081166618833066,0.0,613.125,-90.72058964554326,0.005081166618833066,0.0,0.0,0.0,0.0
8315,"(np.float64(-1.4515294343286922), np.float64(8.129866590132905e-05), np.float64(9.81))","(np.float64(-120.69467246442946), np.float64(0.00675998406969523), 0)","(np.float64(-5023.915741332047), np.float64(0.2813843369010736), 0)",613.125,-90.72058964554326,0.005081166618833066,0.0,613.125,-90.72058964554326,0.005081166618833066,0.0,613.125,-90.72058964554326,0.005081166618833066,0.0,613.125,-90.72058964554326,0.005081166618833066,0.0,0.0,0.0,0.0
8320,"(np.float64(-1.4515294343286922), np.float64(8.129866590132905e-05), np.float64(9.81))","(np.float64(-120.76724893614589), np.float64(0.006764049002990296), 0)","(np.float64(-5029.955918190648), np.float64(0.2817226409745555), 0)",613.125,-90.72058964554326,0.005081166618833066,0.0,613.125,-90.72058964554326,0.005081166618833066,0.0,613.125,-90.72058964554326,0.005081166618833066,0.0,613.125,-90.72058964554326,0.005081166618833066,0.0,0.0,0.0,0.0
8325,"(np.float64(-1.4515294343286922), np.float64(8.129866590132905e-05), np.float64(9.81))","(np.float64(-120.83982540786232), np.float64(0.006768113936285362), 0)","(np.float64(-5035.999723872834), np.float64(0.28206114829470214), 0)",613.125,-90.72058964554326,0.005081166618833066,0.0,613.125,-90.72058964554326,0.005081166618833066,0.0,613.125,-90.72058964554326,0.005081166618833066,0.0,613.125,-90.72058964554326,0.005081166618833066,0.0,0.0,0.0,0.0
8330,"(np.float64(-1.4515294343286922), np.float64(8.129866590132905e-05), np.float64(9.81))","(np.float64(-120.91240187957875), np.float64(0.006772178869580428), 0)","(np.float64(-5042.047158378606), np.float64(0.28239985886151353), 0)",613.125,-90.72058964554326,0.005081166618833066,0.0,613.125,-90.72058964554326,0.005081166618833066,0.0,613.125,-90.72058964554326,0.005081166618833066,0.0,613.125,-90.72058964554326,0.005081166618833066,0.0,0.0,0.0,0.0
8335,"(np.float64(-1.4515294343286922), np.float64(8.129866590132905e-05), np.float64(9.81))","(np.float64(-120.98497835129518), np.float64(0.006776243802875494), 0)","(np.float64(-5048.098221707964), np.float64(0.28273877267498965), 0)",613.125,-90.72058964554326,0.005081166618833066,0.0,613.125,-90.72058964554326,0.005081166618833066,0.0,613.125,-90.72058964554326,0.005081166618833066,0.0,613.125,-90.72058964554326,0.005081166618833066,0.0,0.0,0.0,0.0
8340,"(np.float64(-1.4515294343286922), np.float64(8.129866590132905e-05), np.float64(9.81))","(np.float64(-121.05755482301161), np.float64(0.00678030873617056), 0)","(np.float64(-5054.152913860908), np.float64(0.28307788973513054), 0)",613.125,-90.72058964554326,0.005081166618833066,0.0,613.125,-90.72058964554326,0.005081166618833066,0.0,613.125,-90.72058964554326,0.005081166618833066,0.0,613.125,-90.72058964554326,0.005081166618833066,0.0,0.0,0.0,0.0
8345,"(np.float64(-1.4515294343286922), np.float64(8.129866590132905e-05), np.float64(9.81))","(np.float64(-121.13013129472805), np.float64(0.006784373669465626), 0)","(np.float64(-5060.211234837437), np.float64(0.2834172100419362), 0)",613.125,-90.72058964554326,0.005081166618833066,0.0,613.125,-90.72058964554326,0.005081166618833066,0.0,613.125,-90.72058964554326,0.005081166618833066,0.0,613.125,-90.72058964554326,0.005081166618833066,0.0,0.0,0.0,0.0
8350,"(np.float64(-1.4515294343286922), np.float64(8.129866590132905e-05), np.float64(9.81))","(np.float64(-121.20270776644448), np.float64(0.006788438602760692), 0)","(np.float64(-5066.273184637552), np.float64(0.2837567335954066), 0)",613.125,-90.72058964554326,0.005081166618833066,0.0,613.125,-90.72058964554326,0.005081166618833066,0.0,613.125,-90.72058964554326,0.005081166618833066,0.0,613.125,-90.72058964554326,0.005081166618833066,0.0,0.0,0.0,0.0
8355,"(np.float64(-1.4515294343286922), np.float64(8.129866590132905e-05), np.float64(9.81))","(np.float64(-121.2752842381609), np.float64(0.006792503536055758), 0)","(np.float64(-5072.338763261253), np.float64(0.28409646039554176), 0)",613.125,-90.72058964554326,0.005081166618833066,0.0,613.125,-90.72058964554326,0.005081166618833066,0.0,613.125,-90.72058964554326,0.005081166618833066,0.0,613.125,-90.72058964554326,0.005081166618833066,0.0,0.0,0.0,0.0
8360,"(np.float64(-1.4515294343286922), np.float64(8.129866590132905e-05), np.float64(9.81))","(np.float64(-121.34786070987734), np.float64(0.006796568469350824), 0)","(np.float64(-5078.40797070854), np.float64(0.28443639044234165), 0)",613.125,-90.72058964554326,0.005081166618833066,0.0,613.125,-90.72058964554326,0.005081166618833066,0.0,613.125,-90.72058964554326,0.005081166618833066,0.0,613.125,-90.72058964554326,0.005081166618833066,0.0,0.0,0.0,0.0
8365,"(np.float64(-1.4515294343286922), np.float64(8.129866590132905e-05), np.float64(9.81))","(np.float64(-121.42043718159377), np.float64(0.00680063340264589), 0)","(np.float64(-5084.480806979413), np.float64(0.2847765237358063), 0)",613.125,-90.72058964554326,0.005081166618833066,0.0,613.125,-90.72058964554326,0.005081166618833066,0.0,613.125,-90.72058964554326,0.005081166618833066,0.0,613.125,-90.72058964554326,0.005081166618833066,0.0,0.0,0.0,0.0
8370,"(np.float64(-1.4515294343286922), np.float64(8.129866590132905e-05), np.float64(9.81))","(np.float64(-121.4930136533102), np.float64(0.006804698335940956), 0)","(np.float64(-5090.557272073871), np.float64(0.2851168602759357), 0)",613.125,-90.72058964554326,0.005081166618833066,0.0,613.125,-90.72058964554326,0.005081166618833066,0.0,613.125,-90.72058964554326,0.005081166618833066,0.0,613.125,-90.72058964554326,0.005081166618833066,0.0,0.0,0.0,0.0
8375,"(np.float64(-1.4515294343286922), np.float64(8.129866590132905e-05), np.float64(9.81))","(np.float64(-121.56559012502663), np.float64(0.006808763269236022), 0)","(np.float64(-5096.637365991915), np.float64(0.28545740006272985), 0)",613.125,-90.72058964554326,0.005081166618833066,0.0,613.125,-90.72058964554326,0.005081166618833066,0.0,613.125,-90.72058964554326,0.005081166618833066,0.0,613.125,-90.72058964554326,0.005081166618833066,0.0,0.0,0.0,0.0
8380,"(np.float64(-1.4515294343286922), np.float64(8.129866590132905e-05), np.float64(9.81))","(np.float64(-121.63816659674306), np.float64(0.006812828202531088), 0)","(np.float64(-5102.721088733546), np.float64(0.2857981430961888), 0)",613.125,-90.72058964554326,0.005081166618833066,0.0,613.125,-90.72058964554326,0.005081166618833066,0.0,613.125,-90.72058964554326,0.005081166618833066,0.0,613.125,-90.72058964554326,0.005081166618833066,0.0,0.0,0.0,0.0
8385,"(np.float64(-1.4515294343286922), np.float64(8.129866590132905e-05), np.float64(9.81))","(np.float64(-121.7107430684595), np.float64(0.006816893135826154), 0)","(np.float64(-5108.8084402987615), np.float64(0.28613908937631244), 0)",613.125,-90.72058964554326,0.005081166618833066,0.0,613.125,-90.72058964554326,0.005081166618833066,0.0,613.125,-90.72058964554326,0.005081166618833066,0.0,613.125,-90.72058964554326,0.005081166618833066,0.0,0.0,0.0,0.0
8390,"(np.float64(-1.4515294343286922), np.float64(8.129866590132905e-05), np.float64(9.81))","(np.float64(-121.78331954017592), np.float64(0.00682095806912122), 0)","(np.float64(-5114.899420687563), np.float64(0.28648023890310087), 0)",613.125,-90.72058964554326,0.005081166618833066,0.0,613.125,-90.72058964554326,0.005081166618833066,0.0,613.125,-90.72058964554326,0.005081166618833066,0.0,613.125,-90.72058964554326,0.005081166618833066,0.0,0.0,0.0,0.0
8395,"(np.float64(-1.4515294343286922), np.float64(8.129866590132905e-05), np.float64(9.81))","(np.float64(-121.85589601189236), np.float64(0.006825023002416286), 0)","(np.float64(-5120.994029899951), np.float64(0.286821591676554), 0)",613.125,-90.72058964554326,0.005081166618833066,0.0,613.125,-90.72058964554326,0.005081166618833066,0.0,613.125,-90.72058964554326,0.005081166618833066,0.0,613.125,-90.72058964554326,0.005081166618833066,0.0,0.0,0.0,0.0
8400,"(np.float64(-1.4515294343286922), np.float64(8.129866590132905e-05), np.float64(9.81))","(np.float64(-121.92847248360879), np.float64(0.006829087935711352), 0)","(np.float64(-5127.092267935925), np.float64(0.28716314769667195), 0)",613.125,-90.72058964554326,0.005081166618833066,0.0,613.125,-90.72058964554326,0.005081166618833066,0.0,613.125,-90.72058964554326,0.005081166618833066,0.0,613.125,-90.72058964554326,0.005081166618833066,0.0,0.0,0.0,0.0
8405,"(np.float64(-1.4515294343286922), np.float64(8.129866590132905e-05), np.float64(9.81))","(np.float64(-122.00104895532522), np.float64(0.006833152869006418), 0)","(np.float64(-5133.1941347954835), np.float64(0.28750490696345465), 0)",613.125,-90.72058964554326,0.005081166618833066,0.0,613.125,-90.72058964554326,0.005081166618833066,0.0,613.125,-90.72058964554326,0.005081166618833066,0.0,613.125,-90.72058964554326,0.005081166618833066,0.0,0.0,0.0,0.0
8410,"(np.float64(-1.4515294343286922), np.float64(8.129866590132905e-05), np.float64(9.81))","(np.float64(-122.07362542704165), np.float64(0.006837217802301484), 0)","(np.float64(-5139.299630478628), np.float64(0.2878468694769021), 0)",613.125,-90.72058964554326,0.005081166618833066,0.0,613.125,-90.72058964554326,0.005081166618833066,0.0,613.125,-90.72058964554326,0.005081166618833066,0.0,613.125,-90.72058964554326,0.005081166618833066,0.0,0.0,0.0,0.0
8415,"(np.float64(-1.4515294343286922), np.float64(8.129866590132905e-05), np.float64(9.81))","(np.float64(-122.14620189875808), np.float64(0.00684128273559655), 0)","(np.float64(-5145.408754985359), np.float64(0.2881890352370143), 0)",613.125,-90.72058964554326,0.005081166618833066,0.0,613.125,-90.72058964554326,0.005081166618833066,0.0,613.125,-90.72058964554326,0.005081166618833066,0.0,613.125,-90.72058964554326,0.005081166618833066,0.0,0.0,0.0,0.0
8420,"(np.float64(-1.4515294343286922), np.float64(8.129866590132905e-05), np.float64(9.81))","(np.float64(-122.21877837047451), np.float64(0.0068453476688916165), 0)","(np.float64(-5151.521508315676), np.float64(0.2885314042437912), 0)",613.125,-90.72058964554326,0.005081166618833066,0.0,613.125,-90.72058964554326,0.005081166618833066,0.0,613.125,-90.72058964554326,0.005081166618833066,0.0,613.125,-90.72058964554326,0.005081166618833066,0.0,0.0,0.0,0.0
8425,"(np.float64(-1.4515294343286922), np.float64(8.129866590132905e-05), np.float64(9.81))","(np.float64(-122.29135484219094), np.float64(0.0068494126021866825), 0)","(np.float64(-5157.637890469578), np.float64(0.2888739764972329), 0)",613.125,-90.72058964554326,0.005081166618833066,0.0,613.125,-90.72058964554326,0.005081166618833066,0.0,613.125,-90.72058964554326,0.005081166618833066,0.0,613.125,-90.72058964554326,0.005081166618833066,0.0,0.0,0.0,0.0
8430,"(np.float64(-1.4515294343286922), np.float64(8.129866590132905e-05), np.float64(9.81))","(np.float64(-122.36393131390737), np.float64(0.0068534775354817485), 0)","(np.float64(-5163.757901447067), np.float64(0.28921675199733937), 0)",613.125,-90.72058964554326,0.005081166618833066,0.0,613.125,-90.72058964554326,0.005081166618833066,0.0,613.125,-90.72058964554326,0.005081166618833066,0.0,613.125,-90.72058964554326,0.005081166618833066,0.0,0.0,0.0,0.0
8435,"(np.float64(-1.4515294343286922), np.float64(8.129866590132905e-05), np.float64(9.81))","(np.float64(-122.4365077856238), np.float64(0.0068575424687768146), 0)","(np.float64(-5169.881541248141), np.float64(0.28955973074411057), 0)",613.125,-90.72058964554326,0.005081166618833066,0.0,613.125,-90.72058964554326,0.005081166618833066,0.0,613.125,-90.72058964554326,0.005081166618833066,0.0,613.125,-90.72058964554326,0.005081166618833066,0.0,0.0,0.0,0.0
8440,"(np.float64(-1.4515294343286922), np.float64(8.129866590132905e-05), np.float64(9.81))","(np.float64(-122.50908425734023), np.float64(0.006861607402071881), 0)","(np.float64(-5176.008809872801), np.float64(0.28990291273754654), 0)",613.125,-90.72058964554326,0.005081166618833066,0.0,613.125,-90.72058964554326,0.005081166618833066,0.0,613.125,-90.72058964554326,0.005081166618833066,0.0,613.125,-90.72058964554326,0.005081166618833066,0.0,0.0,0.0,0.0
8445,"(np.float64(-1.4515294343286922), np.float64(8.129866590132905e-05), np.float64(9.81))","(np.float64(-122.58166072905667), np.float64(0.006865672335366947), 0)","(np.float64(-5182.139707321047), np.float64(0.2902462979776472), 0)",613.125,-90.72058964554326,0.005081166618833066,0.0,613.125,-90.72058964554326,0.005081166618833066,0.0,613.125,-90.72058964554326,0.005081166618833066,0.0,613.125,-90.72058964554326,0.005081166618833066,0.0,0.0,0.0,0.0
8450,"(np.float64(-1.4515294343286922), np.float64(8.129866590132905e-05), np.float64(9.81))","(np.float64(-122.6542372007731), np.float64(0.006869737268662013), 0)","(np.float64(-5188.274233592879), np.float64(0.2905898864644127), 0)",613.125,-90.72058964554326,0.005081166618833066,0.0,613.125,-90.72058964554326,0.005081166618833066,0.0,613.125,-90.72058964554326,0.005081166618833066,0.0,613.125,-90.72058964554326,0.005081166618833066,0.0,0.0,0.0,0.0
8455,"(np.float64(-1.4515294343286922), np.float64(8.129866590132905e-05), np.float64(9.81))","(np.float64(-122.72681367248953), np.float64(0.006873802201957079), 0)","(np.float64(-5194.412388688296), np.float64(0.2909336781978429), 0)",613.125,-90.72058964554326,0.005081166618833066,0.0,613.125,-90.72058964554326,0.005081166618833066,0.0,613.125,-90.72058964554326,0.005081166618833066,0.0,613.125,-90.72058964554326,0.005081166618833066,0.0,0.0,0.0,0.0
8460,"(np.float64(-1.4515294343286922), np.float64(8.129866590132905e-05), np.float64(9.81))","(np.float64(-122.79939014420596), np.float64(0.006877867135252145), 0)","(np.float64(-5200.5541726073), np.float64(0.29127767317793785), 0)",613.125,-90.72058964554326,0.005081166618833066,0.0,613.125,-90.72058964554326,0.005081166618833066,0.0,613.125,-90.72058964554326,0.005081166618833066,0.0,613.125,-90.72058964554326,0.005081166618833066,0.0,0.0,0.0,0.0
8465,"(np.float64(-1.4515294343286922), np.float64(8.129866590132905e-05), np.float64(9.81))","(np.float64(-122.87196661592239), np.float64(0.006881932068547211), 0)","(np.float64(-5206.699585349889), np.float64(0.2916218714046976), 0)",613.125,-90.72058964554326,0.005081166618833066,0.0,613.125,-90.72058964554326,0.005081166618833066,0.0,613.125,-90.72058964554326,0.005081166618833066,0.0,613.125,-90.72058964554326,0.005081166618833066,0.0,0.0,0.0,0.0
8470,"(np.float64(-1.4515294343286922), np.float64(8.129866590132905e-05), np.float64(9.81))","(np.float64(-122.94454308763882), np.float64(0.006885997001842277), 0)","(np.float64(-5212.848626916064), np.float64(0.29196627287812205), 0)",613.125,-90.72058964554326,0.005081166618833066,0.0,613.125,-90.72058964554326,0.005081166618833066,0.0,613.125,-90.72058964554326,0.005081166618833066,0.0,613.125,-90.72058964554326,0.005081166618833066,0.0,0.0,0.0,0.0
8475,"(np.float64(-1.4515294343286922), np.float64(8.129866590132905e-05), np.float64(9.81))","(np.float64(-123.01711955935525), np.float64(0.006890061935137343), 0)","(np.float64(-5219.001297305825), np.float64(0.2923108775982113), 0)",613.125,-90.72058964554326,0.005081166618833066,0.0,613.125,-90.72058964554326,0.005081166618833066,0.0,613.125,-90.72058964554326,0.005081166618833066,0.0,613.125,-90.72058964554326,0.005081166618833066,0.0,0.0,0.0,0.0
8480,"(np.float64(-1.4515294343286922), np.float64(8.129866590132905e-05), np.float64(9.81))","(np.float64(-123.08969603107168), np.float64(0.006894126868432409), 0)","(np.float64(-5225.157596519171), np.float64(0.29265568556496524), 0)",613.125,-90.72058964554326,0.005081166618833066,0.0,613.125,-90.72058964554326,0.005081166618833066,0.0,613.125,-90.72058964554326,0.005081166618833066,0.0,613.125,-90.72058964554326,0.005081166618833066,0.0,0.0,0.0,0.0
8485,"(np.float64(-1.4515294343286922), np.float64(8.129866590132905e-05), np.float64(9.81))","(np.float64(-123.16227250278811), np.float64(0.006898191801727475), 0)","(np.float64(-5231.317524556104), np.float64(0.293000696778384), 0)",613.125,-90.72058964554326,0.005081166618833066,0.0,613.125,-90.72058964554326,0.005081166618833066,0.0,613.125,-90.72058964554326,0.005081166618833066,0.0,613.125,-90.72058964554326,0.005081166618833066,0.0,0.0,0.0,0.0
8490,"(np.float64(-1.4515294343286922), np.float64(8.129866590132905e-05), np.float64(9.81))","(np.float64(-123.23484897450454), np.float64(0.006902256735022541), 0)","(np.float64(-5237.481081416622), np.float64(0.2933459112384675), 0)",613.125,-90.72058964554326,0.005081166618833066,0.0,613.125,-90.72058964554326,0.005081166618833066,0.0,613.125,-90.72058964554326,0.005081166618833066,0.0,613.125,-90.72058964554326,0.005081166618833066,0.0,0.0,0.0,0.0
8495,"(np.float64(-1.4515294343286922), np.float64(8.129866590132905e-05), np.float64(9.81))","(np.float64(-123.30742544622098), np.float64(0.006906321668317607), 0)","(np.float64(-5243.648267100726), np.float64(0.2936913289452157), 0)",613.125,-90.72058964554326,0.005081166618833066,0.0,613.125,-90.72058964554326,0.005081166618833066,0.0,613.125,-90.72058964554326,0.005081166618833066,0.0,613.125,-90.72058964554326,0.005081166618833066,0.0,0.0,0.0,0.0
8500,"(np.float64(-1.4515294343286922), np.float64(8.129866590132905e-05), np.float64(9.81))","(np.float64(-123.3800019179374), np.float64(0.006910386601612673), 0)","(np.float64(-5249.819081608416), np.float64(0.2940369498986287), 0)",613.125,-90.72058964554326,0.005081166618833066,0.0,613.125,-90.72058964554326,0.005081166618833066,0.0,613.125,-90.72058964554326,0.005081166618833066,0.0,613.125,-90.72058964554326,0.005081166618833066,0.0,0.0,0.0,0.0
8505,"(np.float64(-1.4515294343286922), np.float64(8.129866590132905e-05), np.float64(9.81))","(np.float64(-123.45257838965384), np.float64(0.006914451534907739), 0)","(np.float64(-5255.993524939692), np.float64(0.29438277409870645), 0)",613.125,-90.72058964554326,0.005081166618833066,0.0,613.125,-90.72058964554326,0.005081166618833066,0.0,613.125,-90.72058964554326,0.005081166618833066,0.0,613.125,-90.72058964554326,0.005081166618833066,0.0,0.0,0.0,0.0
8510,"(np.float64(-1.4515294343286922), np.float64(8.129866590132905e-05), np.float64(9.81))","(np.float64(-123.52515486137027), np.float64(0.006918516468202805), 0)","(np.float64(-5262.171597094553), np.float64(0.29472880154544895), 0)",613.125,-90.72058964554326,0.005081166618833066,0.0,613.125,-90.72058964554326,0.005081166618833066,0.0,613.125,-90.72058964554326,0.005081166618833066,0.0,613.125,-90.72058964554326,0.005081166618833066,0.0,0.0,0.0,0.0
8515,"(np.float64(-1.4515294343286922), np.float64(8.129866590132905e-05), np.float64(9.81))","(np.float64(-123.5977313330867), np.float64(0.006922581401497871), 0)","(np.float64(-5268.353298073001), np.float64(0.2950750322388562), 0)",613.125,-90.72058964554326,0.005081166618833066,0.0,613.125,-90.72058964554326,0.005081166618833066,0.0,613.125,-90.72058964554326,0.005081166618833066,0.0,613.125,-90.72058964554326,0.005081166618833066,0.0,0.0,0.0,0.0
8520,"(np.float64(-1.4515294343286922), np.float64(8.129866590132905e-05), np.float64(9.81))","(np.float64(-123.67030780480313), np.float64(0.006926646334792937), 0)","(np.float64(-5274.538627875034), np.float64(0.2954214661789282), 0)",613.125,-90.72058964554326,0.005081166618833066,0.0,613.125,-90.72058964554326,0.005081166618833066,0.0,613.125,-90.72058964554326,0.005081166618833066,0.0,613.125,-90.72058964554326,0.005081166618833066,0.0,0.0,0.0,0.0
8525,"(np.float64(-1.4515294343286922), np.float64(8.129866590132905e-05), np.float64(9.81))","(np.float64(-123.74288427651956), np.float64(0.006930711268088003), 0)","(np.float64(-5280.727586500653), np.float64(0.295768103365665), 0)",613.125,-90.72058964554326,0.005081166618833066,0.0,613.125,-90.72058964554326,0.005081166618833066,0.0,613.125,-90.72058964554326,0.005081166618833066,0.0,613.125,-90.72058964554326,0.005081166618833066,0.0,0.0,0.0,0.0
8530,"(np.float64(-1.4515294343286922), np.float64(8.129866590132905e-05), np.float64(9.81))","(np.float64(-123.81546074823599), np.float64(0.006934776201383069), 0)","(np.float64(-5286.920173949858), np.float64(0.2961149437990665), 0)",613.125,-90.72058964554326,0.005081166618833066,0.0,613.125,-90.72058964554326,0.005081166618833066,0.0,613.125,-90.72058964554326,0.005081166618833066,0.0,613.125,-90.72058964554326,0.005081166618833066,0.0,0.0,0.0,0.0
8535,"(np.float64(-1.4515294343286922), np.float64(8.129866590132905e-05), np.float64(9.81))","(np.float64(-123.88803721995242), np.float64(0.006938841134678135), 0)","(np.float64(-5293.116390222648), np.float64(0.29646198747913277), 0)",613.125,-90.72058964554326,0.005081166618833066,0.0,613.125,-90.72058964554326,0.005081166618833066,0.0,613.125,-90.72058964554326,0.005081166618833066,0.0,613.125,-90.72058964554326,0.005081166618833066,0.0,0.0,0.0,0.0
8540,"(np.float64(-1.4515294343286922), np.float64(8.129866590132905e-05), np.float64(9.81))","(np.float64(-123.96061369166885), np.float64(0.006942906067973201), 0)","(np.float64(-5299.316235319025), np.float64(0.29680923440586376), 0)",613.125,-90.72058964554326,0.005081166618833066,0.0,613.125,-90.72058964554326,0.005081166618833066,0.0,613.125,-90.72058964554326,0.005081166618833066,0.0,613.125,-90.72058964554326,0.005081166618833066,0.0,0.0,0.0,0.0
8545,"(np.float64(-1.4515294343286922), np.float64(8.129866590132905e-05), np.float64(9.81))","(np.float64(-124.03319016338529), np.float64(0.006946971001268267), 0)","(np.float64(-5305.519709238987), np.float64(0.29715668457925953), 0)",613.125,-90.72058964554326,0.005081166618833066,0.0,613.125,-90.72058964554326,0.005081166618833066,0.0,613.125,-90.72058964554326,0.005081166618833066,0.0,613.125,-90.72058964554326,0.005081166618833066,0.0,0.0,0.0,0.0
8550,"(np.float64(-1.4515294343286922), np.float64(8.129866590132905e-05), np.float64(9.81))","(np.float64(-124.10576663510172), np.float64(0.006951035934563333), 0)","(np.float64(-5311.726811982535), np.float64(0.2975043379993201), 0)",613.125,-90.72058964554326,0.005081166618833066,0.0,613.125,-90.72058964554326,0.005081166618833066,0.0,613.125,-90.72058964554326,0.005081166618833066,0.0,613.125,-90.72058964554326,0.005081166618833066,0.0,0.0,0.0,0.0
8555,"(np.float64(-1.4515294343286922), np.float64(8.129866590132905e-05), np.float64(9.81))","(np.float64(-124.17834310681815), np.float64(0.006955100867858399), 0)","(np.float64(-5317.937543549669), np.float64(0.29785219466604534), 0)",613.125,-90.72058964554326,0.005081166618833066,0.0,613.125,-90.72058964554326,0.005081166618833066,0.0,613.125,-90.72058964554326,0.005081166618833066,0.0,613.125,-90.72058964554326,0.005081166618833066,0.0,0.0,0.0,0.0
8560,"(np.float64(-1.4515294343286922), np.float64(8.129866590132905e-05), np.float64(9.81))","(np.float64(-124.25091957853458), np.float64(0.006959165801153465), 0)","(np.float64(-5324.151903940388), np.float64(0.2982002545794354), 0)",613.125,-90.72058964554326,0.005081166618833066,0.0,613.125,-90.72058964554326,0.005081166618833066,0.0,613.125,-90.72058964554326,0.005081166618833066,0.0,613.125,-90.72058964554326,0.005081166618833066,0.0,0.0,0.0,0.0
8565,"(np.float64(-1.4515294343286922), np.float64(8.129866590132905e-05), np.float64(9.81))","(np.float64(-124.32349605025101), np.float64(0.0069632307344485314), 0)","(np.float64(-5330.369893154694), np.float64(0.29854851773949015), 0)",613.125,-90.72058964554326,0.005081166618833066,0.0,613.125,-90.72058964554326,0.005081166618833066,0.0,613.125,-90.72058964554326,0.005081166618833066,0.0,613.125,-90.72058964554326,0.005081166618833066,0.0,0.0,0.0,0.0
8570,"(np.float64(-1.4515294343286922), np.float64(8.129866590132905e-05), np.float64(9.81))","(np.float64(-124.39607252196744), np.float64(0.0069672956677435975), 0)","(np.float64(-5336.591511192585), np.float64(0.2988969841462097), 0)",613.125,-90.72058964554326,0.005081166618833066,0.0,613.125,-90.72058964554326,0.005081166618833066,0.0,613.125,-90.72058964554326,0.005081166618833066,0.0,613.125,-90.72058964554326,0.005081166618833066,0.0,0.0,0.0,0.0
8575,"(np.float64(-1.4515294343286922), np.float64(8.129866590132905e-05), np.float64(9.81))","(np.float64(-124.46864899368387), np.float64(0.0069713606010386635), 0)","(np.float64(-5342.816758054062), np.float64(0.299245653799594), 0)",613.125,-90.72058964554326,0.005081166618833066,0.0,613.125,-90.72058964554326,0.005081166618833066,0.0,613.125,-90.72058964554326,0.005081166618833066,0.0,613.125,-90.72058964554326,0.005081166618833066,0.0,0.0,0.0,0.0
8580,"(np.float64(-1.4515294343286922), np.float64(8.129866590132905e-05), np.float64(9.81))","(np.float64(-124.5412254654003), np.float64(0.0069754255343337295), 0)","(np.float64(-5349.045633739125), np.float64(0.29959452669964304), 0)",613.125,-90.72058964554326,0.005081166618833066,0.0,613.125,-90.72058964554326,0.005081166618833066,0.0,613.125,-90.72058964554326,0.005081166618833066,0.0,613.125,-90.72058964554326,0.005081166618833066,0.0,0.0,0.0,0.0
8585,"(np.float64(-1.4515294343286922), np.float64(8.129866590132905e-05), np.float64(9.81))","(np.float64(-124.61380193711673), np.float64(0.006979490467628796), 0)","(np.float64(-5355.278138247774), np.float64(0.29994360284635685), 0)",613.125,-90.72058964554326,0.005081166618833066,0.0,613.125,-90.72058964554326,0.005081166618833066,0.0,613.125,-90.72058964554326,0.005081166618833066,0.0,613.125,-90.72058964554326,0.005081166618833066,0.0,0.0,0.0,0.0
8590,"(np.float64(-1.4515294343286922), np.float64(8.129866590132905e-05), np.float64(9.81))","(np.float64(-124.68637840883316), np.float64(0.006983555400923862), 0)","(np.float64(-5361.514271580009), np.float64(0.3002928822397354), 0)",613.125,-90.72058964554326,0.005081166618833066,0.0,613.125,-90.72058964554326,0.005081166618833066,0.0,613.125,-90.72058964554326,0.005081166618833066,0.0,613.125,-90.72058964554326,0.005081166618833066,0.0,0.0,0.0,0.0
8595,"(np.float64(-1.4515294343286922), np.float64(8.129866590132905e-05), np.float64(9.81))","(np.float64(-124.7589548805496), np.float64(0.006987620334218928), 0)","(np.float64(-5367.75403373583), np.float64(0.3006423648797787), 0)",613.125,-90.72058964554326,0.005081166618833066,0.0,613.125,-90.72058964554326,0.005081166618833066,0.0,613.125,-90.72058964554326,0.005081166618833066,0.0,613.125,-90.72058964554326,0.005081166618833066,0.0,0.0,0.0,0.0
8600,"(np.float64(-1.4515294343286922), np.float64(8.129866590132905e-05), np.float64(9.81))","(np.float64(-124.83153135226603), np.float64(0.006991685267513994), 0)","(np.float64(-5373.997424715236), np.float64(0.3009920507664868), 0)",613.125,-90.72058964554326,0.005081166618833066,0.0,613.125,-90.72058964554326,0.005081166618833066,0.0,613.125,-90.72058964554326,0.005081166618833066,0.0,613.125,-90.72058964554326,0.005081166618833066,0.0,0.0,0.0,0.0
8605,"(np.float64(-1.4515294343286922), np.float64(8.129866590132905e-05), np.float64(9.81))","(np.float64(-124.90410782398246), np.float64(0.00699575020080906), 0)","(np.float64(-5380.244444518228), np.float64(0.3013419398998596), 0)",613.125,-90.72058964554326,0.005081166618833066,0.0,613.125,-90.72058964554326,0.005081166618833066,0.0,613.125,-90.72058964554326,0.005081166618833066,0.0,613.125,-90.72058964554326,0.005081166618833066,0.0,0.0,0.0,0.0
8610,"(np.float64(-1.4515294343286922), np.float64(8.129866590132905e-05), np.float64(9.81))","(np.float64(-124.97668429569889), np.float64(0.006999815134104126), 0)","(np.float64(-5386.495093144807), np.float64(0.30169203227989716), 0)",613.125,-90.72058964554326,0.005081166618833066,0.0,613.125,-90.72058964554326,0.005081166618833066,0.0,613.125,-90.72058964554326,0.005081166618833066,0.0,613.125,-90.72058964554326,0.005081166618833066,0.0,0.0,0.0,0.0
8615,"(np.float64(-1.4515294343286922), np.float64(8.129866590132905e-05), np.float64(9.81))","(np.float64(-125.04926076741532), np.float64(0.007003880067399192), 0)","(np.float64(-5392.74937059497), np.float64(0.30204232790659946), 0)",613.125,-90.72058964554326,0.005081166618833066,0.0,613.125,-90.72058964554326,0.005081166618833066,0.0,613.125,-90.72058964554326,0.005081166618833066,0.0,613.125,-90.72058964554326,0.005081166618833066,0.0,0.0,0.0,0.0
8620,"(np.float64(-1.4515294343286922), np.float64(8.129866590132905e-05), np.float64(9.81))","(np.float64(-125.12183723913175), np.float64(0.007007945000694258), 0)","(np.float64(-5399.00727686872), np.float64(0.30239282677996654), 0)",613.125,-90.72058964554326,0.005081166618833066,0.0,613.125,-90.72058964554326,0.005081166618833066,0.0,613.125,-90.72058964554326,0.005081166618833066,0.0,613.125,-90.72058964554326,0.005081166618833066,0.0,0.0,0.0,0.0
8625,"(np.float64(-1.4515294343286922), np.float64(8.129866590132905e-05), np.float64(9.81))","(np.float64(-125.19441371084818), np.float64(0.007012009933989324), 0)","(np.float64(-5405.268811966055), np.float64(0.3027435288999984), 0)",613.125,-90.72058964554326,0.005081166618833066,0.0,613.125,-90.72058964554326,0.005081166618833066,0.0,613.125,-90.72058964554326,0.005081166618833066,0.0,613.125,-90.72058964554326,0.005081166618833066,0.0,0.0,0.0,0.0
8630,"(np.float64(-1.4515294343286922), np.float64(8.129866590132905e-05), np.float64(9.81))","(np.float64(-125.26699018256461), np.float64(0.00701607486728439), 0)","(np.float64(-5411.533975886977), np.float64(0.30309443426669497), 0)",613.125,-90.72058964554326,0.005081166618833066,0.0,613.125,-90.72058964554326,0.005081166618833066,0.0,613.125,-90.72058964554326,0.005081166618833066,0.0,613.125,-90.72058964554326,0.005081166618833066,0.0,0.0,0.0,0.0
8635,"(np.float64(-1.4515294343286922), np.float64(8.129866590132905e-05), np.float64(9.81))","(np.float64(-125.33956665428104), np.float64(0.007020139800579456), 0)","(np.float64(-5417.802768631484), np.float64(0.3034455428800563), 0)",613.125,-90.72058964554326,0.005081166618833066,0.0,613.125,-90.72058964554326,0.005081166618833066,0.0,613.125,-90.72058964554326,0.005081166618833066,0.0,613.125,-90.72058964554326,0.005081166618833066,0.0,0.0,0.0,0.0
8640,"(np.float64(-1.4515294343286922), np.float64(8.129866590132905e-05), np.float64(9.81))","(np.float64(-125.41214312599747), np.float64(0.007024204733874522), 0)","(np.float64(-5424.075190199576), np.float64(0.3037968547400824), 0)",613.125,-90.72058964554326,0.005081166618833066,0.0,613.125,-90.72058964554326,0.005081166618833066,0.0,613.125,-90.72058964554326,0.005081166618833066,0.0,613.125,-90.72058964554326,0.005081166618833066,0.0,0.0,0.0,0.0
8645,"(np.float64(-1.4515294343286922), np.float64(8.129866590132905e-05), np.float64(9.81))","(np.float64(-125.4847195977139), np.float64(0.007028269667169588), 0)","(np.float64(-5430.351240591255), np.float64(0.30414836984677324), 0)",613.125,-90.72058964554326,0.005081166618833066,0.0,613.125,-90.72058964554326,0.005081166618833066,0.0,613.125,-90.72058964554326,0.005081166618833066,0.0,613.125,-90.72058964554326,0.005081166618833066,0.0,0.0,0.0,0.0
8650,"(np.float64(-1.4515294343286922), np.float64(8.129866590132905e-05), np.float64(9.81))","(np.float64(-125.55729606943034), np.float64(0.007032334600464654), 0)","(np.float64(-5436.63091980652), np.float64(0.3045000882001288), 0)",613.125,-90.72058964554326,0.005081166618833066,0.0,613.125,-90.72058964554326,0.005081166618833066,0.0,613.125,-90.72058964554326,0.005081166618833066,0.0,613.125,-90.72058964554326,0.005081166618833066,0.0,0.0,0.0,0.0
8655,"(np.float64(-1.4515294343286922), np.float64(8.129866590132905e-05), np.float64(9.81))","(np.float64(-125.62987254114677), np.float64(0.00703639953375972), 0)","(np.float64(-5442.91422784537), np.float64(0.30485200980014915), 0)",613.125,-90.72058964554326,0.005081166618833066,0.0,613.125,-90.72058964554326,0.005081166618833066,0.0,613.125,-90.72058964554326,0.005081166618833066,0.0,613.125,-90.72058964554326,0.005081166618833066,0.0,0.0,0.0,0.0
8660,"(np.float64(-1.4515294343286922), np.float64(8.129866590132905e-05), np.float64(9.81))","(np.float64(-125.7024490128632), np.float64(0.007040464467054786), 0)","(np.float64(-5449.201164707806), np.float64(0.30520413464683427), 0)",613.125,-90.72058964554326,0.005081166618833066,0.0,613.125,-90.72058964554326,0.005081166618833066,0.0,613.125,-90.72058964554326,0.005081166618833066,0.0,613.125,-90.72058964554326,0.005081166618833066,0.0,0.0,0.0,0.0
8665,"(np.float64(-1.4515294343286922), np.float64(8.129866590132905e-05), np.float64(9.81))","(np.float64(-125.77502548457963), np.float64(0.007044529400349852), 0)","(np.float64(-5455.491730393828), np.float64(0.3055564627401841), 0)",613.125,-90.72058964554326,0.005081166618833066,0.0,613.125,-90.72058964554326,0.005081166618833066,0.0,613.125,-90.72058964554326,0.005081166618833066,0.0,613.125,-90.72058964554326,0.005081166618833066,0.0,0.0,0.0,0.0
8670,"(np.float64(-1.4515294343286922), np.float64(8.129866590132905e-05), np.float64(9.81))","(np.float64(-125.84760195629606), np.float64(0.007048594333644918), 0)","(np.float64(-5461.785924903436), np.float64(0.3059089940801987), 0)",613.125,-90.72058964554326,0.005081166618833066,0.0,613.125,-90.72058964554326,0.005081166618833066,0.0,613.125,-90.72058964554326,0.005081166618833066,0.0,613.125,-90.72058964554326,0.005081166618833066,0.0,0.0,0.0,0.0
8675,"(np.float64(-1.4515294343286922), np.float64(8.129866590132905e-05), np.float64(9.81))","(np.float64(-125.92017842801249), np.float64(0.007052659266939984), 0)","(np.float64(-5468.08374823663), np.float64(0.30626172866687806), 0)",613.125,-90.72058964554326,0.005081166618833066,0.0,613.125,-90.72058964554326,0.005081166618833066,0.0,613.125,-90.72058964554326,0.005081166618833066,0.0,613.125,-90.72058964554326,0.005081166618833066,0.0,0.0,0.0,0.0
8680,"(np.float64(-1.4515294343286922), np.float64(8.129866590132905e-05), np.float64(9.81))","(np.float64(-125.99275489972892), np.float64(0.00705672420023505), 0)","(np.float64(-5474.385200393409), np.float64(0.3066146665002222), 0)",613.125,-90.72058964554326,0.005081166618833066,0.0,613.125,-90.72058964554326,0.005081166618833066,0.0,613.125,-90.72058964554326,0.005081166618833066,0.0,613.125,-90.72058964554326,0.005081166618833066,0.0,0.0,0.0,0.0
8685,"(np.float64(-1.4515294343286922), np.float64(8.129866590132905e-05), np.float64(9.81))","(np.float64(-126.06533137144535), np.float64(0.007060789133530116), 0)","(np.float64(-5480.690281373774), np.float64(0.30696780758023107), 0)",613.125,-90.72058964554326,0.005081166618833066,0.0,613.125,-90.72058964554326,0.005081166618833066,0.0,613.125,-90.72058964554326,0.005081166618833066,0.0,613.125,-90.72058964554326,0.005081166618833066,0.0,0.0,0.0,0.0
8690,"(np.float64(-1.4515294343286922), np.float64(8.129866590132905e-05), np.float64(9.81))","(np.float64(-126.13790784316178), np.float64(0.007064854066825182), 0)","(np.float64(-5486.998991177726), np.float64(0.3073211519069047), 0)",613.125,-90.72058964554326,0.005081166618833066,0.0,613.125,-90.72058964554326,0.005081166618833066,0.0,613.125,-90.72058964554326,0.005081166618833066,0.0,613.125,-90.72058964554326,0.005081166618833066,0.0,0.0,0.0,0.0
8695,"(np.float64(-1.4515294343286922), np.float64(8.129866590132905e-05), np.float64(9.81))","(np.float64(-126.21048431487822), np.float64(0.007068919000120248), 0)","(np.float64(-5493.311329805262), np.float64(0.30767469948024306), 0)",613.125,-90.72058964554326,0.005081166618833066,0.0,613.125,-90.72058964554326,0.005081166618833066,0.0,613.125,-90.72058964554326,0.005081166618833066,0.0,613.125,-90.72058964554326,0.005081166618833066,0.0,0.0,0.0,0.0
8700,"(np.float64(-1.4515294343286922), np.float64(8.129866590132905e-05), np.float64(9.81))","(np.float64(-126.28306078659465), np.float64(0.007072983933415314), 0)","(np.float64(-5499.627297256385), np.float64(0.30802845030024617), 0)",613.125,-90.72058964554326,0.005081166618833066,0.0,613.125,-90.72058964554326,0.005081166618833066,0.0,613.125,-90.72058964554326,0.005081166618833066,0.0,613.125,-90.72058964554326,0.005081166618833066,0.0,0.0,0.0,0.0
8705,"(np.float64(-1.4515294343286922), np.float64(8.129866590132905e-05), np.float64(9.81))","(np.float64(-126.35563725831108), np.float64(0.00707704886671038), 0)","(np.float64(-5505.946893531093), np.float64(0.30838240436691405), 0)",613.125,-90.72058964554326,0.005081166618833066,0.0,613.125,-90.72058964554326,0.005081166618833066,0.0,613.125,-90.72058964554326,0.005081166618833066,0.0,613.125,-90.72058964554326,0.005081166618833066,0.0,0.0,0.0,0.0
8710,"(np.float64(-1.4515294343286922), np.float64(8.129866590132905e-05), np.float64(9.81))","(np.float64(-126.42821373002751), np.float64(0.007081113800005446), 0)","(np.float64(-5512.270118629388), np.float64(0.3087365616802467), 0)",613.125,-90.72058964554326,0.005081166618833066,0.0,613.125,-90.72058964554326,0.005081166618833066,0.0,613.125,-90.72058964554326,0.005081166618833066,0.0,613.125,-90.72058964554326,0.005081166618833066,0.0,0.0,0.0,0.0
8715,"(np.float64(-1.4515294343286922), np.float64(8.129866590132905e-05), np.float64(9.81))","(np.float64(-126.50079020174394), np.float64(0.0070851787333005125), 0)","(np.float64(-5518.596972551268), np.float64(0.3090909222402441), 0)",613.125,-90.72058964554326,0.005081166618833066,0.0,613.125,-90.72058964554326,0.005081166618833066,0.0,613.125,-90.72058964554326,0.005081166618833066,0.0,613.125,-90.72058964554326,0.005081166618833066,0.0,0.0,0.0,0.0
8720,"(np.float64(-1.4515294343286922), np.float64(8.129866590132905e-05), np.float64(9.81))","(np.float64(-126.57336667346037), np.float64(0.0070892436665955785), 0)","(np.float64(-5524.927455296734), np.float64(0.30944548604690625), 0)",613.125,-90.72058964554326,0.005081166618833066,0.0,613.125,-90.72058964554326,0.005081166618833066,0.0,613.125,-90.72058964554326,0.005081166618833066,0.0,613.125,-90.72058964554326,0.005081166618833066,0.0,0.0,0.0,0.0
8725,"(np.float64(-1.4515294343286922), np.float64(8.129866590132905e-05), np.float64(9.81))","(np.float64(-126.6459431451768), np.float64(0.0070933085998906445), 0)","(np.float64(-5531.261566865785), np.float64(0.3098002531002331), 0)",613.125,-90.72058964554326,0.005081166618833066,0.0,613.125,-90.72058964554326,0.005081166618833066,0.0,613.125,-90.72058964554326,0.005081166618833066,0.0,613.125,-90.72058964554326,0.005081166618833066,0.0,0.0,0.0,0.0
8730,"(np.float64(-1.4515294343286922), np.float64(8.129866590132905e-05), np.float64(9.81))","(np.float64(-126.71851961689323), np.float64(0.0070973735331857106), 0)","(np.float64(-5537.599307258423), np.float64(0.3101552234002248), 0)",613.125,-90.72058964554326,0.005081166618833066,0.0,613.125,-90.72058964554326,0.005081166618833066,0.0,613.125,-90.72058964554326,0.005081166618833066,0.0,613.125,-90.72058964554326,0.005081166618833066,0.0,0.0,0.0,0.0
8735,"(np.float64(-1.4515294343286922), np.float64(8.129866590132905e-05), np.float64(9.81))","(np.float64(-126.79109608860966), np.float64(0.007101438466480777), 0)","(np.float64(-5543.940676474647), np.float64(0.31051039694688115), 0)",613.125,-90.72058964554326,0.005081166618833066,0.0,613.125,-90.72058964554326,0.005081166618833066,0.0,613.125,-90.72058964554326,0.005081166618833066,0.0,613.125,-90.72058964554326,0.005081166618833066,0.0,0.0,0.0,0.0
8740,"(np.float64(-1.4515294343286922), np.float64(8.129866590132905e-05), np.float64(9.81))","(np.float64(-126.8636725603261), np.float64(0.007105503399775843), 0)","(np.float64(-5550.285674514456), np.float64(0.3108657737402023), 0)",613.125,-90.72058964554326,0.005081166618833066,0.0,613.125,-90.72058964554326,0.005081166618833066,0.0,613.125,-90.72058964554326,0.005081166618833066,0.0,613.125,-90.72058964554326,0.005081166618833066,0.0,0.0,0.0,0.0
8745,"(np.float64(-1.4515294343286922), np.float64(8.129866590132905e-05), np.float64(9.81))","(np.float64(-126.93624903204253), np.float64(0.007109568333070909), 0)","(np.float64(-5556.634301377851), np.float64(0.3112213537801882), 0)",613.125,-90.72058964554326,0.005081166618833066,0.0,613.125,-90.72058964554326,0.005081166618833066,0.0,613.125,-90.72058964554326,0.005081166618833066,0.0,613.125,-90.72058964554326,0.005081166618833066,0.0,0.0,0.0,0.0
8750,"(np.float64(-1.4515294343286922), np.float64(8.129866590132905e-05), np.float64(9.81))","(np.float64(-127.00882550375896), np.float64(0.007113633266365975), 0)","(np.float64(-5562.986557064833), np.float64(0.31157713706683887), 0)",613.125,-90.72058964554326,0.005081166618833066,0.0,613.125,-90.72058964554326,0.005081166618833066,0.0,613.125,-90.72058964554326,0.005081166618833066,0.0,613.125,-90.72058964554326,0.005081166618833066,0.0,0.0,0.0,0.0
8755,"(np.float64(-1.4515294343286922), np.float64(8.129866590132905e-05), np.float64(9.81))","(np.float64(-127.08140197547539), np.float64(0.007117698199661041), 0)","(np.float64(-5569.3424415754), np.float64(0.3119331236001543), 0)",613.125,-90.72058964554326,0.005081166618833066,0.0,613.125,-90.72058964554326,0.005081166618833066,0.0,613.125,-90.72058964554326,0.005081166618833066,0.0,613.125,-90.72058964554326,0.005081166618833066,0.0,0.0,0.0,0.0
8760,"(np.float64(-1.4515294343286922), np.float64(8.129866590132905e-05), np.float64(9.81))","(np.float64(-127.15397844719182), np.float64(0.007121763132956107), 0)","(np.float64(-5575.701954909552), np.float64(0.31228931338013444), 0)",613.125,-90.72058964554326,0.005081166618833066,0.0,613.125,-90.72058964554326,0.005081166618833066,0.0,613.125,-90.72058964554326,0.005081166618833066,0.0,613.125,-90.72058964554326,0.005081166618833066,0.0,0.0,0.0,0.0
8765,"(np.float64(-1.4515294343286922), np.float64(8.129866590132905e-05), np.float64(9.81))","(np.float64(-127.22655491890825), np.float64(0.007125828066251173), 0)","(np.float64(-5582.0650970672905), np.float64(0.31264570640677936), 0)",613.125,-90.72058964554326,0.005081166618833066,0.0,613.125,-90.72058964554326,0.005081166618833066,0.0,613.125,-90.72058964554326,0.005081166618833066,0.0,613.125,-90.72058964554326,0.005081166618833066,0.0,0.0,0.0,0.0
8770,"(np.float64(-1.4515294343286922), np.float64(8.129866590132905e-05), np.float64(9.81))","(np.float64(-127.29913139062468), np.float64(0.007129892999546239), 0)","(np.float64(-5588.431868048615), np.float64(0.31300230268008905), 0)",613.125,-90.72058964554326,0.005081166618833066,0.0,613.125,-90.72058964554326,0.005081166618833066,0.0,613.125,-90.72058964554326,0.005081166618833066,0.0,613.125,-90.72058964554326,0.005081166618833066,0.0,0.0,0.0,0.0
8775,"(np.float64(-1.4515294343286922), np.float64(8.129866590132905e-05), np.float64(9.81))","(np.float64(-127.37170786234111), np.float64(0.007133957932841305), 0)","(np.float64(-5594.802267853525), np.float64(0.31335910220006347), 0)",613.125,-90.72058964554326,0.005081166618833066,0.0,613.125,-90.72058964554326,0.005081166618833066,0.0,613.125,-90.72058964554326,0.005081166618833066,0.0,613.125,-90.72058964554326,0.005081166618833066,0.0,0.0,0.0,0.0
8780,"(np.float64(-1.4515294343286922), np.float64(8.129866590132905e-05), np.float64(9.81))","(np.float64(-127.44428433405754), np.float64(0.007138022866136371), 0)","(np.float64(-5601.176296482021), np.float64(0.31371610496670266), 0)",613.125,-90.72058964554326,0.005081166618833066,0.0,613.125,-90.72058964554326,0.005081166618833066,0.0,613.125,-90.72058964554326,0.005081166618833066,0.0,613.125,-90.72058964554326,0.005081166618833066,0.0,0.0,0.0,0.0
8785,"(np.float64(-1.4515294343286922), np.float64(8.129866590132905e-05), np.float64(9.81))","(np.float64(-127.51686080577397), np.float64(0.007142087799431437), 0)","(np.float64(-5607.5539539341025), np.float64(0.31407331098000657), 0)",613.125,-90.72058964554326,0.005081166618833066,0.0,613.125,-90.72058964554326,0.005081166618833066,0.0,613.125,-90.72058964554326,0.005081166618833066,0.0,613.125,-90.72058964554326,0.005081166618833066,0.0,0.0,0.0,0.0
8790,"(np.float64(-1.4515294343286922), np.float64(8.129866590132905e-05), np.float64(9.81))","(np.float64(-127.5894372774904), np.float64(0.007146152732726503), 0)","(np.float64(-5613.93524020977), np.float64(0.31443072023997526), 0)",613.125,-90.72058964554326,0.005081166618833066,0.0,613.125,-90.72058964554326,0.005081166618833066,0.0,613.125,-90.72058964554326,0.005081166618833066,0.0,613.125,-90.72058964554326,0.005081166618833066,0.0,0.0,0.0,0.0
8795,"(np.float64(-1.4515294343286922), np.float64(8.129866590132905e-05), np.float64(9.81))","(np.float64(-127.66201374920684), np.float64(0.007150217666021569), 0)","(np.float64(-5620.320155309024), np.float64(0.3147883327466087), 0)",613.125,-90.72058964554326,0.005081166618833066,0.0,613.125,-90.72058964554326,0.005081166618833066,0.0,613.125,-90.72058964554326,0.005081166618833066,0.0,613.125,-90.72058964554326,0.005081166618833066,0.0,0.0,0.0,0.0
8800,"(np.float64(-1.4515294343286922), np.float64(8.129866590132905e-05), np.float64(9.81))","(np.float64(-127.73459022092327), np.float64(0.007154282599316635), 0)","(np.float64(-5626.708699231863), np.float64(0.3151461484999069), 0)",613.125,-90.72058964554326,0.005081166618833066,0.0,613.125,-90.72058964554326,0.005081166618833066,0.0,613.125,-90.72058964554326,0.005081166618833066,0.0,613.125,-90.72058964554326,0.005081166618833066,0.0,0.0,0.0,0.0
8805,"(np.float64(-1.4515294343286922), np.float64(8.129866590132905e-05), np.float64(9.81))","(np.float64(-127.8071666926397), np.float64(0.007158347532611701), 0)","(np.float64(-5633.100871978288), np.float64(0.31550416749986987), 0)",613.125,-90.72058964554326,0.005081166618833066,0.0,613.125,-90.72058964554326,0.005081166618833066,0.0,613.125,-90.72058964554326,0.005081166618833066,0.0,613.125,-90.72058964554326,0.005081166618833066,0.0,0.0,0.0,0.0
8810,"(np.float64(-1.4515294343286922), np.float64(8.129866590132905e-05), np.float64(9.81))","(np.float64(-127.87974316435613), np.float64(0.007162412465906767), 0)","(np.float64(-5639.4966735482985), np.float64(0.31586238974649755), 0)",613.125,-90.72058964554326,0.005081166618833066,0.0,613.125,-90.72058964554326,0.005081166618833066,0.0,613.125,-90.72058964554326,0.005081166618833066,0.0,613.125,-90.72058964554326,0.005081166618833066,0.0,0.0,0.0,0.0
8815,"(np.float64(-1.4515294343286922), np.float64(8.129866590132905e-05), np.float64(9.81))","(np.float64(-127.95231963607256), np.float64(0.007166477399201833), 0)","(np.float64(-5645.8961039418955), np.float64(0.31622081523979), 0)",613.125,-90.72058964554326,0.005081166618833066,0.0,613.125,-90.72058964554326,0.005081166618833066,0.0,613.125,-90.72058964554326,0.005081166618833066,0.0,613.125,-90.72058964554326,0.005081166618833066,0.0,0.0,0.0,0.0
8820,"(np.float64(-1.4515294343286922), np.float64(8.129866590132905e-05), np.float64(9.81))","(np.float64(-128.024896107789), np.float64(0.007170542332496899), 0)","(np.float64(-5652.299163159078), np.float64(0.3165794439797472), 0)",613.125,-90.72058964554326,0.005081166618833066,0.0,613.125,-90.72058964554326,0.005081166618833066,0.0,613.125,-90.72058964554326,0.005081166618833066,0.0,613.125,-90.72058964554326,0.005081166618833066,0.0,0.0,0.0,0.0
8825,"(np.float64(-1.4515294343286922), np.float64(8.129866590132905e-05), np.float64(9.81))","(np.float64(-128.09747257950545), np.float64(0.007174607265791965), 0)","(np.float64(-5658.705851199846), np.float64(0.31693827596636914), 0)",613.125,-90.72058964554326,0.005081166618833066,0.0,613.125,-90.72058964554326,0.005081166618833066,0.0,613.125,-90.72058964554326,0.005081166618833066,0.0,613.125,-90.72058964554326,0.005081166618833066,0.0,0.0,0.0,0.0
8830,"(np.float64(-1.4515294343286922), np.float64(8.129866590132905e-05), np.float64(9.81))","(np.float64(-128.1700490512219), np.float64(0.007178672199087031), 0)","(np.float64(-5665.1161680642), np.float64(0.3172973111996559), 0)",613.125,-90.72058964554326,0.005081166618833066,0.0,613.125,-90.72058964554326,0.005081166618833066,0.0,613.125,-90.72058964554326,0.005081166618833066,0.0,613.125,-90.72058964554326,0.005081166618833066,0.0,0.0,0.0,0.0
8835,"(np.float64(-1.4515294343286922), np.float64(8.129866590132905e-05), np.float64(9.81))","(np.float64(-128.24262552293834), np.float64(0.007182737132382097), 0)","(np.float64(-5671.53011375214), np.float64(0.3176565496796073), 0)",613.125,-90.72058964554326,0.005081166618833066,0.0,613.125,-90.72058964554326,0.005081166618833066,0.0,613.125,-90.72058964554326,0.005081166618833066,0.0,613.125,-90.72058964554326,0.005081166618833066,0.0,0.0,0.0,0.0
8840,"(np.float64(-1.4515294343286922), np.float64(8.129866590132905e-05), np.float64(9.81))","(np.float64(-128.31520199465479), np.float64(0.007186802065677163), 0)","(np.float64(-5677.947688263665), np.float64(0.31801599140622355), 0)",613.125,-90.72058964554326,0.005081166618833066,0.0,613.125,-90.72058964554326,0.005081166618833066,0.0,613.125,-90.72058964554326,0.005081166618833066,0.0,613.125,-90.72058964554326,0.005081166618833066,0.0,0.0,0.0,0.0
8845,"(np.float64(-1.4515294343286922), np.float64(8.129866590132905e-05), np.float64(9.81))","(np.float64(-128.38777846637123), np.float64(0.007190866998972229), 0)","(np.float64(-5684.368891598777), np.float64(0.3183756363795045), 0)",613.125,-90.72058964554326,0.005081166618833066,0.0,613.125,-90.72058964554326,0.005081166618833066,0.0,613.125,-90.72058964554326,0.005081166618833066,0.0,613.125,-90.72058964554326,0.005081166618833066,0.0,0.0,0.0,0.0
8850,"(np.float64(-1.4515294343286922), np.float64(8.129866590132905e-05), np.float64(9.81))","(np.float64(-128.46035493808768), np.float64(0.007194931932267295), 0)","(np.float64(-5690.793723757474), np.float64(0.3187354845994502), 0)",613.125,-90.72058964554326,0.005081166618833066,0.0,613.125,-90.72058964554326,0.005081166618833066,0.0,613.125,-90.72058964554326,0.005081166618833066,0.0,613.125,-90.72058964554326,0.005081166618833066,0.0,0.0,0.0,0.0
8855,"(np.float64(-1.4515294343286922), np.float64(8.129866590132905e-05), np.float64(9.81))","(np.float64(-128.53293140980412), np.float64(0.007198996865562361), 0)","(np.float64(-5697.222184739758), np.float64(0.3190955360660607), 0)",613.125,-90.72058964554326,0.005081166618833066,0.0,613.125,-90.72058964554326,0.005081166618833066,0.0,613.125,-90.72058964554326,0.005081166618833066,0.0,613.125,-90.72058964554326,0.005081166618833066,0.0,0.0,0.0,0.0
8860,"(np.float64(-1.4515294343286922), np.float64(8.129866590132905e-05), np.float64(9.81))","(np.float64(-128.60550788152057), np.float64(0.0072030617988574274), 0)","(np.float64(-5703.654274545626), np.float64(0.31945579077933595), 0)",613.125,-90.72058964554326,0.005081166618833066,0.0,613.125,-90.72058964554326,0.005081166618833066,0.0,613.125,-90.72058964554326,0.005081166618833066,0.0,613.125,-90.72058964554326,0.005081166618833066,0.0,0.0,0.0,0.0
8865,"(np.float64(-1.4515294343286922), np.float64(8.129866590132905e-05), np.float64(9.81))","(np.float64(-128.678084353237), np.float64(0.0072071267321524935), 0)","(np.float64(-5710.089993175081), np.float64(0.31981624873927594), 0)",613.125,-90.72058964554326,0.005081166618833066,0.0,613.125,-90.72058964554326,0.005081166618833066,0.0,613.125,-90.72058964554326,0.005081166618833066,0.0,613.125,-90.72058964554326,0.005081166618833066,0.0,0.0,0.0,0.0
8870,"(np.float64(-1.4515294343286922), np.float64(8.129866590132905e-05), np.float64(9.81))","(np.float64(-128.75066082495346), np.float64(0.0072111916654475595), 0)","(np.float64(-5716.529340628122), np.float64(0.32017690994588066), 0)",613.125,-90.72058964554326,0.005081166618833066,0.0,613.125,-90.72058964554326,0.005081166618833066,0.0,613.125,-90.72058964554326,0.005081166618833066,0.0,613.125,-90.72058964554326,0.005081166618833066,0.0,0.0,0.0,0.0
8875,"(np.float64(-1.4515294343286922), np.float64(8.129866590132905e-05), np.float64(9.81))","(np.float64(-128.8232372966699), np.float64(0.0072152565987426255), 0)","(np.float64(-5722.972316904748), np.float64(0.32053777439915015), 0)",613.125,-90.72058964554326,0.005081166618833066,0.0,613.125,-90.72058964554326,0.005081166618833066,0.0,613.125,-90.72058964554326,0.005081166618833066,0.0,613.125,-90.72058964554326,0.005081166618833066,0.0,0.0,0.0,0.0
8880,"(np.float64(-1.4515294343286922), np.float64(8.129866590132905e-05), np.float64(9.81))","(np.float64(-128.89581376838635), np.float64(0.007219321532037692), 0)","(np.float64(-5729.418922004961), np.float64(0.3208988420990844), 0)",613.125,-90.72058964554326,0.005081166618833066,0.0,613.125,-90.72058964554326,0.005081166618833066,0.0,613.125,-90.72058964554326,0.005081166618833066,0.0,613.125,-90.72058964554326,0.005081166618833066,0.0,0.0,0.0,0.0
8885,"(np.float64(-1.4515294343286922), np.float64(8.129866590132905e-05), np.float64(9.81))","(np.float64(-128.9683902401028), np.float64(0.007223386465332758), 0)","(np.float64(-5735.869155928759), np.float64(0.3212601130456834), 0)",613.125,-90.72058964554326,0.005081166618833066,0.0,613.125,-90.72058964554326,0.005081166618833066,0.0,613.125,-90.72058964554326,0.005081166618833066,0.0,613.125,-90.72058964554326,0.005081166618833066,0.0,0.0,0.0,0.0
8890,"(np.float64(-1.4515294343286922), np.float64(8.129866590132905e-05), np.float64(9.81))","(np.float64(-129.04096671181924), np.float64(0.007227451398627824), 0)","(np.float64(-5742.323018676143), np.float64(0.3216215872389472), 0)",613.125,-90.72058964554326,0.005081166618833066,0.0,613.125,-90.72058964554326,0.005081166618833066,0.0,613.125,-90.72058964554326,0.005081166618833066,0.0,613.125,-90.72058964554326,0.005081166618833066,0.0,0.0,0.0,0.0
8895,"(np.float64(-1.4515294343286922), np.float64(8.129866590132905e-05), np.float64(9.81))","(np.float64(-129.11354318353568), np.float64(0.00723151633192289), 0)","(np.float64(-5748.780510247113), np.float64(0.32198326467887567), 0)",613.125,-90.72058964554326,0.005081166618833066,0.0,613.125,-90.72058964554326,0.005081166618833066,0.0,613.125,-90.72058964554326,0.005081166618833066,0.0,613.125,-90.72058964554326,0.005081166618833066,0.0,0.0,0.0,0.0
8900,"(np.float64(-1.4515294343286922), np.float64(8.129866590132905e-05), np.float64(9.81))","(np.float64(-129.18611965525213), np.float64(0.007235581265217956), 0)","(np.float64(-5755.241630641669), np.float64(0.32234514536546893), 0)",613.125,-90.72058964554326,0.005081166618833066,0.0,613.125,-90.72058964554326,0.005081166618833066,0.0,613.125,-90.72058964554326,0.005081166618833066,0.0,613.125,-90.72058964554326,0.005081166618833066,0.0,0.0,0.0,0.0
8905,"(np.float64(-1.4515294343286922), np.float64(8.129866590132905e-05), np.float64(9.81))","(np.float64(-129.25869612696857), np.float64(0.007239646198513022), 0)","(np.float64(-5761.70637985981), np.float64(0.3227072292987269), 0)",613.125,-90.72058964554326,0.005081166618833066,0.0,613.125,-90.72058964554326,0.005081166618833066,0.0,613.125,-90.72058964554326,0.005081166618833066,0.0,613.125,-90.72058964554326,0.005081166618833066,0.0,0.0,0.0,0.0
8910,"(np.float64(-1.4515294343286922), np.float64(8.129866590132905e-05), np.float64(9.81))","(np.float64(-129.33127259868502), np.float64(0.007243711131808088), 0)","(np.float64(-5768.174757901537), np.float64(0.3230695164786497), 0)",613.125,-90.72058964554326,0.005081166618833066,0.0,613.125,-90.72058964554326,0.005081166618833066,0.0,613.125,-90.72058964554326,0.005081166618833066,0.0,613.125,-90.72058964554326,0.005081166618833066,0.0,0.0,0.0,0.0
8915,"(np.float64(-1.4515294343286922), np.float64(8.129866590132905e-05), np.float64(9.81))","(np.float64(-129.40384907040146), np.float64(0.007247776065103154), 0)","(np.float64(-5774.6467647668505), np.float64(0.3234320069052372), 0)",613.125,-90.72058964554326,0.005081166618833066,0.0,613.125,-90.72058964554326,0.005081166618833066,0.0,613.125,-90.72058964554326,0.005081166618833066,0.0,613.125,-90.72058964554326,0.005081166618833066,0.0,0.0,0.0,0.0
8920,"(np.float64(-1.4515294343286922), np.float64(8.129866590132905e-05), np.float64(9.81))","(np.float64(-129.4764255421179), np.float64(0.00725184099839822), 0)","(np.float64(-5781.12240045575), np.float64(0.32379470057848947), 0)",613.125,-90.72058964554326,0.005081166618833066,0.0,613.125,-90.72058964554326,0.005081166618833066,0.0,613.125,-90.72058964554326,0.005081166618833066,0.0,613.125,-90.72058964554326,0.005081166618833066,0.0,0.0,0.0,0.0
8925,"(np.float64(-1.4515294343286922), np.float64(8.129866590132905e-05), np.float64(9.81))","(np.float64(-129.54900201383435), np.float64(0.007255905931693286), 0)","(np.float64(-5787.601664968234), np.float64(0.3241575974984065), 0)",613.125,-90.72058964554326,0.005081166618833066,0.0,613.125,-90.72058964554326,0.005081166618833066,0.0,613.125,-90.72058964554326,0.005081166618833066,0.0,613.125,-90.72058964554326,0.005081166618833066,0.0,0.0,0.0,0.0
8930,"(np.float64(-1.4515294343286922), np.float64(8.129866590132905e-05), np.float64(9.81))","(np.float64(-129.6215784855508), np.float64(0.007259970864988352), 0)","(np.float64(-5794.084558304305), np.float64(0.32452069766498826), 0)",613.125,-90.72058964554326,0.005081166618833066,0.0,613.125,-90.72058964554326,0.005081166618833066,0.0,613.125,-90.72058964554326,0.005081166618833066,0.0,613.125,-90.72058964554326,0.005081166618833066,0.0,0.0,0.0,0.0
8935,"(np.float64(-1.4515294343286922), np.float64(8.129866590132905e-05), np.float64(9.81))","(np.float64(-129.69415495726724), np.float64(0.007264035798283418), 0)","(np.float64(-5800.571080463961), np.float64(0.3248840010782348), 0)",613.125,-90.72058964554326,0.005081166618833066,0.0,613.125,-90.72058964554326,0.005081166618833066,0.0,613.125,-90.72058964554326,0.005081166618833066,0.0,613.125,-90.72058964554326,0.005081166618833066,0.0,0.0,0.0,0.0
8940,"(np.float64(-1.4515294343286922), np.float64(8.129866590132905e-05), np.float64(9.81))","(np.float64(-129.7667314289837), np.float64(0.007268100731578484), 0)","(np.float64(-5807.061231447204), np.float64(0.3252475077381461), 0)",613.125,-90.72058964554326,0.005081166618833066,0.0,613.125,-90.72058964554326,0.005081166618833066,0.0,613.125,-90.72058964554326,0.005081166618833066,0.0,613.125,-90.72058964554326,0.005081166618833066,0.0,0.0,0.0,0.0
8945,"(np.float64(-1.4515294343286922), np.float64(8.129866590132905e-05), np.float64(9.81))","(np.float64(-129.83930790070013), np.float64(0.00727216566487355), 0)","(np.float64(-5813.555011254031), np.float64(0.3256112176447221), 0)",613.125,-90.72058964554326,0.005081166618833066,0.0,613.125,-90.72058964554326,0.005081166618833066,0.0,613.125,-90.72058964554326,0.005081166618833066,0.0,613.125,-90.72058964554326,0.005081166618833066,0.0,0.0,0.0,0.0
8950,"(np.float64(-1.4515294343286922), np.float64(8.129866590132905e-05), np.float64(9.81))","(np.float64(-129.91188437241658), np.float64(0.007276230598168616), 0)","(np.float64(-5820.052419884445), np.float64(0.3259751307979629), 0)",613.125,-90.72058964554326,0.005081166618833066,0.0,613.125,-90.72058964554326,0.005081166618833066,0.0,613.125,-90.72058964554326,0.005081166618833066,0.0,613.125,-90.72058964554326,0.005081166618833066,0.0,0.0,0.0,0.0
8955,"(np.float64(-1.4515294343286922), np.float64(8.129866590132905e-05), np.float64(9.81))","(np.float64(-129.98446084413303), np.float64(0.007280295531463682), 0)","(np.float64(-5826.553457338445), np.float64(0.32633924719786844), 0)",613.125,-90.72058964554326,0.005081166618833066,0.0,613.125,-90.72058964554326,0.005081166618833066,0.0,613.125,-90.72058964554326,0.005081166618833066,0.0,613.125,-90.72058964554326,0.005081166618833066,0.0,0.0,0.0,0.0
8960,"(np.float64(-1.4515294343286922), np.float64(8.129866590132905e-05), np.float64(9.81))","(np.float64(-130.05703731584947), np.float64(0.007284360464758748), 0)","(np.float64(-5833.058123616031), np.float64(0.32670356684443874), 0)",613.125,-90.72058964554326,0.005081166618833066,0.0,613.125,-90.72058964554326,0.005081166618833066,0.0,613.125,-90.72058964554326,0.005081166618833066,0.0,613.125,-90.72058964554326,0.005081166618833066,0.0,0.0,0.0,0.0
8965,"(np.float64(-1.4515294343286922), np.float64(8.129866590132905e-05), np.float64(9.81))","(np.float64(-130.12961378756592), np.float64(0.007288425398053814), 0)","(np.float64(-5839.5664187172015), np.float64(0.3270680897376738), 0)",613.125,-90.72058964554326,0.005081166618833066,0.0,613.125,-90.72058964554326,0.005081166618833066,0.0,613.125,-90.72058964554326,0.005081166618833066,0.0,613.125,-90.72058964554326,0.005081166618833066,0.0,0.0,0.0,0.0
8970,"(np.float64(-1.4515294343286922), np.float64(8.129866590132905e-05), np.float64(9.81))","(np.float64(-130.20219025928236), np.float64(0.00729249033134888), 0)","(np.float64(-5846.078342641958), np.float64(0.3274328158775736), 0)",613.125,-90.72058964554326,0.005081166618833066,0.0,613.125,-90.72058964554326,0.005081166618833066,0.0,613.125,-90.72058964554326,0.005081166618833066,0.0,613.125,-90.72058964554326,0.005081166618833066,0.0,0.0,0.0,0.0
8975,"(np.float64(-1.4515294343286922), np.float64(8.129866590132905e-05), np.float64(9.81))","(np.float64(-130.2747667309988), np.float64(0.007296555264643946), 0)","(np.float64(-5852.593895390301), np.float64(0.3277977452641382), 0)",613.125,-90.72058964554326,0.005081166618833066,0.0,613.125,-90.72058964554326,0.005081166618833066,0.0,613.125,-90.72058964554326,0.005081166618833066,0.0,613.125,-90.72058964554326,0.005081166618833066,0.0,0.0,0.0,0.0
8980,"(np.float64(-1.4515294343286922), np.float64(8.129866590132905e-05), np.float64(9.81))","(np.float64(-130.34734320271525), np.float64(0.007300620197939012), 0)","(np.float64(-5859.1130769622305), np.float64(0.3281628778973675), 0)",613.125,-90.72058964554326,0.005081166618833066,0.0,613.125,-90.72058964554326,0.005081166618833066,0.0,613.125,-90.72058964554326,0.005081166618833066,0.0,613.125,-90.72058964554326,0.005081166618833066,0.0,0.0,0.0,0.0
8985,"(np.float64(-1.4515294343286922), np.float64(8.129866590132905e-05), np.float64(9.81))","(np.float64(-130.4199196744317), np.float64(0.007304685131234078), 0)","(np.float64(-5865.635887357745), np.float64(0.32852821377726155), 0)",613.125,-90.72058964554326,0.005081166618833066,0.0,613.125,-90.72058964554326,0.005081166618833066,0.0,613.125,-90.72058964554326,0.005081166618833066,0.0,613.125,-90.72058964554326,0.005081166618833066,0.0,0.0,0.0,0.0
8990,"(np.float64(-1.4515294343286922), np.float64(8.129866590132905e-05), np.float64(9.81))","(np.float64(-130.49249614614814), np.float64(0.007308750064529144), 0)","(np.float64(-5872.162326576845), np.float64(0.3288937529038204), 0)",613.125,-90.72058964554326,0.005081166618833066,0.0,613.125,-90.72058964554326,0.005081166618833066,0.0,613.125,-90.72058964554326,0.005081166618833066,0.0,613.125,-90.72058964554326,0.005081166618833066,0.0,0.0,0.0,0.0
8995,"(np.float64(-1.4515294343286922), np.float64(8.129866590132905e-05), np.float64(9.81))","(np.float64(-130.5650726178646), np.float64(0.00731281499782421), 0)","(np.float64(-5878.692394619531), np.float64(0.32925949527704396), 0)",613.125,-90.72058964554326,0.005081166618833066,0.0,613.125,-90.72058964554326,0.005081166618833066,0.0,613.125,-90.72058964554326,0.005081166618833066,0.0,613.125,-90.72058964554326,0.005081166618833066,0.0,0.0,0.0,0.0
9000,"(np.float64(-1.4515294343286922), np.float64(8.129866590132905e-05), np.float64(9.81))","(np.float64(-130.63764908958103), np.float64(0.007316879931119276), 0)","(np.float64(-5885.226091485803), np.float64(0.3296254408969323), 0)",613.125,-90.72058964554326,0.005081166618833066,0.0,613.125,-90.72058964554326,0.005081166618833066,0.0,613.125,-90.72058964554326,0.005081166618833066,0.0,613.125,-90.72058964554326,0.005081166618833066,0.0,0.0,0.0,0.0
9005,"(np.float64(-1.4515294343286922), np.float64(8.129866590132905e-05), np.float64(9.81))","(np.float64(-130.71022556129748), np.float64(0.007320944864414342), 0)","(np.float64(-5891.763417175662), np.float64(0.32999158976348536), 0)",613.125,-90.72058964554326,0.005081166618833066,0.0,613.125,-90.72058964554326,0.005081166618833066,0.0,613.125,-90.72058964554326,0.005081166618833066,0.0,613.125,-90.72058964554326,0.005081166618833066,0.0,0.0,0.0,0.0
9010,"(np.float64(-1.4515294343286922), np.float64(8.129866590132905e-05), np.float64(9.81))","(np.float64(-130.78280203301392), np.float64(0.0073250097977094085), 0)","(np.float64(-5898.304371689105), np.float64(0.3303579418767032), 0)",613.125,-90.72058964554326,0.005081166618833066,0.0,613.125,-90.72058964554326,0.005081166618833066,0.0,613.125,-90.72058964554326,0.005081166618833066,0.0,613.125,-90.72058964554326,0.005081166618833066,0.0,0.0,0.0,0.0
9015,"(np.float64(-1.4515294343286922), np.float64(8.129866590132905e-05), np.float64(9.81))","(np.float64(-130.85537850473037), np.float64(0.0073290747310044745), 0)","(np.float64(-5904.848955026135), np.float64(0.33072449723658576), 0)",613.125,-90.72058964554326,0.005081166618833066,0.0,613.125,-90.72058964554326,0.005081166618833066,0.0,613.125,-90.72058964554326,0.005081166618833066,0.0,613.125,-90.72058964554326,0.005081166618833066,0.0,0.0,0.0,0.0
9020,"(np.float64(-1.4515294343286922), np.float64(8.129866590132905e-05), np.float64(9.81))","(np.float64(-130.9279549764468), np.float64(0.0073331396642995405), 0)","(np.float64(-5911.39716718675), np.float64(0.3310912558431331), 0)",613.125,-90.72058964554326,0.005081166618833066,0.0,613.125,-90.72058964554326,0.005081166618833066,0.0,613.125,-90.72058964554326,0.005081166618833066,0.0,613.125,-90.72058964554326,0.005081166618833066,0.0,0.0,0.0,0.0
9025,"(np.float64(-1.4515294343286922), np.float64(8.129866590132905e-05), np.float64(9.81))","(np.float64(-131.00053144816326), np.float64(0.0073372045975946066), 0)","(np.float64(-5917.949008170952), np.float64(0.3314582176963452), 0)",613.125,-90.72058964554326,0.005081166618833066,0.0,613.125,-90.72058964554326,0.005081166618833066,0.0,613.125,-90.72058964554326,0.005081166618833066,0.0,613.125,-90.72058964554326,0.005081166618833066,0.0,0.0,0.0,0.0
9030,"(np.float64(-1.4515294343286922), np.float64(8.129866590132905e-05), np.float64(9.81))","(np.float64(-131.0731079198797), np.float64(0.007341269530889673), 0)","(np.float64(-5924.504477978739), np.float64(0.33182538279622203), 0)",613.125,-90.72058964554326,0.005081166618833066,0.0,613.125,-90.72058964554326,0.005081166618833066,0.0,613.125,-90.72058964554326,0.005081166618833066,0.0,613.125,-90.72058964554326,0.005081166618833066,0.0,0.0,0.0,0.0
9035,"(np.float64(-1.4515294343286922), np.float64(8.129866590132905e-05), np.float64(9.81))","(np.float64(-131.14568439159615), np.float64(0.007345334464184739), 0)","(np.float64(-5931.063576610111), np.float64(0.33219275114276364), 0)",613.125,-90.72058964554326,0.005081166618833066,0.0,613.125,-90.72058964554326,0.005081166618833066,0.0,613.125,-90.72058964554326,0.005081166618833066,0.0,613.125,-90.72058964554326,0.005081166618833066,0.0,0.0,0.0,0.0
9040,"(np.float64(-1.4515294343286922), np.float64(8.129866590132905e-05), np.float64(9.81))","(np.float64(-131.2182608633126), np.float64(0.007349399397479805), 0)","(np.float64(-5937.62630406507), np.float64(0.33256032273596997), 0)",613.125,-90.72058964554326,0.005081166618833066,0.0,613.125,-90.72058964554326,0.005081166618833066,0.0,613.125,-90.72058964554326,0.005081166618833066,0.0,613.125,-90.72058964554326,0.005081166618833066,0.0,0.0,0.0,0.0
9045,"(np.float64(-1.4515294343286922), np.float64(8.129866590132905e-05), np.float64(9.81))","(np.float64(-131.29083733502904), np.float64(0.007353464330774871), 0)","(np.float64(-5944.192660343615), np.float64(0.3329280975758411), 0)",613.125,-90.72058964554326,0.005081166618833066,0.0,613.125,-90.72058964554326,0.005081166618833066,0.0,613.125,-90.72058964554326,0.005081166618833066,0.0,613.125,-90.72058964554326,0.005081166618833066,0.0,0.0,0.0,0.0
9050,"(np.float64(-1.4515294343286922), np.float64(8.129866590132905e-05), np.float64(9.81))","(np.float64(-131.36341380674548), np.float64(0.007357529264069937), 0)","(np.float64(-5950.762645445745), np.float64(0.33329607566237696), 0)",613.125,-90.72058964554326,0.005081166618833066,0.0,613.125,-90.72058964554326,0.005081166618833066,0.0,613.125,-90.72058964554326,0.005081166618833066,0.0,613.125,-90.72058964554326,0.005081166618833066,0.0,0.0,0.0,0.0
9055,"(np.float64(-1.4515294343286922), np.float64(8.129866590132905e-05), np.float64(9.81))","(np.float64(-131.43599027846193), np.float64(0.007361594197365003), 0)","(np.float64(-5957.336259371461), np.float64(0.33366425699557756), 0)",613.125,-90.72058964554326,0.005081166618833066,0.0,613.125,-90.72058964554326,0.005081166618833066,0.0,613.125,-90.72058964554326,0.005081166618833066,0.0,613.125,-90.72058964554326,0.005081166618833066,0.0,0.0,0.0,0.0
9060,"(np.float64(-1.4515294343286922), np.float64(8.129866590132905e-05), np.float64(9.81))","(np.float64(-131.50856675017837), np.float64(0.007365659130660069), 0)","(np.float64(-5963.913502120763), np.float64(0.33403264157544293), 0)",613.125,-90.72058964554326,0.005081166618833066,0.0,613.125,-90.72058964554326,0.005081166618833066,0.0,613.125,-90.72058964554326,0.005081166618833066,0.0,613.125,-90.72058964554326,0.005081166618833066,0.0,0.0,0.0,0.0
9065,"(np.float64(-1.4515294343286922), np.float64(8.129866590132905e-05), np.float64(9.81))","(np.float64(-131.58114322189482), np.float64(0.007369724063955135), 0)","(np.float64(-5970.494373693651), np.float64(0.33440122940197303), 0)",613.125,-90.72058964554326,0.005081166618833066,0.0,613.125,-90.72058964554326,0.005081166618833066,0.0,613.125,-90.72058964554326,0.005081166618833066,0.0,613.125,-90.72058964554326,0.005081166618833066,0.0,0.0,0.0,0.0
9070,"(np.float64(-1.4515294343286922), np.float64(8.129866590132905e-05), np.float64(9.81))","(np.float64(-131.65371969361127), np.float64(0.007373788997250201), 0)","(np.float64(-5977.078874090124), np.float64(0.3347700204751679), 0)",613.125,-90.72058964554326,0.005081166618833066,0.0,613.125,-90.72058964554326,0.005081166618833066,0.0,613.125,-90.72058964554326,0.005081166618833066,0.0,613.125,-90.72058964554326,0.005081166618833066,0.0,0.0,0.0,0.0
9075,"(np.float64(-1.4515294343286922), np.float64(8.129866590132905e-05), np.float64(9.81))","(np.float64(-131.7262961653277), np.float64(0.007377853930545267), 0)","(np.float64(-5983.667003310184), np.float64(0.33513901479502756), 0)",613.125,-90.72058964554326,0.005081166618833066,0.0,613.125,-90.72058964554326,0.005081166618833066,0.0,613.125,-90.72058964554326,0.005081166618833066,0.0,613.125,-90.72058964554326,0.005081166618833066,0.0,0.0,0.0,0.0
9080,"(np.float64(-1.4515294343286922), np.float64(8.129866590132905e-05), np.float64(9.81))","(np.float64(-131.79887263704416), np.float64(0.007381918863840333), 0)","(np.float64(-5990.258761353829), np.float64(0.3355082123615519), 0)",613.125,-90.72058964554326,0.005081166618833066,0.0,613.125,-90.72058964554326,0.005081166618833066,0.0,613.125,-90.72058964554326,0.005081166618833066,0.0,613.125,-90.72058964554326,0.005081166618833066,0.0,0.0,0.0,0.0
9085,"(np.float64(-1.4515294343286922), np.float64(8.129866590132905e-05), np.float64(9.81))","(np.float64(-131.8714491087606), np.float64(0.007385983797135399), 0)","(np.float64(-5996.85414822106), np.float64(0.3358776131747411), 0)",613.125,-90.72058964554326,0.005081166618833066,0.0,613.125,-90.72058964554326,0.005081166618833066,0.0,613.125,-90.72058964554326,0.005081166618833066,0.0,613.125,-90.72058964554326,0.005081166618833066,0.0,0.0,0.0,0.0
9090,"(np.float64(-1.4515294343286922), np.float64(8.129866590132905e-05), np.float64(9.81))","(np.float64(-131.94402558047705), np.float64(0.007390048730430465), 0)","(np.float64(-6003.453163911877), np.float64(0.33624721723459494), 0)",613.125,-90.72058964554326,0.005081166618833066,0.0,613.125,-90.72058964554326,0.005081166618833066,0.0,613.125,-90.72058964554326,0.005081166618833066,0.0,613.125,-90.72058964554326,0.005081166618833066,0.0,0.0,0.0,0.0
9095,"(np.float64(-1.4515294343286922), np.float64(8.129866590132905e-05), np.float64(9.81))","(np.float64(-132.0166020521935), np.float64(0.007394113663725531), 0)","(np.float64(-6010.055808426279), np.float64(0.3366170245411136), 0)",613.125,-90.72058964554326,0.005081166618833066,0.0,613.125,-90.72058964554326,0.005081166618833066,0.0,613.125,-90.72058964554326,0.005081166618833066,0.0,613.125,-90.72058964554326,0.005081166618833066,0.0,0.0,0.0,0.0
9100,"(np.float64(-1.4515294343286922), np.float64(8.129866590132905e-05), np.float64(9.81))","(np.float64(-132.08917852390994), np.float64(0.007398178597020597), 0)","(np.float64(-6016.662081764268), np.float64(0.33698703509429695), 0)",613.125,-90.72058964554326,0.005081166618833066,0.0,613.125,-90.72058964554326,0.005081166618833066,0.0,613.125,-90.72058964554326,0.005081166618833066,0.0,613.125,-90.72058964554326,0.005081166618833066,0.0,0.0,0.0,0.0
9105,"(np.float64(-1.4515294343286922), np.float64(8.129866590132905e-05), np.float64(9.81))","(np.float64(-132.16175499562638), np.float64(0.007402243530315663), 0)","(np.float64(-6023.2719839258425), np.float64(0.3373572488941451), 0)",613.125,-90.72058964554326,0.005081166618833066,0.0,613.125,-90.72058964554326,0.005081166618833066,0.0,613.125,-90.72058964554326,0.005081166618833066,0.0,613.125,-90.72058964554326,0.005081166618833066,0.0,0.0,0.0,0.0
9110,"(np.float64(-1.4515294343286922), np.float64(8.129866590132905e-05), np.float64(9.81))","(np.float64(-132.23433146734283), np.float64(0.007406308463610729), 0)","(np.float64(-6029.885514911002), np.float64(0.337727665940658), 0)",613.125,-90.72058964554326,0.005081166618833066,0.0,613.125,-90.72058964554326,0.005081166618833066,0.0,613.125,-90.72058964554326,0.005081166618833066,0.0,613.125,-90.72058964554326,0.005081166618833066,0.0,0.0,0.0,0.0
9115,"(np.float64(-1.4515294343286922), np.float64(8.129866590132905e-05), np.float64(9.81))","(np.float64(-132.30690793905927), np.float64(0.007410373396905795), 0)","(np.float64(-6036.502674719748), np.float64(0.33809828623383564), 0)",613.125,-90.72058964554326,0.005081166618833066,0.0,613.125,-90.72058964554326,0.005081166618833066,0.0,613.125,-90.72058964554326,0.005081166618833066,0.0,613.125,-90.72058964554326,0.005081166618833066,0.0,0.0,0.0,0.0
9120,"(np.float64(-1.4515294343286922), np.float64(8.129866590132905e-05), np.float64(9.81))","(np.float64(-132.37948441077572), np.float64(0.007414438330200861), 0)","(np.float64(-6043.12346335208), np.float64(0.33846910977367806), 0)",613.125,-90.72058964554326,0.005081166618833066,0.0,613.125,-90.72058964554326,0.005081166618833066,0.0,613.125,-90.72058964554326,0.005081166618833066,0.0,613.125,-90.72058964554326,0.005081166618833066,0.0,0.0,0.0,0.0
9125,"(np.float64(-1.4515294343286922), np.float64(8.129866590132905e-05), np.float64(9.81))","(np.float64(-132.45206088249216), np.float64(0.007418503263495927), 0)","(np.float64(-6049.747880807998), np.float64(0.3388401365601852), 0)",613.125,-90.72058964554326,0.005081166618833066,0.0,613.125,-90.72058964554326,0.005081166618833066,0.0,613.125,-90.72058964554326,0.005081166618833066,0.0,613.125,-90.72058964554326,0.005081166618833066,0.0,0.0,0.0,0.0
9130,"(np.float64(-1.4515294343286922), np.float64(8.129866590132905e-05), np.float64(9.81))","(np.float64(-132.5246373542086), np.float64(0.007422568196790993), 0)","(np.float64(-6056.375927087502), np.float64(0.3392113665933571), 0)",613.125,-90.72058964554326,0.005081166618833066,0.0,613.125,-90.72058964554326,0.005081166618833066,0.0,613.125,-90.72058964554326,0.005081166618833066,0.0,613.125,-90.72058964554326,0.005081166618833066,0.0,0.0,0.0,0.0
9135,"(np.float64(-1.4515294343286922), np.float64(8.129866590132905e-05), np.float64(9.81))","(np.float64(-132.59721382592505), np.float64(0.007426633130086059), 0)","(np.float64(-6063.007602190591), np.float64(0.3395827998731938), 0)",613.125,-90.72058964554326,0.005081166618833066,0.0,613.125,-90.72058964554326,0.005081166618833066,0.0,613.125,-90.72058964554326,0.005081166618833066,0.0,613.125,-90.72058964554326,0.005081166618833066,0.0,0.0,0.0,0.0
9140,"(np.float64(-1.4515294343286922), np.float64(8.129866590132905e-05), np.float64(9.81))","(np.float64(-132.6697902976415), np.float64(0.007430698063381125), 0)","(np.float64(-6069.642906117266), np.float64(0.3399544363996952), 0)",613.125,-90.72058964554326,0.005081166618833066,0.0,613.125,-90.72058964554326,0.005081166618833066,0.0,613.125,-90.72058964554326,0.005081166618833066,0.0,613.125,-90.72058964554326,0.005081166618833066,0.0,0.0,0.0,0.0
9145,"(np.float64(-1.4515294343286922), np.float64(8.129866590132905e-05), np.float64(9.81))","(np.float64(-132.74236676935794), np.float64(0.007434762996676191), 0)","(np.float64(-6076.281838867527), np.float64(0.3403262761728614), 0)",613.125,-90.72058964554326,0.005081166618833066,0.0,613.125,-90.72058964554326,0.005081166618833066,0.0,613.125,-90.72058964554326,0.005081166618833066,0.0,613.125,-90.72058964554326,0.005081166618833066,0.0,0.0,0.0,0.0
9150,"(np.float64(-1.4515294343286922), np.float64(8.129866590132905e-05), np.float64(9.81))","(np.float64(-132.8149432410744), np.float64(0.007438827929971257), 0)","(np.float64(-6082.924400441374), np.float64(0.3406983191926923), 0)",613.125,-90.72058964554326,0.005081166618833066,0.0,613.125,-90.72058964554326,0.005081166618833066,0.0,613.125,-90.72058964554326,0.005081166618833066,0.0,613.125,-90.72058964554326,0.005081166618833066,0.0,0.0,0.0,0.0
9155,"(np.float64(-1.4515294343286922), np.float64(8.129866590132905e-05), np.float64(9.81))","(np.float64(-132.88751971279083), np.float64(0.0074428928632663234), 0)","(np.float64(-6089.570590838806), np.float64(0.34107056545918796), 0)",613.125,-90.72058964554326,0.005081166618833066,0.0,613.125,-90.72058964554326,0.005081166618833066,0.0,613.125,-90.72058964554326,0.005081166618833066,0.0,613.125,-90.72058964554326,0.005081166618833066,0.0,0.0,0.0,0.0
9160,"(np.float64(-1.4515294343286922), np.float64(8.129866590132905e-05), np.float64(9.81))","(np.float64(-132.96009618450728), np.float64(0.0074469577965613895), 0)","(np.float64(-6096.220410059825), np.float64(0.3414430149723484), 0)",613.125,-90.72058964554326,0.005081166618833066,0.0,613.125,-90.72058964554326,0.005081166618833066,0.0,613.125,-90.72058964554326,0.005081166618833066,0.0,613.125,-90.72058964554326,0.005081166618833066,0.0,0.0,0.0,0.0
9165,"(np.float64(-1.4515294343286922), np.float64(8.129866590132905e-05), np.float64(9.81))","(np.float64(-133.03267265622372), np.float64(0.0074510227298564555), 0)","(np.float64(-6102.873858104429), np.float64(0.3418156677321736), 0)",613.125,-90.72058964554326,0.005081166618833066,0.0,613.125,-90.72058964554326,0.005081166618833066,0.0,613.125,-90.72058964554326,0.005081166618833066,0.0,613.125,-90.72058964554326,0.005081166618833066,0.0,0.0,0.0,0.0
9170,"(np.float64(-1.4515294343286922), np.float64(8.129866590132905e-05), np.float64(9.81))","(np.float64(-133.10524912794017), np.float64(0.0074550876631515215), 0)","(np.float64(-6109.530934972619), np.float64(0.34218852373866354), 0)",613.125,-90.72058964554326,0.005081166618833066,0.0,613.125,-90.72058964554326,0.005081166618833066,0.0,613.125,-90.72058964554326,0.005081166618833066,0.0,613.125,-90.72058964554326,0.005081166618833066,0.0,0.0,0.0,0.0
9175,"(np.float64(-1.4515294343286922), np.float64(8.129866590132905e-05), np.float64(9.81))","(np.float64(-133.17782559965661), np.float64(0.007459152596446588), 0)","(np.float64(-6116.191640664395), np.float64(0.3425615829918182), 0)",613.125,-90.72058964554326,0.005081166618833066,0.0,613.125,-90.72058964554326,0.005081166618833066,0.0,613.125,-90.72058964554326,0.005081166618833066,0.0,613.125,-90.72058964554326,0.005081166618833066,0.0,0.0,0.0,0.0
9180,"(np.float64(-1.4515294343286922), np.float64(8.129866590132905e-05), np.float64(9.81))","(np.float64(-133.25040207137306), np.float64(0.007463217529741654), 0)","(np.float64(-6122.855975179757), np.float64(0.34293484549163766), 0)",613.125,-90.72058964554326,0.005081166618833066,0.0,613.125,-90.72058964554326,0.005081166618833066,0.0,613.125,-90.72058964554326,0.005081166618833066,0.0,613.125,-90.72058964554326,0.005081166618833066,0.0,0.0,0.0,0.0
9185,"(np.float64(-1.4515294343286922), np.float64(8.129866590132905e-05), np.float64(9.81))","(np.float64(-133.3229785430895), np.float64(0.00746728246303672), 0)","(np.float64(-6129.523938518704), np.float64(0.34330831123812183), 0)",613.125,-90.72058964554326,0.005081166618833066,0.0,613.125,-90.72058964554326,0.005081166618833066,0.0,613.125,-90.72058964554326,0.005081166618833066,0.0,613.125,-90.72058964554326,0.005081166618833066,0.0,0.0,0.0,0.0
9190,"(np.float64(-1.4515294343286922), np.float64(8.129866590132905e-05), np.float64(9.81))","(np.float64(-133.39555501480595), np.float64(0.007471347396331786), 0)","(np.float64(-6136.195530681238), np.float64(0.3436819802312708), 0)",613.125,-90.72058964554326,0.005081166618833066,0.0,613.125,-90.72058964554326,0.005081166618833066,0.0,613.125,-90.72058964554326,0.005081166618833066,0.0,613.125,-90.72058964554326,0.005081166618833066,0.0,0.0,0.0,0.0
9195,"(np.float64(-1.4515294343286922), np.float64(8.129866590132905e-05), np.float64(9.81))","(np.float64(-133.4681314865224), np.float64(0.007475412329626852), 0)","(np.float64(-6142.870751667357), np.float64(0.3440558524710845), 0)",613.125,-90.72058964554326,0.005081166618833066,0.0,613.125,-90.72058964554326,0.005081166618833066,0.0,613.125,-90.72058964554326,0.005081166618833066,0.0,613.125,-90.72058964554326,0.005081166618833066,0.0,0.0,0.0,0.0
9200,"(np.float64(-1.4515294343286922), np.float64(8.129866590132905e-05), np.float64(9.81))","(np.float64(-133.54070795823884), np.float64(0.007479477262921918), 0)","(np.float64(-6149.5496014770615), np.float64(0.34442992795756294), 0)",613.125,-90.72058964554326,0.005081166618833066,0.0,613.125,-90.72058964554326,0.005081166618833066,0.0,613.125,-90.72058964554326,0.005081166618833066,0.0,613.125,-90.72058964554326,0.005081166618833066,0.0,0.0,0.0,0.0
9205,"(np.float64(-1.4515294343286922), np.float64(8.129866590132905e-05), np.float64(9.81))","(np.float64(-133.61328442995529), np.float64(0.007483542196216984), 0)","(np.float64(-6156.232080110352), np.float64(0.34480420669070616), 0)",613.125,-90.72058964554326,0.005081166618833066,0.0,613.125,-90.72058964554326,0.005081166618833066,0.0,613.125,-90.72058964554326,0.005081166618833066,0.0,613.125,-90.72058964554326,0.005081166618833066,0.0,0.0,0.0,0.0
9210,"(np.float64(-1.4515294343286922), np.float64(8.129866590132905e-05), np.float64(9.81))","(np.float64(-133.68586090167173), np.float64(0.00748760712951205), 0)","(np.float64(-6162.918187567229), np.float64(0.3451786886705141), 0)",613.125,-90.72058964554326,0.005081166618833066,0.0,613.125,-90.72058964554326,0.005081166618833066,0.0,613.125,-90.72058964554326,0.005081166618833066,0.0,613.125,-90.72058964554326,0.005081166618833066,0.0,0.0,0.0,0.0
9215,"(np.float64(-1.4515294343286922), np.float64(8.129866590132905e-05), np.float64(9.81))","(np.float64(-133.75843737338818), np.float64(0.007491672062807116), 0)","(np.float64(-6169.607923847691), np.float64(0.3455533738969868), 0)",613.125,-90.72058964554326,0.005081166618833066,0.0,613.125,-90.72058964554326,0.005081166618833066,0.0,613.125,-90.72058964554326,0.005081166618833066,0.0,613.125,-90.72058964554326,0.005081166618833066,0.0,0.0,0.0,0.0
9220,"(np.float64(-1.4515294343286922), np.float64(8.129866590132905e-05), np.float64(9.81))","(np.float64(-133.83101384510462), np.float64(0.007495736996102182), 0)","(np.float64(-6176.3012889517395), np.float64(0.3459282623701243), 0)",613.125,-90.72058964554326,0.005081166618833066,0.0,613.125,-90.72058964554326,0.005081166618833066,0.0,613.125,-90.72058964554326,0.005081166618833066,0.0,613.125,-90.72058964554326,0.005081166618833066,0.0,0.0,0.0,0.0
9225,"(np.float64(-1.4515294343286922), np.float64(8.129866590132905e-05), np.float64(9.81))","(np.float64(-133.90359031682107), np.float64(0.007499801929397248), 0)","(np.float64(-6182.998282879374), np.float64(0.3463033540899265), 0)",613.125,-90.72058964554326,0.005081166618833066,0.0,613.125,-90.72058964554326,0.005081166618833066,0.0,613.125,-90.72058964554326,0.005081166618833066,0.0,613.125,-90.72058964554326,0.005081166618833066,0.0,0.0,0.0,0.0
9230,"(np.float64(-1.4515294343286922), np.float64(8.129866590132905e-05), np.float64(9.81))","(np.float64(-133.9761667885375), np.float64(0.007503866862692314), 0)","(np.float64(-6189.698905630594), np.float64(0.3466786490563935), 0)",613.125,-90.72058964554326,0.005081166618833066,0.0,613.125,-90.72058964554326,0.005081166618833066,0.0,613.125,-90.72058964554326,0.005081166618833066,0.0,613.125,-90.72058964554326,0.005081166618833066,0.0,0.0,0.0,0.0
9235,"(np.float64(-1.4515294343286922), np.float64(8.129866590132905e-05), np.float64(9.81))","(np.float64(-134.04874326025396), np.float64(0.00750793179598738), 0)","(np.float64(-6196.403157205399), np.float64(0.3470541472695252), 0)",613.125,-90.72058964554326,0.005081166618833066,0.0,613.125,-90.72058964554326,0.005081166618833066,0.0,613.125,-90.72058964554326,0.005081166618833066,0.0,613.125,-90.72058964554326,0.005081166618833066,0.0,0.0,0.0,0.0
9240,"(np.float64(-1.4515294343286922), np.float64(8.129866590132905e-05), np.float64(9.81))","(np.float64(-134.1213197319704), np.float64(0.007511996729282446), 0)","(np.float64(-6203.1110376037905), np.float64(0.3474298487293217), 0)",613.125,-90.72058964554326,0.005081166618833066,0.0,613.125,-90.72058964554326,0.005081166618833066,0.0,613.125,-90.72058964554326,0.005081166618833066,0.0,613.125,-90.72058964554326,0.005081166618833066,0.0,0.0,0.0,0.0
9245,"(np.float64(-1.4515294343286922), np.float64(8.129866590132905e-05), np.float64(9.81))","(np.float64(-134.19389620368685), np.float64(0.007516061662577512), 0)","(np.float64(-6209.822546825768), np.float64(0.34780575343578296), 0)",613.125,-90.72058964554326,0.005081166618833066,0.0,613.125,-90.72058964554326,0.005081166618833066,0.0,613.125,-90.72058964554326,0.005081166618833066,0.0,613.125,-90.72058964554326,0.005081166618833066,0.0,0.0,0.0,0.0
9250,"(np.float64(-1.4515294343286922), np.float64(8.129866590132905e-05), np.float64(9.81))","(np.float64(-134.2664726754033), np.float64(0.007520126595872578), 0)","(np.float64(-6216.537684871331), np.float64(0.34818186138890894), 0)",613.125,-90.72058964554326,0.005081166618833066,0.0,613.125,-90.72058964554326,0.005081166618833066,0.0,613.125,-90.72058964554326,0.005081166618833066,0.0,613.125,-90.72058964554326,0.005081166618833066,0.0,0.0,0.0,0.0
9255,"(np.float64(-1.4515294343286922), np.float64(8.129866590132905e-05), np.float64(9.81))","(np.float64(-134.33904914711974), np.float64(0.007524191529167644), 0)","(np.float64(-6223.25645174048), np.float64(0.3485581725886997), 0)",613.125,-90.72058964554326,0.005081166618833066,0.0,613.125,-90.72058964554326,0.005081166618833066,0.0,613.125,-90.72058964554326,0.005081166618833066,0.0,613.125,-90.72058964554326,0.005081166618833066,0.0,0.0,0.0,0.0
9260,"(np.float64(-1.4515294343286922), np.float64(8.129866590132905e-05), np.float64(9.81))","(np.float64(-134.41162561883618), np.float64(0.00752825646246271), 0)","(np.float64(-6229.9788474332145), np.float64(0.3489346870351552), 0)",613.125,-90.72058964554326,0.005081166618833066,0.0,613.125,-90.72058964554326,0.005081166618833066,0.0,613.125,-90.72058964554326,0.005081166618833066,0.0,613.125,-90.72058964554326,0.005081166618833066,0.0,0.0,0.0,0.0
9265,"(np.float64(-1.4515294343286922), np.float64(8.129866590132905e-05), np.float64(9.81))","(np.float64(-134.48420209055263), np.float64(0.007532321395757776), 0)","(np.float64(-6236.704871949535), np.float64(0.34931140472827543), 0)",613.125,-90.72058964554326,0.005081166618833066,0.0,613.125,-90.72058964554326,0.005081166618833066,0.0,613.125,-90.72058964554326,0.005081166618833066,0.0,613.125,-90.72058964554326,0.005081166618833066,0.0,0.0,0.0,0.0
9270,"(np.float64(-1.4515294343286922), np.float64(8.129866590132905e-05), np.float64(9.81))","(np.float64(-134.55677856226907), np.float64(0.007536386329052842), 0)","(np.float64(-6243.434525289442), np.float64(0.3496883256680604), 0)",613.125,-90.72058964554326,0.005081166618833066,0.0,613.125,-90.72058964554326,0.005081166618833066,0.0,613.125,-90.72058964554326,0.005081166618833066,0.0,613.125,-90.72058964554326,0.005081166618833066,0.0,0.0,0.0,0.0
9275,"(np.float64(-1.4515294343286922), np.float64(8.129866590132905e-05), np.float64(9.81))","(np.float64(-134.62935503398552), np.float64(0.007540451262347908), 0)","(np.float64(-6250.1678074529345), np.float64(0.35006544985451016), 0)",613.125,-90.72058964554326,0.005081166618833066,0.0,613.125,-90.72058964554326,0.005081166618833066,0.0,613.125,-90.72058964554326,0.005081166618833066,0.0,613.125,-90.72058964554326,0.005081166618833066,0.0,0.0,0.0,0.0
9280,"(np.float64(-1.4515294343286922), np.float64(8.129866590132905e-05), np.float64(9.81))","(np.float64(-134.70193150570196), np.float64(0.007544516195642974), 0)","(np.float64(-6256.904718440012), np.float64(0.3504427772876247), 0)",613.125,-90.72058964554326,0.005081166618833066,0.0,613.125,-90.72058964554326,0.005081166618833066,0.0,613.125,-90.72058964554326,0.005081166618833066,0.0,613.125,-90.72058964554326,0.005081166618833066,0.0,0.0,0.0,0.0
9285,"(np.float64(-1.4515294343286922), np.float64(8.129866590132905e-05), np.float64(9.81))","(np.float64(-134.7745079774184), np.float64(0.00754858112893804), 0)","(np.float64(-6263.645258250676), np.float64(0.35082030796740393), 0)",613.125,-90.72058964554326,0.005081166618833066,0.0,613.125,-90.72058964554326,0.005081166618833066,0.0,613.125,-90.72058964554326,0.005081166618833066,0.0,613.125,-90.72058964554326,0.005081166618833066,0.0,0.0,0.0,0.0
9290,"(np.float64(-1.4515294343286922), np.float64(8.129866590132905e-05), np.float64(9.81))","(np.float64(-134.84708444913485), np.float64(0.007552646062233106), 0)","(np.float64(-6270.389426884926), np.float64(0.35119804189384796), 0)",613.125,-90.72058964554326,0.005081166618833066,0.0,613.125,-90.72058964554326,0.005081166618833066,0.0,613.125,-90.72058964554326,0.005081166618833066,0.0,613.125,-90.72058964554326,0.005081166618833066,0.0,0.0,0.0,0.0
9295,"(np.float64(-1.4515294343286922), np.float64(8.129866590132905e-05), np.float64(9.81))","(np.float64(-134.9196609208513), np.float64(0.007556710995528172), 0)","(np.float64(-6277.137224342762), np.float64(0.3515759790669567), 0)",613.125,-90.72058964554326,0.005081166618833066,0.0,613.125,-90.72058964554326,0.005081166618833066,0.0,613.125,-90.72058964554326,0.005081166618833066,0.0,613.125,-90.72058964554326,0.005081166618833066,0.0,0.0,0.0,0.0
9300,"(np.float64(-1.4515294343286922), np.float64(8.129866590132905e-05), np.float64(9.81))","(np.float64(-134.99223739256774), np.float64(0.007560775928823238), 0)","(np.float64(-6283.888650624183), np.float64(0.3519541194867302), 0)",613.125,-90.72058964554326,0.005081166618833066,0.0,613.125,-90.72058964554326,0.005081166618833066,0.0,613.125,-90.72058964554326,0.005081166618833066,0.0,613.125,-90.72058964554326,0.005081166618833066,0.0,0.0,0.0,0.0
9305,"(np.float64(-1.4515294343286922), np.float64(8.129866590132905e-05), np.float64(9.81))","(np.float64(-135.0648138642842), np.float64(0.0075648408621183045), 0)","(np.float64(-6290.6437057291905), np.float64(0.3523324631531685), 0)",613.125,-90.72058964554326,0.005081166618833066,0.0,613.125,-90.72058964554326,0.005081166618833066,0.0,613.125,-90.72058964554326,0.005081166618833066,0.0,613.125,-90.72058964554326,0.005081166618833066,0.0,0.0,0.0,0.0
9310,"(np.float64(-1.4515294343286922), np.float64(8.129866590132905e-05), np.float64(9.81))","(np.float64(-135.13739033600064), np.float64(0.0075689057954133705), 0)","(np.float64(-6297.402389657784), np.float64(0.35271101006627154), 0)",613.125,-90.72058964554326,0.005081166618833066,0.0,613.125,-90.72058964554326,0.005081166618833066,0.0,613.125,-90.72058964554326,0.005081166618833066,0.0,613.125,-90.72058964554326,0.005081166618833066,0.0,0.0,0.0,0.0
9315,"(np.float64(-1.4515294343286922), np.float64(8.129866590132905e-05), np.float64(9.81))","(np.float64(-135.20996680771708), np.float64(0.0075729707287084365), 0)","(np.float64(-6304.164702409963), np.float64(0.35308976022603933), 0)",613.125,-90.72058964554326,0.005081166618833066,0.0,613.125,-90.72058964554326,0.005081166618833066,0.0,613.125,-90.72058964554326,0.005081166618833066,0.0,613.125,-90.72058964554326,0.005081166618833066,0.0,0.0,0.0,0.0
9320,"(np.float64(-1.4515294343286922), np.float64(8.129866590132905e-05), np.float64(9.81))","(np.float64(-135.28254327943353), np.float64(0.0075770356620035026), 0)","(np.float64(-6310.930643985727), np.float64(0.35346871363247184), 0)",613.125,-90.72058964554326,0.005081166618833066,0.0,613.125,-90.72058964554326,0.005081166618833066,0.0,613.125,-90.72058964554326,0.005081166618833066,0.0,613.125,-90.72058964554326,0.005081166618833066,0.0,0.0,0.0,0.0
9325,"(np.float64(-1.4515294343286922), np.float64(8.129866590132905e-05), np.float64(9.81))","(np.float64(-135.35511975114997), np.float64(0.007581100595298569), 0)","(np.float64(-6317.700214385078), np.float64(0.35384787028556913), 0)",613.125,-90.72058964554326,0.005081166618833066,0.0,613.125,-90.72058964554326,0.005081166618833066,0.0,613.125,-90.72058964554326,0.005081166618833066,0.0,613.125,-90.72058964554326,0.005081166618833066,0.0,0.0,0.0,0.0
9330,"(np.float64(-1.4515294343286922), np.float64(8.129866590132905e-05), np.float64(9.81))","(np.float64(-135.42769622286642), np.float64(0.007585165528593635), 0)","(np.float64(-6324.473413608014), np.float64(0.3542272301853312), 0)",613.125,-90.72058964554326,0.005081166618833066,0.0,613.125,-90.72058964554326,0.005081166618833066,0.0,613.125,-90.72058964554326,0.005081166618833066,0.0,613.125,-90.72058964554326,0.005081166618833066,0.0,0.0,0.0,0.0
9335,"(np.float64(-1.4515294343286922), np.float64(8.129866590132905e-05), np.float64(9.81))","(np.float64(-135.50027269458286), np.float64(0.007589230461888701), 0)","(np.float64(-6331.250241654537), np.float64(0.354606793331758), 0)",613.125,-90.72058964554326,0.005081166618833066,0.0,613.125,-90.72058964554326,0.005081166618833066,0.0,613.125,-90.72058964554326,0.005081166618833066,0.0,613.125,-90.72058964554326,0.005081166618833066,0.0,0.0,0.0,0.0
9340,"(np.float64(-1.4515294343286922), np.float64(8.129866590132905e-05), np.float64(9.81))","(np.float64(-135.5728491662993), np.float64(0.007593295395183767), 0)","(np.float64(-6338.030698524644), np.float64(0.35498655972484955), 0)",613.125,-90.72058964554326,0.005081166618833066,0.0,613.125,-90.72058964554326,0.005081166618833066,0.0,613.125,-90.72058964554326,0.005081166618833066,0.0,613.125,-90.72058964554326,0.005081166618833066,0.0,0.0,0.0,0.0
9345,"(np.float64(-1.4515294343286922), np.float64(8.129866590132905e-05), np.float64(9.81))","(np.float64(-135.64542563801575), np.float64(0.007597360328478833), 0)","(np.float64(-6344.814784218338), np.float64(0.35536652936460583), 0)",613.125,-90.72058964554326,0.005081166618833066,0.0,613.125,-90.72058964554326,0.005081166618833066,0.0,613.125,-90.72058964554326,0.005081166618833066,0.0,613.125,-90.72058964554326,0.005081166618833066,0.0,0.0,0.0,0.0
9350,"(np.float64(-1.4515294343286922), np.float64(8.129866590132905e-05), np.float64(9.81))","(np.float64(-135.7180021097322), np.float64(0.007601425261773899), 0)","(np.float64(-6351.602498735618), np.float64(0.3557467022510269), 0)",613.125,-90.72058964554326,0.005081166618833066,0.0,613.125,-90.72058964554326,0.005081166618833066,0.0,613.125,-90.72058964554326,0.005081166618833066,0.0,613.125,-90.72058964554326,0.005081166618833066,0.0,0.0,0.0,0.0
9355,"(np.float64(-1.4515294343286922), np.float64(8.129866590132905e-05), np.float64(9.81))","(np.float64(-135.79057858144864), np.float64(0.007605490195068965), 0)","(np.float64(-6358.393842076483), np.float64(0.3561270783841127), 0)",613.125,-90.72058964554326,0.005081166618833066,0.0,613.125,-90.72058964554326,0.005081166618833066,0.0,613.125,-90.72058964554326,0.005081166618833066,0.0,613.125,-90.72058964554326,0.005081166618833066,0.0,0.0,0.0,0.0
9360,"(np.float64(-1.4515294343286922), np.float64(8.129866590132905e-05), np.float64(9.81))","(np.float64(-135.8631550531651), np.float64(0.007609555128364031), 0)","(np.float64(-6365.188814240934), np.float64(0.3565076577638633), 0)",613.125,-90.72058964554326,0.005081166618833066,0.0,613.125,-90.72058964554326,0.005081166618833066,0.0,613.125,-90.72058964554326,0.005081166618833066,0.0,613.125,-90.72058964554326,0.005081166618833066,0.0,0.0,0.0,0.0
9365,"(np.float64(-1.4515294343286922), np.float64(8.129866590132905e-05), np.float64(9.81))","(np.float64(-135.93573152488153), np.float64(0.007613620061659097), 0)","(np.float64(-6371.987415228971), np.float64(0.3568884403902786), 0)",613.125,-90.72058964554326,0.005081166618833066,0.0,613.125,-90.72058964554326,0.005081166618833066,0.0,613.125,-90.72058964554326,0.005081166618833066,0.0,613.125,-90.72058964554326,0.005081166618833066,0.0,0.0,0.0,0.0
9370,"(np.float64(-1.4515294343286922), np.float64(8.129866590132905e-05), np.float64(9.81))","(np.float64(-136.00830799659798), np.float64(0.007617684994954163), 0)","(np.float64(-6378.789645040594), np.float64(0.35726942626335867), 0)",613.125,-90.72058964554326,0.005081166618833066,0.0,613.125,-90.72058964554326,0.005081166618833066,0.0,613.125,-90.72058964554326,0.005081166618833066,0.0,613.125,-90.72058964554326,0.005081166618833066,0.0,0.0,0.0,0.0
9375,"(np.float64(-1.4515294343286922), np.float64(8.129866590132905e-05), np.float64(9.81))","(np.float64(-136.08088446831442), np.float64(0.007621749928249229), 0)","(np.float64(-6385.595503675803), np.float64(0.3576506153831035), 0)",613.125,-90.72058964554326,0.005081166618833066,0.0,613.125,-90.72058964554326,0.005081166618833066,0.0,613.125,-90.72058964554326,0.005081166618833066,0.0,613.125,-90.72058964554326,0.005081166618833066,0.0,0.0,0.0,0.0
9380,"(np.float64(-1.4515294343286922), np.float64(8.129866590132905e-05), np.float64(9.81))","(np.float64(-136.15346094003087), np.float64(0.007625814861544295), 0)","(np.float64(-6392.404991134597), np.float64(0.35803200774951305), 0)",613.125,-90.72058964554326,0.005081166618833066,0.0,613.125,-90.72058964554326,0.005081166618833066,0.0,613.125,-90.72058964554326,0.005081166618833066,0.0,613.125,-90.72058964554326,0.005081166618833066,0.0,0.0,0.0,0.0
9385,"(np.float64(-1.4515294343286922), np.float64(8.129866590132905e-05), np.float64(9.81))","(np.float64(-136.2260374117473), np.float64(0.007629879794839361), 0)","(np.float64(-6399.218107416978), np.float64(0.3584136033625874), 0)",613.125,-90.72058964554326,0.005081166618833066,0.0,613.125,-90.72058964554326,0.005081166618833066,0.0,613.125,-90.72058964554326,0.005081166618833066,0.0,613.125,-90.72058964554326,0.005081166618833066,0.0,0.0,0.0,0.0
9390,"(np.float64(-1.4515294343286922), np.float64(8.129866590132905e-05), np.float64(9.81))","(np.float64(-136.29861388346376), np.float64(0.007633944728134427), 0)","(np.float64(-6406.034852522944), np.float64(0.3587954022223265), 0)",613.125,-90.72058964554326,0.005081166618833066,0.0,613.125,-90.72058964554326,0.005081166618833066,0.0,613.125,-90.72058964554326,0.005081166618833066,0.0,613.125,-90.72058964554326,0.005081166618833066,0.0,0.0,0.0,0.0
9395,"(np.float64(-1.4515294343286922), np.float64(8.129866590132905e-05), np.float64(9.81))","(np.float64(-136.3711903551802), np.float64(0.007638009661429493), 0)","(np.float64(-6412.855226452496), np.float64(0.3591774043287303), 0)",613.125,-90.72058964554326,0.005081166618833066,0.0,613.125,-90.72058964554326,0.005081166618833066,0.0,613.125,-90.72058964554326,0.005081166618833066,0.0,613.125,-90.72058964554326,0.005081166618833066,0.0,0.0,0.0,0.0
9400,"(np.float64(-1.4515294343286922), np.float64(8.129866590132905e-05), np.float64(9.81))","(np.float64(-136.44376682689665), np.float64(0.007642074594724559), 0)","(np.float64(-6419.679229205634), np.float64(0.3595596096817989), 0)",613.125,-90.72058964554326,0.005081166618833066,0.0,613.125,-90.72058964554326,0.005081166618833066,0.0,613.125,-90.72058964554326,0.005081166618833066,0.0,613.125,-90.72058964554326,0.005081166618833066,0.0,0.0,0.0,0.0
9405,"(np.float64(-1.4515294343286922), np.float64(8.129866590132905e-05), np.float64(9.81))","(np.float64(-136.5163432986131), np.float64(0.007646139528019625), 0)","(np.float64(-6426.506860782358), np.float64(0.3599420182815322), 0)",613.125,-90.72058964554326,0.005081166618833066,0.0,613.125,-90.72058964554326,0.005081166618833066,0.0,613.125,-90.72058964554326,0.005081166618833066,0.0,613.125,-90.72058964554326,0.005081166618833066,0.0,0.0,0.0,0.0
9410,"(np.float64(-1.4515294343286922), np.float64(8.129866590132905e-05), np.float64(9.81))","(np.float64(-136.58891977032954), np.float64(0.007650204461314691), 0)","(np.float64(-6433.338121182667), np.float64(0.3603246301279303), 0)",613.125,-90.72058964554326,0.005081166618833066,0.0,613.125,-90.72058964554326,0.005081166618833066,0.0,613.125,-90.72058964554326,0.005081166618833066,0.0,613.125,-90.72058964554326,0.005081166618833066,0.0,0.0,0.0,0.0
9415,"(np.float64(-1.4515294343286922), np.float64(8.129866590132905e-05), np.float64(9.81))","(np.float64(-136.66149624204598), np.float64(0.007654269394609757), 0)","(np.float64(-6440.173010406563), np.float64(0.3607074452209932), 0)",613.125,-90.72058964554326,0.005081166618833066,0.0,613.125,-90.72058964554326,0.005081166618833066,0.0,613.125,-90.72058964554326,0.005081166618833066,0.0,613.125,-90.72058964554326,0.005081166618833066,0.0,0.0,0.0,0.0
9420,"(np.float64(-1.4515294343286922), np.float64(8.129866590132905e-05), np.float64(9.81))","(np.float64(-136.73407271376243), np.float64(0.007658334327904823), 0)","(np.float64(-6447.011528454044), np.float64(0.3610904635607208), 0)",613.125,-90.72058964554326,0.005081166618833066,0.0,613.125,-90.72058964554326,0.005081166618833066,0.0,613.125,-90.72058964554326,0.005081166618833066,0.0,613.125,-90.72058964554326,0.005081166618833066,0.0,0.0,0.0,0.0
9425,"(np.float64(-1.4515294343286922), np.float64(8.129866590132905e-05), np.float64(9.81))","(np.float64(-136.80664918547888), np.float64(0.007662399261199889), 0)","(np.float64(-6453.853675325111), np.float64(0.36147368514711314), 0)",613.125,-90.72058964554326,0.005081166618833066,0.0,613.125,-90.72058964554326,0.005081166618833066,0.0,613.125,-90.72058964554326,0.005081166618833066,0.0,613.125,-90.72058964554326,0.005081166618833066,0.0,0.0,0.0,0.0
9430,"(np.float64(-1.4515294343286922), np.float64(8.129866590132905e-05), np.float64(9.81))","(np.float64(-136.87922565719532), np.float64(0.007666464194494955), 0)","(np.float64(-6460.699451019764), np.float64(0.36185710998017023), 0)",613.125,-90.72058964554326,0.005081166618833066,0.0,613.125,-90.72058964554326,0.005081166618833066,0.0,613.125,-90.72058964554326,0.005081166618833066,0.0,613.125,-90.72058964554326,0.005081166618833066,0.0,0.0,0.0,0.0
9435,"(np.float64(-1.4515294343286922), np.float64(8.129866590132905e-05), np.float64(9.81))","(np.float64(-136.95180212891177), np.float64(0.007670529127790021), 0)","(np.float64(-6467.5488555380025), np.float64(0.3622407380598921), 0)",613.125,-90.72058964554326,0.005081166618833066,0.0,613.125,-90.72058964554326,0.005081166618833066,0.0,613.125,-90.72058964554326,0.005081166618833066,0.0,613.125,-90.72058964554326,0.005081166618833066,0.0,0.0,0.0,0.0
9440,"(np.float64(-1.4515294343286922), np.float64(8.129866590132905e-05), np.float64(9.81))","(np.float64(-137.0243786006282), np.float64(0.007674594061085087), 0)","(np.float64(-6474.401888879827), np.float64(0.36262456938627874), 0)",613.125,-90.72058964554326,0.005081166618833066,0.0,613.125,-90.72058964554326,0.005081166618833066,0.0,613.125,-90.72058964554326,0.005081166618833066,0.0,613.125,-90.72058964554326,0.005081166618833066,0.0,0.0,0.0,0.0
9445,"(np.float64(-1.4515294343286922), np.float64(8.129866590132905e-05), np.float64(9.81))","(np.float64(-137.09695507234466), np.float64(0.007678658994380153), 0)","(np.float64(-6481.258551045237), np.float64(0.3630086039593301), 0)",613.125,-90.72058964554326,0.005081166618833066,0.0,613.125,-90.72058964554326,0.005081166618833066,0.0,613.125,-90.72058964554326,0.005081166618833066,0.0,613.125,-90.72058964554326,0.005081166618833066,0.0,0.0,0.0,0.0
9450,"(np.float64(-1.4515294343286922), np.float64(8.129866590132905e-05), np.float64(9.81))","(np.float64(-137.1695315440611), np.float64(0.0076827239276752194), 0)","(np.float64(-6488.118842034233), np.float64(0.36339284177904624), 0)",613.125,-90.72058964554326,0.005081166618833066,0.0,613.125,-90.72058964554326,0.005081166618833066,0.0,613.125,-90.72058964554326,0.005081166618833066,0.0,613.125,-90.72058964554326,0.005081166618833066,0.0,0.0,0.0,0.0
9455,"(np.float64(-1.4515294343286922), np.float64(8.129866590132905e-05), np.float64(9.81))","(np.float64(-137.24210801577755), np.float64(0.0076867888609702855), 0)","(np.float64(-6494.982761846815), np.float64(0.3637772828454271), 0)",613.125,-90.72058964554326,0.005081166618833066,0.0,613.125,-90.72058964554326,0.005081166618833066,0.0,613.125,-90.72058964554326,0.005081166618833066,0.0,613.125,-90.72058964554326,0.005081166618833066,0.0,0.0,0.0,0.0
9460,"(np.float64(-1.4515294343286922), np.float64(8.129866590132905e-05), np.float64(9.81))","(np.float64(-137.314684487494), np.float64(0.0076908537942653515), 0)","(np.float64(-6501.850310482983), np.float64(0.36416192715847273), 0)",613.125,-90.72058964554326,0.005081166618833066,0.0,613.125,-90.72058964554326,0.005081166618833066,0.0,613.125,-90.72058964554326,0.005081166618833066,0.0,613.125,-90.72058964554326,0.005081166618833066,0.0,0.0,0.0,0.0
9465,"(np.float64(-1.4515294343286922), np.float64(8.129866590132905e-05), np.float64(9.81))","(np.float64(-137.38726095921044), np.float64(0.0076949187275604175), 0)","(np.float64(-6508.7214879427365), np.float64(0.3645467747181831), 0)",613.125,-90.72058964554326,0.005081166618833066,0.0,613.125,-90.72058964554326,0.005081166618833066,0.0,613.125,-90.72058964554326,0.005081166618833066,0.0,613.125,-90.72058964554326,0.005081166618833066,0.0,0.0,0.0,0.0
9470,"(np.float64(-1.4515294343286922), np.float64(8.129866590132905e-05), np.float64(9.81))","(np.float64(-137.45983743092688), np.float64(0.007698983660855484), 0)","(np.float64(-6515.596294226076), np.float64(0.3649318255245582), 0)",613.125,-90.72058964554326,0.005081166618833066,0.0,613.125,-90.72058964554326,0.005081166618833066,0.0,613.125,-90.72058964554326,0.005081166618833066,0.0,613.125,-90.72058964554326,0.005081166618833066,0.0,0.0,0.0,0.0
9475,"(np.float64(-1.4515294343286922), np.float64(8.129866590132905e-05), np.float64(9.81))","(np.float64(-137.53241390264333), np.float64(0.00770304859415055), 0)","(np.float64(-6522.474729333001), np.float64(0.3653170795775981), 0)",613.125,-90.72058964554326,0.005081166618833066,0.0,613.125,-90.72058964554326,0.005081166618833066,0.0,613.125,-90.72058964554326,0.005081166618833066,0.0,613.125,-90.72058964554326,0.005081166618833066,0.0,0.0,0.0,0.0
9480,"(np.float64(-1.4515294343286922), np.float64(8.129866590132905e-05), np.float64(9.81))","(np.float64(-137.60499037435977), np.float64(0.007707113527445616), 0)","(np.float64(-6529.356793263512), np.float64(0.36570253687730275), 0)",613.125,-90.72058964554326,0.005081166618833066,0.0,613.125,-90.72058964554326,0.005081166618833066,0.0,613.125,-90.72058964554326,0.005081166618833066,0.0,613.125,-90.72058964554326,0.005081166618833066,0.0,0.0,0.0,0.0
9485,"(np.float64(-1.4515294343286922), np.float64(8.129866590132905e-05), np.float64(9.81))","(np.float64(-137.67756684607622), np.float64(0.007711178460740682), 0)","(np.float64(-6536.242486017609), np.float64(0.36608819742367216), 0)",613.125,-90.72058964554326,0.005081166618833066,0.0,613.125,-90.72058964554326,0.005081166618833066,0.0,613.125,-90.72058964554326,0.005081166618833066,0.0,613.125,-90.72058964554326,0.005081166618833066,0.0,0.0,0.0,0.0
9490,"(np.float64(-1.4515294343286922), np.float64(8.129866590132905e-05), np.float64(9.81))","(np.float64(-137.75014331779266), np.float64(0.007715243394035748), 0)","(np.float64(-6543.131807595291), np.float64(0.3664740612167063), 0)",613.125,-90.72058964554326,0.005081166618833066,0.0,613.125,-90.72058964554326,0.005081166618833066,0.0,613.125,-90.72058964554326,0.005081166618833066,0.0,613.125,-90.72058964554326,0.005081166618833066,0.0,0.0,0.0,0.0
9495,"(np.float64(-1.4515294343286922), np.float64(8.129866590132905e-05), np.float64(9.81))","(np.float64(-137.8227197895091), np.float64(0.007719308327330814), 0)","(np.float64(-6550.02475799656), np.float64(0.3668601282564052), 0)",613.125,-90.72058964554326,0.005081166618833066,0.0,613.125,-90.72058964554326,0.005081166618833066,0.0,613.125,-90.72058964554326,0.005081166618833066,0.0,613.125,-90.72058964554326,0.005081166618833066,0.0,0.0,0.0,0.0
9500,"(np.float64(-1.4515294343286922), np.float64(8.129866590132905e-05), np.float64(9.81))","(np.float64(-137.89529626122555), np.float64(0.00772337326062588), 0)","(np.float64(-6556.921337221414), np.float64(0.36724639854276886), 0)",613.125,-90.72058964554326,0.005081166618833066,0.0,613.125,-90.72058964554326,0.005081166618833066,0.0,613.125,-90.72058964554326,0.005081166618833066,0.0,613.125,-90.72058964554326,0.005081166618833066,0.0,0.0,0.0,0.0
9505,"(np.float64(-1.4515294343286922), np.float64(8.129866590132905e-05), np.float64(9.81))","(np.float64(-137.967872732942), np.float64(0.007727438193920946), 0)","(np.float64(-6563.821545269854), np.float64(0.36763287207579726), 0)",613.125,-90.72058964554326,0.005081166618833066,0.0,613.125,-90.72058964554326,0.005081166618833066,0.0,613.125,-90.72058964554326,0.005081166618833066,0.0,613.125,-90.72058964554326,0.005081166618833066,0.0,0.0,0.0,0.0
9510,"(np.float64(-1.4515294343286922), np.float64(8.129866590132905e-05), np.float64(9.81))","(np.float64(-138.04044920465844), np.float64(0.007731503127216012), 0)","(np.float64(-6570.72538214188), np.float64(0.36801954885549043), 0)",613.125,-90.72058964554326,0.005081166618833066,0.0,613.125,-90.72058964554326,0.005081166618833066,0.0,613.125,-90.72058964554326,0.005081166618833066,0.0,613.125,-90.72058964554326,0.005081166618833066,0.0,0.0,0.0,0.0
9515,"(np.float64(-1.4515294343286922), np.float64(8.129866590132905e-05), np.float64(9.81))","(np.float64(-138.1130256763749), np.float64(0.007735568060511078), 0)","(np.float64(-6577.632847837492), np.float64(0.3684064288818483), 0)",613.125,-90.72058964554326,0.005081166618833066,0.0,613.125,-90.72058964554326,0.005081166618833066,0.0,613.125,-90.72058964554326,0.005081166618833066,0.0,613.125,-90.72058964554326,0.005081166618833066,0.0,0.0,0.0,0.0
9520,"(np.float64(-1.4515294343286922), np.float64(8.129866590132905e-05), np.float64(9.81))","(np.float64(-138.18560214809133), np.float64(0.007739632993806144), 0)","(np.float64(-6584.5439423566895), np.float64(0.368793512154871), 0)",613.125,-90.72058964554326,0.005081166618833066,0.0,613.125,-90.72058964554326,0.005081166618833066,0.0,613.125,-90.72058964554326,0.005081166618833066,0.0,613.125,-90.72058964554326,0.005081166618833066,0.0,0.0,0.0,0.0
9525,"(np.float64(-1.4515294343286922), np.float64(8.129866590132905e-05), np.float64(9.81))","(np.float64(-138.25817861980778), np.float64(0.00774369792710121), 0)","(np.float64(-6591.4586656994725), np.float64(0.36918079867455844), 0)",613.125,-90.72058964554326,0.005081166618833066,0.0,613.125,-90.72058964554326,0.005081166618833066,0.0,613.125,-90.72058964554326,0.005081166618833066,0.0,613.125,-90.72058964554326,0.005081166618833066,0.0,0.0,0.0,0.0
9530,"(np.float64(-1.4515294343286922), np.float64(8.129866590132905e-05), np.float64(9.81))","(np.float64(-138.33075509152422), np.float64(0.007747762860396276), 0)","(np.float64(-6598.3770178658415), np.float64(0.3695682884409106), 0)",613.125,-90.72058964554326,0.005081166618833066,0.0,613.125,-90.72058964554326,0.005081166618833066,0.0,613.125,-90.72058964554326,0.005081166618833066,0.0,613.125,-90.72058964554326,0.005081166618833066,0.0,0.0,0.0,0.0
9535,"(np.float64(-1.4515294343286922), np.float64(8.129866590132905e-05), np.float64(9.81))","(np.float64(-138.40333156324067), np.float64(0.007751827793691342), 0)","(np.float64(-6605.2989988557965), np.float64(0.36995598145392755), 0)",613.125,-90.72058964554326,0.005081166618833066,0.0,613.125,-90.72058964554326,0.005081166618833066,0.0,613.125,-90.72058964554326,0.005081166618833066,0.0,613.125,-90.72058964554326,0.005081166618833066,0.0,0.0,0.0,0.0
9540,"(np.float64(-1.4515294343286922), np.float64(8.129866590132905e-05), np.float64(9.81))","(np.float64(-138.47590803495711), np.float64(0.007755892726986408), 0)","(np.float64(-6612.224608669338), np.float64(0.3703438777136092), 0)",613.125,-90.72058964554326,0.005081166618833066,0.0,613.125,-90.72058964554326,0.005081166618833066,0.0,613.125,-90.72058964554326,0.005081166618833066,0.0,613.125,-90.72058964554326,0.005081166618833066,0.0,0.0,0.0,0.0
9545,"(np.float64(-1.4515294343286922), np.float64(8.129866590132905e-05), np.float64(9.81))","(np.float64(-138.54848450667356), np.float64(0.007759957660281474), 0)","(np.float64(-6619.153847306465), np.float64(0.37073197721995566), 0)",613.125,-90.72058964554326,0.005081166618833066,0.0,613.125,-90.72058964554326,0.005081166618833066,0.0,613.125,-90.72058964554326,0.005081166618833066,0.0,613.125,-90.72058964554326,0.005081166618833066,0.0,0.0,0.0,0.0
9550,"(np.float64(-1.4515294343286922), np.float64(8.129866590132905e-05), np.float64(9.81))","(np.float64(-138.62106097839), np.float64(0.00776402259357654), 0)","(np.float64(-6626.086714767177), np.float64(0.3711202799729668), 0)",613.125,-90.72058964554326,0.005081166618833066,0.0,613.125,-90.72058964554326,0.005081166618833066,0.0,613.125,-90.72058964554326,0.005081166618833066,0.0,613.125,-90.72058964554326,0.005081166618833066,0.0,0.0,0.0,0.0
9555,"(np.float64(-1.4515294343286922), np.float64(8.129866590132905e-05), np.float64(9.81))","(np.float64(-138.69363745010645), np.float64(0.007768087526871606), 0)","(np.float64(-6633.023211051475), np.float64(0.37150878597264275), 0)",613.125,-90.72058964554326,0.005081166618833066,0.0,613.125,-90.72058964554326,0.005081166618833066,0.0,613.125,-90.72058964554326,0.005081166618833066,0.0,613.125,-90.72058964554326,0.005081166618833066,0.0,0.0,0.0,0.0
9560,"(np.float64(-1.4515294343286922), np.float64(8.129866590132905e-05), np.float64(9.81))","(np.float64(-138.7662139218229), np.float64(0.007772152460166672), 0)","(np.float64(-6639.96333615936), np.float64(0.37189749521898346), 0)",613.125,-90.72058964554326,0.005081166618833066,0.0,613.125,-90.72058964554326,0.005081166618833066,0.0,613.125,-90.72058964554326,0.005081166618833066,0.0,613.125,-90.72058964554326,0.005081166618833066,0.0,0.0,0.0,0.0
9565,"(np.float64(-1.4515294343286922), np.float64(8.129866590132905e-05), np.float64(9.81))","(np.float64(-138.83879039353934), np.float64(0.007776217393461738), 0)","(np.float64(-6646.90709009083), np.float64(0.3722864077119889), 0)",613.125,-90.72058964554326,0.005081166618833066,0.0,613.125,-90.72058964554326,0.005081166618833066,0.0,613.125,-90.72058964554326,0.005081166618833066,0.0,613.125,-90.72058964554326,0.005081166618833066,0.0,0.0,0.0,0.0
9570,"(np.float64(-1.4515294343286922), np.float64(8.129866590132905e-05), np.float64(9.81))","(np.float64(-138.9113668652558), np.float64(0.007780282326756804), 0)","(np.float64(-6653.8544728458855), np.float64(0.3726755234516591), 0)",613.125,-90.72058964554326,0.005081166618833066,0.0,613.125,-90.72058964554326,0.005081166618833066,0.0,613.125,-90.72058964554326,0.005081166618833066,0.0,613.125,-90.72058964554326,0.005081166618833066,0.0,0.0,0.0,0.0
9575,"(np.float64(-1.4515294343286922), np.float64(8.129866590132905e-05), np.float64(9.81))","(np.float64(-138.98394333697223), np.float64(0.00778434726005187), 0)","(np.float64(-6660.805484424527), np.float64(0.37306484243799404), 0)",613.125,-90.72058964554326,0.005081166618833066,0.0,613.125,-90.72058964554326,0.005081166618833066,0.0,613.125,-90.72058964554326,0.005081166618833066,0.0,613.125,-90.72058964554326,0.005081166618833066,0.0,0.0,0.0,0.0
9580,"(np.float64(-1.4515294343286922), np.float64(8.129866590132905e-05), np.float64(9.81))","(np.float64(-139.05651980868868), np.float64(0.007788412193346936), 0)","(np.float64(-6667.760124826755), np.float64(0.37345436467099374), 0)",613.125,-90.72058964554326,0.005081166618833066,0.0,613.125,-90.72058964554326,0.005081166618833066,0.0,613.125,-90.72058964554326,0.005081166618833066,0.0,613.125,-90.72058964554326,0.005081166618833066,0.0,0.0,0.0,0.0
9585,"(np.float64(-1.4515294343286922), np.float64(8.129866590132905e-05), np.float64(9.81))","(np.float64(-139.12909628040512), np.float64(0.007792477126642002), 0)","(np.float64(-6674.718394052568), np.float64(0.3738440901506582), 0)",613.125,-90.72058964554326,0.005081166618833066,0.0,613.125,-90.72058964554326,0.005081166618833066,0.0,613.125,-90.72058964554326,0.005081166618833066,0.0,613.125,-90.72058964554326,0.005081166618833066,0.0,0.0,0.0,0.0
9590,"(np.float64(-1.4515294343286922), np.float64(8.129866590132905e-05), np.float64(9.81))","(np.float64(-139.20167275212157), np.float64(0.007796542059937068), 0)","(np.float64(-6681.680292101967), np.float64(0.37423401887698743), 0)",613.125,-90.72058964554326,0.005081166618833066,0.0,613.125,-90.72058964554326,0.005081166618833066,0.0,613.125,-90.72058964554326,0.005081166618833066,0.0,613.125,-90.72058964554326,0.005081166618833066,0.0,0.0,0.0,0.0
9595,"(np.float64(-1.4515294343286922), np.float64(8.129866590132905e-05), np.float64(9.81))","(np.float64(-139.274249223838), np.float64(0.007800606993232134), 0)","(np.float64(-6688.645818974952), np.float64(0.3746241508499814), 0)",613.125,-90.72058964554326,0.005081166618833066,0.0,613.125,-90.72058964554326,0.005081166618833066,0.0,613.125,-90.72058964554326,0.005081166618833066,0.0,613.125,-90.72058964554326,0.005081166618833066,0.0,0.0,0.0,0.0
9600,"(np.float64(-1.4515294343286922), np.float64(8.129866590132905e-05), np.float64(9.81))","(np.float64(-139.34682569555446), np.float64(0.0078046719265272005), 0)","(np.float64(-6695.614974671523), np.float64(0.3750144860696401), 0)",613.125,-90.72058964554326,0.005081166618833066,0.0,613.125,-90.72058964554326,0.005081166618833066,0.0,613.125,-90.72058964554326,0.005081166618833066,0.0,613.125,-90.72058964554326,0.005081166618833066,0.0,0.0,0.0,0.0
9605,"(np.float64(-1.4515294343286922), np.float64(8.129866590132905e-05), np.float64(9.81))","(np.float64(-139.4194021672709), np.float64(0.0078087368598222665), 0)","(np.float64(-6702.58775919168), np.float64(0.3754050245359636), 0)",613.125,-90.72058964554326,0.005081166618833066,0.0,613.125,-90.72058964554326,0.005081166618833066,0.0,613.125,-90.72058964554326,0.005081166618833066,0.0,613.125,-90.72058964554326,0.005081166618833066,0.0,0.0,0.0,0.0
9610,"(np.float64(-1.4515294343286922), np.float64(8.129866590132905e-05), np.float64(9.81))","(np.float64(-139.49197863898735), np.float64(0.007812801793117333), 0)","(np.float64(-6709.564172535422), np.float64(0.37579576624895183), 0)",613.125,-90.72058964554326,0.005081166618833066,0.0,613.125,-90.72058964554326,0.005081166618833066,0.0,613.125,-90.72058964554326,0.005081166618833066,0.0,613.125,-90.72058964554326,0.005081166618833066,0.0,0.0,0.0,0.0
9615,"(np.float64(-1.4515294343286922), np.float64(8.129866590132905e-05), np.float64(9.81))","(np.float64(-139.5645551107038), np.float64(0.0078168667264124), 0)","(np.float64(-6716.54421470275), np.float64(0.3761867112086048), 0)",613.125,-90.72058964554326,0.005081166618833066,0.0,613.125,-90.72058964554326,0.005081166618833066,0.0,613.125,-90.72058964554326,0.005081166618833066,0.0,613.125,-90.72058964554326,0.005081166618833066,0.0,0.0,0.0,0.0
9620,"(np.float64(-1.4515294343286922), np.float64(8.129866590132905e-05), np.float64(9.81))","(np.float64(-139.63713158242024), np.float64(0.007820931659707465), 0)","(np.float64(-6723.527885693664), np.float64(0.37657785941492256), 0)",613.125,-90.72058964554326,0.005081166618833066,0.0,613.125,-90.72058964554326,0.005081166618833066,0.0,613.125,-90.72058964554326,0.005081166618833066,0.0,613.125,-90.72058964554326,0.005081166618833066,0.0,0.0,0.0,0.0
9625,"(np.float64(-1.4515294343286922), np.float64(8.129866590132905e-05), np.float64(9.81))","(np.float64(-139.70970805413668), np.float64(0.007824996593002531), 0)","(np.float64(-6730.515185508164), np.float64(0.376969210867905), 0)",613.125,-90.72058964554326,0.005081166618833066,0.0,613.125,-90.72058964554326,0.005081166618833066,0.0,613.125,-90.72058964554326,0.005081166618833066,0.0,613.125,-90.72058964554326,0.005081166618833066,0.0,0.0,0.0,0.0
9630,"(np.float64(-1.4515294343286922), np.float64(8.129866590132905e-05), np.float64(9.81))","(np.float64(-139.78228452585313), np.float64(0.007829061526297598), 0)","(np.float64(-6737.506114146249), np.float64(0.37736076556755227), 0)",613.125,-90.72058964554326,0.005081166618833066,0.0,613.125,-90.72058964554326,0.005081166618833066,0.0,613.125,-90.72058964554326,0.005081166618833066,0.0,613.125,-90.72058964554326,0.005081166618833066,0.0,0.0,0.0,0.0
9635,"(np.float64(-1.4515294343286922), np.float64(8.129866590132905e-05), np.float64(9.81))","(np.float64(-139.85486099756957), np.float64(0.007833126459592664), 0)","(np.float64(-6744.500671607921), np.float64(0.37775252351386424), 0)",613.125,-90.72058964554326,0.005081166618833066,0.0,613.125,-90.72058964554326,0.005081166618833066,0.0,613.125,-90.72058964554326,0.005081166618833066,0.0,613.125,-90.72058964554326,0.005081166618833066,0.0,0.0,0.0,0.0
9640,"(np.float64(-1.4515294343286922), np.float64(8.129866590132905e-05), np.float64(9.81))","(np.float64(-139.92743746928602), np.float64(0.00783719139288773), 0)","(np.float64(-6751.498857893178), np.float64(0.378144484706841), 0)",613.125,-90.72058964554326,0.005081166618833066,0.0,613.125,-90.72058964554326,0.005081166618833066,0.0,613.125,-90.72058964554326,0.005081166618833066,0.0,613.125,-90.72058964554326,0.005081166618833066,0.0,0.0,0.0,0.0
9645,"(np.float64(-1.4515294343286922), np.float64(8.129866590132905e-05), np.float64(9.81))","(np.float64(-140.00001394100246), np.float64(0.007841256326182796), 0)","(np.float64(-6758.500673002021), np.float64(0.3785366491464825), 0)",613.125,-90.72058964554326,0.005081166618833066,0.0,613.125,-90.72058964554326,0.005081166618833066,0.0,613.125,-90.72058964554326,0.005081166618833066,0.0,613.125,-90.72058964554326,0.005081166618833066,0.0,0.0,0.0,0.0
9650,"(np.float64(-1.4515294343286922), np.float64(8.129866590132905e-05), np.float64(9.81))","(np.float64(-140.0725904127189), np.float64(0.007845321259477862), 0)","(np.float64(-6765.50611693445), np.float64(0.37892901683278873), 0)",613.125,-90.72058964554326,0.005081166618833066,0.0,613.125,-90.72058964554326,0.005081166618833066,0.0,613.125,-90.72058964554326,0.005081166618833066,0.0,613.125,-90.72058964554326,0.005081166618833066,0.0,0.0,0.0,0.0
9655,"(np.float64(-1.4515294343286922), np.float64(8.129866590132905e-05), np.float64(9.81))","(np.float64(-140.14516688443535), np.float64(0.007849386192772928), 0)","(np.float64(-6772.5151896904645), np.float64(0.37932158776575975), 0)",613.125,-90.72058964554326,0.005081166618833066,0.0,613.125,-90.72058964554326,0.005081166618833066,0.0,613.125,-90.72058964554326,0.005081166618833066,0.0,613.125,-90.72058964554326,0.005081166618833066,0.0,0.0,0.0,0.0
9660,"(np.float64(-1.4515294343286922), np.float64(8.129866590132905e-05), np.float64(9.81))","(np.float64(-140.2177433561518), np.float64(0.007853451126067994), 0)","(np.float64(-6779.527891270065), np.float64(0.3797143619453955), 0)",613.125,-90.72058964554326,0.005081166618833066,0.0,613.125,-90.72058964554326,0.005081166618833066,0.0,613.125,-90.72058964554326,0.005081166618833066,0.0,613.125,-90.72058964554326,0.005081166618833066,0.0,0.0,0.0,0.0
9665,"(np.float64(-1.4515294343286922), np.float64(8.129866590132905e-05), np.float64(9.81))","(np.float64(-140.29031982786825), np.float64(0.00785751605936306), 0)","(np.float64(-6786.544221673252), np.float64(0.380107339371696), 0)",613.125,-90.72058964554326,0.005081166618833066,0.0,613.125,-90.72058964554326,0.005081166618833066,0.0,613.125,-90.72058964554326,0.005081166618833066,0.0,613.125,-90.72058964554326,0.005081166618833066,0.0,0.0,0.0,0.0
9670,"(np.float64(-1.4515294343286922), np.float64(8.129866590132905e-05), np.float64(9.81))","(np.float64(-140.3628962995847), np.float64(0.007861580992658126), 0)","(np.float64(-6793.564180900024), np.float64(0.3805005200446613), 0)",613.125,-90.72058964554326,0.005081166618833066,0.0,613.125,-90.72058964554326,0.005081166618833066,0.0,613.125,-90.72058964554326,0.005081166618833066,0.0,613.125,-90.72058964554326,0.005081166618833066,0.0,0.0,0.0,0.0
9675,"(np.float64(-1.4515294343286922), np.float64(8.129866590132905e-05), np.float64(9.81))","(np.float64(-140.43547277130114), np.float64(0.007865645925953192), 0)","(np.float64(-6800.587768950382), np.float64(0.3808939039642913), 0)",613.125,-90.72058964554326,0.005081166618833066,0.0,613.125,-90.72058964554326,0.005081166618833066,0.0,613.125,-90.72058964554326,0.005081166618833066,0.0,613.125,-90.72058964554326,0.005081166618833066,0.0,0.0,0.0,0.0
9680,"(np.float64(-1.4515294343286922), np.float64(8.129866590132905e-05), np.float64(9.81))","(np.float64(-140.50804924301758), np.float64(0.007869710859248258), 0)","(np.float64(-6807.614985824326), np.float64(0.3812874911305861), 0)",613.125,-90.72058964554326,0.005081166618833066,0.0,613.125,-90.72058964554326,0.005081166618833066,0.0,613.125,-90.72058964554326,0.005081166618833066,0.0,613.125,-90.72058964554326,0.005081166618833066,0.0,0.0,0.0,0.0
9685,"(np.float64(-1.4515294343286922), np.float64(8.129866590132905e-05), np.float64(9.81))","(np.float64(-140.58062571473403), np.float64(0.007873775792543324), 0)","(np.float64(-6814.645831521856), np.float64(0.3816812815435456), 0)",613.125,-90.72058964554326,0.005081166618833066,0.0,613.125,-90.72058964554326,0.005081166618833066,0.0,613.125,-90.72058964554326,0.005081166618833066,0.0,613.125,-90.72058964554326,0.005081166618833066,0.0,0.0,0.0,0.0
9690,"(np.float64(-1.4515294343286922), np.float64(8.129866590132905e-05), np.float64(9.81))","(np.float64(-140.65320218645047), np.float64(0.00787784072583839), 0)","(np.float64(-6821.680306042972), np.float64(0.38207527520316986), 0)",613.125,-90.72058964554326,0.005081166618833066,0.0,613.125,-90.72058964554326,0.005081166618833066,0.0,613.125,-90.72058964554326,0.005081166618833066,0.0,613.125,-90.72058964554326,0.005081166618833066,0.0,0.0,0.0,0.0
9695,"(np.float64(-1.4515294343286922), np.float64(8.129866590132905e-05), np.float64(9.81))","(np.float64(-140.72577865816692), np.float64(0.007881905659133456), 0)","(np.float64(-6828.718409387673), np.float64(0.3824694721094589), 0)",613.125,-90.72058964554326,0.005081166618833066,0.0,613.125,-90.72058964554326,0.005081166618833066,0.0,613.125,-90.72058964554326,0.005081166618833066,0.0,613.125,-90.72058964554326,0.005081166618833066,0.0,0.0,0.0,0.0
9700,"(np.float64(-1.4515294343286922), np.float64(8.129866590132905e-05), np.float64(9.81))","(np.float64(-140.79835512988336), np.float64(0.007885970592428522), 0)","(np.float64(-6835.76014155596), np.float64(0.3828638722624127), 0)",613.125,-90.72058964554326,0.005081166618833066,0.0,613.125,-90.72058964554326,0.005081166618833066,0.0,613.125,-90.72058964554326,0.005081166618833066,0.0,613.125,-90.72058964554326,0.005081166618833066,0.0,0.0,0.0,0.0
9705,"(np.float64(-1.4515294343286922), np.float64(8.129866590132905e-05), np.float64(9.81))","(np.float64(-140.8709316015998), np.float64(0.007890035525723588), 0)","(np.float64(-6842.805502547833), np.float64(0.38325847566203125), 0)",613.125,-90.72058964554326,0.005081166618833066,0.0,613.125,-90.72058964554326,0.005081166618833066,0.0,613.125,-90.72058964554326,0.005081166618833066,0.0,613.125,-90.72058964554326,0.005081166618833066,0.0,0.0,0.0,0.0
9710,"(np.float64(-1.4515294343286922), np.float64(8.129866590132905e-05), np.float64(9.81))","(np.float64(-140.94350807331625), np.float64(0.007894100459018654), 0)","(np.float64(-6849.854492363293), np.float64(0.3836532823083145), 0)",613.125,-90.72058964554326,0.005081166618833066,0.0,613.125,-90.72058964554326,0.005081166618833066,0.0,613.125,-90.72058964554326,0.005081166618833066,0.0,613.125,-90.72058964554326,0.005081166618833066,0.0,0.0,0.0,0.0
9715,"(np.float64(-1.4515294343286922), np.float64(8.129866590132905e-05), np.float64(9.81))","(np.float64(-141.0160845450327), np.float64(0.00789816539231372), 0)","(np.float64(-6856.907111002337), np.float64(0.3840482922012626), 0)",613.125,-90.72058964554326,0.005081166618833066,0.0,613.125,-90.72058964554326,0.005081166618833066,0.0,613.125,-90.72058964554326,0.005081166618833066,0.0,613.125,-90.72058964554326,0.005081166618833066,0.0,0.0,0.0,0.0
9720,"(np.float64(-1.4515294343286922), np.float64(8.129866590132905e-05), np.float64(9.81))","(np.float64(-141.08866101674914), np.float64(0.007902230325608786), 0)","(np.float64(-6863.963358464967), np.float64(0.3844435053408754), 0)",613.125,-90.72058964554326,0.005081166618833066,0.0,613.125,-90.72058964554326,0.005081166618833066,0.0,613.125,-90.72058964554326,0.005081166618833066,0.0,613.125,-90.72058964554326,0.005081166618833066,0.0,0.0,0.0,0.0
9725,"(np.float64(-1.4515294343286922), np.float64(8.129866590132905e-05), np.float64(9.81))","(np.float64(-141.1612374884656), np.float64(0.007906295258903852), 0)","(np.float64(-6871.023234751184), np.float64(0.38483892172715295), 0)",613.125,-90.72058964554326,0.005081166618833066,0.0,613.125,-90.72058964554326,0.005081166618833066,0.0,613.125,-90.72058964554326,0.005081166618833066,0.0,613.125,-90.72058964554326,0.005081166618833066,0.0,0.0,0.0,0.0
9730,"(np.float64(-1.4515294343286922), np.float64(8.129866590132905e-05), np.float64(9.81))","(np.float64(-141.23381396018203), np.float64(0.007910360192198918), 0)","(np.float64(-6878.086739860986), np.float64(0.3852345413600953), 0)",613.125,-90.72058964554326,0.005081166618833066,0.0,613.125,-90.72058964554326,0.005081166618833066,0.0,613.125,-90.72058964554326,0.005081166618833066,0.0,613.125,-90.72058964554326,0.005081166618833066,0.0,0.0,0.0,0.0
9735,"(np.float64(-1.4515294343286922), np.float64(8.129866590132905e-05), np.float64(9.81))","(np.float64(-141.30639043189848), np.float64(0.007914425125493984), 0)","(np.float64(-6885.153873794374), np.float64(0.3856303642397023), 0)",613.125,-90.72058964554326,0.005081166618833066,0.0,613.125,-90.72058964554326,0.005081166618833066,0.0,613.125,-90.72058964554326,0.005081166618833066,0.0,613.125,-90.72058964554326,0.005081166618833066,0.0,0.0,0.0,0.0
9740,"(np.float64(-1.4515294343286922), np.float64(8.129866590132905e-05), np.float64(9.81))","(np.float64(-141.37896690361492), np.float64(0.00791849005878905), 0)","(np.float64(-6892.224636551347), np.float64(0.38602639036597414), 0)",613.125,-90.72058964554326,0.005081166618833066,0.0,613.125,-90.72058964554326,0.005081166618833066,0.0,613.125,-90.72058964554326,0.005081166618833066,0.0,613.125,-90.72058964554326,0.005081166618833066,0.0,0.0,0.0,0.0
9745,"(np.float64(-1.4515294343286922), np.float64(8.129866590132905e-05), np.float64(9.81))","(np.float64(-141.45154337533137), np.float64(0.007922554992084116), 0)","(np.float64(-6899.299028131907), np.float64(0.3864226197389107), 0)",613.125,-90.72058964554326,0.005081166618833066,0.0,613.125,-90.72058964554326,0.005081166618833066,0.0,613.125,-90.72058964554326,0.005081166618833066,0.0,613.125,-90.72058964554326,0.005081166618833066,0.0,0.0,0.0,0.0
9750,"(np.float64(-1.4515294343286922), np.float64(8.129866590132905e-05), np.float64(9.81))","(np.float64(-141.5241198470478), np.float64(0.007926619925379182), 0)","(np.float64(-6906.377048536053), np.float64(0.386819052358512), 0)",613.125,-90.72058964554326,0.005081166618833066,0.0,613.125,-90.72058964554326,0.005081166618833066,0.0,613.125,-90.72058964554326,0.005081166618833066,0.0,613.125,-90.72058964554326,0.005081166618833066,0.0,0.0,0.0,0.0
9755,"(np.float64(-1.4515294343286922), np.float64(8.129866590132905e-05), np.float64(9.81))","(np.float64(-141.59669631876426), np.float64(0.007930684858674248), 0)","(np.float64(-6913.458697763784), np.float64(0.3872156882247781), 0)",613.125,-90.72058964554326,0.005081166618833066,0.0,613.125,-90.72058964554326,0.005081166618833066,0.0,613.125,-90.72058964554326,0.005081166618833066,0.0,613.125,-90.72058964554326,0.005081166618833066,0.0,0.0,0.0,0.0
9760,"(np.float64(-1.4515294343286922), np.float64(8.129866590132905e-05), np.float64(9.81))","(np.float64(-141.6692727904807), np.float64(0.007934749791969314), 0)","(np.float64(-6920.543975815101), np.float64(0.3876125273377089), 0)",613.125,-90.72058964554326,0.005081166618833066,0.0,613.125,-90.72058964554326,0.005081166618833066,0.0,613.125,-90.72058964554326,0.005081166618833066,0.0,613.125,-90.72058964554326,0.005081166618833066,0.0,0.0,0.0,0.0
9765,"(np.float64(-1.4515294343286922), np.float64(8.129866590132905e-05), np.float64(9.81))","(np.float64(-141.74184926219715), np.float64(0.00793881472526438), 0)","(np.float64(-6927.6328826900035), np.float64(0.3880095696973045), 0)",613.125,-90.72058964554326,0.005081166618833066,0.0,613.125,-90.72058964554326,0.005081166618833066,0.0,613.125,-90.72058964554326,0.005081166618833066,0.0,613.125,-90.72058964554326,0.005081166618833066,0.0,0.0,0.0,0.0
9770,"(np.float64(-1.4515294343286922), np.float64(8.129866590132905e-05), np.float64(9.81))","(np.float64(-141.8144257339136), np.float64(0.007942879658559446), 0)","(np.float64(-6934.7254183884925), np.float64(0.3884068153035648), 0)",613.125,-90.72058964554326,0.005081166618833066,0.0,613.125,-90.72058964554326,0.005081166618833066,0.0,613.125,-90.72058964554326,0.005081166618833066,0.0,613.125,-90.72058964554326,0.005081166618833066,0.0,0.0,0.0,0.0
9775,"(np.float64(-1.4515294343286922), np.float64(8.129866590132905e-05), np.float64(9.81))","(np.float64(-141.88700220563004), np.float64(0.007946944591854513), 0)","(np.float64(-6941.821582910567), np.float64(0.3888042641564899), 0)",613.125,-90.72058964554326,0.005081166618833066,0.0,613.125,-90.72058964554326,0.005081166618833066,0.0,613.125,-90.72058964554326,0.005081166618833066,0.0,613.125,-90.72058964554326,0.005081166618833066,0.0,0.0,0.0,0.0
9780,"(np.float64(-1.4515294343286922), np.float64(8.129866590132905e-05), np.float64(9.81))","(np.float64(-141.95957867734649), np.float64(0.007951009525149579), 0)","(np.float64(-6948.921376256227), np.float64(0.38920191625607975), 0)",613.125,-90.72058964554326,0.005081166618833066,0.0,613.125,-90.72058964554326,0.005081166618833066,0.0,613.125,-90.72058964554326,0.005081166618833066,0.0,613.125,-90.72058964554326,0.005081166618833066,0.0,0.0,0.0,0.0
9785,"(np.float64(-1.4515294343286922), np.float64(8.129866590132905e-05), np.float64(9.81))","(np.float64(-142.03215514906293), np.float64(0.007955074458444645), 0)","(np.float64(-6956.024798425473), np.float64(0.38959977160233433), 0)",613.125,-90.72058964554326,0.005081166618833066,0.0,613.125,-90.72058964554326,0.005081166618833066,0.0,613.125,-90.72058964554326,0.005081166618833066,0.0,613.125,-90.72058964554326,0.005081166618833066,0.0,0.0,0.0,0.0
9790,"(np.float64(-1.4515294343286922), np.float64(8.129866590132905e-05), np.float64(9.81))","(np.float64(-142.10473162077938), np.float64(0.00795913939173971), 0)","(np.float64(-6963.131849418305), np.float64(0.3899978301952537), 0)",613.125,-90.72058964554326,0.005081166618833066,0.0,613.125,-90.72058964554326,0.005081166618833066,0.0,613.125,-90.72058964554326,0.005081166618833066,0.0,613.125,-90.72058964554326,0.005081166618833066,0.0,0.0,0.0,0.0
9795,"(np.float64(-1.4515294343286922), np.float64(8.129866590132905e-05), np.float64(9.81))","(np.float64(-142.17730809249582), np.float64(0.007963204325034777), 0)","(np.float64(-6970.2425292347225), np.float64(0.39039609203483777), 0)",613.125,-90.72058964554326,0.005081166618833066,0.0,613.125,-90.72058964554326,0.005081166618833066,0.0,613.125,-90.72058964554326,0.005081166618833066,0.0,613.125,-90.72058964554326,0.005081166618833066,0.0,0.0,0.0,0.0
9800,"(np.float64(-1.4515294343286922), np.float64(8.129866590132905e-05), np.float64(9.81))","(np.float64(-142.24988456421227), np.float64(0.007967269258329843), 0)","(np.float64(-6977.356837874726), np.float64(0.3907945571210866), 0)",613.125,-90.72058964554326,0.005081166618833066,0.0,613.125,-90.72058964554326,0.005081166618833066,0.0,613.125,-90.72058964554326,0.005081166618833066,0.0,613.125,-90.72058964554326,0.005081166618833066,0.0,0.0,0.0,0.0
9805,"(np.float64(-1.4515294343286922), np.float64(8.129866590132905e-05), np.float64(9.81))","(np.float64(-142.3224610359287), np.float64(0.007971334191624909), 0)","(np.float64(-6984.474775338315), np.float64(0.39119322545400026), 0)",613.125,-90.72058964554326,0.005081166618833066,0.0,613.125,-90.72058964554326,0.005081166618833066,0.0,613.125,-90.72058964554326,0.005081166618833066,0.0,613.125,-90.72058964554326,0.005081166618833066,0.0,0.0,0.0,0.0
9810,"(np.float64(-1.4515294343286922), np.float64(8.129866590132905e-05), np.float64(9.81))","(np.float64(-142.39503750764516), np.float64(0.007975399124919975), 0)","(np.float64(-6991.596341625491), np.float64(0.3915920970335786), 0)",613.125,-90.72058964554326,0.005081166618833066,0.0,613.125,-90.72058964554326,0.005081166618833066,0.0,613.125,-90.72058964554326,0.005081166618833066,0.0,613.125,-90.72058964554326,0.005081166618833066,0.0,0.0,0.0,0.0
9815,"(np.float64(-1.4515294343286922), np.float64(8.129866590132905e-05), np.float64(9.81))","(np.float64(-142.4676139793616), np.float64(0.00797946405821504), 0)","(np.float64(-6998.721536736252), np.float64(0.39199117185982174), 0)",613.125,-90.72058964554326,0.005081166618833066,0.0,613.125,-90.72058964554326,0.005081166618833066,0.0,613.125,-90.72058964554326,0.005081166618833066,0.0,613.125,-90.72058964554326,0.005081166618833066,0.0,0.0,0.0,0.0
9820,"(np.float64(-1.4515294343286922), np.float64(8.129866590132905e-05), np.float64(9.81))","(np.float64(-142.54019045107805), np.float64(0.007983528991510107), 0)","(np.float64(-7005.850360670599), np.float64(0.3923904499327296), 0)",613.125,-90.72058964554326,0.005081166618833066,0.0,613.125,-90.72058964554326,0.005081166618833066,0.0,613.125,-90.72058964554326,0.005081166618833066,0.0,613.125,-90.72058964554326,0.005081166618833066,0.0,0.0,0.0,0.0
9825,"(np.float64(-1.4515294343286922), np.float64(8.129866590132905e-05), np.float64(9.81))","(np.float64(-142.6127669227945), np.float64(0.007987593924805173), 0)","(np.float64(-7012.982813428532), np.float64(0.3927899312523022), 0)",613.125,-90.72058964554326,0.005081166618833066,0.0,613.125,-90.72058964554326,0.005081166618833066,0.0,613.125,-90.72058964554326,0.005081166618833066,0.0,613.125,-90.72058964554326,0.005081166618833066,0.0,0.0,0.0,0.0
9830,"(np.float64(-1.4515294343286922), np.float64(8.129866590132905e-05), np.float64(9.81))","(np.float64(-142.68534339451094), np.float64(0.007991658858100239), 0)","(np.float64(-7020.11889501005), np.float64(0.39318961581853956), 0)",613.125,-90.72058964554326,0.005081166618833066,0.0,613.125,-90.72058964554326,0.005081166618833066,0.0,613.125,-90.72058964554326,0.005081166618833066,0.0,613.125,-90.72058964554326,0.005081166618833066,0.0,0.0,0.0,0.0
9835,"(np.float64(-1.4515294343286922), np.float64(8.129866590132905e-05), np.float64(9.81))","(np.float64(-142.75791986622738), np.float64(0.007995723791395305), 0)","(np.float64(-7027.258605415155), np.float64(0.3935895036314417), 0)",613.125,-90.72058964554326,0.005081166618833066,0.0,613.125,-90.72058964554326,0.005081166618833066,0.0,613.125,-90.72058964554326,0.005081166618833066,0.0,613.125,-90.72058964554326,0.005081166618833066,0.0,0.0,0.0,0.0
9840,"(np.float64(-1.4515294343286922), np.float64(8.129866590132905e-05), np.float64(9.81))","(np.float64(-142.83049633794383), np.float64(0.007999788724690371), 0)","(np.float64(-7034.401944643845), np.float64(0.3939895946910086), 0)",613.125,-90.72058964554326,0.005081166618833066,0.0,613.125,-90.72058964554326,0.005081166618833066,0.0,613.125,-90.72058964554326,0.005081166618833066,0.0,613.125,-90.72058964554326,0.005081166618833066,0.0,0.0,0.0,0.0
9845,"(np.float64(-1.4515294343286922), np.float64(8.129866590132905e-05), np.float64(9.81))","(np.float64(-142.90307280966027), np.float64(0.008003853657985437), 0)","(np.float64(-7041.548912696121), np.float64(0.3943898889972402), 0)",613.125,-90.72058964554326,0.005081166618833066,0.0,613.125,-90.72058964554326,0.005081166618833066,0.0,613.125,-90.72058964554326,0.005081166618833066,0.0,613.125,-90.72058964554326,0.005081166618833066,0.0,0.0,0.0,0.0
9850,"(np.float64(-1.4515294343286922), np.float64(8.129866590132905e-05), np.float64(9.81))","(np.float64(-142.97564928137672), np.float64(0.008007918591280503), 0)","(np.float64(-7048.699509571983), np.float64(0.3947903865501366), 0)",613.125,-90.72058964554326,0.005081166618833066,0.0,613.125,-90.72058964554326,0.005081166618833066,0.0,613.125,-90.72058964554326,0.005081166618833066,0.0,613.125,-90.72058964554326,0.005081166618833066,0.0,0.0,0.0,0.0
9855,"(np.float64(-1.4515294343286922), np.float64(8.129866590132905e-05), np.float64(9.81))","(np.float64(-143.04822575309316), np.float64(0.008011983524575569), 0)","(np.float64(-7055.853735271431), np.float64(0.3951910873496977), 0)",613.125,-90.72058964554326,0.005081166618833066,0.0,613.125,-90.72058964554326,0.005081166618833066,0.0,613.125,-90.72058964554326,0.005081166618833066,0.0,613.125,-90.72058964554326,0.005081166618833066,0.0,0.0,0.0,0.0
9860,"(np.float64(-1.4515294343286922), np.float64(8.129866590132905e-05), np.float64(9.81))","(np.float64(-143.1208022248096), np.float64(0.008016048457870635), 0)","(np.float64(-7063.011589794464), np.float64(0.3955919913959236), 0)",613.125,-90.72058964554326,0.005081166618833066,0.0,613.125,-90.72058964554326,0.005081166618833066,0.0,613.125,-90.72058964554326,0.005081166618833066,0.0,613.125,-90.72058964554326,0.005081166618833066,0.0,0.0,0.0,0.0
9865,"(np.float64(-1.4515294343286922), np.float64(8.129866590132905e-05), np.float64(9.81))","(np.float64(-143.19337869652605), np.float64(0.008020113391165701), 0)","(np.float64(-7070.1730731410835), np.float64(0.39599309868881427), 0)",613.125,-90.72058964554326,0.005081166618833066,0.0,613.125,-90.72058964554326,0.005081166618833066,0.0,613.125,-90.72058964554326,0.005081166618833066,0.0,613.125,-90.72058964554326,0.005081166618833066,0.0,0.0,0.0,0.0
9870,"(np.float64(-1.4515294343286922), np.float64(8.129866590132905e-05), np.float64(9.81))","(np.float64(-143.2659551682425), np.float64(0.008024178324460767), 0)","(np.float64(-7077.338185311289), np.float64(0.39639440922836966), 0)",613.125,-90.72058964554326,0.005081166618833066,0.0,613.125,-90.72058964554326,0.005081166618833066,0.0,613.125,-90.72058964554326,0.005081166618833066,0.0,613.125,-90.72058964554326,0.005081166618833066,0.0,0.0,0.0,0.0
9875,"(np.float64(-1.4515294343286922), np.float64(8.129866590132905e-05), np.float64(9.81))","(np.float64(-143.33853163995894), np.float64(0.008028243257755833), 0)","(np.float64(-7084.50692630508), np.float64(0.3967959230145898), 0)",613.125,-90.72058964554326,0.005081166618833066,0.0,613.125,-90.72058964554326,0.005081166618833066,0.0,613.125,-90.72058964554326,0.005081166618833066,0.0,613.125,-90.72058964554326,0.005081166618833066,0.0,0.0,0.0,0.0
9880,"(np.float64(-1.4515294343286922), np.float64(8.129866590132905e-05), np.float64(9.81))","(np.float64(-143.4111081116754), np.float64(0.0080323081910509), 0)","(np.float64(-7091.679296122456), np.float64(0.3971976400474747), 0)",613.125,-90.72058964554326,0.005081166618833066,0.0,613.125,-90.72058964554326,0.005081166618833066,0.0,613.125,-90.72058964554326,0.005081166618833066,0.0,613.125,-90.72058964554326,0.005081166618833066,0.0,0.0,0.0,0.0
9885,"(np.float64(-1.4515294343286922), np.float64(8.129866590132905e-05), np.float64(9.81))","(np.float64(-143.48368458339183), np.float64(0.008036373124345965), 0)","(np.float64(-7098.855294763419), np.float64(0.39759956032702437), 0)",613.125,-90.72058964554326,0.005081166618833066,0.0,613.125,-90.72058964554326,0.005081166618833066,0.0,613.125,-90.72058964554326,0.005081166618833066,0.0,613.125,-90.72058964554326,0.005081166618833066,0.0,0.0,0.0,0.0
9890,"(np.float64(-1.4515294343286922), np.float64(8.129866590132905e-05), np.float64(9.81))","(np.float64(-143.55626105510828), np.float64(0.008040438057641031), 0)","(np.float64(-7106.034922227967), np.float64(0.3980016838532388), 0)",613.125,-90.72058964554326,0.005081166618833066,0.0,613.125,-90.72058964554326,0.005081166618833066,0.0,613.125,-90.72058964554326,0.005081166618833066,0.0,613.125,-90.72058964554326,0.005081166618833066,0.0,0.0,0.0,0.0
9895,"(np.float64(-1.4515294343286922), np.float64(8.129866590132905e-05), np.float64(9.81))","(np.float64(-143.62883752682473), np.float64(0.008044502990936097), 0)","(np.float64(-7113.218178516102), np.float64(0.39840401062611797), 0)",613.125,-90.72058964554326,0.005081166618833066,0.0,613.125,-90.72058964554326,0.005081166618833066,0.0,613.125,-90.72058964554326,0.005081166618833066,0.0,613.125,-90.72058964554326,0.005081166618833066,0.0,0.0,0.0,0.0
9900,"(np.float64(-1.4515294343286922), np.float64(8.129866590132905e-05), np.float64(9.81))","(np.float64(-143.70141399854117), np.float64(0.008048567924231163), 0)","(np.float64(-7120.405063627822), np.float64(0.3988065406456619), 0)",613.125,-90.72058964554326,0.005081166618833066,0.0,613.125,-90.72058964554326,0.005081166618833066,0.0,613.125,-90.72058964554326,0.005081166618833066,0.0,613.125,-90.72058964554326,0.005081166618833066,0.0,0.0,0.0,0.0
9905,"(np.float64(-1.4515294343286922), np.float64(8.129866590132905e-05), np.float64(9.81))","(np.float64(-143.77399047025762), np.float64(0.00805263285752623), 0)","(np.float64(-7127.595577563127), np.float64(0.39920927391187055), 0)",613.125,-90.72058964554326,0.005081166618833066,0.0,613.125,-90.72058964554326,0.005081166618833066,0.0,613.125,-90.72058964554326,0.005081166618833066,0.0,613.125,-90.72058964554326,0.005081166618833066,0.0,0.0,0.0,0.0
9910,"(np.float64(-1.4515294343286922), np.float64(8.129866590132905e-05), np.float64(9.81))","(np.float64(-143.84656694197406), np.float64(0.008056697790821295), 0)","(np.float64(-7134.789720322019), np.float64(0.399612210424744), 0)",613.125,-90.72058964554326,0.005081166618833066,0.0,613.125,-90.72058964554326,0.005081166618833066,0.0,613.125,-90.72058964554326,0.005081166618833066,0.0,613.125,-90.72058964554326,0.005081166618833066,0.0,0.0,0.0,0.0
9915,"(np.float64(-1.4515294343286922), np.float64(8.129866590132905e-05), np.float64(9.81))","(np.float64(-143.9191434136905), np.float64(0.008060762724116361), 0)","(np.float64(-7141.987491904497), np.float64(0.40001535018428214), 0)",613.125,-90.72058964554326,0.005081166618833066,0.0,613.125,-90.72058964554326,0.005081166618833066,0.0,613.125,-90.72058964554326,0.005081166618833066,0.0,613.125,-90.72058964554326,0.005081166618833066,0.0,0.0,0.0,0.0
9920,"(np.float64(-1.4515294343286922), np.float64(8.129866590132905e-05), np.float64(9.81))","(np.float64(-143.99171988540695), np.float64(0.008064827657411427), 0)","(np.float64(-7149.18889231056), np.float64(0.40041869319048506), 0)",613.125,-90.72058964554326,0.005081166618833066,0.0,613.125,-90.72058964554326,0.005081166618833066,0.0,613.125,-90.72058964554326,0.005081166618833066,0.0,613.125,-90.72058964554326,0.005081166618833066,0.0,0.0,0.0,0.0
9925,"(np.float64(-1.4515294343286922), np.float64(8.129866590132905e-05), np.float64(9.81))","(np.float64(-144.0642963571234), np.float64(0.008068892590706494), 0)","(np.float64(-7156.393921540209), np.float64(0.40082223944335277), 0)",613.125,-90.72058964554326,0.005081166618833066,0.0,613.125,-90.72058964554326,0.005081166618833066,0.0,613.125,-90.72058964554326,0.005081166618833066,0.0,613.125,-90.72058964554326,0.005081166618833066,0.0,0.0,0.0,0.0
9930,"(np.float64(-1.4515294343286922), np.float64(8.129866590132905e-05), np.float64(9.81))","(np.float64(-144.13687282883984), np.float64(0.00807295752400156), 0)","(np.float64(-7163.602579593444), np.float64(0.4012259889428852), 0)",613.125,-90.72058964554326,0.005081166618833066,0.0,613.125,-90.72058964554326,0.005081166618833066,0.0,613.125,-90.72058964554326,0.005081166618833066,0.0,613.125,-90.72058964554326,0.005081166618833066,0.0,0.0,0.0,0.0
9935,"(np.float64(-1.4515294343286922), np.float64(8.129866590132905e-05), np.float64(9.81))","(np.float64(-144.2094493005563), np.float64(0.008077022457296626), 0)","(np.float64(-7170.814866470265), np.float64(0.4016299416890824), 0)",613.125,-90.72058964554326,0.005081166618833066,0.0,613.125,-90.72058964554326,0.005081166618833066,0.0,613.125,-90.72058964554326,0.005081166618833066,0.0,613.125,-90.72058964554326,0.005081166618833066,0.0,0.0,0.0,0.0
9940,"(np.float64(-1.4515294343286922), np.float64(8.129866590132905e-05), np.float64(9.81))","(np.float64(-144.28202577227273), np.float64(0.008081087390591692), 0)","(np.float64(-7178.030782170672), np.float64(0.4020340976819443), 0)",613.125,-90.72058964554326,0.005081166618833066,0.0,613.125,-90.72058964554326,0.005081166618833066,0.0,613.125,-90.72058964554326,0.005081166618833066,0.0,613.125,-90.72058964554326,0.005081166618833066,0.0,0.0,0.0,0.0
9945,"(np.float64(-1.4515294343286922), np.float64(8.129866590132905e-05), np.float64(9.81))","(np.float64(-144.35460224398918), np.float64(0.008085152323886758), 0)","(np.float64(-7185.250326694664), np.float64(0.402438456921471), 0)",613.125,-90.72058964554326,0.005081166618833066,0.0,613.125,-90.72058964554326,0.005081166618833066,0.0,613.125,-90.72058964554326,0.005081166618833066,0.0,613.125,-90.72058964554326,0.005081166618833066,0.0,0.0,0.0,0.0
9950,"(np.float64(-1.4515294343286922), np.float64(8.129866590132905e-05), np.float64(9.81))","(np.float64(-144.42717871570562), np.float64(0.008089217257181824), 0)","(np.float64(-7192.473500042242), np.float64(0.4028430194076625), 0)",613.125,-90.72058964554326,0.005081166618833066,0.0,613.125,-90.72058964554326,0.005081166618833066,0.0,613.125,-90.72058964554326,0.005081166618833066,0.0,613.125,-90.72058964554326,0.005081166618833066,0.0,0.0,0.0,0.0
9955,"(np.float64(-1.4515294343286922), np.float64(8.129866590132905e-05), np.float64(9.81))","(np.float64(-144.49975518742207), np.float64(0.00809328219047689), 0)","(np.float64(-7199.700302213407), np.float64(0.4032477851405187), 0)",613.125,-90.72058964554326,0.005081166618833066,0.0,613.125,-90.72058964554326,0.005081166618833066,0.0,613.125,-90.72058964554326,0.005081166618833066,0.0,613.125,-90.72058964554326,0.005081166618833066,0.0,0.0,0.0,0.0
9960,"(np.float64(-1.4515294343286922), np.float64(8.129866590132905e-05), np.float64(9.81))","(np.float64(-144.5723316591385), np.float64(0.008097347123771956), 0)","(np.float64(-7206.930733208157), np.float64(0.40365275412003965), 0)",613.125,-90.72058964554326,0.005081166618833066,0.0,613.125,-90.72058964554326,0.005081166618833066,0.0,613.125,-90.72058964554326,0.005081166618833066,0.0,613.125,-90.72058964554326,0.005081166618833066,0.0,0.0,0.0,0.0
9965,"(np.float64(-1.4515294343286922), np.float64(8.129866590132905e-05), np.float64(9.81))","(np.float64(-144.64490813085496), np.float64(0.008101412057067022), 0)","(np.float64(-7214.164793026493), np.float64(0.40405792634622534), 0)",613.125,-90.72058964554326,0.005081166618833066,0.0,613.125,-90.72058964554326,0.005081166618833066,0.0,613.125,-90.72058964554326,0.005081166618833066,0.0,613.125,-90.72058964554326,0.005081166618833066,0.0,0.0,0.0,0.0
9970,"(np.float64(-1.4515294343286922), np.float64(8.129866590132905e-05), np.float64(9.81))","(np.float64(-144.7174846025714), np.float64(0.008105476990362088), 0)","(np.float64(-7221.402481668414), np.float64(0.4044633018190758), 0)",613.125,-90.72058964554326,0.005081166618833066,0.0,613.125,-90.72058964554326,0.005081166618833066,0.0,613.125,-90.72058964554326,0.005081166618833066,0.0,613.125,-90.72058964554326,0.005081166618833066,0.0,0.0,0.0,0.0
9975,"(np.float64(-1.4515294343286922), np.float64(8.129866590132905e-05), np.float64(9.81))","(np.float64(-144.79006107428785), np.float64(0.008109541923657154), 0)","(np.float64(-7228.643799133922), np.float64(0.40486888053859105), 0)",613.125,-90.72058964554326,0.005081166618833066,0.0,613.125,-90.72058964554326,0.005081166618833066,0.0,613.125,-90.72058964554326,0.005081166618833066,0.0,613.125,-90.72058964554326,0.005081166618833066,0.0,0.0,0.0,0.0
9980,"(np.float64(-1.4515294343286922), np.float64(8.129866590132905e-05), np.float64(9.81))","(np.float64(-144.8626375460043), np.float64(0.00811360685695222), 0)","(np.float64(-7235.888745423015), np.float64(0.405274662504771), 0)",613.125,-90.72058964554326,0.005081166618833066,0.0,613.125,-90.72058964554326,0.005081166618833066,0.0,613.125,-90.72058964554326,0.005081166618833066,0.0,613.125,-90.72058964554326,0.005081166618833066,0.0,0.0,0.0,0.0
9985,"(np.float64(-1.4515294343286922), np.float64(8.129866590132905e-05), np.float64(9.81))","(np.float64(-144.93521401772074), np.float64(0.008117671790247286), 0)","(np.float64(-7243.137320535694), np.float64(0.40568064771761575), 0)",613.125,-90.72058964554326,0.005081166618833066,0.0,613.125,-90.72058964554326,0.005081166618833066,0.0,613.125,-90.72058964554326,0.005081166618833066,0.0,613.125,-90.72058964554326,0.005081166618833066,0.0,0.0,0.0,0.0
9990,"(np.float64(-1.4515294343286922), np.float64(8.129866590132905e-05), np.float64(9.81))","(np.float64(-145.00779048943718), np.float64(0.008121736723542352), 0)","(np.float64(-7250.389524471959), np.float64(0.4060868361771252), 0)",613.125,-90.72058964554326,0.005081166618833066,0.0,613.125,-90.72058964554326,0.005081166618833066,0.0,613.125,-90.72058964554326,0.005081166618833066,0.0,613.125,-90.72058964554326,0.005081166618833066,0.0,0.0,0.0,0.0
9995,"(np.float64(-1.4515294343286922), np.float64(8.129866590132905e-05), np.float64(9.81))","(np.float64(-145.08036696115363), np.float64(0.008125801656837418), 0)","(np.float64(-7257.64535723181), np.float64(0.40649322788329945), 0)",613.125,-90.72058964554326,0.005081166618833066,0.0,613.125,-90.72058964554326,0.005081166618833066,0.0,613.125,-90.72058964554326,0.005081166618833066,0.0,613.125,-90.72058964554326,0.005081166618833066,0.0,0.0,0.0,0.0
10000,"(np.float64(-1.4515294343286922), np.float64(8.129866590132905e-05), np.float64(9.81))","(np.float64(-145.15294343287007), np.float64(0.008129866590132484), 0)","(np.float64(-7264.9048188152465), np.float64(0.4068998228361384), 0)",613.125,-90.72058964554326,0.005081166618833066,0.0,613.125,-90.72058964554326,0.005081166618833066,0.0,613.125,-90.72058964554326,0.005081166618833066,0.0,613.125,-90.72058964554326,0.005081166618833066,0.0,0.0,0.0,0.0
10005,"(np.float64(-1.4515294343286922), np.float64(8.129866590132905e-05), np.float64(9.81))","(np.float64(-145.22551990458652), np.float64(0.00813393152342755), 0)","(np.float64(-7272.1679092222685), np.float64(0.40730662103564214), 0)",613.125,-90.72058964554326,0.005081166618833066,0.0,613.125,-90.72058964554326,0.005081166618833066,0.0,613.125,-90.72058964554326,0.005081166618833066,0.0,613.125,-90.72058964554326,0.005081166618833066,0.0,0.0,0.0,0.0
